taskSize,taskType,priority,resourceLoad,startupOverhead,actualTime
2,1,1,14.64,6.3,9.222
1,1,2,39.97,8.92,16.147
2,1,5,17.8,1.81,2.646
2,3,1,11.7,1.67,4.308
1,1,1,34.92,0.29,0.832
3,1,2,10.1,9.73,35.114
2,1,1,68.24,6.69,29.636
2,3,2,48.65,8.59,19.255
1,1,1,14.89,6.17,4.434
1,1,3,41.74,7.52,10.147
1,1,3,15.65,7.49,7.92
3,1,2,21.69,1.16,12.619
2,3,3,23.67,1.32,7.126
2,2,1,30.32,2.02,13.062
1,1,2,30.58,1.23,1.603
1,3,2,15.73,1.72,3.204
1,1,1,34.71,8.15,7.666
1,3,1,4.68,5.02,6.037
2,1,2,25.49,1.8,3.515
2,1,2,24.41,9.18,10.178
2,3,2,19.73,4.65,6.07
1,3,1,45.51,9.31,9.252
3,2,1,60.18,1.51,29.373
2,2,5,56.08,0.32,14.469
2,3,1,26.47,8.67,11.561
1,2,5,44.73,3.08,4.473
1,1,3,30.67,5.47,7.114
1,1,2,20.56,3.74,2.945
1,2,1,9.28,9.49,12.08
2,2,4,17.02,0.64,3.897
2,3,4,44.04,3.53,7.95
3,1,3,24.53,5.52,18.504
1,1,3,16.51,9.87,9.734
1,1,2,18.97,1.02,1.352
1,3,1,32.15,0.32,1.893
1,1,5,34.7,7.76,12.569
1,3,1,20.52,3.07,4.663
1,1,2,57.14,3.73,5.428
1,1,1,17.83,8.24,7.159
2,3,3,23.38,3.84,8.344
1,1,3,51.3,6.83,6.69
2,3,2,5.18,2.42,4.235
2,1,1,14.27,7.23,9.381
1,2,1,37.82,6.51,7.643
2,2,1,32.78,6.35,17.482
2,3,5,10.5,7.29,10.073
1,1,1,23.2,4.87,5.401
1,1,5,12.55,2.08,2.382
2,2,1,64.48,5.12,23.796
1,3,4,8.08,0.61,0.934
1,3,2,30.34,8.11,9.361
1,3,3,46.96,8.61,13.789
2,2,2,27.8,0.99,7.033
2,2,3,58.03,5.68,12.863
2,3,3,34.07,3.22,6.779
2,3,1,53.13,3.49,5.54
1,3,4,32.17,2.26,3.071
1,3,2,47.03,4.03,3.461
1,3,1,25.47,8.69,9.88
1,1,1,34.13,6.29,6.013
2,1,2,21.3,9.98,21.486
1,3,4,55.99,4.03,4.489
1,2,3,18.05,7.48,4.909
2,1,1,9.51,1.46,4.67
2,2,2,52.14,3.5,7.389
1,2,1,34.36,5.76,8.085
1,3,1,24.27,5.55,8.198
1,3,3,13.63,4.91,4.461
1,1,1,24.47,9.07,10.643
1,1,1,36.89,5.43,6.711
1,1,1,44.14,9.04,7.185
1,3,1,41.19,0.12,1.074
2,1,1,12.4,8.56,16.393
1,2,1,23.77,1.47,2.617
1,2,2,7.63,5.95,6.498
1,2,4,16.32,6.64,7.731
1,2,1,35.14,9.1,9.626
2,2,4,18.82,3.11,6.84
1,2,2,74.28,2.53,6.054
2,1,1,7.69,8.86,12.56
2,1,1,18.53,3.59,13.465
1,2,1,38.32,7.4,14.446
2,1,3,33.94,0.68,3.741
1,2,3,6.14,0.55,1.545
1,1,1,27.99,7.85,6.4
1,3,1,39.07,0.3,1.161
2,1,1,39.37,3.38,7.558
1,2,2,19.32,1.88,3.843
1,1,1,44.96,6.39,8.189
1,2,2,73.62,3.14,6.194
1,1,2,42.27,2.8,3.204
2,2,2,22.3,8.65,10.328
1,1,1,87.52,0.3,1.764
1,2,2,10.08,2.15,2.828
1,2,2,46.69,6.16,9.244
2,3,3,9.38,0.95,5.978
1,2,2,10.78,7.39,6.952
1,2,2,27.92,8.2,9.744
1,3,1,26.48,9.52,16.676
3,1,2,15.18,8.3,21.573
3,2,2,45.56,7.84,56.675
2,1,3,19.24,1.6,3.041
1,2,2,53.25,0.4,4.107
3,1,4,39.49,4.97,14.962
2,1,4,5.36,7.48,8.105
2,2,1,15.03,0.91,10.609
1,1,1,32.09,9.29,13.091
1,1,4,50.99,5.63,4.833
1,1,3,40.35,2.57,3.693
3,3,5,17.48,7.95,22.206
1,1,2,21.17,1.56,1.611
1,1,5,18.89,0.27,0.485
1,3,1,61.48,2.95,6.388
1,3,2,15.57,6.32,8.299
1,1,2,21.76,7.07,5.762
2,2,1,20.5,3.13,9.079
2,1,1,19.48,0.1,4.219
2,3,1,26.0,5.98,11.099
1,1,1,22.69,5.1,5.351
2,1,4,17.57,4.68,5.724
1,1,5,11.53,5.86,6.992
2,2,4,15.75,3.77,7.568
1,1,5,40.93,9.16,9.311
1,2,3,32.84,8.9,10.277
1,1,4,10.84,5.58,7.389
1,2,1,30.22,3.18,2.625
1,3,1,32.17,2.15,2.726
1,1,4,19.68,5.43,6.386
1,1,2,21.38,7.3,8.326
1,1,3,15.86,5.1,8.984
1,2,2,33.8,9.45,11.762
3,1,1,10.77,3.07,25.087
1,2,1,50.24,2.05,5.068
1,2,3,10.05,6.4,9.434
1,2,2,15.78,3.49,4.349
1,2,1,28.83,4.32,4.177
3,1,2,14.18,8.15,35.307
1,1,2,13.59,2.51,3.154
2,2,2,43.96,5.82,12.341
1,1,2,7.12,9.0,7.639
1,2,2,24.25,2.32,4.106
1,3,4,24.93,7.12,3.778
3,1,2,30.7,4.74,13.35
1,1,5,32.41,3.84,2.634
1,1,3,8.32,3.05,2.736
1,1,4,17.36,3.21,3.373
1,3,3,21.64,7.06,9.215
1,3,2,21.8,6.37,6.727
1,1,2,53.48,0.19,1.544
1,3,2,33.09,5.89,12.788
2,1,1,25.63,6.6,10.875
2,3,1,36.17,6.32,15.619
1,3,1,65.97,5.44,9.662
1,1,3,23.56,1.71,2.508
1,2,1,12.56,4.6,4.3
2,2,2,48.12,2.66,10.343
1,1,1,18.97,2.5,2.568
2,1,1,2.5,5.97,10.084
2,2,2,46.74,1.73,10.429
2,1,4,78.81,3.72,7.851
1,1,1,23.87,7.33,9.677
3,1,4,24.07,7.68,17.164
1,2,1,32.31,8.88,11.39
1,1,2,41.87,8.12,6.228
1,2,1,36.78,1.6,1.942
1,1,1,16.7,2.67,4.802
2,1,1,55.81,4.35,14.34
2,2,1,21.11,8.45,16.697
1,1,3,3.95,0.22,0.606
3,2,2,64.91,7.79,41.351
1,1,1,15.55,8.48,6.677
1,2,4,30.02,5.72,6.363
1,1,2,62.17,0.62,1.997
3,3,1,15.94,5.61,23.73
1,1,2,50.28,3.14,6.627
1,3,1,31.15,3.19,2.271
1,1,3,27.97,3.81,5.448
3,1,2,14.85,0.62,14.354
2,2,1,26.72,2.36,9.032
2,1,1,21.23,5.16,4.161
2,1,1,24.23,3.5,5.8
2,3,2,23.22,8.1,8.884
1,2,2,29.93,8.58,13.957
1,2,5,16.6,1.06,1.473
2,3,1,19.26,8.3,7.938
2,1,1,34.97,9.4,14.645
1,1,1,34.18,3.44,5.582
1,3,1,52.37,3.73,6.338
2,1,2,4.32,5.84,8.638
1,1,5,37.17,3.45,4.841
3,1,3,31.52,9.82,17.999
1,1,1,33.76,7.1,8.557
1,1,4,4.6,0.33,0.829
2,1,3,55.98,5.21,9.473
1,2,1,25.07,1.85,2.826
1,2,4,30.29,5.66,5.034
1,3,3,8.68,7.62,7.208
2,1,3,16.8,4.31,8.956
1,1,2,16.05,0.48,0.902
1,2,1,43.33,4.09,5.083
2,1,3,48.64,3.21,8.585
3,1,2,19.97,2.52,12.12
1,2,5,21.96,2.86,2.851
1,2,1,25.14,1.76,1.871
1,1,1,25.06,9.77,18.214
1,2,3,14.43,6.31,6.682
1,2,2,9.74,0.82,2.132
2,3,2,47.06,7.47,25.878
1,1,3,18.42,3.04,2.551
1,2,3,43.77,5.61,6.601
2,2,2,10.8,8.21,11.738
1,1,1,17.57,5.63,5.803
1,2,2,32.46,1.86,3.109
2,2,2,24.27,9.41,21.7
2,1,3,18.6,6.19,10.156
2,1,2,48.18,8.99,22.496
1,1,2,10.89,3.39,4.054
1,2,1,24.42,4.36,4.855
3,1,1,31.38,5.43,32.231
1,2,1,33.89,0.4,1.522
1,1,2,43.56,5.56,6.508
1,2,3,20.06,6.77,8.887
2,2,5,24.46,3.86,9.189
3,2,2,22.84,5.27,31.393
1,2,3,44.98,7.5,11.045
3,1,2,15.76,9.75,20.41
1,1,2,43.03,1.41,1.981
1,2,2,11.79,9.38,11.75
2,1,2,11.13,4.28,7.216
1,2,2,14.95,3.03,3.475
1,2,4,36.51,6.2,9.208
1,3,2,19.34,4.16,5.209
3,1,1,11.96,9.13,17.74
1,2,2,17.02,8.08,10.149
3,1,5,18.89,9.82,21.16
2,3,1,31.29,2.48,7.3
1,2,5,28.54,0.91,1.732
2,2,5,40.53,8.38,17.887
1,2,2,38.51,8.62,5.935
1,1,1,18.8,7.87,10.603
2,2,1,2.06,0.42,3.791
2,3,1,21.65,3.3,6.483
1,1,1,34.81,0.3,0.651
1,3,3,23.59,4.16,7.044
2,3,4,15.22,1.1,3.649
2,3,1,27.19,9.93,14.552
2,3,2,39.12,3.84,7.897
1,1,2,40.14,3.88,4.418
1,2,1,40.42,6.75,7.953
1,1,2,27.12,9.1,12.363
2,2,4,18.79,0.23,4.511
2,1,2,37.68,6.85,8.357
1,3,1,28.58,4.04,3.14
1,1,2,49.23,1.87,4.035
1,1,1,47.71,0.81,2.056
2,1,4,23.04,8.04,9.571
2,2,4,38.52,8.63,18.3
1,1,1,7.92,6.55,11.638
1,1,2,12.28,8.17,8.839
1,1,3,39.3,4.11,7.091
1,1,2,44.71,0.33,1.156
2,3,2,12.35,8.88,19.146
1,1,5,12.54,8.56,9.179
1,1,1,5.61,4.4,4.622
3,1,2,60.99,2.14,45.025
1,1,1,34.7,3.14,4.092
1,1,1,12.46,4.05,4.761
1,1,4,33.54,8.83,11.902
1,1,3,16.14,0.97,1.453
1,1,2,6.86,9.76,7.077
1,1,1,21.94,8.86,8.763
1,2,4,78.74,7.99,7.861
1,1,1,38.33,8.65,7.34
1,2,2,36.08,4.6,7.982
2,2,1,11.66,6.76,11.37
1,3,2,20.01,1.86,2.354
1,1,2,54.17,2.6,3.467
1,2,1,31.52,6.13,8.235
2,3,2,13.1,4.39,9.169
2,3,2,51.4,9.21,15.924
1,3,2,38.57,3.03,4.173
1,1,2,9.19,1.26,1.419
1,3,4,14.97,7.25,8.793
1,3,1,49.36,1.92,2.33
1,1,1,22.95,2.74,4.614
1,1,1,50.17,7.32,7.612
1,3,1,55.76,2.09,2.269
1,1,2,27.63,5.21,6.224
1,2,1,24.64,3.97,6.419
1,1,1,4.44,6.28,6.458
2,2,1,19.44,8.97,17.743
1,1,2,12.1,1.26,2.56
3,2,3,22.23,7.78,33.621
1,2,2,36.8,9.58,7.458
2,3,5,17.22,1.82,4.159
3,1,1,10.01,3.36,17.118
3,1,2,28.89,7.13,13.446
2,1,1,25.32,6.97,7.344
2,1,3,21.72,8.91,18.354
2,3,1,49.29,8.84,13.482
2,1,5,16.52,9.88,11.15
1,1,3,34.23,3.8,3.104
1,3,2,28.73,9.52,17.892
1,1,2,32.71,0.55,1.381
2,1,1,58.68,4.52,9.187
1,2,1,36.02,3.2,5.838
1,1,4,21.14,0.54,1.377
2,3,3,23.97,8.29,6.898
1,2,1,25.99,2.62,5.409
1,1,1,13.33,7.3,6.474
1,2,1,39.86,1.18,1.647
1,3,3,35.84,9.38,18.406
1,1,2,21.25,8.56,10.002
1,2,2,16.78,9.08,8.652
1,1,1,28.51,7.04,12.898
1,2,4,17.67,2.0,2.494
1,2,1,34.88,4.98,4.784
2,1,1,12.12,3.62,8.486
1,1,4,39.77,1.63,1.36
3,1,3,18.04,3.46,16.121
3,2,2,51.28,9.19,29.993
1,2,4,19.85,7.65,6.399
1,1,1,28.29,5.36,7.137
1,1,1,10.16,3.4,3.261
2,3,1,21.64,5.32,12.055
2,1,1,27.88,9.92,7.569
2,1,3,32.86,2.03,4.69
1,1,2,51.1,2.29,2.66
2,2,2,7.58,8.19,12.686
1,1,3,47.93,5.24,5.199
2,3,1,31.89,6.3,12.475
1,2,1,7.98,4.48,6.201
2,1,1,54.4,0.38,5.027
2,2,3,30.6,1.74,6.006
1,1,2,23.14,6.4,7.8
2,1,5,51.13,4.14,8.17
1,2,4,4.51,0.71,0.922
2,1,3,42.31,8.92,8.045
1,3,3,8.05,6.8,5.661
3,2,2,27.63,8.81,32.281
1,1,4,30.59,5.91,3.721
3,3,2,19.19,7.24,29.088
2,2,1,10.54,6.27,9.72
1,1,1,17.75,1.11,2.121
2,2,3,33.52,2.18,6.213
2,3,1,43.45,0.74,8.539
3,1,3,11.45,5.61,16.293
1,1,5,11.59,4.14,4.268
1,1,1,26.11,2.54,3.866
1,1,1,13.06,4.82,4.87
2,1,1,11.94,3.53,4.645
1,2,2,6.85,9.9,7.623
1,3,2,39.28,8.07,11.996
1,2,1,50.5,9.71,7.522
1,1,2,20.75,9.4,8.92
1,1,2,46.8,7.9,13.528
2,1,1,17.26,2.78,5.284
2,1,1,38.53,8.43,9.957
1,2,1,28.84,6.42,8.19
1,1,3,20.97,5.32,8.133
3,3,1,13.29,7.49,41.221
1,1,1,22.43,6.23,5.632
1,2,2,9.73,5.91,7.837
1,3,2,7.37,6.09,6.627
2,2,3,21.87,7.7,12.173
1,3,2,35.45,6.42,8.311
2,3,2,29.54,7.39,12.682
2,2,3,20.51,6.68,8.744
1,1,4,35.71,1.49,1.481
2,1,2,50.11,6.74,18.795
2,3,2,29.01,10.0,12.195
1,1,1,19.65,2.27,3.387
1,3,2,34.49,5.26,9.394
1,1,4,12.96,4.46,4.667
1,2,1,52.22,4.57,10.166
1,1,1,11.81,7.54,7.015
3,3,2,10.09,2.28,25.728
1,1,4,25.61,9.44,10.153
1,1,1,25.47,4.83,5.174
2,3,4,25.6,7.64,13.095
1,1,1,29.36,2.16,2.715
3,1,4,35.68,8.57,17.131
2,3,4,17.51,4.39,4.806
1,3,3,19.45,4.26,5.69
1,1,4,13.78,2.08,2.929
3,2,5,13.23,8.61,36.346
2,1,4,30.76,8.88,12.774
3,1,2,47.54,6.74,20.759
1,2,2,52.79,6.79,8.753
2,1,1,49.62,5.83,10.215
2,1,1,8.98,4.39,9.869
1,1,2,22.59,7.33,10.743
1,3,1,13.25,1.36,3.876
2,2,4,12.32,4.68,8.245
1,1,1,20.51,8.18,11.936
1,3,1,14.83,4.81,8.073
2,3,1,38.56,9.1,18.123
1,1,1,24.21,7.04,6.806
1,3,1,23.54,3.33,3.834
1,1,2,73.76,5.28,9.025
1,1,1,30.04,5.4,7.227
3,1,3,43.65,3.23,13.462
2,1,2,30.67,7.31,7.853
1,2,3,27.36,7.25,9.462
3,2,3,32.98,7.09,17.226
2,3,1,11.83,5.65,10.376
1,1,1,18.93,8.21,7.646
2,1,3,44.76,3.84,5.533
1,1,3,63.26,7.24,6.808
3,1,1,4.95,7.13,23.67
2,3,2,25.7,2.94,6.981
2,2,1,18.79,6.74,9.368
1,2,1,5.99,1.93,2.105
2,2,1,17.46,3.34,9.764
1,1,3,3.02,5.84,6.969
1,1,1,47.98,4.62,6.999
1,1,2,12.89,6.26,4.611
2,3,1,12.19,7.9,12.883
1,1,1,25.57,7.01,8.964
3,1,1,12.9,2.35,16.006
2,2,2,20.39,3.13,7.721
1,1,3,23.84,5.59,5.368
1,2,3,7.35,9.32,8.93
1,1,1,33.21,0.44,1.718
2,2,1,14.46,4.55,9.054
2,1,1,33.48,1.2,4.035
1,3,4,18.31,1.81,1.367
2,2,2,7.08,6.94,13.827
1,1,3,4.54,5.53,5.004
2,2,1,27.02,6.05,9.916
3,2,2,54.15,1.47,69.675
2,2,2,12.96,0.44,4.251
2,3,2,9.27,3.6,5.199
2,3,2,39.09,7.26,7.61
1,1,1,50.79,0.66,1.003
1,1,2,30.2,2.42,2.473
1,1,5,10.39,1.76,2.037
1,2,1,9.56,5.82,6.388
2,3,3,56.56,8.79,18.824
2,2,4,54.93,5.13,13.022
2,1,2,37.69,7.18,11.243
1,3,2,2.26,3.83,4.83
2,2,1,43.61,9.87,20.971
1,1,3,38.71,3.85,4.192
1,3,4,10.76,0.32,1.248
2,1,5,22.39,8.58,8.656
3,2,1,35.49,9.19,36.042
2,1,4,34.67,5.21,5.911
1,3,1,27.56,0.44,1.089
2,1,2,41.59,3.09,4.684
1,1,1,3.5,5.07,4.413
2,2,1,62.68,2.03,12.098
2,3,2,30.33,5.33,8.879
1,1,2,16.16,5.26,5.085
1,1,5,31.92,0.47,0.682
1,3,1,47.88,1.22,3.645
3,2,4,23.09,4.14,34.666
1,1,2,30.05,8.08,10.374
2,1,1,9.76,5.46,9.205
2,1,1,47.13,6.72,18.129
1,2,3,42.6,1.72,3.165
1,2,3,51.55,3.26,2.913
3,2,1,47.08,9.3,35.972
1,1,2,21.16,7.43,8.085
1,3,2,52.43,8.96,12.381
2,1,2,36.98,6.22,14.214
2,3,2,63.28,2.29,14.975
3,1,3,29.48,7.81,27.25
1,1,1,22.21,5.28,7.683
1,1,1,50.45,3.75,4.214
1,1,1,42.83,7.82,7.661
1,1,4,6.77,5.82,5.63
1,2,2,38.08,4.05,5.43
1,3,1,24.07,3.57,5.461
1,2,3,37.12,2.1,8.196
1,2,2,40.19,2.75,3.599
1,1,1,10.81,3.8,3.847
2,3,1,56.96,8.51,19.758
2,1,3,30.5,7.7,9.39
1,1,3,30.22,3.04,5.169
1,1,1,13.44,9.93,14.83
1,1,1,25.43,8.21,14.692
1,2,1,54.12,8.03,11.677
1,1,2,26.79,3.1,5.725
1,1,1,63.07,3.62,3.101
1,3,1,24.29,8.21,12.903
1,1,1,8.85,1.55,2.655
1,2,5,34.3,6.61,7.936
1,1,2,30.45,4.67,5.095
1,3,1,10.75,8.9,5.104
2,2,2,5.92,7.45,14.805
2,1,3,9.01,6.29,7.836
2,3,4,28.11,8.89,11.004
1,1,5,23.88,8.76,9.766
2,1,2,30.49,9.45,14.126
1,2,2,10.05,1.45,2.1
1,2,1,34.78,5.07,5.135
2,1,3,5.64,7.13,7.884
1,1,2,17.52,4.79,5.53
1,1,1,33.12,7.49,11.606
2,2,2,40.79,4.39,11.872
2,3,1,6.4,1.35,5.998
3,1,2,24.15,5.32,19.233
1,3,1,16.79,0.7,1.414
1,1,1,15.01,8.36,7.761
2,2,1,13.22,0.6,5.989
1,3,1,34.57,9.3,6.887
2,2,1,22.72,2.22,11.939
1,1,3,27.16,6.55,7.656
1,1,2,33.27,8.42,9.682
1,1,2,39.5,9.03,10.98
2,2,1,23.01,4.75,9.937
1,3,4,29.5,0.9,1.674
1,1,4,33.2,6.03,5.448
1,1,2,33.03,5.42,5.277
1,1,2,35.6,1.68,2.369
1,2,3,22.31,2.63,3.664
2,2,3,27.03,8.56,20.212
1,1,1,1.88,5.42,5.03
2,2,2,13.24,4.03,7.438
2,1,1,12.09,7.81,10.052
1,2,3,34.11,6.37,10.022
1,1,2,29.41,2.73,3.667
2,1,5,49.7,6.26,18.564
1,2,1,32.81,3.71,5.003
1,2,2,29.78,7.87,10.043
3,1,3,24.6,5.78,19.304
3,2,4,22.94,0.3,21.541
2,2,4,12.73,2.95,5.738
1,1,1,7.91,7.22,8.032
2,3,5,26.59,3.32,4.33
2,3,5,49.29,2.27,6.382
1,1,5,36.49,8.02,9.624
2,3,2,33.45,9.79,13.472
1,2,3,57.2,0.61,1.739
1,1,1,29.41,1.19,1.572
1,2,1,20.68,1.7,2.314
1,1,1,42.72,1.18,1.65
1,2,2,19.48,1.48,4.781
2,3,5,12.46,0.23,2.719
3,1,2,24.68,2.65,16.593
1,2,2,14.09,3.07,3.48
2,1,3,39.24,4.68,7.561
3,2,2,7.19,2.55,31.258
1,3,2,38.5,3.0,4.632
1,1,2,39.47,0.65,1.861
1,2,2,33.34,9.19,13.882
1,1,2,45.29,1.26,2.057
2,2,3,33.74,2.33,6.326
1,2,2,9.84,2.72,3.563
1,2,2,49.71,8.5,13.004
1,1,2,22.33,4.72,4.514
1,2,4,52.33,3.46,9.389
3,2,2,31.44,3.19,26.559
1,2,3,58.29,5.2,8.109
1,2,2,32.86,1.13,2.555
1,3,1,21.5,9.19,12.358
1,1,2,11.64,4.04,2.89
1,1,1,9.43,3.61,5.277
1,3,1,55.16,6.48,6.976
1,1,1,36.19,2.44,2.535
1,3,3,20.56,6.08,8.631
2,2,2,16.67,7.85,8.518
2,3,2,62.47,7.36,28.846
2,2,2,34.84,4.97,11.945
2,3,1,41.8,3.67,8.921
2,2,4,9.59,5.94,7.378
1,2,4,11.54,7.59,7.869
1,1,3,5.32,2.85,4.304
1,1,1,46.0,1.42,2.55
1,1,4,47.44,6.57,8.601
2,3,3,35.99,1.76,7.729
1,1,1,19.37,3.74,3.583
2,2,1,45.5,2.11,6.258
2,2,1,12.75,4.63,8.39
1,1,3,20.05,6.13,6.612
3,3,2,42.96,4.46,26.87
1,1,1,44.19,1.42,2.143
2,2,1,18.89,0.64,7.683
1,1,2,8.89,2.68,2.964
1,1,2,31.47,2.15,2.1
1,1,2,26.48,7.55,6.3
1,2,1,20.13,2.93,4.858
1,1,2,10.49,3.66,5.403
3,3,5,20.87,4.0,22.186
2,2,1,22.32,7.05,11.794
1,1,2,27.56,4.94,5.855
1,1,1,51.71,2.08,3.627
1,1,1,33.42,1.86,2.864
1,2,4,4.68,3.19,4.458
3,2,5,37.07,4.35,28.527
1,1,1,29.9,3.71,3.61
1,2,1,6.9,5.91,6.192
1,1,1,27.56,7.21,8.909
1,2,2,12.78,7.53,6.818
1,1,1,32.8,4.03,4.025
2,1,2,39.61,4.64,8.765
2,1,1,11.15,9.53,11.463
3,2,2,52.66,6.24,51.832
2,2,4,25.33,6.06,8.525
1,1,1,23.52,5.84,3.532
2,1,3,10.12,0.63,3.371
3,2,3,16.5,1.1,23.011
2,1,1,16.96,2.83,8.406
3,2,4,0.58,8.35,24.775
2,1,2,36.15,4.65,8.403
2,1,2,7.42,6.77,8.847
1,2,2,13.29,1.8,2.421
2,1,1,48.36,4.94,8.369
1,2,1,41.47,8.19,7.232
1,1,2,2.71,9.65,10.489
2,1,3,39.86,0.46,3.828
3,2,4,9.67,3.45,17.694
3,1,2,35.38,3.16,25.526
1,2,1,14.58,4.35,4.672
2,2,1,17.27,7.61,13.595
2,3,4,18.94,0.62,4.312
1,1,1,25.93,9.34,14.14
1,1,4,18.07,8.56,5.035
1,1,1,36.72,0.82,2.089
2,3,1,22.62,3.44,8.466
1,1,1,46.95,5.12,7.061
3,1,2,42.13,5.76,20.922
1,2,1,3.9,6.45,8.821
3,1,4,42.18,5.08,25.905
1,2,2,1.83,7.99,10.118
2,1,1,32.63,9.43,16.774
1,2,2,55.38,4.06,10.91
1,2,1,90.68,5.75,17.421
2,1,2,20.15,8.68,9.883
3,2,3,18.13,7.93,36.037
2,2,5,53.31,2.68,11.206
1,1,2,5.43,0.44,1.087
1,3,1,27.3,6.29,8.568
1,2,2,41.28,4.18,3.468
1,3,2,39.52,0.31,1.246
2,2,2,37.29,0.24,6.187
2,1,1,30.38,9.09,9.799
2,1,1,29.78,1.0,6.127
2,1,5,27.56,8.2,7.336
2,1,4,34.02,7.43,12.953
2,1,1,36.0,5.69,9.242
1,1,5,15.15,8.01,10.949
1,1,3,11.17,6.21,7.309
2,3,1,39.92,5.3,11.241
2,1,4,29.02,0.68,3.052
1,2,5,36.47,1.55,2.032
1,2,2,31.12,7.08,8.794
2,2,3,24.49,6.92,6.879
1,1,1,16.17,6.87,6.989
1,2,2,16.51,6.9,9.266
2,2,3,56.95,5.65,12.985
2,3,2,40.36,7.08,15.629
1,1,1,56.91,4.74,4.454
2,1,2,15.44,4.15,5.578
1,2,3,16.86,0.46,1.431
2,1,3,23.25,7.62,8.82
1,2,1,18.2,3.78,5.736
1,2,2,25.35,8.97,8.894
1,2,1,55.91,3.42,5.798
1,3,2,20.36,5.11,3.226
2,2,1,23.14,8.22,13.368
1,3,4,36.55,9.29,9.11
1,2,2,34.4,8.37,5.836
1,1,2,59.14,7.98,9.761
2,2,3,38.16,2.47,7.88
2,2,1,17.21,0.69,5.508
3,3,1,24.07,3.39,35.484
1,1,1,16.85,2.15,2.219
1,1,2,29.21,8.3,11.467
1,3,4,27.68,9.72,10.041
1,1,1,15.2,0.82,1.857
3,2,3,19.16,7.11,34.2
2,2,1,9.82,7.19,8.447
1,1,1,27.9,0.77,1.137
1,1,2,53.17,7.45,6.355
3,3,3,24.38,9.84,49.316
1,1,4,43.7,2.5,4.231
1,2,2,48.82,4.45,9.66
1,2,2,24.39,3.03,3.097
1,2,1,28.16,7.41,9.218
1,1,1,25.25,6.93,6.303
1,1,4,8.64,4.83,7.467
1,3,2,17.94,3.85,5.228
2,1,1,34.25,8.13,11.284
1,1,1,15.2,1.11,1.523
1,3,1,30.2,9.05,12.064
3,1,3,27.85,4.2,19.479
2,1,2,33.59,5.77,8.397
1,3,4,41.92,6.0,5.358
1,1,2,24.78,8.06,10.343
2,1,3,33.83,1.36,4.317
1,1,1,12.02,2.01,2.297
1,2,1,10.48,5.27,6.787
3,3,1,20.17,6.64,33.769
1,2,1,34.4,1.73,3.158
2,3,5,29.2,2.76,6.397
1,1,3,18.42,3.47,3.22
2,2,1,37.25,8.02,23.718
1,1,2,30.8,3.9,3.616
1,3,2,40.23,9.34,12.215
1,3,2,11.77,3.34,3.989
1,1,1,11.32,1.48,1.729
2,3,1,11.49,1.1,4.949
1,2,1,11.17,7.06,12.29
1,1,4,20.6,6.94,5.794
2,2,2,9.78,7.26,10.059
2,3,3,44.47,3.96,6.482
1,1,4,21.67,3.74,5.394
1,1,1,52.29,0.16,1.272
3,3,1,15.76,3.78,22.388
2,1,1,57.84,0.83,5.94
2,1,2,39.93,5.92,8.459
3,2,2,9.69,0.86,24.807
2,2,1,38.01,8.86,11.869
1,1,1,56.48,5.29,4.015
1,1,2,72.55,8.26,10.498
1,3,3,10.5,5.85,5.652
2,1,1,9.64,6.19,10.385
3,2,3,30.52,7.61,34.096
1,3,1,36.99,1.16,3.111
1,1,1,41.94,1.47,2.459
1,3,1,5.8,9.09,11.285
3,2,3,9.2,1.59,20.64
1,3,2,11.74,9.32,6.837
1,1,2,4.78,1.18,1.665
1,1,1,5.21,6.36,6.264
1,2,2,18.31,8.12,7.243
1,3,1,28.82,7.36,10.445
1,3,1,17.54,7.84,8.06
1,1,2,17.08,3.69,4.649
1,2,2,5.31,9.25,8.05
1,1,1,47.92,5.4,6.755
1,2,1,49.73,2.08,5.268
1,3,1,12.52,9.08,15.745
2,2,2,44.91,8.35,10.132
1,1,2,56.72,6.22,7.985
1,3,2,40.6,4.23,3.4
1,1,1,24.26,8.32,6.545
1,1,1,69.48,7.84,10.287
1,2,1,38.45,5.29,7.653
1,2,1,48.05,2.52,5.423
2,2,3,26.23,7.27,11.803
1,2,1,36.62,8.32,13.825
1,1,1,23.86,1.9,3.17
1,1,1,20.27,1.47,2.119
1,2,1,2.49,7.66,10.233
1,2,4,13.76,8.63,8.654
2,2,5,11.39,3.13,8.098
2,1,2,15.34,5.96,9.485
1,1,1,39.5,1.25,1.944
1,2,2,41.06,7.81,7.388
1,1,2,15.0,8.11,8.26
1,2,2,49.6,1.76,3.696
2,1,1,49.24,7.51,12.419
1,1,1,14.74,3.93,5.441
1,1,1,39.57,5.26,5.542
3,1,1,37.96,9.09,33.836
1,2,2,16.57,8.62,5.471
1,1,4,33.45,4.35,4.499
2,1,1,46.41,8.4,11.745
1,3,3,20.62,2.7,2.048
1,1,1,46.39,1.51,3.332
1,2,1,52.09,3.88,5.671
3,1,2,61.6,4.99,36.874
1,1,1,20.86,5.58,5.665
1,1,4,7.32,1.89,2.768
1,3,4,12.8,4.8,5.475
1,1,1,48.67,1.94,3.563
2,2,1,29.11,3.73,10.817
1,3,1,53.03,5.93,8.563
1,1,4,46.48,3.67,4.422
1,2,1,65.73,0.18,2.97
2,1,3,30.03,6.81,9.891
1,1,1,54.61,5.08,3.646
2,3,2,11.55,1.44,3.748
2,1,1,10.59,0.93,3.758
1,3,3,42.24,3.92,6.718
2,2,2,52.15,9.4,17.586
2,1,1,54.84,3.73,5.83
1,1,1,24.77,9.78,9.718
3,2,2,46.79,7.26,37.68
1,1,2,22.29,9.74,9.786
2,1,3,35.05,8.58,14.332
3,1,1,29.54,8.16,29.934
1,1,4,14.39,1.84,2.906
2,3,1,20.75,3.2,7.199
1,1,4,12.58,6.83,7.939
2,1,4,12.59,3.37,6.949
2,2,2,8.22,5.87,10.901
1,2,5,37.46,1.04,1.026
1,3,2,53.77,4.96,5.541
1,3,2,50.62,7.47,15.233
1,1,1,10.94,7.72,8.977
1,1,1,40.23,3.92,4.852
1,2,2,42.67,7.29,7.221
1,1,4,33.06,5.64,5.339
1,2,5,36.76,3.49,4.44
2,1,2,29.07,0.73,4.991
2,3,4,24.05,0.62,2.479
2,2,3,30.36,1.63,5.108
1,2,3,12.31,7.97,9.533
2,1,1,12.11,1.19,4.569
1,3,2,47.82,4.75,3.222
1,2,2,25.12,1.07,1.983
1,3,3,44.23,7.07,11.947
2,3,2,16.1,0.86,4.669
1,1,3,55.27,6.27,5.275
1,1,5,51.92,6.72,6.905
3,1,2,36.6,1.86,27.586
1,2,3,23.64,2.29,3.734
1,2,2,55.97,9.66,8.872
3,1,2,43.95,1.27,23.724
1,3,2,8.76,8.12,8.218
1,1,5,22.71,7.08,5.452
2,2,3,19.21,2.2,8.767
2,1,3,20.19,8.77,12.916
1,1,1,22.61,0.8,1.182
2,1,2,20.31,5.58,10.832
1,2,4,25.37,1.66,1.39
1,2,4,12.16,5.6,6.333
1,1,5,27.28,5.77,11.07
1,2,3,19.0,0.11,1.728
2,2,3,53.16,7.97,13.768
2,1,1,37.06,1.91,12.956
1,2,3,33.57,1.16,2.648
1,1,1,55.25,7.76,8.27
1,3,4,21.98,1.74,2.466
2,2,1,40.48,9.74,15.25
1,1,4,14.37,9.05,11.468
2,2,2,5.57,0.97,5.764
1,1,1,14.72,5.55,6.66
1,3,2,36.8,6.05,6.509
2,2,2,14.12,0.92,4.214
2,1,3,13.21,9.26,10.26
1,2,3,53.15,3.19,4.513
2,1,2,8.66,0.8,3.636
3,3,1,22.07,9.6,38.905
1,3,4,37.95,2.16,3.407
1,2,5,22.83,3.72,4.031
1,2,3,25.1,5.13,5.495
2,2,1,36.95,2.73,10.688
1,1,3,9.05,8.6,8.594
1,1,1,11.0,5.31,5.405
1,3,5,11.35,5.9,5.316
2,1,1,36.22,6.95,9.935
1,1,1,17.99,9.48,11.612
2,1,1,23.83,7.56,8.581
1,3,3,47.94,1.96,3.458
3,3,2,53.37,7.59,91.372
1,1,3,24.19,5.65,5.454
1,1,1,27.08,8.98,9.145
2,3,4,25.83,9.51,11.229
3,1,2,32.21,9.42,28.248
1,3,1,21.36,6.4,6.777
1,3,3,40.66,7.29,7.614
2,2,2,10.86,4.08,6.593
2,1,2,8.75,8.32,10.641
1,2,1,14.35,0.34,1.171
1,3,3,16.99,4.92,4.677
2,1,1,32.89,8.74,17.636
2,3,2,41.42,9.47,11.112
2,1,2,34.22,8.56,10.841
1,3,3,13.45,0.26,1.056
1,2,1,42.59,6.8,7.718
3,1,1,27.25,6.03,27.39
2,1,1,55.28,0.18,10.023
2,1,2,18.09,2.99,6.698
1,1,1,14.87,0.7,1.014
1,3,2,37.46,5.4,8.459
2,1,1,7.97,6.68,9.226
1,3,2,30.58,7.13,4.779
3,1,2,22.94,1.13,11.862
1,2,1,31.65,5.14,6.117
2,3,3,22.78,3.98,8.887
2,2,2,16.21,5.21,9.638
1,3,3,18.75,8.42,9.711
1,3,2,36.58,9.46,9.125
2,2,1,15.11,0.63,10.308
1,2,1,47.64,2.79,3.601
1,1,2,37.54,9.23,14.925
2,1,4,18.13,6.34,8.508
3,1,1,14.98,7.16,25.491
1,3,1,19.72,4.23,2.719
1,2,2,9.36,1.31,3.362
1,2,2,21.71,3.9,3.912
1,3,4,52.21,0.62,1.884
1,1,1,54.11,1.44,2.018
1,3,4,2.65,5.64,4.677
2,1,3,4.94,4.94,9.011
1,1,3,34.25,3.67,3.656
3,2,1,42.88,6.15,42.84
1,1,1,21.35,6.13,6.319
1,2,1,26.52,7.05,5.139
2,2,3,7.48,3.79,6.378
2,3,1,55.47,7.07,7.065
1,1,1,36.78,8.06,6.768
1,1,1,70.26,9.48,19.653
1,1,4,34.94,1.16,2.374
1,1,1,15.11,7.33,12.585
1,1,2,17.61,1.29,2.397
1,1,3,10.43,4.13,4.98
1,3,4,49.99,4.62,8.876
1,3,3,24.07,0.74,1.274
3,3,2,12.92,4.4,32.209
2,1,1,34.44,2.78,6.857
1,2,1,15.74,3.26,4.489
1,1,1,29.03,5.57,6.396
1,1,2,22.61,6.8,10.556
1,1,1,12.35,8.79,15.207
2,3,2,10.47,7.33,8.347
2,2,2,10.33,7.79,16.336
3,1,3,8.98,7.62,18.618
3,2,1,11.91,1.02,29.303
3,3,5,57.68,3.69,23.434
3,1,3,39.57,5.66,28.53
1,3,1,30.5,4.09,3.499
1,1,1,45.51,8.28,6.014
1,1,5,14.16,5.28,5.738
1,3,4,16.09,0.69,0.886
1,1,1,11.59,1.77,2.534
2,2,1,50.84,7.98,23.692
2,1,5,25.23,8.7,11.886
1,2,2,37.88,9.97,12.637
1,2,2,13.35,7.72,7.228
1,3,1,15.89,7.76,12.824
1,3,3,28.67,3.5,6.014
2,2,2,49.32,6.93,22.697
1,1,2,17.83,4.61,6.017
2,1,3,62.95,7.84,8.943
1,2,1,34.95,0.37,1.242
1,1,2,23.59,6.2,9.309
1,1,2,25.48,3.02,3.213
2,3,2,12.98,6.13,7.176
2,1,5,25.77,8.9,5.672
1,1,2,13.06,6.34,8.879
3,3,1,51.97,5.29,54.146
1,2,1,5.98,3.22,7.088
2,2,2,54.42,9.3,19.23
1,1,1,49.45,1.13,2.184
1,1,2,22.38,1.99,1.55
2,2,1,42.79,9.11,23.656
1,1,1,12.58,7.48,7.792
1,2,1,8.6,0.15,1.312
1,1,2,41.46,4.29,3.946
1,1,1,18.14,7.83,8.338
2,1,2,8.69,9.66,13.502
2,1,1,33.25,7.97,10.728
2,1,4,57.64,3.96,4.727
1,2,2,27.89,8.3,11.818
1,2,3,17.1,8.45,10.523
1,1,4,26.48,2.36,2.626
1,2,4,25.99,9.3,14.763
1,1,4,13.3,3.69,3.896
3,1,1,6.81,2.58,19.045
2,3,1,32.82,9.38,7.704
2,2,3,1.41,7.0,9.742
1,2,2,23.3,8.5,10.693
1,1,2,41.98,4.51,4.85
1,1,2,23.67,5.89,7.592
1,2,1,29.35,9.74,6.125
1,2,1,36.95,6.8,9.941
1,2,2,6.57,8.77,9.478
1,3,2,47.8,9.21,16.023
3,1,3,18.89,5.99,18.007
1,3,2,25.29,9.85,12.499
3,2,1,34.23,8.09,49.599
1,1,1,39.25,3.08,5.205
1,1,1,51.39,5.53,7.289
1,2,1,16.4,5.06,6.3
1,1,3,12.79,3.81,4.135
1,2,2,26.73,5.33,8.623
1,2,4,57.68,8.0,8.416
3,1,2,32.96,6.03,19.111
1,2,1,6.01,9.11,12.094
2,2,2,4.9,6.02,14.265
1,1,1,53.8,4.03,8.602
1,3,1,38.76,7.56,14.162
1,1,2,49.81,2.2,3.275
1,3,2,46.23,5.52,8.117
3,1,1,25.65,8.26,44.57
2,1,3,17.65,8.93,14.856
2,2,2,20.66,1.89,11.105
1,1,1,45.53,8.83,13.268
1,1,3,11.22,6.28,5.706
3,1,1,38.76,2.09,20.645
1,2,2,50.95,0.23,1.091
1,2,2,27.3,3.75,4.625
1,1,2,20.52,4.33,4.286
2,1,3,16.26,2.61,4.431
2,1,1,43.84,0.15,4.338
2,3,1,30.74,4.65,7.546
2,1,2,7.82,9.31,9.412
1,2,1,24.25,9.43,13.972
3,1,1,28.9,4.95,19.257
1,2,2,11.09,9.04,9.509
2,3,1,16.08,1.0,7.214
1,1,2,10.55,8.5,7.654
3,2,2,10.19,5.63,36.548
1,1,3,27.62,0.79,0.96
1,2,4,24.2,0.74,1.62
1,1,2,2.13,0.36,1.064
1,1,4,32.02,3.32,3.239
1,1,2,32.73,5.47,8.246
2,1,3,6.53,7.81,11.551
1,3,3,29.12,6.03,7.462
3,2,3,79.26,5.03,98.065
1,1,3,47.03,2.48,4.21
2,2,4,24.51,6.1,10.237
1,2,2,11.66,9.75,7.651
2,1,5,23.37,9.39,18.548
1,1,2,10.41,4.0,4.073
1,2,1,54.37,4.92,3.127
3,1,1,14.56,4.23,29.917
1,2,2,33.61,5.71,8.285
1,1,1,19.9,4.17,4.899
2,1,1,28.26,2.3,5.877
2,2,1,42.72,2.11,13.252
1,2,2,29.19,8.31,17.457
1,3,1,39.16,5.06,5.494
2,1,2,26.26,1.37,3.668
2,2,2,50.47,5.52,12.579
3,3,3,25.89,6.87,16.726
1,2,2,19.73,1.83,2.819
2,3,1,23.27,9.88,19.981
1,3,5,53.46,1.69,2.594
3,3,4,55.23,5.24,32.052
1,3,1,38.07,0.4,1.992
2,2,1,7.41,8.22,13.272
1,1,2,22.37,1.25,1.392
1,3,4,67.62,7.14,7.797
2,3,3,53.75,3.08,8.033
1,1,4,8.85,5.14,6.678
3,1,5,26.6,7.73,20.861
1,1,3,35.42,9.56,5.635
2,3,1,26.94,1.77,4.267
1,1,1,56.59,8.42,14.138
1,1,1,15.3,2.27,2.219
1,2,1,26.6,0.69,2.611
1,1,1,18.29,8.45,4.873
1,3,2,21.69,3.17,6.258
2,1,3,35.73,8.23,11.516
2,1,1,54.78,8.92,21.217
2,1,3,25.82,6.26,9.462
1,2,4,43.33,3.57,7.416
1,2,1,10.37,1.51,3.775
1,1,1,5.37,1.83,2.43
2,1,2,8.84,6.31,6.665
2,3,4,13.01,4.97,5.235
1,2,3,20.99,6.74,6.075
2,2,1,5.72,0.81,5.532
1,1,2,45.78,2.68,5.688
1,3,3,28.77,1.97,2.348
1,2,1,8.72,9.25,11.344
1,1,2,69.03,2.56,2.197
2,3,2,42.25,0.59,5.124
3,3,1,14.9,1.12,22.201
1,2,4,48.79,5.3,6.417
1,2,1,31.01,0.32,1.175
2,1,3,6.99,2.8,6.146
3,2,3,40.4,5.87,43.921
2,1,1,49.43,1.02,5.445
1,2,3,6.11,5.0,3.745
2,1,1,18.12,7.9,13.192
1,1,1,20.71,7.73,9.061
3,3,1,40.7,2.08,43.632
1,1,4,1.19,1.95,1.921
2,3,4,51.2,8.57,23.043
1,1,1,8.47,7.32,7.108
1,1,2,20.22,3.9,7.915
2,1,5,56.4,8.15,8.726
2,1,2,39.39,0.72,5.019
1,1,1,15.32,1.98,1.737
3,1,1,65.31,6.22,34.896
2,2,2,67.17,6.0,15.842
1,1,1,17.98,6.4,7.824
1,1,2,23.55,7.11,7.044
1,1,3,41.17,3.77,4.191
2,1,2,39.51,2.63,8.893
1,1,1,19.57,6.27,5.873
1,1,3,12.63,9.66,9.217
3,2,2,8.88,4.38,32.205
3,2,3,23.74,0.74,24.677
2,3,1,12.13,7.74,11.619
3,2,2,4.78,4.21,29.491
2,2,1,47.74,2.16,6.991
2,1,1,9.68,0.93,6.533
2,1,2,18.91,8.79,10.352
1,2,2,20.55,9.46,8.388
1,1,1,35.39,7.44,8.785
1,1,2,17.18,3.28,2.921
2,3,3,45.39,6.8,10.093
1,1,2,28.58,3.58,5.89
1,1,3,25.78,1.9,2.464
1,3,4,42.99,8.16,7.088
1,1,3,38.57,7.48,5.741
1,1,1,35.6,8.7,10.477
2,1,3,33.18,8.8,9.09
2,1,1,65.76,7.75,10.184
1,3,2,17.78,6.81,8.238
1,2,5,74.08,0.58,2.915
1,1,1,3.72,1.52,1.858
2,1,1,13.82,2.69,4.187
2,1,1,15.3,0.86,3.838
1,2,5,17.7,2.15,3.259
2,1,2,42.97,1.71,6.242
1,1,3,57.8,9.9,8.478
1,2,1,60.53,8.02,11.594
3,3,1,50.96,0.67,25.598
1,3,1,38.74,0.66,1.257
1,3,3,28.57,7.32,11.931
1,2,1,42.86,2.49,5.849
2,2,4,8.05,9.06,10.53
3,3,2,50.5,9.61,44.017
3,1,4,17.71,7.14,12.715
1,1,2,17.95,3.2,5.41
1,1,2,27.1,8.4,10.735
2,3,1,34.36,3.14,8.758
1,3,2,10.61,5.33,4.484
2,3,2,66.78,0.71,12.693
2,1,1,12.25,5.06,9.022
1,3,5,39.07,2.87,4.025
2,1,1,26.76,7.76,15.556
1,1,1,26.95,6.2,8.128
1,2,2,21.75,4.86,4.343
1,2,2,28.49,6.55,10.483
1,3,1,8.76,3.16,3.382
2,1,5,12.77,1.14,2.714
2,1,1,10.47,3.71,6.467
3,1,2,22.18,6.06,14.805
3,1,1,45.85,1.6,18.666
1,3,1,33.92,5.08,4.454
1,1,2,40.4,7.81,6.245
2,1,3,48.75,9.3,12.574
3,1,2,6.32,3.44,20.523
1,2,1,27.66,5.45,11.208
1,3,1,15.5,3.53,5.021
1,1,4,17.61,6.07,9.826
1,1,1,16.55,0.78,1.093
2,3,2,25.1,0.65,7.531
1,2,1,24.07,5.78,6.497
2,1,1,42.21,3.54,15.62
2,1,1,30.68,4.28,6.145
2,3,1,21.71,4.91,12.357
1,2,2,20.45,4.45,4.104
1,1,1,31.59,1.56,1.689
2,1,3,18.0,9.29,20.557
2,1,1,40.63,1.88,4.757
1,1,2,37.86,3.59,4.647
2,1,2,56.81,4.47,6.326
1,1,1,13.79,7.03,7.753
2,1,1,11.32,1.14,7.045
1,1,1,38.6,2.54,3.671
1,1,1,6.3,8.47,8.127
1,1,1,15.88,6.59,6.609
1,3,1,46.65,0.35,1.509
1,1,1,30.95,7.33,8.193
1,3,2,3.03,3.65,4.787
1,3,2,17.9,7.9,10.542
2,3,1,24.98,1.14,4.889
1,1,2,30.02,3.87,5.348
2,1,1,32.67,4.84,5.414
2,2,5,43.19,9.01,14.16
1,1,1,18.9,9.5,8.457
1,1,1,24.45,4.34,4.826
2,1,3,13.16,5.38,8.935
2,2,1,22.46,4.22,14.928
1,3,1,41.99,2.59,3.421
2,1,4,33.17,3.58,6.745
1,3,2,11.8,8.37,9.555
1,2,2,26.08,8.67,6.129
2,1,1,23.66,8.25,12.595
1,1,1,53.35,0.12,2.316
2,1,1,23.25,3.61,9.088
1,3,3,50.72,6.82,6.883
2,2,1,17.94,9.8,14.362
1,2,2,38.75,0.43,1.482
1,2,4,34.77,0.45,1.664
1,1,5,5.96,1.69,2.076
1,3,1,28.83,9.43,6.969
2,3,2,25.73,4.17,9.93
1,2,2,31.13,3.53,5.527
1,1,3,30.7,4.42,5.006
1,1,4,10.2,1.24,1.757
1,1,3,14.93,8.46,7.35
2,1,2,44.99,4.89,14.327
1,2,1,10.93,4.94,4.397
3,2,2,68.43,8.05,60.655
1,3,2,33.0,1.89,2.793
2,1,2,44.28,2.73,5.98
1,1,2,32.36,3.04,3.786
1,1,2,42.61,2.76,2.612
2,3,2,27.38,3.52,6.621
3,2,5,23.89,7.63,18.676
2,1,1,13.04,8.44,11.272
1,2,3,52.51,1.07,4.021
1,2,2,13.36,0.49,1.752
2,1,2,15.23,2.21,3.82
1,1,2,49.24,8.95,9.04
2,1,2,51.51,2.44,6.895
1,1,3,11.03,8.18,7.465
1,2,1,12.35,1.03,2.001
2,1,4,32.39,1.94,6.391
2,2,3,8.35,4.25,6.038
1,2,1,46.04,6.3,9.11
1,2,1,5.93,4.78,4.031
2,3,1,48.43,2.16,9.291
1,1,1,35.61,1.53,1.811
1,2,1,24.27,3.2,5.286
1,1,1,34.77,6.82,13.365
2,2,5,15.46,0.67,3.857
2,2,2,10.61,9.94,20.525
1,1,3,38.2,1.98,3.215
1,1,2,19.22,6.64,8.115
1,2,2,27.77,6.76,5.971
1,2,4,12.36,6.11,8.905
1,2,1,29.82,4.3,6.344
1,1,2,39.74,3.64,3.209
2,2,4,27.93,0.55,3.786
1,2,4,9.4,4.13,4.329
1,1,2,15.83,2.98,2.901
1,2,4,28.73,4.25,4.928
2,2,2,27.4,6.75,14.636
2,3,1,29.19,3.55,7.863
1,1,1,20.45,5.34,6.368
2,1,2,23.67,9.52,9.147
1,3,1,23.18,1.5,3.153
1,3,1,44.53,8.52,12.761
3,1,1,15.07,2.8,30.954
1,3,3,60.87,4.78,4.154
1,1,4,22.97,1.9,1.753
1,3,4,6.66,2.19,2.066
1,1,2,3.93,1.29,2.411
2,1,4,61.33,3.68,4.683
1,3,2,77.36,1.5,2.881
1,1,2,5.83,4.95,3.942
1,3,2,7.41,8.64,9.545
1,1,1,34.94,8.72,10.133
1,1,2,18.8,9.11,10.889
1,3,2,43.54,4.78,5.637
2,2,5,70.98,0.53,4.995
1,3,1,57.42,5.15,7.889
1,3,1,45.63,4.53,5.841
1,1,1,11.71,9.88,10.659
1,1,1,6.95,4.74,4.45
1,1,5,22.02,7.3,8.498
2,2,2,51.3,9.83,23.564
1,1,1,20.7,6.92,6.164
2,1,2,22.4,8.64,8.299
3,3,2,15.44,9.68,33.616
1,1,1,36.45,8.46,5.492
1,2,1,33.8,7.35,6.576
1,1,1,47.25,3.8,3.728
2,1,2,8.58,6.51,7.779
1,1,3,49.2,9.93,13.537
2,1,1,18.77,3.4,9.04
2,2,2,40.49,2.49,12.552
2,1,3,11.51,7.72,8.274
1,3,1,41.9,0.76,2.979
3,3,2,7.83,7.07,18.937
1,1,1,23.49,6.19,7.342
1,3,1,32.14,6.03,7.398
1,3,2,20.87,3.92,6.905
3,1,1,5.24,0.6,18.069
1,3,2,50.43,6.16,12.683
2,1,3,14.37,2.81,4.377
1,2,1,31.61,5.05,8.148
3,1,4,34.22,6.59,26.142
1,3,1,35.05,2.29,3.879
1,3,2,32.22,1.43,1.837
3,3,2,22.11,2.86,20.562
1,3,2,14.43,6.37,8.278
1,1,4,51.69,7.3,10.281
1,2,1,14.48,0.72,1.534
1,1,1,21.69,2.87,2.669
1,1,2,20.2,9.42,13.793
1,1,2,20.62,1.67,2.928
1,3,3,19.89,9.1,13.48
2,2,3,22.83,0.18,8.045
1,1,1,6.58,5.55,6.421
1,3,3,39.03,8.54,5.912
1,3,3,19.42,9.45,14.545
1,1,2,24.75,4.5,4.951
2,1,1,9.27,9.65,19.017
3,2,4,12.21,9.75,23.499
3,2,3,22.97,2.4,32.95
1,1,1,3.61,0.6,1.006
1,2,1,46.35,7.07,14.033
1,1,3,47.07,4.26,3.063
1,2,4,30.94,6.75,7.795
1,1,2,42.38,0.35,1.095
2,1,4,13.52,1.22,2.911
1,1,1,13.31,5.69,6.337
1,2,1,8.12,2.88,3.444
1,1,2,7.43,4.26,4.539
1,1,1,23.77,4.58,5.486
1,1,1,17.0,6.37,5.728
1,3,3,19.4,4.91,5.453
2,1,1,24.73,8.02,13.951
1,1,1,7.86,0.89,1.267
1,1,1,35.93,1.01,1.86
1,2,1,17.69,5.5,5.148
2,1,1,13.22,8.46,17.208
1,1,1,17.55,8.36,9.994
2,3,4,34.18,2.63,4.073
3,2,2,51.73,7.7,85.89
1,2,2,28.12,3.54,5.187
2,1,1,30.27,5.67,7.393
1,3,1,5.52,0.97,3.059
3,3,4,54.5,3.58,24.265
1,2,2,36.13,9.23,6.584
3,2,3,33.67,6.36,45.831
1,3,1,15.76,3.39,4.575
1,3,2,11.96,3.73,6.143
1,1,2,22.49,0.55,1.201
2,3,1,12.26,2.45,5.733
1,2,3,20.38,6.78,5.728
1,2,1,32.61,1.84,2.587
2,1,2,3.58,1.05,3.398
2,1,1,22.99,5.58,5.992
1,3,2,9.61,4.92,4.779
1,2,3,25.74,0.55,1.466
1,1,2,9.98,9.63,9.543
2,2,5,62.03,7.68,4.377
1,1,1,1.06,6.48,5.696
2,1,4,37.76,5.04,7.349
1,2,3,31.48,6.31,6.085
1,2,4,22.79,4.43,6.001
1,1,3,23.71,2.44,2.564
1,1,2,42.27,7.07,7.564
2,1,2,34.87,9.75,14.772
1,2,3,5.08,4.8,6.996
1,3,3,18.3,9.56,10.377
3,2,2,46.93,3.65,22.82
3,2,3,31.47,2.9,41.248
2,1,2,15.04,9.16,15.326
1,1,1,31.24,6.33,5.32
1,3,1,25.67,4.62,5.938
2,2,2,5.45,0.47,4.631
1,1,2,27.0,5.55,5.379
1,2,2,12.8,3.64,5.52
2,2,2,50.54,7.89,16.9
1,1,1,48.04,3.63,5.093
1,1,1,15.3,9.33,11.082
3,2,1,30.44,8.92,60.819
2,1,1,42.56,6.93,13.88
1,1,2,28.99,5.46,6.152
1,3,3,47.05,6.57,6.757
1,3,4,55.02,6.3,6.832
1,1,1,34.78,8.97,8.872
2,1,3,14.72,2.4,5.062
2,1,2,12.62,2.15,3.74
1,1,1,13.77,6.78,7.488
1,3,3,7.67,9.95,13.923
2,2,5,63.89,1.79,8.111
1,1,1,27.28,8.47,9.061
1,2,2,55.65,9.0,6.008
1,1,1,30.14,6.29,4.78
2,2,1,14.93,6.56,9.227
1,3,1,15.59,7.04,7.264
2,1,1,2.53,7.13,9.553
1,1,3,39.6,0.74,1.188
2,3,1,41.63,9.63,15.475
1,1,2,46.98,5.55,9.208
1,1,4,31.4,3.16,4.36
1,1,3,18.42,4.38,7.341
1,1,1,33.72,3.64,2.791
1,2,1,34.53,4.3,6.083
1,1,2,11.0,8.23,8.258
1,1,1,21.9,5.31,7.034
1,1,1,33.61,1.4,1.773
3,2,2,64.83,4.64,57.156
1,3,2,28.64,1.54,2.098
2,2,1,23.66,0.51,7.626
3,2,1,45.66,3.66,64.337
1,3,4,67.72,9.63,5.127
2,1,4,44.57,2.17,4.533
2,1,2,31.59,5.2,13.797
2,1,2,52.04,2.15,9.283
1,1,2,43.82,2.07,3.41
1,3,1,13.36,1.79,2.165
1,1,4,17.54,8.1,7.116
1,3,1,30.31,6.47,7.72
3,1,2,10.22,4.12,17.549
3,1,1,36.37,0.44,14.103
1,1,3,37.31,2.02,2.295
2,1,3,31.67,1.56,8.765
1,1,3,36.31,9.88,11.827
3,2,2,45.49,5.18,24.868
1,1,2,23.98,0.44,1.653
3,3,2,40.58,8.85,27.083
2,3,3,14.75,6.42,15.065
1,1,2,36.93,9.08,12.916
1,3,2,31.46,1.46,1.032
2,1,2,50.08,2.55,3.526
1,1,1,25.22,8.99,9.635
1,1,2,16.42,4.22,5.372
3,2,1,9.23,6.17,39.491
1,2,3,29.01,0.93,2.566
1,2,1,43.61,9.57,10.573
1,3,3,47.95,9.0,6.202
1,1,1,9.68,6.13,6.219
3,3,2,33.19,6.43,16.086
1,2,1,58.22,4.58,5.89
1,1,4,27.17,3.79,5.896
1,1,1,34.44,3.1,5.987
3,1,2,34.2,2.5,16.651
1,1,1,28.4,3.27,4.464
2,2,3,2.96,4.24,6.547
2,1,1,55.29,8.3,18.884
2,1,2,22.06,0.61,3.019
3,2,1,15.13,5.17,30.802
2,2,1,24.17,2.71,10.75
3,3,1,17.23,5.75,24.087
1,2,2,35.31,6.16,8.499
2,2,1,28.62,4.72,10.277
1,1,5,45.28,1.34,2.095
1,2,2,46.32,4.0,5.47
2,1,2,23.95,1.75,6.532
3,1,1,18.27,7.69,19.833
2,3,1,24.83,6.98,14.114
1,2,3,25.7,7.49,8.408
1,2,3,5.06,2.6,3.833
1,1,2,4.57,8.17,7.511
1,2,3,24.97,2.48,5.208
1,1,1,13.09,8.09,9.846
1,1,4,13.32,2.4,2.104
1,1,2,60.0,2.73,5.193
2,1,4,8.77,5.75,12.16
1,1,3,23.87,3.97,3.51
3,2,1,8.74,8.03,29.324
2,1,2,51.63,3.45,12.805
1,3,5,43.02,8.13,7.154
1,3,1,23.8,9.03,12.763
1,1,2,43.07,6.08,7.385
3,2,2,11.92,5.65,27.77
1,1,1,11.41,8.2,8.965
1,3,1,43.41,5.82,9.844
3,1,3,14.87,6.04,20.354
3,1,4,0.54,6.33,13.607
1,1,2,10.52,2.55,2.879
1,3,4,9.2,1.37,2.398
1,1,1,54.32,1.91,5.413
1,3,1,44.8,5.95,8.976
1,1,1,25.18,2.4,5.852
1,2,2,18.33,9.98,10.482
3,1,2,13.71,1.54,18.544
1,1,1,17.28,8.02,9.396
2,1,2,18.17,7.28,16.398
1,1,2,13.67,9.53,10.246
2,2,2,77.98,2.63,25.414
2,2,2,22.99,8.17,13.477
2,1,2,21.01,5.29,7.016
3,1,5,25.27,3.23,19.795
1,1,3,14.03,5.3,5.644
1,2,4,37.99,5.66,7.017
1,2,5,19.51,1.34,1.606
1,3,4,16.49,6.99,9.53
3,3,1,29.82,1.97,17.819
1,1,2,5.9,4.92,4.222
2,1,1,39.81,5.41,13.757
1,3,1,53.88,0.64,2.073
1,1,2,38.66,3.92,4.184
1,1,1,18.59,6.39,5.358
2,1,2,28.03,1.0,4.918
2,2,3,19.04,1.77,8.096
1,2,1,10.95,9.61,11.953
1,3,4,66.62,6.23,3.895
2,1,3,62.07,8.39,19.853
1,1,3,43.12,4.66,5.953
3,1,1,35.05,1.46,17.919
1,2,4,48.67,6.05,7.503
1,1,1,9.69,0.82,1.16
1,3,3,25.06,1.46,2.565
1,2,1,20.48,3.06,4.073
1,2,1,49.43,5.66,9.782
1,3,1,23.82,0.45,1.532
3,1,3,15.19,3.92,17.454
1,2,4,19.15,5.92,7.777
1,1,2,58.41,5.04,8.149
1,3,3,14.22,5.54,4.668
1,3,1,11.01,9.37,12.896
1,2,5,6.41,9.84,7.147
1,1,2,47.47,8.42,8.884
2,3,4,6.33,6.06,11.954
1,3,3,30.94,3.38,4.403
3,2,1,41.06,5.87,39.994
1,3,1,20.63,7.28,7.275
2,2,2,16.71,4.02,7.17
1,1,4,12.4,5.2,8.505
1,1,2,27.33,5.04,3.811
2,1,4,28.38,7.75,7.382
2,2,5,32.33,1.2,3.054
2,2,1,24.03,8.4,22.369
1,1,2,1.03,4.06,4.404
2,1,2,30.36,5.9,11.087
2,2,1,53.25,0.33,12.076
2,2,3,4.41,4.44,10.071
1,3,1,35.16,5.48,6.799
2,1,3,12.83,7.3,10.32
2,3,2,38.59,4.83,14.075
3,1,3,8.96,5.7,17.928
1,1,2,8.1,6.65,6.273
1,2,2,49.92,5.86,11.237
2,1,1,61.51,7.59,16.412
1,2,3,23.72,7.7,4.926
2,1,2,49.85,4.82,7.951
1,1,2,28.64,7.86,8.067
1,2,3,50.99,3.83,8.452
2,1,2,34.37,9.02,12.725
1,1,1,21.5,2.79,2.903
1,1,1,5.82,1.62,1.806
2,1,2,20.42,4.51,7.616
2,2,1,14.9,0.86,8.673
2,1,1,59.55,7.98,25.739
1,2,1,42.82,6.79,5.537
1,2,2,36.73,9.53,11.5
3,2,2,37.56,3.72,31.067
1,1,2,63.7,2.75,3.742
1,2,2,12.38,1.74,2.349
1,3,2,19.33,3.79,3.185
1,1,1,19.45,0.4,1.19
2,3,4,7.44,9.62,11.42
2,1,2,15.63,5.5,10.238
2,1,3,20.6,3.05,5.869
1,2,2,20.02,5.19,9.472
1,1,1,0.8,6.53,9.308
1,1,3,35.9,7.35,14.391
1,1,1,20.46,3.5,3.354
1,1,5,31.56,7.77,11.737
1,2,2,30.44,9.46,11.062
1,1,1,2.03,9.96,11.983
1,3,2,42.53,6.68,7.76
2,3,3,30.56,2.01,6.069
1,1,1,19.21,3.01,3.378
1,1,1,28.48,7.37,11.537
2,1,4,22.79,0.89,2.601
2,3,1,35.08,8.51,13.853
2,1,1,11.58,5.87,10.805
1,1,1,36.39,8.02,8.045
2,3,2,36.07,6.62,15.097
1,1,2,46.43,0.14,0.879
1,1,2,36.22,5.4,5.832
1,3,5,8.2,2.07,3.34
1,3,1,64.07,1.24,2.481
1,1,1,2.53,5.75,7.976
1,1,1,15.9,5.67,7.516
2,1,2,70.83,3.44,21.645
1,1,1,41.03,3.43,3.668
1,1,2,30.83,1.05,1.596
1,1,3,9.48,9.52,10.754
1,2,1,49.99,8.45,9.412
1,2,4,22.35,3.1,4.435
1,3,4,46.38,8.47,9.866
1,3,2,42.43,6.88,5.53
2,1,4,34.51,1.75,3.498
3,1,3,66.61,2.27,51.943
1,2,1,37.52,3.9,4.796
2,1,2,29.35,6.55,11.138
2,1,1,28.26,5.28,7.621
3,2,2,52.32,7.99,37.469
2,1,3,37.59,0.56,5.14
2,1,2,29.71,1.49,5.178
3,2,1,33.42,6.48,31.016
2,3,2,20.26,7.16,11.774
1,2,5,38.04,2.16,3.353
1,1,1,26.82,8.87,15.245
1,2,1,29.51,7.1,4.873
1,3,1,35.07,1.8,3.911
1,1,5,34.7,7.13,6.825
1,2,2,32.05,2.37,6.25
1,2,1,48.33,1.73,5.93
1,2,2,31.26,9.36,17.682
2,1,2,21.54,0.84,3.54
1,3,1,24.95,2.87,2.738
1,1,4,19.41,3.46,3.947
2,1,3,28.66,6.33,7.276
2,1,1,18.98,9.22,12.529
3,1,5,51.37,4.06,11.303
2,1,1,2.57,6.94,9.432
2,2,1,8.82,3.9,13.497
1,3,2,29.99,8.45,10.022
1,1,1,19.05,8.38,7.008
1,3,2,29.5,6.84,9.09
2,3,1,24.18,3.24,6.669
3,1,1,10.21,1.68,22.865
1,2,5,20.77,3.93,5.898
1,3,1,17.12,5.36,7.348
1,2,2,13.93,3.55,6.966
1,2,1,19.5,2.88,3.934
1,3,3,39.78,2.72,6.481
1,2,1,14.86,6.76,8.981
3,1,1,27.69,8.4,32.226
1,1,4,21.68,5.15,3.249
2,2,1,38.74,7.19,14.13
2,1,4,34.05,2.18,4.419
1,1,2,34.84,1.14,1.334
1,1,3,29.27,3.06,2.821
2,3,1,40.95,1.68,10.526
1,2,5,36.92,1.13,2.326
3,1,1,37.33,5.78,31.247
1,1,1,51.3,1.93,5.903
2,1,3,21.41,6.25,10.195
2,1,1,43.65,6.2,16.529
1,2,1,51.47,0.11,2.166
1,1,2,16.0,9.11,8.414
3,3,1,42.57,1.07,28.829
1,1,1,7.5,0.57,1.425
1,1,2,19.06,8.92,6.479
1,3,2,38.82,2.29,3.522
1,1,2,27.26,5.18,6.67
2,1,3,46.03,5.73,7.458
2,1,1,46.24,0.97,3.712
1,2,2,22.72,1.69,3.231
2,1,1,41.34,3.79,8.427
1,3,1,59.68,4.64,9.424
1,2,1,20.09,6.34,7.916
1,3,2,26.09,7.9,4.914
3,2,1,24.94,5.21,36.222
1,2,3,41.58,1.74,3.73
1,2,1,65.2,6.6,5.567
1,1,1,31.71,5.33,3.894
2,2,1,57.82,5.42,19.898
1,2,2,30.82,7.61,12.004
1,1,2,19.69,9.02,9.072
2,2,2,10.42,3.6,9.627
1,1,5,39.85,6.7,5.404
1,2,1,45.18,7.82,7.962
1,1,1,54.08,2.53,4.208
1,1,4,31.63,5.8,6.652
1,1,3,48.31,9.39,11.492
2,1,1,18.1,7.57,12.337
2,1,1,16.79,0.4,6.638
2,1,2,12.65,4.27,3.695
3,2,1,12.42,3.46,37.169
1,1,2,38.87,8.86,8.151
1,3,1,4.94,4.42,4.425
3,3,5,25.75,1.15,14.742
1,1,2,46.45,6.66,8.126
2,1,3,38.89,9.59,16.226
2,1,1,37.6,5.84,10.298
1,1,2,12.41,1.42,1.649
1,1,4,48.26,8.64,6.236
1,2,1,14.38,2.76,3.448
1,2,2,20.32,2.13,3.845
1,1,1,34.17,8.49,12.286
1,2,2,3.75,7.47,5.899
2,1,3,19.65,8.69,10.637
3,3,2,0.28,6.74,23.158
2,3,3,28.39,7.15,11.737
1,1,1,50.18,3.73,3.788
1,2,3,58.02,1.67,1.942
1,3,2,14.1,1.05,1.661
1,1,1,20.33,2.36,4.138
3,1,4,16.29,1.15,6.99
1,2,1,25.62,8.23,6.968
1,1,1,32.23,5.44,5.993
2,1,3,16.67,4.76,6.346
1,2,1,30.66,3.85,3.778
1,1,1,2.87,7.47,7.01
1,1,1,63.87,0.65,2.175
2,3,4,12.84,1.19,4.234
2,1,1,16.82,9.44,15.766
1,2,1,66.12,1.34,4.731
3,2,1,18.34,2.15,22.385
2,1,1,15.67,1.44,5.443
2,2,1,41.53,1.38,11.266
1,2,4,44.19,7.2,7.071
1,1,3,29.1,8.03,12.038
2,2,4,33.09,6.1,8.9
1,3,3,17.1,4.13,6.217
2,3,1,24.8,2.45,8.253
2,1,1,25.97,1.29,4.649
1,1,2,48.7,6.33,5.223
2,2,1,42.66,7.09,12.604
3,3,2,6.55,9.02,23.373
2,3,1,16.67,5.45,15.211
1,1,3,18.75,3.07,4.686
2,3,1,49.31,2.45,12.22
1,1,2,41.35,6.57,8.09
2,1,5,35.59,0.25,2.079
2,2,1,20.21,6.5,15.231
2,1,1,41.41,9.47,10.417
1,2,1,28.25,9.45,16.259
1,1,1,28.38,5.69,4.251
1,2,2,33.26,4.71,4.39
1,3,5,17.15,2.75,3.749
1,1,4,21.95,3.12,3.311
1,2,3,24.18,3.3,5.874
1,2,3,23.45,6.4,10.149
2,1,1,44.36,1.66,2.888
3,2,4,14.77,1.18,16.384
1,2,2,43.32,9.18,8.12
2,1,1,70.47,2.57,13.777
2,3,5,21.78,5.57,5.602
1,1,2,10.6,1.09,0.968
1,1,1,16.62,2.66,2.592
2,1,3,34.28,4.89,9.225
3,2,1,19.08,3.59,53.342
2,3,1,15.17,2.02,4.273
3,1,1,11.75,4.79,16.828
3,1,2,63.3,1.76,30.121
1,1,1,31.88,1.84,3.503
2,2,1,48.24,5.09,26.668
1,1,1,56.83,3.41,5.079
3,1,1,12.57,6.17,26.185
1,1,2,7.87,3.28,3.918
1,1,2,33.15,3.69,6.602
2,2,1,24.51,3.21,8.277
1,2,1,19.3,6.28,7.517
2,1,1,14.2,3.19,3.881
1,1,2,31.88,8.11,10.797
3,1,3,7.65,5.09,24.325
2,2,1,30.88,4.15,13.146
1,1,1,18.52,0.72,1.163
2,1,1,37.56,6.78,7.179
1,2,2,37.02,7.98,15.217
2,1,1,18.7,9.05,9.753
2,2,2,31.92,3.13,8.377
2,1,2,31.39,4.87,5.479
1,1,1,34.63,5.23,6.864
1,2,2,46.79,4.34,10.339
2,1,5,31.02,1.72,3.881
1,1,1,20.9,8.05,12.25
1,3,2,53.89,4.37,4.121
1,1,2,36.04,9.53,9.968
1,3,1,28.57,7.98,9.407
2,1,3,29.12,1.09,3.162
1,3,1,38.28,7.61,6.548
1,3,1,33.77,0.94,1.621
3,1,2,29.97,3.32,17.852
1,2,4,21.45,5.05,5.14
2,2,1,52.5,1.49,16.636
1,1,2,28.06,9.51,5.674
2,1,1,23.08,0.45,4.048
2,3,2,35.94,9.48,8.935
2,2,2,6.36,0.85,7.521
1,3,2,27.04,4.11,4.011
1,3,5,35.09,2.57,3.074
2,3,2,8.6,7.93,15.682
1,2,1,42.9,9.54,6.678
1,2,5,30.34,4.64,7.791
1,3,1,10.51,5.63,7.257
3,2,2,11.43,9.0,30.805
2,1,2,11.69,3.05,3.465
2,2,3,46.29,7.7,25.602
2,1,1,12.41,0.24,3.274
1,3,2,35.87,1.43,2.82
1,2,2,33.32,6.33,7.907
1,2,2,13.18,4.45,8.918
2,1,4,44.77,2.11,3.628
1,2,1,23.8,2.32,4.704
2,1,1,58.79,0.76,12.507
2,2,2,28.0,1.48,5.291
1,2,1,33.73,7.93,8.807
1,1,3,25.03,9.72,11.234
1,1,1,49.01,1.47,3.095
3,2,2,4.7,3.62,32.161
3,1,2,25.85,2.92,24.017
3,3,4,45.99,7.92,26.996
1,3,2,13.86,8.84,10.554
1,2,1,40.18,1.61,2.175
1,1,1,49.73,3.03,2.891
1,1,3,51.04,7.98,8.494
1,3,4,2.39,8.31,8.241
1,3,2,15.08,6.97,9.086
3,1,2,9.05,5.09,12.555
1,2,1,11.01,0.92,2.342
1,1,2,20.55,8.29,10.773
2,1,2,11.03,3.18,3.678
1,3,1,37.6,7.5,14.001
2,3,1,45.27,6.73,23.492
2,3,2,38.84,9.58,19.941
2,1,2,22.57,2.58,5.349
2,1,1,27.18,3.95,7.029
1,3,4,45.81,5.62,5.338
2,2,1,29.05,2.65,9.285
1,1,3,23.07,9.99,9.37
1,2,3,13.46,3.37,4.645
1,1,3,30.8,6.93,7.583
1,2,3,26.29,0.12,1.31
2,3,3,15.5,5.14,7.748
1,1,2,19.06,0.23,0.649
1,1,2,64.21,8.14,14.221
1,2,4,25.56,4.29,3.94
2,2,2,34.25,5.38,11.049
1,1,2,11.18,5.4,5.769
2,1,1,13.56,1.43,4.855
2,2,2,36.5,0.96,7.129
1,1,1,17.65,6.21,6.314
2,2,2,25.56,3.89,10.093
1,2,1,0.48,3.24,3.654
1,1,1,43.82,9.43,9.657
2,2,1,15.27,1.15,7.305
3,2,3,38.3,2.74,17.841
1,2,4,6.44,4.69,7.2
1,2,1,20.42,0.53,2.979
1,1,1,15.3,5.18,6.774
1,1,3,17.29,7.66,7.453
2,1,2,25.27,7.37,9.633
2,1,1,13.73,5.43,6.853
2,1,2,7.4,9.68,17.668
1,1,4,51.88,0.52,0.77
2,2,1,16.53,8.93,18.767
2,1,2,40.09,3.71,6.481
2,3,1,23.02,5.59,14.331
1,2,4,30.29,1.55,2.919
1,1,3,12.96,3.3,4.684
1,2,2,72.12,5.04,7.948
1,1,5,17.41,2.4,4.147
1,3,1,25.23,3.23,2.711
1,3,3,33.31,1.68,1.502
2,3,3,28.99,0.89,3.013
1,2,3,37.77,5.09,5.426
2,3,2,2.32,9.53,11.434
1,2,1,36.41,6.07,6.431
2,3,1,38.55,0.8,10.126
1,1,1,25.07,6.15,5.842
1,3,4,30.23,2.03,3.429
2,2,2,19.63,6.14,11.818
3,1,2,11.51,1.43,19.807
1,3,1,37.16,3.76,5.375
1,2,2,45.66,5.82,8.166
2,3,2,19.67,1.11,4.696
2,1,2,32.88,6.95,7.984
1,2,1,19.82,3.01,2.86
1,2,1,28.44,3.59,5.808
1,1,1,46.11,7.23,14.768
3,2,4,14.43,3.22,19.351
1,2,2,20.49,0.27,1.36
1,1,2,48.74,0.93,1.283
3,2,4,19.46,8.92,27.296
1,1,2,16.55,6.58,6.613
1,3,2,15.86,5.98,5.739
1,3,2,56.3,8.36,6.825
1,1,1,29.03,9.8,13.909
1,2,1,20.12,4.95,7.979
1,1,4,7.14,7.9,11.318
2,1,2,24.98,1.58,5.891
2,3,1,43.86,3.8,7.308
1,1,3,11.05,4.4,4.26
1,1,1,41.16,3.6,4.945
1,1,2,34.81,3.78,3.564
3,2,3,6.07,4.04,35.433
1,3,1,14.96,6.44,7.274
2,1,1,51.45,0.13,3.88
1,1,2,23.55,3.47,4.844
2,1,3,8.28,6.84,11.141
1,1,4,9.65,5.95,7.048
2,1,3,45.45,4.48,10.463
1,2,1,69.13,1.7,4.92
3,2,1,15.25,4.4,48.677
1,1,2,5.49,6.96,9.453
2,2,3,31.96,5.75,9.193
2,2,1,12.22,2.43,7.138
3,1,1,34.25,4.56,22.584
1,1,1,26.34,4.16,4.859
1,2,1,7.3,0.93,1.814
1,1,2,20.59,1.25,1.449
1,3,4,20.62,2.03,2.472
1,3,1,23.54,9.19,8.504
3,3,2,19.99,7.15,26.422
3,1,1,30.2,2.33,10.77
1,1,1,34.35,9.35,13.813
2,3,1,45.79,7.25,11.952
2,1,1,35.75,6.89,11.926
3,1,1,41.88,9.76,14.795
1,2,3,18.43,4.49,5.538
1,1,2,7.52,5.29,5.678
2,2,2,62.57,6.83,16.465
1,3,2,22.92,9.32,10.632
1,2,1,10.4,8.75,8.743
3,1,1,12.72,6.79,24.709
3,3,1,10.74,8.74,15.911
3,2,1,26.67,3.52,37.304
2,1,1,21.18,5.35,9.211
1,2,5,42.24,7.66,13.63
1,1,5,47.26,0.37,0.959
1,1,3,34.75,7.7,4.273
1,2,2,48.01,5.92,6.408
1,1,2,37.21,7.0,6.743
2,1,2,24.68,8.75,11.58
1,2,2,13.72,4.55,5.177
2,1,1,26.65,2.71,6.433
1,2,5,32.9,9.64,7.934
1,1,3,38.05,9.23,15.787
1,2,1,9.28,3.76,4.808
1,3,2,18.71,0.5,2.188
2,1,3,21.49,3.79,4.583
1,2,4,31.27,1.21,1.867
1,1,1,18.6,0.22,1.074
2,1,2,51.59,4.78,5.708
1,1,1,27.34,2.76,4.823
1,1,1,39.51,4.8,5.896
1,1,1,52.45,5.31,6.633
1,2,1,61.61,6.01,13.091
2,2,2,48.21,1.84,8.22
1,3,2,16.42,6.36,6.227
1,3,3,38.94,7.88,7.717
1,1,2,46.27,5.52,5.752
1,1,1,45.32,9.5,7.04
1,1,2,26.54,5.09,6.343
2,2,3,26.76,9.95,13.603
1,3,2,31.58,5.41,5.949
2,1,2,26.47,8.13,10.815
1,1,1,87.78,9.29,15.898
1,1,1,12.55,1.77,2.612
1,3,4,26.88,7.81,9.549
2,1,1,20.9,8.25,11.209
2,2,1,27.67,1.94,9.694
1,1,1,19.21,4.62,8.638
1,1,2,35.07,7.65,11.724
3,1,3,10.7,1.14,10.727
1,2,2,36.63,2.82,5.732
1,2,4,18.33,1.73,2.831
1,1,1,52.02,2.82,3.885
2,1,1,11.99,5.14,10.172
2,1,5,18.88,1.79,4.268
1,1,2,25.43,2.33,3.13
3,1,3,66.44,2.11,23.745
1,1,2,32.28,9.07,7.908
1,2,1,58.15,3.91,7.979
1,3,5,40.66,4.54,5.708
1,2,1,29.72,1.25,2.41
1,2,2,16.46,5.8,6.839
1,3,1,22.76,1.96,2.613
1,3,2,32.42,5.61,4.879
2,1,2,27.05,5.47,12.071
1,1,1,26.92,5.28,6.232
1,1,5,43.12,4.43,2.748
2,3,1,26.64,1.6,7.696
2,1,2,14.04,3.57,7.001
2,1,1,17.6,3.8,8.222
2,2,2,32.28,7.35,18.176
2,2,2,5.76,9.88,14.588
1,2,2,41.43,7.18,8.953
1,2,2,5.49,4.55,4.218
2,2,3,39.97,2.96,7.541
1,3,5,12.13,1.82,2.836
1,1,4,51.13,1.53,2.17
1,3,1,38.42,1.6,2.396
1,2,3,14.75,5.72,7.083
1,1,1,50.63,5.16,4.598
1,3,1,46.58,8.37,8.045
2,3,2,74.73,4.32,18.301
3,3,2,17.8,3.4,14.527
1,3,2,22.61,0.22,0.896
3,1,2,32.15,2.41,19.218
1,1,2,5.8,9.03,10.46
3,1,5,36.55,1.69,9.486
3,3,1,22.7,1.57,26.528
1,3,1,55.08,4.93,6.434
2,3,1,31.55,4.65,13.573
3,3,1,9.72,2.16,26.17
3,2,5,40.51,2.41,20.722
3,1,1,4.66,8.74,30.754
1,1,1,25.68,9.6,10.431
1,1,2,13.26,2.62,3.537
2,2,1,30.78,1.64,7.202
2,1,2,15.72,0.45,2.729
2,3,5,61.69,9.71,8.226
1,2,3,6.61,4.0,4.356
1,1,2,26.82,7.74,8.387
1,3,2,27.23,5.09,5.045
2,2,4,34.82,4.49,9.831
1,2,1,22.67,9.93,10.685
2,1,3,38.39,2.77,5.957
2,1,2,21.91,8.0,15.017
1,1,3,36.85,7.71,12.768
1,2,1,66.21,4.57,4.088
1,2,3,47.02,7.67,6.292
3,3,3,21.07,7.88,25.497
2,3,2,11.2,1.89,5.199
1,1,1,84.88,0.66,1.418
1,3,1,40.1,3.97,5.703
1,1,3,16.35,3.39,2.995
1,1,2,44.35,4.79,6.874
3,2,5,70.71,1.97,52.043
2,3,2,36.25,2.84,10.376
1,3,1,21.8,7.25,6.793
2,3,3,20.05,4.38,7.858
1,1,3,58.63,8.43,13.683
2,1,2,11.09,8.15,6.864
1,1,3,17.22,0.25,0.588
2,2,1,46.02,5.26,16.132
3,1,1,34.98,1.0,30.937
1,1,1,41.38,8.89,4.639
2,1,1,30.14,1.56,3.855
3,2,2,52.35,0.27,35.591
1,2,1,22.83,2.11,3.471
1,1,4,29.09,5.22,9.567
2,1,1,35.55,4.02,10.647
1,2,2,25.39,3.17,4.858
1,2,2,32.51,7.25,5.691
1,1,1,44.85,5.23,6.155
2,1,2,20.04,0.83,4.742
1,3,5,67.1,7.39,5.534
1,2,4,47.5,3.65,4.194
2,1,1,28.65,7.77,11.005
1,2,2,60.4,8.65,8.329
2,2,1,73.31,3.57,22.999
1,1,2,13.36,7.4,9.787
3,1,1,57.86,3.61,23.357
2,3,4,5.15,2.93,4.553
1,2,2,23.58,6.34,7.326
2,1,1,29.29,3.56,7.992
1,2,5,52.39,2.26,6.111
1,1,2,6.85,5.86,6.469
1,2,1,27.59,1.53,2.569
2,1,3,54.95,0.16,3.331
1,1,2,30.51,2.14,2.941
1,1,2,6.31,4.73,5.007
1,3,1,22.19,4.36,6.421
1,2,1,51.68,6.82,9.288
1,3,1,26.77,9.65,10.326
1,1,3,25.24,2.26,2.195
1,2,1,49.73,0.29,2.391
1,1,2,45.9,2.72,3.373
2,2,5,15.75,3.94,8.467
1,1,5,18.46,5.72,4.272
2,2,3,11.85,8.52,14.026
1,1,3,38.03,3.84,5.6
1,1,4,18.65,4.09,4.587
1,2,3,3.03,2.1,3.572
1,1,2,3.39,7.96,9.308
1,1,1,48.88,9.74,8.786
2,3,1,29.32,3.67,6.193
1,1,2,15.8,4.05,5.879
1,2,1,26.16,0.81,1.806
1,3,1,42.11,4.66,5.577
1,2,1,23.08,3.69,4.319
1,1,2,44.18,7.92,12.112
1,2,1,37.93,2.57,2.073
1,2,1,34.27,8.79,13.159
1,1,2,25.35,9.39,8.701
2,2,1,16.68,2.8,14.733
3,3,2,18.25,7.81,33.204
1,1,1,33.62,1.79,2.042
2,1,2,69.18,5.25,20.703
2,2,4,42.89,9.85,12.378
1,1,1,28.92,5.5,7.322
2,2,3,42.96,4.04,11.69
2,1,4,37.32,2.83,10.437
3,1,5,10.63,1.84,8.339
3,2,3,15.09,9.5,17.936
1,3,2,3.75,4.3,3.953
1,1,1,45.71,7.02,7.978
1,3,1,21.1,3.14,3.086
1,1,1,24.65,9.53,7.101
1,1,2,19.05,3.09,3.4
3,2,5,23.01,6.38,28.821
1,1,1,30.66,2.4,1.412
1,2,2,28.38,9.25,10.919
2,1,5,23.11,3.68,5.81
1,1,1,29.94,2.07,3.505
1,1,1,13.33,1.97,2.064
3,3,1,4.91,6.72,38.98
1,3,1,23.97,7.66,8.993
1,1,2,20.04,3.0,4.0
1,1,2,16.01,9.72,9.088
3,3,2,15.28,8.86,35.695
1,1,1,13.77,3.46,7.342
1,3,2,27.38,1.33,1.984
1,2,1,37.88,1.8,3.542
1,3,2,48.16,8.53,11.725
3,1,1,41.94,2.61,36.29
1,1,3,23.83,3.15,4.802
3,1,2,16.63,3.71,20.375
1,1,1,11.29,5.51,7.063
1,1,2,26.79,7.44,10.251
2,3,2,29.52,2.47,8.929
1,1,3,39.71,4.67,7.306
1,1,5,22.43,4.43,4.177
2,1,1,44.63,1.23,13.837
1,1,2,13.19,5.74,6.828
1,2,1,39.44,1.54,3.608
3,1,3,20.55,1.14,17.721
1,2,1,36.13,9.66,13.19
1,3,2,9.27,3.44,5.192
1,1,4,51.81,8.96,7.912
1,2,1,58.43,5.79,8.092
1,1,3,36.85,7.86,8.558
2,1,1,39.04,9.76,18.618
1,3,4,7.78,8.37,9.153
2,3,3,42.97,5.26,10.423
1,1,1,8.46,8.11,9.33
1,1,1,14.81,8.33,12.522
1,1,2,33.51,5.38,2.86
2,2,2,39.44,3.4,11.521
1,2,1,47.56,2.51,3.769
1,1,4,20.07,7.7,5.231
2,3,3,9.6,9.4,9.998
1,2,5,21.05,2.71,2.578
1,1,1,30.23,9.32,8.985
3,3,2,11.42,6.49,20.417
1,2,1,45.3,4.5,6.274
1,1,1,13.92,0.59,1.514
1,2,1,35.15,0.86,2.397
1,3,1,58.69,7.07,6.763
1,3,2,36.61,2.8,3.953
2,1,1,42.32,8.61,15.723
1,2,1,12.81,4.5,7.485
2,3,2,26.59,4.14,6.656
3,3,3,22.67,4.84,33.469
2,1,3,63.61,5.13,10.684
2,2,2,34.63,9.73,16.673
2,3,1,22.47,0.47,4.176
3,1,2,7.65,8.4,16.667
1,1,2,45.67,7.8,5.537
1,2,1,21.06,4.61,9.205
1,2,1,34.34,7.95,14.108
1,2,4,58.81,3.84,6.477
1,1,1,23.32,1.93,1.977
2,2,1,32.12,0.19,6.864
1,1,1,41.36,5.56,4.105
3,3,4,7.17,6.32,17.209
1,1,2,8.05,1.7,1.61
1,1,5,14.03,0.99,1.228
1,3,3,29.86,9.86,9.621
1,2,3,19.22,1.35,1.952
1,1,1,6.48,1.44,1.714
1,1,1,37.63,2.77,3.429
1,2,3,29.22,5.08,7.05
1,3,5,39.06,0.17,1.107
1,1,4,35.67,0.92,1.175
1,3,4,10.63,8.12,9.919
1,1,2,16.2,9.26,11.307
1,2,2,27.45,9.76,12.004
1,1,2,30.77,4.1,6.076
1,1,2,29.3,6.33,7.274
1,3,1,9.39,0.58,1.42
2,1,1,31.76,6.57,12.229
3,3,1,12.38,7.01,42.721
3,1,1,35.28,5.68,15.882
1,1,1,25.36,3.07,3.953
1,3,2,11.07,7.76,7.699
1,2,2,11.97,9.03,7.858
2,1,2,38.07,2.37,7.022
2,2,3,44.02,6.41,11.42
2,1,2,24.2,2.63,5.066
2,3,2,29.84,3.22,8.197
1,1,2,15.83,3.01,4.352
2,2,1,32.24,4.13,8.099
2,1,2,72.45,3.27,10.817
1,2,3,34.39,3.0,6.111
3,3,1,46.51,6.11,37.218
1,3,4,9.58,8.66,8.989
3,1,1,27.4,0.77,17.32
2,1,2,11.46,3.0,3.73
1,1,4,6.98,3.5,2.623
2,3,3,15.87,5.99,11.758
1,1,2,50.38,1.02,3.636
2,2,2,20.9,0.61,9.115
2,1,1,17.54,1.67,8.048
2,3,2,22.98,2.93,6.414
2,2,2,26.81,3.03,8.471
1,2,1,19.71,3.51,3.523
1,3,1,26.35,9.67,8.02
1,3,5,53.01,2.32,3.946
1,2,1,38.46,4.29,4.707
1,2,4,32.58,6.19,6.096
1,2,1,76.09,4.01,6.17
1,1,1,24.79,4.28,6.342
1,1,2,34.84,4.25,4.974
2,2,2,45.28,9.56,14.034
1,2,2,52.06,1.19,2.845
2,1,1,41.53,3.63,10.469
1,1,2,30.22,7.63,7.019
1,2,3,35.33,9.63,8.091
1,1,1,31.53,2.73,2.698
1,2,2,10.01,5.56,10.288
1,2,1,23.38,1.09,1.935
1,1,1,52.96,8.64,9.746
1,1,1,49.27,3.25,2.299
1,1,1,31.95,3.98,9.067
1,1,3,50.27,0.54,1.082
1,2,5,24.86,6.46,8.116
2,2,1,16.3,0.78,6.664
1,3,1,22.38,4.65,4.601
3,1,5,46.27,6.71,23.308
2,2,1,24.3,8.49,12.707
3,1,1,39.71,7.12,36.52
2,3,2,22.94,2.03,11.851
1,1,1,5.27,4.71,6.457
1,2,2,6.1,2.19,2.698
1,2,4,2.35,4.63,5.15
2,1,2,38.24,0.99,2.829
1,3,2,13.66,9.12,5.782
1,1,1,13.36,8.35,6.635
3,1,1,63.47,5.19,36.558
1,2,4,24.66,5.55,6.968
1,2,4,16.72,5.35,6.634
2,1,3,14.87,6.69,10.386
1,1,1,45.58,7.44,8.783
1,1,3,16.91,8.04,10.392
2,3,1,31.36,3.0,8.331
1,2,2,29.8,3.69,3.964
1,1,2,43.6,8.41,11.979
1,1,2,26.54,1.29,1.431
2,3,2,24.97,4.75,6.921
1,3,3,20.5,2.42,5.213
3,1,4,10.12,3.51,10.953
2,2,1,31.54,4.17,13.987
1,1,1,18.53,7.17,9.033
1,1,2,64.71,1.3,1.628
1,3,1,33.03,3.71,10.131
2,3,1,57.59,5.72,11.982
1,1,1,25.1,8.11,7.959
1,3,1,27.68,6.53,6.808
1,2,2,20.05,5.53,7.43
3,2,5,64.36,2.86,25.722
1,2,3,29.63,9.76,7.326
2,2,2,13.26,7.36,14.768
1,3,1,34.41,1.16,1.524
3,1,2,29.93,2.27,12.129
1,2,2,11.49,6.41,6.444
1,1,3,47.74,5.56,13.373
3,3,2,19.46,5.81,22.263
3,1,2,38.22,3.91,35.094
1,1,1,30.16,9.46,9.873
1,2,3,15.58,1.82,2.804
1,1,3,35.09,2.1,2.888
1,1,1,54.9,3.35,3.584
1,1,5,51.32,8.24,8.856
2,2,1,39.36,9.29,19.833
1,1,1,15.26,3.35,4.219
2,1,3,40.25,2.2,4.515
1,2,2,55.73,7.16,12.298
1,3,1,19.55,7.93,5.449
2,2,1,20.32,6.86,15.312
1,1,1,46.21,1.03,2.242
2,3,1,24.75,4.14,8.937
1,3,2,22.91,6.49,9.832
3,2,1,37.39,0.21,39.79
2,2,2,35.24,0.17,2.866
2,1,2,13.57,4.57,9.07
1,2,3,28.63,0.75,1.772
1,2,4,22.59,8.84,9.984
1,1,1,19.7,4.33,5.333
1,1,1,25.18,6.8,7.715
1,1,1,34.95,9.91,7.736
1,2,1,18.06,1.23,2.117
1,1,2,16.25,8.32,10.979
1,2,1,5.5,1.48,2.639
1,3,2,55.05,9.45,11.337
1,1,5,55.91,7.16,9.749
1,1,1,33.39,2.53,3.098
2,1,1,73.79,1.75,14.578
1,1,3,31.58,5.81,6.804
1,3,3,3.69,3.0,2.889
1,2,1,34.79,9.83,10.236
2,3,2,25.97,7.61,10.563
1,3,1,17.3,8.75,9.787
1,1,2,46.12,0.74,1.109
3,2,3,14.6,7.75,45.649
1,1,1,32.04,0.9,2.101
3,1,1,10.0,4.37,21.242
2,1,2,23.64,3.75,7.04
1,1,2,49.49,8.31,12.552
1,2,4,44.28,9.57,6.617
2,2,2,25.45,4.74,11.303
3,1,3,10.13,2.6,11.178
1,1,3,65.12,6.6,10.556
1,2,2,16.18,5.67,5.474
1,2,1,24.37,7.99,10.035
1,2,1,22.07,2.51,6.175
2,1,2,18.42,5.43,11.106
1,1,1,24.28,4.88,4.284
2,2,1,23.02,2.37,9.178
2,2,1,49.3,5.37,14.543
2,1,4,30.84,8.59,10.891
2,1,2,29.4,6.86,16.018
2,1,3,33.89,8.04,10.862
2,2,5,35.75,5.59,18.375
2,1,3,47.8,9.1,10.422
1,2,2,6.62,3.97,5.095
1,3,2,11.34,5.98,6.769
1,1,3,1.84,5.88,6.769
2,1,4,7.25,1.64,4.506
2,1,3,38.78,8.27,16.935
1,1,2,14.45,9.05,9.435
1,3,3,14.04,5.18,5.594
1,3,2,20.94,4.82,5.524
2,1,1,38.55,5.64,12.928
1,3,1,24.17,8.65,6.966
1,1,1,25.51,1.4,1.879
2,2,1,29.15,1.58,13.494
2,2,3,50.06,3.18,5.083
1,1,1,36.82,9.98,14.051
1,2,4,11.14,3.71,5.893
3,2,1,40.08,6.3,57.254
2,1,1,35.16,8.42,10.695
2,3,2,47.41,5.63,15.422
1,1,1,23.94,0.96,1.948
1,1,1,16.65,6.77,8.561
1,3,1,37.27,4.48,4.019
2,1,2,24.7,5.88,8.412
1,1,1,24.77,6.93,7.835
1,1,2,31.65,2.33,6.118
2,1,1,55.82,0.74,4.137
3,1,1,40.64,9.25,29.043
2,1,1,50.76,7.48,14.256
1,2,1,25.43,7.06,8.422
1,1,3,36.83,5.66,6.595
1,3,2,15.44,5.24,4.076
1,3,2,33.46,7.67,9.272
1,1,4,9.86,0.45,0.695
1,3,1,31.0,7.41,8.275
1,3,4,4.08,9.34,9.744
2,3,3,5.52,7.98,14.996
3,2,3,24.86,9.68,17.849
1,1,4,16.21,4.8,3.155
1,1,1,31.43,8.77,7.977
1,3,2,36.55,6.95,10.228
1,2,2,13.74,8.49,10.267
1,3,2,27.31,0.63,1.457
1,2,1,24.18,0.11,1.975
2,1,1,45.11,7.79,9.593
1,1,5,49.54,5.47,5.003
3,3,2,21.0,1.08,23.084
1,1,1,51.36,1.91,3.291
1,2,1,27.77,1.62,2.428
1,3,2,17.64,2.23,2.636
1,1,1,11.77,9.94,8.887
1,1,1,26.14,5.41,4.353
3,2,5,28.01,9.78,23.023
1,3,1,66.56,2.06,1.825
1,2,1,51.52,4.76,6.292
1,1,2,42.41,5.27,5.711
1,1,1,41.64,8.22,9.385
1,1,1,40.83,0.33,1.731
1,1,2,9.46,4.5,4.939
2,1,2,34.7,2.33,4.542
1,3,2,38.52,7.97,8.267
1,1,3,46.89,4.5,3.79
2,3,3,24.76,0.12,4.149
2,3,2,9.12,0.96,5.639
1,2,2,49.71,1.78,4.391
1,2,3,25.83,0.3,1.831
1,1,1,1.62,3.3,2.858
1,2,2,21.52,9.07,8.987
1,1,1,40.59,6.45,16.238
2,1,1,62.02,2.47,12.458
1,2,4,36.8,1.05,2.33
2,1,1,34.39,2.75,6.44
1,1,1,36.31,7.96,12.578
2,2,1,23.68,1.89,7.564
2,1,2,32.84,7.45,9.294
1,1,3,24.41,8.22,9.365
1,1,1,43.24,7.06,7.696
1,1,3,9.59,5.32,4.993
2,2,2,35.02,2.58,7.478
1,2,4,35.6,6.53,10.046
1,1,3,23.09,5.44,8.908
1,2,1,18.08,0.22,1.624
2,3,4,62.68,9.79,12.348
1,2,1,31.34,7.59,8.626
1,2,2,20.52,0.42,1.185
3,2,1,2.77,4.11,25.16
1,3,1,45.07,6.1,7.832
2,3,5,31.97,8.71,11.023
1,1,3,35.01,6.26,9.689
1,1,2,13.43,2.05,3.19
2,1,4,50.66,6.56,5.431
2,2,1,40.18,5.13,20.008
2,1,1,48.92,4.44,8.113
1,3,3,6.53,6.24,6.152
1,1,1,12.1,8.96,9.159
1,2,3,4.01,0.76,1.63
1,1,1,30.57,4.03,3.226
1,1,1,30.49,5.58,7.369
1,1,1,20.98,5.45,5.394
1,2,1,51.18,8.21,6.927
1,1,1,50.41,6.12,9.94
1,1,1,38.68,0.79,1.146
1,2,1,13.73,4.15,5.821
2,3,3,57.34,5.4,9.462
2,2,2,11.64,5.84,14.795
1,2,1,15.54,3.48,5.466
2,1,1,31.59,7.95,15.599
2,3,1,12.12,8.24,7.914
1,1,1,41.94,7.82,7.293
1,3,2,33.82,6.36,6.836
1,3,1,24.55,4.07,5.433
1,1,5,30.85,7.83,11.617
2,1,1,39.3,3.0,4.337
3,2,2,37.34,3.18,37.096
1,2,3,36.38,2.17,2.544
2,2,1,24.99,9.51,14.891
1,3,1,13.87,6.19,5.474
1,2,1,38.01,1.14,5.773
2,1,2,16.13,9.94,15.361
1,2,3,38.48,9.39,9.871
1,1,1,26.13,3.63,3.645
1,2,4,6.67,3.81,5.322
3,3,2,6.07,0.99,18.114
1,1,3,23.81,8.1,9.518
1,3,1,3.35,4.62,5.835
1,3,4,27.28,5.74,5.591
1,1,1,13.9,6.03,7.72
1,3,1,39.39,8.87,8.198
2,2,2,48.95,9.47,11.995
2,1,5,32.52,6.24,8.913
2,1,1,38.39,0.18,5.828
2,1,1,13.86,5.98,6.876
1,2,5,59.62,5.2,14.041
1,1,3,7.11,0.92,1.128
1,1,2,48.8,2.41,3.606
1,3,2,33.47,7.13,15.738
3,2,2,45.56,2.21,24.696
2,2,5,21.74,7.79,8.363
3,3,1,14.93,2.11,31.713
1,1,3,49.37,6.52,12.144
1,1,2,12.15,5.23,3.922
1,2,5,38.5,8.51,7.475
1,1,2,27.75,7.86,7.502
1,1,1,25.77,0.5,1.042
1,2,3,24.57,1.89,3.178
1,1,5,10.31,6.52,7.076
3,2,4,53.54,9.58,23.741
1,2,1,49.84,1.49,5.187
1,2,1,23.28,3.71,3.511
2,1,3,42.4,5.62,10.808
1,1,2,9.0,9.74,6.136
3,3,1,13.58,5.01,20.21
2,3,1,70.7,7.66,11.492
1,1,1,24.73,4.6,9.267
2,1,1,43.47,4.19,7.123
2,2,1,21.87,6.75,14.438
2,1,5,15.7,6.35,9.818
2,1,2,40.79,1.69,6.661
2,1,1,7.09,1.44,4.217
1,1,2,61.71,9.39,9.317
1,1,2,51.36,6.16,8.809
2,1,3,37.49,2.12,5.56
3,3,4,33.84,0.43,26.211
1,1,1,9.59,8.67,5.555
2,1,5,16.06,8.06,12.867
1,1,1,14.96,4.84,5.847
2,3,3,21.49,9.14,19.979
3,1,4,18.72,2.34,23.311
1,1,3,39.78,9.75,10.193
1,2,1,32.84,5.68,8.044
1,2,1,10.74,3.75,4.536
1,3,1,26.6,0.62,2.065
1,1,1,39.1,0.99,2.523
1,1,1,43.44,2.16,2.765
1,1,1,30.75,4.74,6.819
1,2,2,3.74,0.34,1.357
1,1,1,30.75,4.92,4.507
2,1,2,46.28,9.33,14.863
2,1,3,44.66,7.8,13.526
2,3,1,10.23,9.96,16.448
2,1,2,13.24,7.72,8.679
2,1,3,73.52,4.48,9.695
1,3,2,35.21,2.84,2.366
2,2,2,27.47,9.83,16.303
1,2,3,18.29,5.66,6.771
1,2,2,8.03,3.74,3.513
1,1,2,19.37,8.24,6.199
2,3,3,32.67,8.48,14.566
2,1,3,31.62,5.04,11.44
1,3,1,23.29,4.55,4.418
1,1,2,27.38,9.04,9.367
1,2,3,22.72,3.32,2.93
2,2,2,18.44,8.87,17.833
2,1,2,28.21,8.27,17.256
1,1,1,3.01,1.83,1.96
1,2,1,18.99,1.5,1.922
1,1,2,18.0,1.17,1.688
1,3,3,21.74,8.98,10.196
2,1,1,47.42,6.78,7.675
2,2,5,31.23,2.79,4.598
1,2,3,48.22,5.16,9.081
1,1,3,44.15,3.41,2.439
1,2,3,7.69,9.38,7.374
1,2,1,24.69,3.05,4.154
1,2,1,20.31,2.08,5.288
1,2,1,56.78,4.7,5.642
3,2,1,18.95,0.11,21.995
1,1,1,35.2,8.53,10.868
1,1,3,41.83,6.48,10.081
1,1,3,23.75,6.9,10.598
1,2,1,51.79,3.27,5.803
2,3,2,27.32,5.37,11.196
1,1,2,14.75,2.5,3.572
2,2,3,24.26,9.11,14.78
2,1,5,31.8,6.43,14.156
1,2,1,21.74,8.7,10.125
2,2,1,31.78,0.27,6.97
3,2,4,35.33,4.71,34.972
1,2,1,20.89,5.83,7.461
1,2,3,14.53,4.1,7.939
3,1,1,55.37,3.51,58.44
2,2,2,18.76,6.79,9.655
1,1,2,26.41,9.91,13.107
1,3,3,17.1,1.92,2.623
1,2,1,36.51,4.81,6.916
2,1,3,15.84,2.04,6.108
1,1,4,49.16,0.15,0.723
1,1,3,19.17,1.78,1.883
2,3,4,15.07,1.18,3.5
3,1,4,49.9,2.73,17.466
2,2,3,20.79,4.29,5.468
1,1,2,53.99,8.93,8.75
1,2,3,38.01,9.09,10.174
3,2,5,47.82,2.09,32.438
3,1,2,37.43,0.92,15.274
1,2,1,53.08,9.38,12.911
2,1,1,43.55,4.47,9.136
1,3,3,69.61,5.44,9.434
1,1,5,9.34,3.57,5.088
1,2,1,54.75,9.58,10.001
1,1,5,30.65,9.51,13.697
1,2,1,14.23,9.42,13.372
2,1,2,26.79,6.99,9.302
1,2,4,14.79,7.19,10.256
1,1,5,43.73,2.08,2.779
1,1,2,26.23,3.37,4.836
1,3,5,30.24,2.67,3.744
1,1,3,14.41,5.03,4.898
1,1,4,15.92,0.5,0.808
1,2,4,17.9,8.71,13.126
2,1,1,9.18,9.93,11.927
3,3,1,11.43,5.51,16.461
1,1,1,19.62,4.14,4.043
3,3,1,18.43,7.47,38.742
3,3,1,18.52,4.84,37.318
2,1,1,66.05,4.82,17.476
2,1,1,60.63,7.71,11.984
2,2,2,33.41,0.28,5.869
2,2,1,23.94,7.28,15.073
2,1,1,20.5,1.65,5.907
1,1,1,43.85,4.24,2.747
3,1,1,5.6,3.82,16.054
1,2,2,20.37,9.87,11.27
2,2,4,56.98,8.13,13.405
1,1,3,27.47,1.83,1.933
1,2,2,26.83,1.56,3.051
1,2,5,8.59,2.53,2.796
1,3,3,15.46,6.85,4.809
1,1,1,32.07,8.43,12.143
1,1,1,28.36,4.85,5.43
1,1,2,29.74,7.73,9.199
1,2,2,51.66,2.33,2.764
1,1,3,41.17,8.31,6.675
3,1,1,43.54,7.31,16.799
1,2,5,15.91,7.68,9.141
1,2,2,30.07,1.4,2.446
1,1,4,42.11,1.05,2.336
1,1,2,36.08,4.98,4.736
1,1,1,48.78,7.63,6.259
2,1,1,40.52,2.99,5.339
3,1,1,25.29,1.63,22.823
1,1,1,34.41,1.64,4.71
2,1,4,36.43,3.1,5.159
1,3,1,27.04,8.81,11.456
1,3,1,18.8,3.94,4.23
1,1,1,9.33,1.62,2.081
1,2,2,31.66,3.68,3.523
2,1,1,8.65,3.53,6.966
2,3,1,76.63,0.46,8.724
2,3,4,18.74,2.82,4.541
1,2,1,54.73,0.52,3.652
2,2,4,32.6,2.33,8.749
1,1,1,13.06,1.77,3.214
1,1,2,39.97,7.91,9.332
1,1,2,21.48,4.42,4.115
2,1,1,11.91,2.34,6.103
3,2,2,17.47,4.96,32.845
1,1,1,21.69,9.5,8.198
1,1,1,14.59,0.3,1.505
2,2,4,30.07,4.09,8.479
2,2,5,25.39,4.04,7.843
1,2,1,1.76,3.29,4.624
2,2,2,4.29,5.22,11.522
2,3,1,26.03,7.96,11.781
2,1,1,2.99,8.51,15.289
1,2,1,61.32,3.78,9.987
3,1,2,26.0,6.45,13.026
1,1,3,11.99,1.89,2.276
2,3,2,28.69,7.02,15.231
1,1,5,3.48,8.19,9.4
1,1,3,10.82,1.18,1.32
1,1,1,42.1,6.12,6.211
1,3,1,5.53,1.87,3.752
1,3,2,13.19,8.3,6.258
1,1,1,47.39,3.09,4.205
1,2,1,56.9,1.23,3.151
1,1,1,23.45,9.41,9.143
2,2,2,21.93,2.49,7.397
2,1,2,30.61,5.01,9.914
2,1,2,27.79,1.23,5.372
1,2,3,36.2,9.54,11.698
1,3,5,34.53,7.84,10.026
3,1,3,47.66,1.48,18.299
1,1,1,38.29,7.63,12.735
1,3,2,19.27,0.58,1.628
3,1,1,13.72,3.38,16.895
3,1,5,23.38,8.23,19.699
1,2,2,42.92,3.77,7.15
2,1,1,15.01,2.26,5.883
1,1,3,24.41,4.14,3.646
2,1,2,13.03,6.47,6.153
1,1,5,23.58,8.06,9.991
1,2,1,13.13,3.62,3.741
2,3,1,13.6,1.06,4.419
1,1,4,31.37,8.93,7.546
2,2,2,10.0,6.17,9.147
1,1,1,51.73,6.71,6.917
2,1,2,10.14,4.98,8.024
2,2,2,51.41,4.46,9.89
1,1,1,30.72,5.38,4.834
2,2,1,31.7,1.74,7.753
1,1,1,32.02,6.37,6.687
1,2,1,16.18,5.89,7.57
1,3,1,6.15,7.58,8.835
2,1,1,36.75,9.69,9.593
2,3,3,20.68,1.54,6.173
3,1,2,28.09,7.65,15.999
2,1,2,44.61,4.56,9.269
3,1,1,37.45,5.76,24.38
1,3,2,44.77,1.52,4.34
3,2,1,54.38,7.53,46.27
1,3,5,25.59,6.64,7.226
1,2,1,15.6,7.24,8.584
1,1,4,9.85,8.83,10.597
1,3,2,24.14,1.1,2.596
1,3,3,36.45,5.26,6.558
1,2,4,22.96,4.45,9.564
1,2,3,44.19,7.94,8.484
1,3,2,16.27,1.23,2.675
2,1,1,10.65,8.39,12.323
2,3,2,9.0,9.33,13.512
1,3,1,11.8,6.78,5.784
1,2,1,25.76,1.24,2.95
1,1,4,15.51,9.88,9.781
1,1,2,28.41,4.32,4.933
2,3,1,43.67,5.63,11.4
1,3,4,39.47,1.93,3.112
2,2,1,11.97,7.06,17.014
2,3,4,12.6,3.78,6.308
1,2,3,31.25,3.05,3.738
2,3,1,30.53,6.52,12.203
1,1,1,25.29,3.0,2.814
2,1,5,45.82,6.19,6.628
2,2,1,27.87,5.87,14.328
2,1,5,48.58,7.53,8.45
2,1,2,48.75,4.57,11.459
2,2,1,29.14,7.93,14.183
3,1,2,39.35,4.31,19.943
1,2,2,21.74,3.97,6.774
2,1,1,35.02,0.6,3.772
2,3,2,46.21,5.4,10.773
1,1,1,33.73,1.58,1.967
3,2,1,27.12,7.22,38.383
1,2,3,11.41,5.59,7.529
1,1,2,16.23,1.54,2.215
1,1,2,42.57,3.86,4.582
1,1,2,18.68,5.74,6.139
2,1,2,17.05,0.62,3.841
1,1,1,26.56,5.52,7.032
1,1,4,45.87,9.54,11.626
1,2,2,28.78,4.34,5.777
1,1,4,37.39,9.89,8.784
2,1,3,39.11,6.78,9.598
2,1,3,55.39,2.7,5.951
1,1,2,30.47,3.36,4.465
1,2,1,26.11,2.07,3.133
1,2,1,8.98,0.61,1.695
2,2,2,28.65,3.02,13.122
1,1,1,27.62,1.01,1.692
1,1,1,34.07,3.85,2.766
1,1,2,27.79,7.91,13.391
1,2,1,39.43,1.43,2.937
1,1,1,11.96,9.01,8.998
1,3,2,36.99,5.48,5.843
2,2,1,45.29,9.12,15.659
2,2,1,20.99,3.5,13.231
1,2,1,5.77,2.76,3.48
2,3,2,7.53,7.79,10.194
2,1,4,12.44,8.67,10.41
1,1,1,21.06,9.06,6.588
1,3,3,40.57,9.58,9.203
1,2,1,10.16,3.34,5.627
2,1,2,32.77,4.0,8.073
1,1,1,26.97,8.96,11.183
2,1,3,11.8,9.86,10.824
1,3,3,26.49,4.18,3.207
1,1,2,30.44,5.24,7.053
3,1,1,9.28,4.77,16.521
1,1,3,15.07,7.97,5.909
2,3,1,17.03,7.02,9.493
3,2,2,16.34,1.05,22.842
2,1,3,21.53,3.45,4.622
1,3,2,16.74,5.28,6.097
2,1,3,32.82,7.34,18.785
1,2,3,14.47,9.55,10.364
1,2,3,32.92,1.48,2.138
2,1,1,28.17,2.24,6.0
2,2,1,36.92,0.2,9.831
1,3,2,10.58,1.1,1.139
1,1,2,29.36,3.05,3.313
2,1,2,4.61,2.0,5.152
2,3,2,49.88,8.26,15.64
1,1,3,34.98,8.2,7.697
2,2,1,22.82,5.25,8.223
1,1,1,39.36,1.77,2.77
1,3,4,30.24,3.8,3.597
2,2,1,26.29,1.09,3.738
3,3,1,38.71,2.73,29.638
1,1,3,46.09,9.95,11.496
1,3,1,20.87,5.68,6.233
1,2,2,49.73,6.87,14.553
2,2,3,14.29,7.58,13.575
1,2,2,26.25,1.73,2.981
1,1,4,38.89,8.93,14.666
3,2,4,5.9,9.7,41.707
1,1,2,62.2,5.98,9.679
1,1,5,34.83,3.79,3.707
1,2,1,5.76,9.0,11.139
2,1,1,35.81,5.89,12.478
1,2,2,44.78,9.44,5.174
1,1,2,8.78,5.28,4.509
1,1,1,75.36,2.87,5.558
2,2,1,16.16,0.76,6.622
2,1,1,28.11,1.63,6.081
1,3,1,22.57,3.34,5.048
1,3,1,17.85,7.73,6.916
2,1,4,8.8,4.36,6.214
1,1,3,1.84,6.78,7.486
1,1,2,15.89,7.21,9.553
1,2,2,42.34,0.38,2.297
1,1,1,50.56,0.41,0.832
1,3,2,6.36,8.09,5.581
1,3,2,3.63,7.5,7.329
1,1,3,3.3,6.78,9.224
1,2,1,19.21,2.61,3.341
2,1,4,33.8,2.48,9.303
1,2,3,12.42,0.27,0.877
1,1,1,40.36,2.71,2.627
2,2,4,31.83,9.83,11.839
1,1,1,16.24,4.54,4.126
2,3,4,50.94,1.29,4.213
1,1,2,45.75,5.57,6.872
2,2,2,17.03,6.19,11.624
1,3,2,45.49,3.15,3.067
1,2,2,24.43,1.4,2.575
1,2,3,24.72,5.13,5.137
1,1,3,37.35,8.11,10.8
1,1,2,29.8,4.51,5.592
2,1,3,16.07,6.46,10.241
2,3,2,35.58,1.82,6.516
1,1,2,21.97,2.13,2.653
2,1,1,31.84,0.77,4.824
2,2,3,36.1,7.65,28.446
2,1,2,6.34,4.54,6.642
2,3,2,42.68,7.32,15.099
2,1,2,28.62,9.15,14.751
1,1,4,19.33,0.61,1.899
2,2,1,1.88,4.65,13.402
3,2,1,3.25,3.25,21.687
1,3,1,58.64,3.07,4.069
1,1,1,11.45,3.01,2.238
1,1,1,31.96,5.83,7.291
3,1,3,40.82,7.34,25.034
1,1,1,60.5,8.76,8.92
2,2,3,58.77,2.48,11.664
2,1,5,51.37,8.75,14.573
3,2,1,15.77,5.63,30.306
1,3,2,8.86,1.35,1.671
2,1,1,15.63,2.09,4.737
2,2,2,6.12,9.33,16.11
1,1,2,3.77,5.69,6.261
2,3,2,50.34,3.97,12.854
1,1,3,10.9,3.72,3.133
2,2,3,9.86,8.22,15.548
1,1,2,49.95,7.78,13.091
1,1,4,22.93,0.35,1.327
1,1,4,45.09,7.62,9.01
1,1,2,40.68,3.01,3.94
1,3,1,33.89,0.95,2.443
2,1,3,17.73,6.69,9.2
1,3,4,25.25,7.84,6.788
1,1,2,39.29,9.11,6.395
2,1,3,32.11,8.29,9.118
2,1,1,9.61,2.31,7.731
1,1,2,36.84,3.42,4.53
3,3,3,28.95,8.41,17.805
1,1,4,81.59,5.23,6.573
2,3,1,19.05,4.05,9.603
1,1,1,14.59,1.78,3.063
2,1,1,12.27,0.85,3.467
3,1,1,43.14,7.89,28.254
2,2,3,46.05,2.6,5.396
1,2,1,54.91,7.04,10.695
2,3,3,18.04,4.83,4.733
1,1,2,51.69,1.86,2.513
2,1,2,17.23,1.54,3.925
2,2,2,31.27,2.96,14.446
3,2,3,11.33,0.11,29.782
1,3,2,34.66,8.28,6.99
1,1,1,29.1,2.34,2.84
1,2,2,83.02,9.08,5.392
1,1,2,27.5,4.04,3.606
1,3,1,11.62,5.53,5.005
1,1,4,34.07,3.88,4.816
2,3,3,29.9,1.93,6.672
1,1,1,40.25,2.78,2.628
1,2,3,46.53,6.66,12.032
1,3,1,15.19,6.54,11.713
2,3,2,3.77,5.59,8.112
2,1,1,26.3,2.05,4.631
1,1,1,53.36,2.29,4.557
1,3,1,21.97,0.1,0.96
1,2,2,15.51,9.49,10.504
1,2,1,15.21,5.07,6.498
1,1,1,51.24,4.18,6.036
1,1,1,29.04,2.04,5.478
3,1,1,34.81,7.04,23.355
1,2,2,32.14,0.86,2.366
2,1,1,18.43,2.94,4.593
1,1,2,12.13,2.82,2.169
3,3,2,20.95,9.8,38.016
3,2,1,15.14,5.86,30.672
2,3,3,23.24,7.0,12.389
1,1,2,38.41,7.93,10.064
1,1,2,33.6,6.35,8.711
2,2,2,26.94,2.95,7.618
2,1,1,17.66,5.91,10.746
1,2,2,15.89,0.35,2.114
1,1,5,22.15,3.99,4.547
1,2,2,43.8,1.33,3.846
2,1,2,37.69,0.47,3.669
2,2,2,47.38,6.28,12.897
2,3,4,16.58,6.82,13.278
2,1,1,58.2,7.12,10.814
1,1,2,29.59,3.25,3.477
1,1,2,51.72,2.17,2.601
1,2,3,22.35,8.92,7.868
2,1,3,34.91,9.81,15.136
1,1,3,57.31,8.33,8.859
1,2,3,29.95,9.64,11.761
1,2,2,55.07,1.95,2.717
1,2,1,43.95,7.97,8.037
1,1,4,13.62,1.42,2.166
1,3,1,3.36,2.37,2.873
1,1,1,41.23,0.94,2.213
2,1,1,23.97,8.61,11.807
1,2,2,27.53,0.39,1.685
1,1,2,21.7,1.06,2.948
1,2,2,11.22,3.55,5.571
2,1,2,48.98,9.44,21.496
1,1,1,11.82,7.19,6.253
2,2,1,17.95,2.44,9.496
3,1,4,24.1,3.29,21.298
2,2,3,42.12,2.73,10.475
1,2,4,35.78,6.84,7.47
2,1,1,22.0,9.68,12.563
1,2,4,43.9,3.18,3.266
1,3,4,9.21,1.38,1.803
1,3,2,48.47,7.02,6.635
1,1,2,18.1,4.82,4.573
1,2,1,27.91,6.99,9.712
1,3,2,12.22,8.54,8.469
1,2,3,7.53,7.59,9.641
1,1,2,5.61,5.34,6.02
1,1,1,28.94,9.17,17.598
3,2,2,14.18,2.73,26.859
1,2,3,28.85,6.88,9.35
2,3,3,15.55,4.47,6.677
1,3,2,31.68,4.15,4.567
1,1,5,33.22,6.02,6.32
1,2,1,49.12,1.51,3.534
1,1,1,55.25,1.05,2.076
1,1,1,37.21,3.63,3.546
1,1,3,36.19,8.12,11.14
1,3,3,11.31,5.75,7.168
1,1,3,20.26,9.17,12.531
1,1,4,28.64,3.86,4.371
1,1,2,35.05,3.61,6.382
1,1,1,9.16,6.76,7.177
1,2,2,30.72,8.01,6.135
1,1,2,10.38,2.04,2.702
1,1,2,37.69,2.67,1.764
1,1,1,23.85,2.05,2.926
1,3,1,23.5,3.14,4.353
3,2,2,46.82,1.37,19.435
1,3,1,32.35,9.48,6.064
1,1,5,13.92,9.71,7.921
1,1,1,17.92,7.48,8.016
3,1,4,38.31,6.92,13.545
2,3,1,13.94,2.03,8.552
2,1,4,32.91,1.64,3.024
3,1,2,22.82,0.92,19.618
1,3,1,38.7,1.03,1.15
3,3,1,59.88,6.01,69.633
1,1,1,54.55,1.48,3.341
2,2,3,26.78,9.1,9.028
1,1,1,39.22,3.94,4.917
1,1,1,26.0,0.4,1.294
3,1,2,28.02,8.99,36.494
1,3,2,25.28,8.91,6.542
3,1,2,57.12,1.66,45.858
1,2,1,21.34,7.96,8.655
2,1,2,25.89,2.14,9.648
3,2,1,24.45,2.5,50.708
1,2,2,11.08,3.02,1.884
3,2,1,21.3,6.82,43.39
1,3,5,49.69,3.1,3.569
2,2,2,24.34,1.41,8.919
1,2,2,25.93,2.35,4.064
1,1,3,17.64,0.33,0.912
2,3,5,46.27,0.51,4.746
1,1,3,23.99,9.85,8.008
1,1,2,2.89,3.55,2.817
1,2,4,23.94,7.16,9.414
2,1,1,31.88,7.51,12.309
1,2,3,27.12,4.98,8.241
2,1,2,50.28,8.63,15.778
3,1,2,2.19,6.21,18.208
1,3,4,30.72,9.06,10.594
1,3,3,50.76,6.04,11.021
2,1,3,17.65,0.76,3.52
1,3,4,21.25,1.9,1.47
1,1,2,24.75,3.93,6.642
2,1,1,12.28,9.04,9.681
1,3,1,11.15,8.99,8.592
1,2,2,30.98,3.99,3.883
2,2,1,27.54,2.32,9.343
1,1,2,30.18,3.3,3.557
1,1,3,45.15,5.2,7.249
1,1,1,13.62,3.23,4.789
2,3,4,11.77,0.78,2.482
2,1,3,23.68,9.13,6.689
1,1,5,21.77,6.64,6.007
1,1,1,22.08,8.38,11.479
1,2,2,8.57,1.43,2.678
1,1,2,37.2,6.29,8.722
1,2,3,26.89,4.64,4.052
3,2,4,22.57,7.63,19.904
1,1,4,55.04,8.66,11.994
2,1,1,24.95,1.33,3.61
1,1,2,30.8,6.4,7.709
1,2,3,39.15,4.65,3.606
1,3,1,29.21,4.76,5.379
1,1,5,30.13,4.1,3.668
2,2,3,6.35,0.47,5.657
3,1,3,28.31,3.1,10.603
2,3,4,51.89,8.62,17.499
1,3,1,35.5,6.73,8.003
2,2,2,8.58,8.11,16.108
1,1,2,43.91,4.3,3.997
3,1,3,24.99,8.79,27.078
1,3,3,31.43,6.61,6.275
1,1,1,16.45,8.87,13.453
1,2,2,63.43,4.74,3.763
1,3,1,14.34,6.85,5.269
1,2,2,35.32,1.99,3.177
3,2,5,36.4,3.68,23.424
2,2,1,18.9,1.59,8.069
3,3,1,7.25,2.09,25.539
1,1,2,20.74,4.13,3.327
1,3,4,70.94,4.09,10.256
1,1,1,38.61,8.52,9.069
1,2,1,7.44,4.83,7.076
1,3,2,40.45,1.5,2.53
1,2,2,38.29,9.57,14.482
1,1,1,11.61,3.04,8.516
1,1,3,13.71,2.25,2.177
1,3,3,46.0,9.95,11.186
2,2,2,32.23,5.77,11.247
1,1,1,15.45,2.02,3.663
3,3,2,5.23,4.07,25.523
1,3,1,35.29,2.69,4.996
2,3,2,38.09,4.17,7.856
2,2,3,25.84,5.14,12.346
2,3,1,36.79,6.05,8.724
2,3,1,43.62,2.72,7.195
2,1,1,36.96,1.66,7.928
2,3,1,25.59,5.36,12.784
1,2,1,34.67,6.2,10.26
1,3,2,9.62,1.48,1.841
2,2,3,42.84,5.2,14.193
1,2,1,21.25,9.56,8.405
1,1,1,36.76,3.18,4.059
1,1,4,16.49,1.48,2.33
1,1,2,46.37,4.68,6.162
1,2,3,57.34,4.53,9.237
2,3,2,9.26,5.04,6.23
2,1,1,15.26,2.66,5.405
2,1,1,56.68,6.94,8.021
1,2,3,25.72,2.06,2.751
1,1,4,24.29,8.11,8.538
1,1,2,8.2,1.09,1.679
1,1,2,14.84,10.0,13.019
2,2,2,12.0,1.9,8.873
1,2,1,26.72,9.41,9.365
3,3,1,44.4,3.98,37.145
1,1,5,43.43,4.09,7.639
2,1,1,21.77,8.7,18.332
1,2,1,17.1,0.33,1.555
1,3,2,52.48,2.59,4.563
2,1,2,36.96,0.92,4.471
1,3,5,40.01,9.72,5.158
2,2,1,27.34,6.27,9.123
1,3,4,44.28,4.84,4.793
1,1,1,34.27,3.95,4.18
1,1,1,7.26,8.7,8.594
2,1,2,25.57,0.32,2.865
1,2,4,42.45,4.28,5.244
2,3,2,5.72,4.43,7.773
2,1,1,50.95,0.92,4.722
2,1,2,26.07,5.29,7.153
1,1,1,24.11,7.0,6.457
2,2,3,40.62,6.74,17.78
3,3,4,48.7,8.04,33.074
1,1,2,8.52,3.46,3.676
1,2,2,35.48,9.26,13.05
1,2,2,44.35,9.88,9.801
1,3,2,12.33,2.9,3.469
2,3,1,23.44,8.93,12.558
1,1,1,30.56,5.56,8.659
1,2,2,43.74,6.5,8.613
1,3,3,7.75,9.9,9.644
1,3,1,6.38,2.24,4.129
1,2,3,55.84,8.79,9.703
2,1,3,18.8,5.93,6.578
2,2,4,34.34,8.44,10.754
1,2,5,23.64,8.57,6.141
2,1,1,29.63,0.99,3.874
1,3,2,16.71,4.22,4.488
1,1,3,21.94,6.08,4.965
1,3,3,5.73,0.48,0.965
3,1,1,9.79,1.51,13.627
2,1,2,24.9,4.95,10.342
2,2,4,17.71,4.7,5.831
1,2,1,26.77,6.81,5.793
1,3,1,13.07,6.64,7.592
2,2,1,30.77,8.98,10.06
1,1,1,34.38,7.59,8.702
3,3,2,9.66,3.32,16.483
2,2,1,36.73,1.07,9.487
1,1,3,23.54,4.29,4.107
2,3,1,16.09,0.79,4.598
3,1,3,23.74,8.74,25.937
1,1,1,48.78,7.07,8.134
2,2,3,27.65,8.63,8.69
3,2,1,14.7,0.52,29.77
1,2,2,10.15,0.52,1.475
2,3,1,27.02,4.3,8.204
1,1,2,20.5,7.11,6.839
2,3,1,36.99,5.62,8.369
2,1,1,23.72,0.63,4.382
2,1,3,17.11,4.35,5.912
1,1,1,27.78,4.81,8.96
2,1,4,20.7,8.23,16.118
1,1,2,23.27,6.42,6.919
1,3,1,4.4,5.36,7.382
1,3,4,7.46,6.92,7.065
1,2,1,25.49,5.87,6.357
1,1,3,18.15,5.27,5.802
1,3,1,22.54,9.95,8.538
2,1,2,16.14,0.96,3.18
1,2,3,5.63,8.65,14.644
1,2,1,26.07,4.66,5.845
1,1,2,28.88,5.45,7.019
1,2,1,29.42,7.1,10.257
2,3,3,15.38,4.77,6.57
1,1,1,27.21,4.43,3.539
1,2,1,20.67,8.08,13.887
3,3,1,24.44,5.48,29.091
2,1,2,12.77,9.81,12.766
2,1,5,17.05,9.07,12.001
2,1,5,25.92,5.62,8.409
3,3,3,29.43,8.41,34.497
1,1,3,44.64,6.31,9.166
2,1,4,57.0,4.44,8.103
2,1,2,60.77,2.63,8.009
1,3,1,26.09,8.93,14.127
1,3,2,18.51,4.48,3.593
1,2,1,15.01,5.03,6.382
2,3,3,15.99,1.57,3.716
2,2,2,19.04,0.22,3.737
2,3,1,36.12,3.42,6.968
1,1,3,7.02,3.22,2.911
1,1,1,65.2,5.75,8.691
1,3,5,53.92,6.61,3.866
1,1,5,32.08,1.12,2.137
3,1,2,8.14,6.57,18.798
2,2,3,22.38,4.85,11.875
3,2,1,59.27,2.31,42.318
2,1,2,45.4,7.24,8.946
3,1,4,61.41,9.4,25.033
1,1,1,14.15,4.67,4.826
1,1,1,19.68,7.61,7.585
1,1,1,7.27,10.0,8.909
1,2,2,18.61,9.63,10.438
1,2,3,43.8,4.37,6.032
1,1,1,56.13,0.16,1.471
3,1,1,16.15,4.04,26.905
1,2,3,19.74,5.71,6.841
3,1,1,16.47,8.96,29.129
2,1,1,29.86,8.47,17.99
2,1,1,23.06,8.45,9.801
2,2,3,4.36,1.16,6.458
1,1,1,43.07,7.13,6.447
2,1,1,15.27,6.9,8.697
1,2,2,47.96,7.16,8.884
3,3,1,43.03,2.54,12.467
1,2,5,10.81,8.28,8.364
1,3,4,52.23,2.85,2.892
2,2,2,46.07,1.88,5.84
2,1,2,60.13,9.83,19.104
1,1,1,18.76,8.46,7.626
2,1,2,5.37,4.61,8.335
1,1,1,43.83,4.67,7.028
2,1,2,42.33,1.34,6.752
1,1,1,43.85,8.56,19.542
1,2,3,57.49,5.65,5.818
1,2,1,9.94,4.63,4.45
1,1,2,13.97,5.6,10.22
1,2,1,6.6,3.06,3.978
1,1,1,7.77,5.12,5.519
1,2,2,12.94,2.31,4.11
1,2,2,24.51,8.55,9.57
1,1,5,17.33,1.72,1.971
1,1,1,24.99,6.31,8.878
2,3,1,12.98,6.24,7.837
3,2,2,46.28,2.95,26.703
1,2,1,50.05,9.66,11.385
3,1,4,18.69,6.75,10.873
1,1,1,16.84,5.96,4.394
1,1,4,39.81,7.52,13.271
2,3,2,9.57,7.75,8.06
2,1,1,26.08,0.13,3.231
2,1,2,10.92,5.24,9.736
1,3,2,12.45,8.24,11.229
2,1,2,17.46,0.9,4.287
1,1,1,16.66,5.35,5.302
1,2,2,48.11,8.47,7.564
1,1,3,17.95,7.42,7.376
3,3,2,30.39,4.55,27.188
1,1,2,33.58,2.44,2.115
2,2,4,34.19,0.74,6.296
2,1,2,10.63,8.22,11.132
2,3,2,20.71,9.74,11.573
2,3,1,27.63,5.83,12.369
2,3,1,31.85,9.12,20.396
1,3,1,16.63,4.98,6.067
1,2,2,50.51,2.23,3.949
1,1,3,43.82,0.49,1.046
1,1,1,8.55,7.12,5.365
1,1,3,24.96,5.03,4.407
1,1,1,41.36,8.87,9.596
1,1,1,31.76,2.03,1.883
1,2,1,22.22,8.79,8.471
1,2,2,24.11,7.93,6.711
3,3,1,14.95,9.48,30.783
1,1,1,26.17,8.27,10.62
3,2,2,36.98,4.08,42.62
3,2,2,25.69,7.91,51.429
1,3,2,15.51,6.47,5.376
2,2,1,52.5,9.25,24.99
2,1,1,8.95,7.76,11.656
2,1,1,50.51,4.64,10.915
1,3,1,15.52,9.33,14.56
1,2,2,27.45,5.31,4.035
1,3,2,20.58,2.68,3.336
2,2,4,11.46,0.41,3.845
3,2,3,8.09,3.81,20.635
2,2,1,13.42,9.38,14.635
2,3,1,10.28,8.36,13.792
3,3,4,30.59,5.24,20.404
2,1,1,5.43,0.67,2.722
1,1,2,10.27,6.43,6.627
2,1,2,20.13,8.7,8.749
1,1,2,46.62,1.96,2.1
1,3,1,60.86,4.15,4.121
1,3,1,32.16,9.55,17.13
3,1,1,28.28,4.38,19.329
1,1,1,10.65,7.91,7.66
1,2,1,38.56,1.9,3.371
1,3,2,27.07,5.14,5.031
1,2,2,2.04,2.92,4.833
1,1,1,9.58,2.3,3.382
2,1,1,65.67,8.2,17.032
2,2,5,44.22,9.99,14.007
1,2,1,1.23,5.23,7.26
1,3,1,42.35,3.84,4.742
1,3,2,28.82,8.34,11.477
1,1,1,33.65,5.53,6.761
1,1,1,27.05,5.09,4.928
2,1,1,22.85,1.69,5.088
2,1,5,23.55,4.51,7.804
1,1,2,15.15,8.25,9.093
1,1,2,45.95,4.22,3.857
1,1,4,12.94,1.85,3.631
1,3,2,39.99,0.71,1.471
3,1,1,8.07,7.6,23.516
2,3,2,23.73,6.1,10.022
3,1,2,8.63,3.13,26.873
3,1,1,34.98,3.95,22.133
2,1,3,38.9,3.38,8.475
3,1,1,4.63,3.07,22.47
1,1,1,56.97,0.44,1.052
1,3,1,39.25,4.53,9.085
1,3,1,34.45,8.61,10.119
1,1,5,18.34,9.79,10.203
1,1,2,22.3,1.15,1.926
1,1,1,20.59,1.82,4.326
2,2,2,26.92,4.3,10.09
2,1,3,43.69,1.44,5.228
1,1,2,19.82,6.26,8.42
1,3,2,30.7,6.99,8.479
2,3,3,43.77,7.02,16.463
1,2,1,25.62,9.33,11.921
1,1,2,44.26,1.66,3.521
1,1,2,1.75,7.86,9.647
1,1,3,27.91,6.23,7.12
1,2,4,8.23,7.51,10.519
2,2,4,3.06,2.82,7.868
2,1,1,25.18,1.96,5.33
2,3,3,40.74,6.39,8.68
1,1,2,19.34,2.86,3.65
2,2,1,56.24,8.65,28.385
2,1,4,12.28,9.99,9.625
1,1,4,34.99,8.51,8.671
2,1,3,9.21,7.34,9.752
1,2,1,17.03,9.05,13.2
1,1,1,18.48,8.8,7.243
1,1,4,29.1,7.58,10.697
1,2,5,9.67,5.62,5.406
1,2,1,16.67,9.23,10.572
1,2,1,44.99,2.76,5.77
1,2,2,38.66,5.01,9.998
3,2,1,14.1,2.6,41.313
1,2,2,40.04,4.09,4.625
1,1,5,29.15,7.63,6.258
1,1,1,42.89,4.38,9.451
2,1,3,21.95,0.99,2.663
1,1,2,42.51,1.41,3.714
3,1,1,14.58,1.91,22.585
1,1,2,37.92,3.38,5.356
1,1,2,15.09,2.23,3.385
1,2,3,10.81,5.25,5.044
1,2,2,10.24,2.82,3.607
2,2,4,26.23,4.22,13.99
2,3,1,2.44,5.56,7.588
1,1,5,13.22,9.33,13.942
3,1,2,27.71,5.45,34.105
1,1,1,43.04,5.81,5.131
1,2,1,77.29,5.37,12.275
1,1,1,18.08,7.69,13.319
1,3,2,39.18,1.46,4.365
2,1,4,42.28,9.17,6.455
1,1,3,18.18,1.11,2.125
1,2,1,16.89,4.58,6.276
1,1,1,5.35,6.96,10.231
1,2,2,19.84,4.85,6.794
1,2,4,16.92,0.37,1.203
2,2,3,29.06,5.45,19.13
1,2,1,50.12,5.24,7.71
1,1,1,6.36,5.06,8.845
1,1,1,24.21,0.82,1.876
1,2,2,26.95,4.15,4.077
1,1,1,38.32,0.26,1.274
2,1,1,28.18,1.93,8.803
3,1,3,51.83,5.99,18.716
1,2,2,53.6,2.64,4.81
3,1,5,27.95,1.02,5.302
1,3,3,38.85,5.24,4.706
2,1,1,14.85,2.73,4.49
2,1,1,12.62,3.4,5.13
2,1,2,5.07,0.72,4.744
2,1,3,27.04,4.89,6.875
1,1,2,25.93,6.76,6.568
1,2,4,46.56,3.24,3.444
1,1,3,34.43,4.62,6.374
1,1,2,38.86,2.52,5.419
2,1,1,33.01,5.42,11.145
1,1,1,5.68,3.08,4.456
1,3,2,13.24,8.17,11.586
1,1,1,15.39,2.31,3.135
1,2,3,47.45,5.7,4.11
2,1,2,39.69,2.25,8.541
2,1,1,19.1,0.46,3.64
1,3,3,36.72,8.66,5.6
1,1,2,47.84,7.13,9.54
1,3,1,15.21,0.65,2.49
1,1,2,43.98,0.75,2.319
2,1,2,46.24,9.85,8.722
1,3,2,41.45,7.25,8.035
1,1,1,40.73,0.91,1.46
1,3,2,11.26,1.81,1.921
3,3,2,27.1,4.9,24.089
2,1,1,53.66,4.09,8.908
1,1,1,15.76,8.75,7.157
1,3,2,17.19,6.59,6.674
1,1,1,54.39,9.82,9.979
3,2,5,36.29,2.86,16.277
1,1,1,50.79,2.93,2.181
1,1,3,41.15,6.65,5.72
3,2,5,45.0,8.94,18.114
2,2,1,41.07,8.72,18.15
1,2,2,24.06,5.17,6.271
1,2,1,50.81,3.66,8.268
1,1,2,57.78,1.42,1.099
1,1,5,52.55,7.2,12.013
1,1,5,20.26,6.56,5.065
3,1,2,25.89,6.73,21.479
3,1,3,32.23,1.57,14.266
1,2,3,2.64,5.43,4.787
2,1,1,31.38,8.47,13.189
1,1,3,35.55,7.24,7.979
1,2,1,28.34,4.8,10.408
2,1,5,25.79,7.98,10.251
1,3,4,24.38,4.27,4.479
1,1,2,24.27,6.3,5.679
1,1,1,34.37,7.12,6.503
1,3,4,6.68,8.89,5.86
1,2,1,4.05,2.96,3.617
2,3,2,18.91,7.1,12.394
2,1,2,65.52,2.25,6.028
2,1,1,24.97,5.11,11.223
2,2,1,53.45,5.1,14.488
1,1,1,27.82,9.85,12.876
2,2,5,38.92,2.73,6.184
1,1,3,24.94,3.17,3.032
1,1,3,32.91,6.0,9.463
3,1,2,34.28,0.65,17.074
1,2,2,9.93,0.99,2.62
1,1,2,24.72,9.74,9.27
1,3,2,16.35,2.04,1.159
1,1,4,23.8,6.09,10.261
1,1,1,7.62,5.74,5.24
1,1,5,25.63,6.38,4.703
2,2,4,13.19,4.62,10.209
1,3,2,11.66,8.15,5.839
1,1,5,13.23,0.99,1.694
1,1,4,28.42,7.83,8.458
2,2,1,28.32,2.53,9.799
1,1,1,21.16,5.78,7.242
1,2,3,14.44,1.43,1.812
1,2,3,37.07,1.07,1.59
2,1,1,17.4,6.02,11.705
2,2,2,0.45,1.21,5.622
1,2,2,32.84,2.22,3.178
2,1,2,11.61,1.84,4.904
1,1,1,14.71,7.04,9.089
1,1,1,15.85,7.95,5.767
1,2,3,62.1,2.19,4.631
1,2,1,43.35,7.15,12.117
1,1,2,2.43,5.99,7.212
1,1,2,52.17,2.32,5.078
1,1,5,34.32,8.57,8.256
1,1,5,35.95,5.12,3.556
1,1,4,21.79,3.53,4.575
2,1,2,56.62,5.66,10.683
2,1,1,43.1,7.78,21.676
1,2,1,69.93,1.71,4.781
1,2,2,7.5,1.05,2.529
1,1,1,34.39,0.68,1.332
1,2,1,33.22,1.11,2.535
1,1,1,79.64,9.93,19.124
1,1,1,23.3,7.06,9.184
2,3,2,45.49,6.71,29.231
2,2,4,40.84,5.7,14.344
1,1,1,27.48,3.66,4.481
1,1,1,10.14,1.98,2.805
2,2,2,37.86,0.57,8.736
1,1,1,17.48,6.17,9.617
2,3,4,47.96,3.33,7.065
1,1,2,37.11,7.15,4.785
1,1,1,36.79,6.95,9.924
1,2,3,24.99,9.54,14.071
1,2,2,9.01,2.03,2.814
3,1,2,4.41,9.54,31.745
1,3,1,6.7,5.02,7.118
3,3,1,67.56,7.68,57.34
1,1,1,53.67,0.21,1.093
2,1,3,29.67,7.16,7.902
3,1,1,26.57,3.47,24.595
1,2,1,34.02,1.72,3.483
1,2,2,10.95,4.98,5.67
2,1,2,32.65,3.76,4.513
1,3,1,35.24,6.99,9.659
3,1,5,49.18,2.24,18.641
1,3,2,60.09,6.2,8.284
1,3,4,67.94,5.34,6.336
1,1,1,34.01,5.23,4.51
2,1,2,28.18,6.43,11.759
3,1,2,19.95,8.36,36.515
1,3,2,50.23,6.92,6.116
2,1,1,21.75,3.06,5.365
3,3,1,16.5,1.01,20.126
1,1,4,47.47,6.5,10.771
1,1,3,59.13,3.81,7.915
2,3,1,26.07,6.09,10.622
2,1,1,27.7,0.79,4.44
1,2,1,63.3,1.69,4.067
2,1,2,22.24,1.24,3.002
1,1,1,24.65,5.75,4.281
3,1,3,38.63,9.58,28.153
2,1,1,20.43,3.25,11.192
2,2,3,26.27,3.93,17.669
1,1,4,19.25,6.65,6.71
1,1,1,26.64,9.3,8.103
1,1,4,48.26,1.27,1.376
1,2,4,19.63,2.19,5.203
2,3,2,14.72,1.99,4.453
1,2,1,13.9,7.99,9.215
1,3,2,3.27,9.57,12.854
1,1,1,57.71,1.25,2.4
1,1,4,42.3,7.9,13.47
1,2,2,7.55,2.82,2.855
2,1,3,9.43,8.85,9.664
2,2,2,62.31,5.86,13.242
1,2,1,40.02,8.49,9.625
2,1,2,26.46,7.76,14.47
2,3,4,39.89,2.86,3.4
1,1,1,23.0,6.02,6.418
2,2,1,19.42,6.53,14.018
1,1,5,33.6,4.17,5.913
1,2,1,37.08,0.5,1.661
1,1,4,22.41,6.0,6.305
1,3,1,17.33,3.71,4.796
2,3,3,45.42,2.27,8.371
3,2,2,39.08,0.61,53.589
2,2,1,29.04,1.13,7.698
1,2,1,7.8,1.85,3.46
1,2,1,49.06,0.47,1.179
3,2,2,10.97,1.74,25.506
1,2,1,3.38,3.12,4.978
1,3,1,27.14,1.73,3.624
1,2,2,25.92,1.93,1.955
1,1,5,16.67,3.55,3.853
1,3,1,43.75,3.18,3.738
1,1,2,12.81,7.53,10.767
1,1,4,22.63,1.84,1.541
1,3,2,41.6,4.44,6.56
1,1,5,19.22,2.54,3.212
1,1,2,26.54,6.95,9.324
1,2,2,53.76,2.07,3.951
2,3,3,35.48,5.05,10.634
1,1,1,5.1,9.88,12.46
2,1,2,11.65,7.87,9.36
2,1,2,6.39,1.37,4.123
1,1,1,26.74,4.01,5.979
2,1,2,26.23,6.31,10.123
2,1,3,16.9,8.19,6.62
1,3,1,57.81,3.26,2.816
1,2,2,21.01,9.11,14.749
1,3,1,46.02,1.19,2.085
3,3,1,18.36,2.05,13.541
2,3,2,47.87,4.86,8.765
3,2,1,33.91,9.84,55.011
3,1,2,16.84,8.69,20.135
1,3,1,62.33,7.84,15.59
2,2,4,21.45,3.22,5.587
1,1,4,39.81,7.38,9.197
2,1,1,35.57,0.95,6.323
1,1,1,29.1,7.56,9.012
1,1,1,11.69,7.17,9.138
2,2,1,45.5,4.97,23.207
2,1,3,23.5,2.97,6.6
2,1,2,24.69,4.62,4.806
1,1,2,25.51,7.85,8.394
1,3,4,34.76,9.87,12.219
3,1,3,3.4,8.39,26.423
1,1,2,20.9,6.14,7.459
1,2,2,30.79,4.02,5.656
1,3,2,38.3,7.42,10.365
1,2,2,31.72,0.75,2.156
1,2,1,5.11,7.56,7.215
1,1,1,20.84,3.42,5.519
2,3,1,43.5,6.53,9.85
3,2,1,20.38,7.84,25.057
3,2,2,7.22,0.13,26.882
1,1,3,6.85,9.31,8.403
1,2,1,23.5,3.54,5.009
2,1,5,15.43,3.88,4.048
2,1,1,37.44,1.1,5.394
1,2,4,7.99,6.51,6.719
2,2,1,66.51,4.27,15.605
2,1,1,17.96,9.45,13.276
2,3,1,62.81,3.23,10.556
2,1,1,37.97,0.11,3.417
1,2,1,20.63,4.9,4.491
1,1,2,30.07,8.02,9.839
1,1,1,18.02,2.1,2.337
1,3,1,24.13,3.37,2.872
2,1,1,39.26,9.26,11.641
2,3,2,26.82,1.84,4.992
1,1,2,30.23,9.52,8.73
2,2,1,42.9,6.05,18.746
2,1,1,32.17,7.24,8.504
2,2,3,10.31,9.41,20.653
1,3,3,60.76,8.58,9.744
2,2,2,32.64,1.31,6.598
1,1,2,9.05,1.29,2.468
1,2,1,9.56,7.74,8.609
1,2,2,8.05,4.26,4.769
2,1,3,48.57,5.12,8.302
2,2,3,2.21,6.99,24.631
1,2,1,36.25,7.7,4.157
1,2,2,43.31,9.64,11.101
2,1,2,15.28,7.36,13.44
2,1,3,55.39,9.77,16.179
1,3,2,22.5,0.32,1.247
3,2,3,24.57,6.01,36.768
2,2,1,45.05,0.8,11.493
3,3,1,12.29,9.71,28.732
3,1,1,43.15,4.29,32.898
3,1,2,10.99,4.01,18.408
2,2,2,48.67,6.9,16.151
2,2,2,47.14,8.1,11.585
1,3,2,10.5,0.97,1.48
1,2,2,15.04,5.81,6.04
2,1,2,25.11,9.09,9.832
1,1,1,49.68,6.68,5.349
2,1,1,54.84,1.77,9.703
1,3,1,6.01,3.27,3.527
1,1,3,32.74,1.08,1.22
1,2,1,41.27,3.53,5.387
1,1,1,12.21,5.91,5.324
1,1,1,37.85,5.45,7.473
1,1,2,42.2,5.42,6.821
2,2,4,13.76,8.88,14.168
1,1,4,51.09,1.1,1.311
1,3,1,40.78,5.33,5.507
1,3,2,35.36,1.38,2.655
1,1,1,23.54,1.33,1.346
1,3,3,21.95,6.4,7.721
2,1,1,25.89,0.72,4.324
2,1,1,35.73,2.61,9.564
1,1,2,54.41,9.38,6.04
1,3,2,5.96,7.35,7.269
1,2,4,30.61,8.85,10.079
1,1,1,11.0,3.32,5.322
2,2,4,41.33,9.17,17.976
1,2,1,24.78,7.1,7.088
2,2,1,10.74,0.66,6.861
1,2,3,46.44,6.26,10.003
1,3,2,29.28,0.42,1.599
1,2,4,73.5,5.03,10.9
1,1,2,30.53,0.92,1.171
3,3,2,26.1,0.25,33.122
1,1,1,15.25,8.9,7.707
2,2,4,8.03,7.46,11.895
2,2,2,2.74,2.47,6.806
1,1,2,5.81,7.48,7.937
1,1,3,38.04,0.18,0.744
1,2,1,47.56,9.66,19.679
1,3,4,9.71,3.65,3.18
2,3,2,9.92,6.98,7.164
1,2,3,32.96,3.81,3.651
3,1,3,30.47,5.47,14.514
2,1,2,31.6,2.28,6.517
1,2,3,26.96,9.18,9.676
2,1,3,26.91,6.92,10.644
1,2,1,42.09,0.8,2.584
3,1,3,44.45,2.28,14.689
1,1,2,68.87,0.92,1.683
3,2,3,17.58,1.52,18.208
2,2,3,6.78,0.65,6.021
2,2,1,3.2,9.75,11.866
1,1,1,18.68,6.63,4.367
2,3,1,8.32,5.68,8.367
1,1,3,22.18,6.65,10.368
2,2,4,14.54,7.03,8.854
1,2,3,63.0,5.7,6.877
1,1,3,74.26,7.95,5.871
1,2,2,23.7,5.85,4.745
1,2,2,29.44,1.52,2.106
1,2,5,6.92,1.51,2.366
2,2,1,24.14,0.95,4.557
1,1,2,62.64,2.05,5.499
2,3,1,38.37,0.51,3.539
1,1,1,36.47,4.37,4.045
2,1,2,30.93,2.07,3.908
2,2,1,27.71,6.24,10.866
1,1,2,85.83,9.7,21.996
2,3,1,48.56,2.9,8.129
3,1,1,61.15,0.88,25.196
2,1,1,28.51,6.05,11.401
1,1,4,37.6,3.13,2.747
1,1,2,15.09,3.58,4.208
2,1,3,37.98,9.91,19.806
1,1,2,19.79,3.57,4.924
2,1,1,53.8,3.37,9.597
1,1,2,46.98,2.13,3.22
2,1,1,22.53,7.62,9.528
1,1,1,18.16,6.01,4.802
1,1,2,27.55,1.21,2.203
3,1,3,39.12,7.97,22.747
2,1,4,3.26,8.44,12.124
2,1,1,10.51,5.0,11.882
3,1,2,32.24,1.55,26.364
1,1,2,21.66,6.62,7.202
1,3,3,59.72,7.5,9.3
1,1,4,43.07,9.25,7.134
1,1,2,27.71,4.12,3.949
1,2,1,27.66,3.86,4.571
3,1,3,25.36,4.89,19.884
1,1,2,3.9,6.13,6.274
1,2,4,10.99,4.92,5.926
1,2,2,13.98,7.15,7.6
1,3,4,41.32,5.84,5.204
1,3,1,14.0,9.42,11.822
2,2,3,16.38,1.51,6.564
1,2,1,17.03,4.04,4.419
2,1,2,6.91,0.16,3.289
2,3,4,20.8,8.21,9.825
2,2,2,48.53,7.31,19.881
2,1,3,9.36,8.93,16.187
1,1,1,21.68,7.23,6.947
1,2,1,16.89,5.59,7.252
1,2,2,38.54,7.57,10.318
3,3,2,37.63,3.93,25.43
2,1,1,37.96,3.31,5.775
1,3,3,45.17,9.46,10.668
1,1,2,41.47,2.32,3.751
2,2,1,32.07,1.69,5.602
2,1,1,32.01,4.41,7.592
1,1,1,26.78,0.78,1.961
2,1,2,59.42,4.38,13.307
2,1,4,46.33,7.65,7.044
2,1,2,10.44,3.5,4.502
1,3,1,19.98,3.2,5.374
1,1,3,3.37,3.84,2.924
3,2,1,28.21,5.57,30.259
1,2,2,39.24,9.69,14.102
1,1,2,12.09,2.32,3.906
1,3,4,24.59,6.31,5.247
1,2,3,47.01,6.33,8.316
2,2,1,63.04,6.46,26.866
1,3,1,27.4,8.22,8.27
2,2,1,6.23,3.13,8.09
1,3,1,7.26,1.52,3.408
1,1,1,25.58,4.73,5.215
1,1,2,23.07,9.13,5.356
2,2,3,32.45,4.57,10.265
1,1,1,28.57,5.01,6.664
1,2,2,34.13,3.35,6.242
2,1,4,32.56,9.53,14.697
1,1,2,31.33,5.01,6.354
1,3,2,28.58,9.8,8.479
1,1,3,34.6,5.34,9.279
2,1,3,20.48,9.52,11.762
1,2,2,80.57,4.68,10.459
1,2,5,20.52,0.26,1.155
1,3,1,39.16,3.63,5.646
1,1,1,35.98,3.57,3.913
1,3,2,46.97,8.32,14.77
1,2,1,56.0,8.48,10.845
1,3,1,49.09,8.99,11.257
1,1,1,29.12,2.29,3.776
2,1,2,31.1,7.27,10.37
1,2,2,26.91,4.8,7.894
1,2,3,49.72,1.19,2.865
3,1,1,30.02,5.48,21.073
2,2,2,44.35,0.29,8.915
2,2,1,42.74,6.89,10.941
1,1,1,34.9,7.9,9.122
1,2,2,16.91,7.19,7.836
1,1,1,44.51,3.72,5.808
1,3,2,6.87,4.28,5.943
1,2,2,3.36,6.99,7.089
1,2,2,63.81,1.54,2.685
1,3,2,9.77,2.03,3.803
2,2,4,7.01,7.23,15.842
1,1,1,6.36,1.64,4.029
1,2,4,17.59,5.82,6.017
2,3,1,24.37,1.42,5.172
2,1,2,42.43,3.96,5.736
1,2,4,32.98,4.64,5.274
1,1,1,32.87,8.54,6.072
1,3,3,34.65,4.16,4.364
1,2,2,17.52,5.85,7.117
2,3,4,13.07,2.05,3.305
1,2,1,38.21,5.51,7.267
1,1,2,27.89,4.87,7.374
1,2,1,14.95,4.92,6.668
1,3,1,31.73,8.75,12.183
1,1,2,5.22,8.21,7.391
1,1,3,17.8,6.64,4.874
3,2,3,32.05,9.62,47.43
2,2,3,35.64,7.06,13.746
1,1,3,6.99,9.85,9.989
1,1,2,29.67,7.95,8.525
2,1,1,74.38,9.28,11.406
1,2,3,29.32,3.29,4.698
1,1,2,45.58,2.56,3.692
2,1,1,36.77,8.16,13.195
1,3,2,7.54,3.78,4.108
1,1,1,65.57,3.26,5.33
1,2,3,19.24,6.15,7.672
1,1,1,54.68,0.73,1.993
1,1,2,47.39,7.51,8.226
2,2,3,28.67,0.94,5.895
1,2,5,38.44,1.24,1.886
1,3,2,21.19,1.53,2.373
2,1,4,38.92,9.69,8.022
1,1,2,46.52,0.29,1.132
1,1,1,34.77,1.15,1.823
1,2,1,43.01,2.66,6.994
2,1,1,29.68,9.05,9.477
1,3,1,17.53,3.65,3.288
2,2,2,61.98,9.4,15.163
2,1,1,10.25,1.79,5.38
2,1,3,34.63,1.97,4.654
3,1,1,7.07,0.61,11.149
2,2,1,81.96,1.77,10.754
2,2,2,2.25,8.86,17.655
2,3,4,11.04,4.38,11.231
2,2,4,7.28,6.22,11.335
2,1,4,49.38,2.87,5.759
3,1,4,18.66,1.94,13.269
1,1,1,13.01,5.05,4.768
2,3,2,6.91,0.7,5.901
1,2,1,30.66,9.24,16.347
2,3,4,62.83,5.16,8.079
1,3,1,28.93,2.95,4.453
2,1,2,50.77,0.19,4.008
2,2,1,6.98,0.77,7.506
3,2,4,22.94,2.84,20.846
1,1,1,52.99,1.81,2.226
2,1,4,51.81,4.95,8.974
2,2,4,36.13,5.08,6.564
3,3,1,40.48,1.4,27.776
3,1,3,18.06,6.53,17.934
1,3,1,20.57,9.27,11.872
1,3,2,66.17,6.47,8.645
1,3,1,26.73,4.86,5.842
3,1,2,32.55,1.92,23.424
1,1,1,27.83,5.33,7.49
2,2,3,3.7,8.88,15.988
2,1,3,31.76,7.79,8.012
1,1,1,12.69,4.8,6.374
1,2,1,42.05,4.99,10.489
1,1,1,37.88,8.79,5.902
2,1,1,5.38,1.31,3.5
1,3,5,33.04,2.6,5.257
1,1,1,22.77,1.31,2.236
2,3,3,48.39,7.51,10.14
1,1,4,44.42,6.78,5.012
2,1,1,36.96,7.49,9.538
1,1,2,9.37,6.07,4.191
1,1,4,30.28,7.89,9.175
1,1,2,30.43,7.91,10.983
1,3,1,34.39,8.63,14.284
1,3,3,16.58,0.88,0.996
2,1,4,6.16,0.71,3.206
1,1,3,44.58,4.95,5.779
1,2,3,28.53,0.94,2.4
1,1,3,36.69,1.94,1.263
1,1,2,49.76,4.63,5.456
3,1,1,1.67,9.09,19.766
1,1,4,35.94,3.08,2.634
3,2,1,37.21,9.71,76.311
1,1,3,36.0,8.83,15.313
1,2,1,17.65,5.42,6.96
1,1,2,25.44,5.09,3.359
1,1,3,36.96,8.02,7.094
2,2,3,23.28,0.52,8.593
1,1,1,49.67,2.88,3.625
1,3,2,9.03,2.83,2.764
2,2,1,19.02,1.14,7.522
2,3,1,19.14,0.55,4.87
3,1,2,29.7,7.86,17.519
3,1,5,26.94,0.94,8.642
2,1,5,40.42,4.87,4.731
2,2,2,15.6,6.23,20.71
2,2,3,32.32,5.09,8.224
1,1,1,27.55,7.57,7.239
2,1,1,10.96,2.15,5.027
1,1,3,11.35,9.62,11.885
2,1,3,49.88,1.36,2.749
3,1,3,47.18,8.64,25.502
1,2,1,12.28,4.64,6.014
2,3,1,62.26,1.78,11.553
3,1,1,45.69,7.4,31.079
1,1,3,20.32,3.91,3.41
1,1,1,19.2,1.96,2.568
3,1,2,34.8,8.62,29.593
3,2,2,27.31,1.45,29.658
1,1,1,31.54,9.8,10.314
1,3,1,9.0,9.1,13.674
2,3,3,43.94,0.71,6.702
1,1,1,23.15,5.01,4.815
1,3,2,41.6,6.71,7.032
1,2,5,57.94,8.03,10.504
1,3,1,52.8,8.21,6.621
1,1,1,2.24,0.43,1.076
2,3,2,44.24,7.33,14.265
2,1,2,53.05,0.2,3.395
2,1,5,22.84,8.97,13.434
1,3,1,45.7,8.42,12.489
1,1,4,42.98,4.5,2.721
1,1,2,18.21,8.8,10.581
1,1,1,55.72,5.61,11.19
1,1,2,34.02,8.7,9.39
1,1,2,14.99,5.46,4.442
1,1,1,7.89,0.24,1.026
1,2,1,55.74,5.03,5.848
2,3,1,41.42,3.27,10.512
2,1,2,39.62,0.87,5.615
3,3,1,31.83,9.51,23.916
2,2,1,37.81,9.74,18.338
1,2,1,26.41,4.7,4.606
1,2,3,10.73,3.52,3.312
1,3,5,26.04,9.28,11.937
1,1,1,14.09,2.5,3.236
1,2,5,10.58,9.9,5.913
1,3,2,34.68,4.88,6.972
1,2,4,58.99,3.71,3.378
1,1,2,53.67,7.67,8.643
2,2,2,43.52,9.32,14.454
2,2,3,28.4,8.12,17.124
2,1,2,37.49,7.2,12.582
2,2,4,11.32,1.16,5.337
1,3,4,26.79,1.38,2.32
1,2,2,68.28,8.62,10.409
2,1,2,42.54,6.39,13.371
1,2,2,25.43,6.9,8.667
1,2,2,16.68,7.28,10.501
1,1,2,20.02,1.17,2.552
3,2,2,36.83,2.95,46.652
2,1,1,38.43,7.52,11.891
1,3,5,29.11,9.7,15.763
2,2,1,38.11,9.52,13.768
1,3,1,15.84,1.4,2.24
1,2,1,33.62,5.52,8.048
1,1,1,28.11,1.19,1.782
1,2,2,2.98,5.93,8.371
2,1,1,28.21,6.02,9.758
1,2,1,44.21,2.03,2.187
2,1,1,61.8,9.83,10.172
1,2,1,34.82,2.63,5.266
2,2,5,11.34,8.75,9.583
2,1,2,14.31,9.76,12.845
2,1,1,25.28,9.74,11.784
2,1,2,27.88,7.29,11.979
3,1,2,15.78,7.71,21.684
1,1,2,27.32,3.43,3.213
2,3,1,35.16,3.95,5.933
2,3,2,33.26,9.66,17.898
1,3,1,19.75,0.86,1.66
1,1,1,12.39,5.05,4.103
1,1,5,21.66,2.52,3.063
1,1,2,23.81,1.81,2.651
1,2,1,5.7,3.0,3.863
1,2,1,25.06,7.91,8.952
2,2,3,26.25,6.84,15.573
1,1,1,7.47,4.75,5.471
2,2,1,66.36,4.42,9.595
1,3,1,27.49,3.33,4.337
2,1,1,30.24,7.62,14.868
1,3,2,79.18,1.53,2.077
1,2,1,50.3,2.35,5.243
1,1,2,47.65,4.45,5.151
2,3,1,50.6,1.8,5.112
1,3,5,8.52,5.65,7.454
3,2,2,25.51,3.12,24.613
1,1,1,8.69,6.92,7.556
1,1,1,29.29,0.2,1.026
1,2,3,10.76,5.21,6.251
2,1,3,69.56,9.85,11.555
1,1,1,71.2,8.1,14.983
1,1,1,33.43,1.31,1.621
1,1,2,20.64,3.34,3.585
1,2,1,28.74,8.69,12.566
1,2,1,25.08,0.79,1.997
3,1,1,28.27,7.1,22.27
1,2,3,18.34,0.85,1.64
1,1,1,29.1,2.58,1.981
3,1,1,15.1,9.84,32.312
1,1,1,37.03,8.86,6.717
1,1,2,27.61,4.0,4.581
2,1,2,22.57,6.79,5.425
3,2,2,24.07,4.67,32.107
2,1,2,25.15,0.51,2.575
1,2,2,56.17,8.4,5.584
3,1,2,59.16,7.91,22.925
1,2,5,26.86,9.6,6.501
3,2,4,34.03,0.92,21.643
2,1,1,45.39,2.11,6.653
3,2,2,11.89,2.96,26.932
1,2,1,29.14,6.2,6.129
1,1,1,55.87,9.61,13.869
2,2,1,4.38,8.3,13.194
1,2,3,30.17,8.81,13.169
1,1,4,14.86,9.83,5.984
3,3,2,22.25,7.43,27.575
2,1,3,33.63,5.1,8.362
1,2,1,14.1,2.21,2.758
1,3,4,25.42,3.21,4.977
1,3,1,13.9,6.22,6.84
1,2,4,19.85,9.4,10.236
1,2,1,13.75,4.76,6.34
2,1,1,28.69,5.04,13.95
2,1,2,38.67,5.32,7.7
1,3,1,24.4,8.26,9.303
1,1,1,4.61,6.55,9.019
2,3,2,28.83,5.05,8.671
2,1,3,31.07,6.13,11.751
2,1,1,41.02,1.62,5.702
1,1,2,66.94,0.36,1.709
2,2,2,16.33,3.42,8.193
1,1,1,10.36,9.79,9.48
1,1,2,31.29,6.61,7.059
2,3,2,24.21,0.93,3.915
1,2,4,3.82,5.27,4.999
1,2,2,19.92,1.48,2.406
1,1,2,22.33,7.07,7.54
1,1,2,24.85,5.82,7.392
1,2,3,32.95,6.81,6.857
2,1,3,57.84,7.59,19.243
1,1,2,18.01,4.17,3.461
1,3,1,45.12,2.59,2.792
2,1,4,28.04,0.91,3.549
1,3,2,34.95,9.35,14.402
3,1,2,2.79,0.24,11.83
1,1,2,5.99,7.41,10.797
1,1,1,34.64,9.05,11.867
1,3,2,30.24,4.91,6.426
2,2,2,24.59,0.2,6.44
1,2,1,35.11,6.81,9.097
3,1,1,18.63,2.39,16.199
1,3,3,50.53,3.03,3.332
1,2,2,12.35,5.58,5.784
1,2,3,16.33,1.68,2.282
1,2,1,14.44,3.45,5.306
1,2,2,59.16,6.67,12.66
1,2,1,51.04,6.96,6.095
1,1,3,46.55,9.03,7.128
2,3,2,40.8,6.67,16.935
1,1,2,21.17,0.83,1.386
1,3,5,24.38,1.19,1.951
1,1,1,9.81,7.93,7.657
1,1,2,6.13,5.53,9.0
1,1,3,27.88,1.55,2.115
2,2,2,33.51,6.07,14.952
1,1,2,59.85,2.39,4.584
2,3,5,5.76,0.69,2.052
1,2,2,27.13,2.78,2.446
1,1,1,10.91,3.13,3.262
2,2,1,19.38,4.57,10.59
1,2,4,27.63,9.58,10.203
1,3,1,32.59,5.38,8.269
3,1,2,13.48,9.77,18.67
3,3,4,34.7,4.87,15.18
2,1,3,29.85,6.21,6.875
1,2,1,25.5,7.26,11.223
1,2,3,14.25,2.41,3.912
3,1,1,15.83,8.59,17.749
3,1,4,24.76,0.13,13.37
1,2,2,22.07,7.17,7.046
1,1,2,23.76,5.81,4.388
1,1,1,26.27,7.9,8.348
1,1,1,16.64,9.56,9.773
2,2,2,31.19,7.32,16.162
1,1,3,24.15,3.28,3.644
1,1,2,25.81,9.42,13.292
1,3,4,16.54,1.72,3.042
1,2,1,15.38,4.72,5.088
1,2,1,44.46,0.49,1.961
1,2,2,51.72,5.11,9.079
1,1,2,12.78,6.27,6.794
3,1,2,15.66,7.65,27.324
1,1,1,53.88,2.02,4.269
1,1,1,23.42,9.96,6.871
1,1,2,42.63,3.27,4.687
1,2,4,21.03,5.45,6.84
1,1,3,43.54,9.3,11.236
1,1,3,20.95,5.65,6.652
1,3,2,30.84,3.03,4.209
1,1,3,28.52,4.23,7.721
2,2,3,57.24,2.61,11.832
1,1,1,52.76,0.25,1.1
1,2,1,25.3,2.52,3.391
1,1,4,11.44,7.32,7.263
1,1,4,64.56,0.68,2.386
1,3,3,5.91,7.62,6.558
1,1,1,33.64,6.64,11.313
1,1,3,21.54,7.68,8.584
1,1,1,26.33,3.73,2.501
3,2,1,14.61,5.89,47.044
3,1,2,26.35,8.71,29.582
3,2,2,32.13,4.5,30.345
1,2,1,38.7,7.84,9.871
1,2,2,47.7,8.43,13.302
1,3,3,17.61,6.92,10.079
1,1,1,70.45,5.96,7.013
1,3,1,40.04,1.02,3.169
1,1,2,18.91,6.87,7.135
1,1,4,37.47,5.69,8.834
1,2,4,4.38,2.64,2.432
1,2,1,29.98,5.26,10.048
2,1,2,57.64,5.91,5.997
1,3,3,7.95,3.6,3.57
2,3,1,23.3,2.54,9.239
1,1,2,44.69,8.66,9.759
1,2,2,11.1,3.21,4.999
1,2,2,15.03,7.32,6.32
1,3,1,20.53,6.42,5.915
1,2,1,7.85,0.94,1.985
1,1,1,45.12,9.99,6.697
2,2,2,15.45,3.65,11.758
1,1,1,28.88,5.27,5.895
1,2,2,5.96,3.23,3.342
3,2,2,31.94,4.96,33.527
1,2,1,11.24,8.01,9.175
1,1,1,66.17,8.9,12.244
1,1,1,16.47,4.74,5.259
1,2,5,42.3,8.36,7.278
1,1,1,19.73,5.21,5.579
1,1,2,40.39,5.12,11.05
2,1,2,36.53,3.55,7.86
1,3,1,7.91,5.81,5.381
1,1,4,13.84,8.8,11.682
1,2,2,13.76,0.3,2.345
3,2,2,17.85,0.79,30.304
2,3,1,25.57,0.89,5.448
3,2,1,31.01,9.96,28.215
2,1,1,41.53,2.24,6.386
2,1,2,55.37,9.73,9.6
1,1,4,27.55,9.51,10.804
3,3,2,2.36,8.52,17.216
1,2,1,22.99,4.65,6.852
1,2,1,47.89,6.26,4.536
2,2,1,10.56,1.99,8.065
1,3,1,23.32,3.74,6.966
1,3,1,18.83,3.85,3.759
1,2,5,31.71,2.53,2.712
1,1,2,40.92,4.9,6.325
2,1,1,32.62,4.12,6.831
1,2,1,56.58,7.19,13.832
2,2,2,16.88,9.53,13.915
1,2,1,35.47,5.29,8.887
2,1,4,7.25,1.69,4.246
1,2,2,18.33,2.03,3.145
3,1,2,4.59,8.31,22.81
1,1,3,18.35,0.22,0.81
1,3,1,7.23,1.16,1.845
1,2,1,67.05,6.13,13.235
1,1,2,33.55,8.5,6.381
1,1,1,29.65,7.16,12.288
2,2,1,8.91,1.71,5.719
3,1,4,43.57,9.3,32.091
2,1,3,31.98,5.6,14.7
1,2,1,51.25,5.96,13.739
1,2,4,30.33,7.46,4.739
2,1,1,17.84,5.66,9.141
2,2,3,31.62,8.44,13.802
1,2,2,14.1,2.83,5.689
3,1,2,21.27,1.07,11.135
1,1,2,41.5,2.42,3.153
2,1,1,31.44,5.35,7.028
3,1,4,23.5,7.21,19.262
2,3,1,22.21,9.51,12.21
1,1,4,18.35,1.88,2.421
1,3,1,41.3,4.9,5.384
1,1,1,18.8,8.7,6.558
2,2,1,13.2,7.85,17.369
1,2,1,21.0,6.62,4.732
2,2,2,17.55,1.53,7.157
3,3,2,37.45,5.64,25.712
1,2,3,57.51,2.68,5.345
1,1,2,13.72,4.36,8.224
2,3,2,29.5,1.65,3.574
1,3,1,36.04,5.4,5.373
1,3,2,22.94,5.09,5.567
1,1,4,40.78,1.77,1.857
1,1,1,36.33,0.3,1.357
2,1,1,26.79,4.32,7.87
1,2,1,40.05,2.77,3.445
1,1,1,71.06,3.39,3.311
1,1,2,23.57,7.79,4.934
1,2,1,23.93,1.9,3.722
1,1,3,19.19,1.81,1.996
2,2,1,2.18,4.9,15.802
1,1,1,37.83,7.51,12.014
1,3,1,28.37,5.78,6.225
3,1,1,9.93,9.06,24.067
1,2,3,64.48,7.51,6.783
2,2,4,43.62,4.37,9.129
1,1,2,10.45,3.58,3.748
1,1,1,39.72,8.85,9.456
1,3,3,35.28,9.87,13.458
2,2,2,34.65,6.36,22.071
2,1,2,19.0,7.06,8.5
1,2,2,20.88,4.43,3.682
1,1,2,13.57,5.97,6.088
1,1,1,7.33,6.6,7.341
1,1,1,15.7,9.95,12.009
2,1,4,41.47,3.7,9.064
2,1,1,24.83,5.92,6.462
3,1,1,43.65,0.29,23.735
1,1,1,31.26,9.04,16.517
2,1,1,14.35,9.8,14.226
1,2,4,35.17,5.93,4.954
1,2,1,24.39,4.06,3.549
3,1,2,15.79,8.14,21.315
1,1,3,27.9,0.73,1.965
2,2,1,28.19,6.05,12.224
2,2,1,11.64,3.62,7.997
3,3,1,41.98,2.02,20.347
1,1,1,58.43,1.44,5.235
1,1,1,12.12,7.52,5.044
2,1,2,40.79,5.39,8.104
2,2,1,17.25,9.23,11.554
1,1,2,25.67,5.65,6.006
2,1,4,26.97,1.28,3.534
1,1,1,14.52,3.69,5.322
1,2,1,35.67,3.46,3.175
2,1,1,67.76,4.65,11.464
1,2,1,17.85,4.31,3.642
1,1,1,17.91,1.02,1.104
3,1,2,30.61,4.89,19.001
2,1,1,22.2,6.66,11.342
2,3,1,20.35,0.28,5.676
1,1,1,27.41,0.38,1.262
3,1,2,44.15,6.21,24.99
1,3,1,16.65,5.79,7.18
1,1,3,19.2,6.68,6.462
1,1,2,38.07,6.93,5.815
2,1,1,4.2,8.45,9.707
3,2,2,14.15,4.44,28.191
2,1,1,9.89,7.47,8.995
2,3,2,15.41,1.74,8.284
1,2,1,43.82,0.13,1.424
1,2,2,37.74,1.84,1.771
1,1,2,36.12,7.29,9.787
1,2,2,37.9,8.99,12.756
1,3,3,6.28,1.1,1.785
2,3,1,55.52,4.51,11.702
2,1,2,51.03,5.77,9.426
2,2,1,16.8,8.91,13.911
1,2,1,47.33,2.25,3.722
1,3,1,7.55,6.59,7.477
1,1,2,38.17,8.37,8.443
1,2,2,23.45,0.76,1.153
1,2,3,52.24,2.25,2.559
1,3,2,32.26,1.44,2.426
1,2,3,61.76,7.13,5.926
2,3,4,23.41,2.97,4.697
1,1,1,46.89,0.78,2.142
1,1,3,7.41,1.02,1.047
1,1,1,26.61,6.88,5.674
1,3,1,27.09,5.85,7.884
1,1,5,21.63,3.39,3.06
1,2,1,20.87,9.15,10.025
1,3,4,38.09,0.36,0.477
1,3,3,42.23,2.41,4.345
3,2,4,46.3,5.54,42.556
1,2,2,18.36,9.5,10.426
1,1,2,15.16,8.85,7.153
1,1,2,4.39,7.31,10.832
1,2,2,51.33,4.85,13.466
1,2,4,41.25,4.42,8.927
2,1,1,13.5,7.12,12.657
1,1,2,12.75,6.81,7.593
2,2,5,45.85,4.01,7.487
1,1,1,25.71,8.8,13.402
1,3,3,26.9,8.13,8.47
1,1,1,30.5,9.85,4.623
1,3,1,44.53,4.01,5.166
1,2,2,23.55,2.2,3.136
3,2,2,11.78,2.1,23.322
2,2,3,22.06,6.46,13.848
3,1,1,31.05,2.08,16.654
1,1,1,17.79,7.42,8.479
2,3,4,25.0,9.48,6.541
1,1,2,28.06,0.37,0.765
2,2,2,34.94,8.78,13.713
3,1,1,60.08,2.37,15.113
2,2,4,25.78,5.56,7.547
2,1,4,9.87,2.74,5.732
2,2,2,60.66,3.12,10.879
1,2,1,10.2,8.26,12.931
2,1,5,44.31,2.98,5.938
1,1,4,24.58,8.37,6.306
3,3,2,39.44,3.25,39.23
2,2,2,65.17,2.39,16.267
1,3,2,19.43,7.61,8.943
1,2,1,20.32,3.05,5.483
1,2,2,21.89,0.34,1.13
1,2,2,67.63,2.46,5.066
1,3,2,31.72,8.14,7.241
2,2,3,11.58,6.23,12.752
1,1,2,25.71,4.08,3.42
2,3,4,20.37,5.3,8.465
1,3,1,11.38,1.96,3.611
1,1,5,58.38,2.71,2.996
1,1,1,43.98,0.94,2.738
2,2,1,4.78,2.86,7.637
1,2,2,24.67,2.68,2.781
1,1,1,18.73,4.42,5.432
1,2,1,12.65,6.48,7.44
2,2,3,16.1,5.71,13.69
1,1,1,4.03,7.61,6.904
2,2,3,16.58,2.76,9.32
2,1,1,10.64,1.84,5.195
2,2,1,20.23,6.95,16.69
1,1,1,17.85,0.84,1.247
1,3,2,33.8,1.09,1.789
1,1,2,50.51,7.44,8.474
1,3,1,19.28,8.51,12.559
2,2,1,20.72,0.54,7.616
1,1,1,50.23,3.01,2.495
1,3,2,35.39,4.0,3.848
1,1,2,37.06,3.91,4.465
1,2,1,50.85,9.03,8.539
1,3,1,34.22,2.65,5.943
2,3,4,9.98,9.88,10.806
1,2,1,65.69,3.16,3.608
3,3,4,39.09,0.6,15.053
2,1,1,31.74,3.45,8.563
1,1,5,62.55,4.91,4.966
1,1,2,30.73,6.47,11.042
1,1,2,18.48,6.46,4.993
1,2,1,9.25,2.93,3.878
1,1,4,19.5,9.6,19.163
2,2,1,17.07,0.65,7.699
2,1,3,37.91,5.97,7.35
1,1,1,44.29,6.17,4.214
1,2,2,7.47,3.39,3.615
1,1,3,14.07,7.66,8.16
3,2,2,11.68,2.78,36.177
1,2,2,41.52,2.42,2.711
2,2,3,13.6,6.64,8.605
2,3,2,38.11,5.81,10.104
1,3,1,28.78,7.42,13.491
1,1,1,40.65,5.1,8.39
1,2,3,21.72,0.5,0.921
2,1,1,19.76,3.82,6.985
1,1,2,30.04,5.23,6.64
2,2,1,30.94,9.19,15.672
2,2,4,35.43,4.14,6.331
2,3,2,14.01,0.39,5.243
1,2,2,11.97,9.22,11.97
1,2,3,64.49,8.72,17.459
2,2,3,50.25,5.94,13.601
1,1,1,45.55,5.9,5.927
2,1,1,9.48,9.64,14.259
1,2,2,42.11,1.59,2.334
1,2,1,45.6,7.17,11.597
2,1,1,10.76,1.89,7.619
1,1,1,22.89,0.41,0.844
1,1,1,56.62,1.4,1.913
1,2,1,49.24,1.35,5.204
1,1,1,7.9,0.21,1.039
2,1,1,14.39,5.94,9.294
1,1,2,59.3,7.06,4.817
1,1,1,31.25,7.98,8.122
1,2,1,10.61,2.28,3.246
3,3,3,46.66,4.09,22.368
1,1,2,19.87,3.35,4.112
3,2,4,16.63,4.1,14.711
2,2,5,21.09,9.66,13.398
1,2,2,45.31,4.16,6.146
2,1,3,2.45,4.5,6.368
2,1,1,61.73,8.55,22.641
1,3,2,47.02,5.24,4.9
1,3,2,30.92,4.35,5.979
2,1,2,18.02,1.67,6.467
2,2,1,6.26,7.19,14.949
2,1,4,6.83,6.91,6.744
3,1,2,3.23,8.97,33.069
1,1,3,65.99,5.69,6.461
2,2,5,54.22,1.43,8.981
2,1,4,27.82,8.37,11.381
1,1,1,33.55,0.97,2.457
1,1,2,21.53,3.22,4.843
1,1,2,12.13,5.99,6.134
2,1,2,39.34,5.26,8.129
1,2,2,8.39,6.87,8.93
2,2,2,6.44,5.83,10.165
1,1,4,30.32,5.73,8.104
1,1,1,30.23,5.85,9.884
2,2,1,7.1,3.34,10.096
1,1,2,21.27,9.11,8.873
2,1,2,67.58,3.04,12.666
1,3,4,15.72,4.61,6.982
3,2,3,36.23,9.08,32.607
1,1,1,71.39,1.07,1.859
3,1,2,23.57,5.22,15.309
2,1,4,1.8,2.16,3.553
1,1,1,22.79,7.71,8.845
1,3,1,14.34,4.4,6.588
1,2,2,62.38,9.14,6.858
1,1,1,50.5,3.82,6.215
2,1,4,71.44,9.37,19.93
1,1,1,45.48,4.28,8.949
1,1,1,24.81,9.98,9.653
1,2,4,29.04,2.76,5.63
1,1,1,22.15,5.17,6.171
2,3,1,54.02,5.94,11.536
1,2,1,10.29,7.88,7.597
2,3,5,38.8,1.09,3.846
3,3,5,52.4,7.15,17.418
1,3,1,50.01,3.77,4.611
1,3,3,36.42,3.92,3.905
1,1,3,16.62,1.39,1.237
1,1,1,38.44,1.98,3.219
1,1,1,9.81,6.35,7.609
3,2,4,38.35,0.42,21.348
2,2,1,17.05,0.15,6.995
1,1,2,8.82,9.14,10.726
2,3,1,11.41,0.11,3.241
1,2,2,9.9,1.44,2.689
2,2,1,14.78,5.04,11.848
1,1,1,52.47,2.28,3.02
2,1,1,31.2,4.11,4.811
3,2,5,38.71,6.36,65.635
2,1,1,1.02,2.82,5.527
2,2,2,12.26,1.19,5.698
1,1,2,21.85,1.74,2.512
2,1,1,32.57,1.28,4.573
1,1,3,20.36,5.13,4.629
2,2,1,19.47,1.09,9.59
1,1,2,19.61,3.98,3.157
1,3,2,9.41,1.65,1.972
1,1,4,22.64,9.92,8.725
1,3,3,50.9,8.54,10.72
2,1,1,57.81,7.92,21.891
2,1,3,21.56,7.18,7.357
3,3,3,9.33,9.46,25.123
1,2,4,18.27,2.58,2.197
3,2,5,14.09,9.2,20.029
1,2,3,15.38,4.65,5.341
1,1,2,33.46,1.25,2.073
2,2,1,44.89,5.7,6.793
1,1,4,26.63,7.65,5.688
1,2,4,20.24,7.38,9.366
1,3,1,8.46,4.2,5.898
1,3,2,38.08,4.49,4.471
2,2,1,8.62,6.74,11.144
1,2,1,8.53,3.65,4.12
1,2,1,12.38,8.22,12.647
1,1,1,38.33,4.12,6.076
1,3,3,14.11,2.18,4.102
2,2,1,23.82,0.87,10.037
3,1,2,17.23,1.69,15.604
2,2,2,27.23,5.71,10.766
2,1,3,15.49,1.34,4.046
1,3,1,4.19,3.93,4.713
2,3,1,20.4,4.54,10.558
1,1,2,31.76,1.29,2.224
1,1,3,23.41,5.05,7.444
2,2,2,58.09,7.51,12.724
1,1,2,29.36,6.95,8.479
2,3,5,19.31,1.25,3.245
2,1,1,28.62,4.01,10.032
3,1,1,33.37,2.2,11.765
1,1,5,9.5,0.34,0.799
1,2,3,32.54,7.55,6.46
2,2,1,5.2,8.29,13.967
1,3,4,67.48,2.77,4.183
1,3,1,4.7,2.51,2.854
2,2,3,8.44,3.18,6.925
3,1,2,30.2,6.64,24.209
2,1,2,13.98,9.66,11.904
1,3,4,3.72,6.13,7.142
1,1,3,47.11,9.95,14.56
1,3,1,32.28,3.88,4.609
1,3,3,43.6,0.99,2.536
1,2,3,5.03,6.18,5.729
1,2,2,19.14,3.17,7.156
1,3,1,14.63,7.66,6.283
1,2,1,59.33,3.28,4.161
1,2,5,19.3,4.99,7.441
1,1,2,10.19,4.26,5.647
1,1,2,31.77,7.5,9.211
2,1,2,4.46,8.83,11.614
1,3,1,21.54,1.72,2.145
2,2,1,15.32,9.95,11.467
1,2,1,8.23,6.52,8.698
1,1,1,29.46,7.89,10.472
1,3,4,3.34,1.57,2.35
1,1,1,20.99,3.0,3.511
1,2,1,40.15,9.93,19.153
2,1,2,31.54,4.35,8.909
3,3,4,21.53,1.41,16.152
1,2,1,72.92,3.08,6.667
1,1,1,24.01,9.52,17.199
2,1,3,11.33,1.88,3.692
1,1,2,24.29,6.37,5.756
1,1,2,38.27,6.47,7.55
2,1,1,42.4,4.0,8.275
1,1,4,28.67,6.19,8.216
2,1,2,26.0,5.11,8.499
1,1,3,48.53,9.66,13.263
1,2,5,19.58,7.67,11.18
1,1,3,20.05,8.46,8.7
2,1,1,28.26,0.77,7.038
1,3,3,21.85,4.18,4.826
2,1,2,31.06,5.47,10.589
2,2,1,21.57,4.81,10.884
2,3,1,15.1,4.29,6.694
1,2,1,45.09,9.48,10.122
1,2,4,10.32,6.86,11.161
1,2,3,36.85,7.64,5.735
1,3,3,36.22,5.47,8.953
3,3,3,20.85,6.16,14.53
1,1,2,15.3,9.06,10.221
2,2,4,49.6,8.57,21.372
1,3,1,44.92,1.74,1.814
1,3,1,55.08,6.46,6.08
1,1,2,4.52,6.89,9.871
2,1,3,11.54,0.44,2.62
1,2,3,4.2,6.08,6.685
1,1,5,35.89,8.29,8.006
2,2,3,34.75,2.48,5.51
1,1,1,25.91,3.07,4.055
1,1,1,36.22,8.64,13.973
1,1,2,32.29,6.27,7.358
1,3,2,8.14,9.65,13.736
1,3,2,29.68,9.2,9.34
1,3,1,36.62,0.42,1.6
2,3,2,14.37,2.85,8.406
1,3,3,36.04,1.97,2.929
1,1,1,35.98,2.09,2.139
1,1,2,14.37,7.29,6.627
1,3,1,23.62,6.31,7.373
1,2,2,21.29,6.66,9.611
1,1,3,22.69,8.11,8.296
1,3,1,73.82,1.4,5.025
1,1,3,35.94,3.5,7.074
3,3,2,30.78,3.68,33.576
2,2,1,27.33,1.3,6.969
1,1,4,18.1,8.37,8.188
1,3,3,29.31,8.42,13.275
1,2,2,7.09,7.88,9.471
2,2,1,6.31,1.48,7.411
1,2,2,52.87,3.17,4.565
1,1,1,22.72,2.36,2.463
1,1,1,31.49,9.02,7.492
1,1,2,49.48,5.34,5.382
1,1,4,4.79,1.81,2.034
2,1,1,18.43,2.07,6.335
3,2,3,15.18,2.75,23.036
1,1,2,42.46,7.11,7.93
1,2,2,29.94,5.36,5.831
1,1,3,59.99,8.07,8.011
1,1,1,8.87,5.93,7.021
1,3,2,27.08,4.77,2.701
1,3,1,35.79,5.78,10.049
2,3,1,48.43,8.34,13.929
3,1,2,45.74,7.11,19.674
2,2,1,31.96,4.97,8.589
2,1,1,40.12,7.89,12.387
1,2,1,32.35,1.36,1.21
1,3,1,15.42,0.12,1.333
1,1,1,19.04,6.55,5.916
1,3,1,16.66,9.13,13.693
1,2,1,8.2,2.34,4.001
2,1,2,16.81,2.54,5.391
1,1,2,32.14,8.93,11.904
1,3,4,39.58,6.15,5.674
1,1,4,13.0,7.25,7.172
3,1,4,50.54,4.92,37.401
1,1,2,22.74,9.56,11.957
1,3,1,14.62,6.24,8.672
1,1,1,21.09,0.81,1.493
2,3,4,39.97,0.75,3.318
3,2,5,12.52,6.33,20.916
1,1,2,16.78,3.71,3.232
3,1,2,15.67,1.83,11.209
1,2,1,24.49,3.31,4.643
2,1,1,16.43,9.69,10.86
1,1,2,47.27,2.76,4.146
1,1,1,16.28,8.25,7.693
2,3,2,16.03,3.48,4.766
1,2,3,17.03,1.18,2.495
1,2,3,4.0,2.73,4.147
2,1,4,14.62,2.69,5.493
3,1,1,28.17,9.38,24.136
1,2,2,21.88,1.46,3.455
2,1,2,25.63,2.87,5.831
2,3,2,8.96,5.29,9.248
1,3,5,43.96,2.12,3.211
2,1,1,3.33,3.97,5.565
1,3,1,35.85,1.62,2.655
2,2,1,67.57,5.94,17.775
1,2,2,17.82,3.4,5.083
1,1,1,40.66,5.82,7.481
1,3,1,14.25,1.72,3.43
1,1,1,38.94,8.28,14.558
2,3,2,35.69,6.01,9.687
3,1,2,27.7,1.18,9.933
1,1,1,47.11,4.57,2.827
1,3,4,50.05,9.38,14.654
1,1,2,16.95,4.0,3.575
1,1,1,27.16,8.17,8.155
1,3,1,3.48,3.21,5.019
2,1,1,17.07,1.25,4.869
2,3,1,45.12,8.41,28.673
1,3,2,41.16,0.45,1.9
1,1,4,24.17,9.4,8.52
2,2,1,60.22,8.95,15.803
1,3,1,20.64,8.08,11.341
1,3,4,34.92,1.45,1.931
1,2,2,26.94,8.15,11.223
1,2,2,29.65,9.23,17.054
1,2,2,30.32,0.62,1.294
2,1,1,18.26,8.66,9.359
1,2,1,46.98,8.83,6.622
1,1,5,38.53,1.05,0.99
1,1,2,51.8,6.22,5.557
2,1,1,11.91,8.19,10.713
1,3,4,48.64,0.23,0.903
1,1,1,64.15,3.12,4.714
1,1,1,17.3,9.87,9.858
1,1,5,22.04,2.25,3.325
1,1,2,48.33,1.72,6.905
2,3,3,17.17,9.86,12.727
1,1,1,33.57,2.51,2.862
1,1,1,2.88,6.63,6.143
1,3,4,16.67,7.71,5.575
2,1,1,13.35,0.17,3.017
2,1,4,8.95,5.38,7.72
2,3,3,28.86,0.66,4.225
1,2,1,13.71,8.92,15.17
2,1,4,29.33,2.06,5.081
2,2,4,41.67,8.1,19.018
1,2,4,25.74,0.22,0.95
1,2,2,36.72,3.96,3.325
2,1,2,31.49,8.8,15.194
1,3,1,37.62,9.36,13.516
2,2,1,21.58,8.44,11.303
1,2,4,52.31,8.92,5.319
1,3,5,12.78,3.75,2.841
1,3,1,16.36,7.1,10.121
2,2,2,8.05,2.64,8.04
2,1,4,52.59,9.04,11.936
1,1,2,20.81,0.64,1.499
1,2,1,36.39,6.43,7.317
1,1,1,43.11,3.4,2.536
1,2,2,22.91,3.47,3.921
3,2,4,17.15,7.1,52.216
1,2,1,4.43,1.86,3.929
1,1,1,41.8,3.88,5.303
1,3,3,27.19,0.62,1.107
3,2,3,13.52,9.73,35.35
1,2,4,13.69,6.02,8.757
2,2,3,11.24,1.58,6.749
1,1,2,22.9,9.23,9.86
1,2,4,41.79,4.26,4.745
2,1,2,30.21,7.52,14.809
1,2,2,28.84,2.39,3.595
2,1,1,3.87,6.49,9.342
1,1,2,66.68,9.39,9.95
2,1,1,26.61,2.36,5.113
2,1,4,48.7,0.33,3.742
2,3,1,42.89,7.63,7.797
1,3,1,12.11,5.87,5.883
2,1,5,47.55,6.77,7.348
3,1,3,24.73,5.27,22.226
1,2,3,11.38,5.06,6.533
1,1,3,18.95,7.86,15.292
2,1,1,34.21,4.36,7.729
1,1,1,31.19,5.49,7.693
2,2,3,43.13,3.33,5.149
2,3,4,10.81,7.54,10.279
1,1,1,37.69,5.55,5.301
1,3,1,31.86,7.72,6.142
1,3,1,18.75,0.65,1.619
1,3,2,6.58,3.05,5.535
2,2,1,17.61,7.72,15.055
1,3,1,7.16,2.36,2.345
1,2,1,59.29,1.84,1.961
2,3,2,23.49,9.2,13.89
1,1,2,19.52,7.26,6.762
2,2,1,69.77,4.68,10.792
1,2,1,14.82,6.18,8.593
1,1,1,36.33,8.61,13.736
1,1,2,63.88,2.81,2.225
2,1,1,18.31,2.17,7.089
2,1,4,4.91,5.89,6.912
2,1,1,13.52,2.55,5.719
3,1,3,5.76,2.76,18.496
2,1,1,39.35,8.77,10.094
2,2,2,12.24,0.97,6.069
1,1,2,33.31,5.31,4.548
3,1,1,6.86,3.82,20.902
2,1,1,28.6,6.17,11.113
2,1,1,40.8,1.73,3.872
1,1,2,6.16,5.89,5.408
1,3,4,2.87,7.41,10.662
2,1,2,26.01,4.03,8.435
1,1,3,11.76,2.32,2.951
1,2,1,39.48,6.21,10.35
3,3,2,22.9,9.56,23.443
1,1,3,16.96,9.99,9.618
1,1,1,30.89,1.3,1.599
1,2,1,22.4,0.24,1.008
1,1,1,15.39,5.89,5.491
2,1,1,25.04,3.03,6.476
3,3,5,16.6,7.88,21.994
3,3,1,48.45,8.5,57.103
2,2,1,17.17,3.48,9.746
2,1,1,4.87,9.67,14.707
1,2,1,29.4,3.23,5.844
2,3,1,9.33,1.48,7.109
1,3,1,44.23,3.68,4.01
1,1,1,22.78,7.92,7.226
3,1,1,0.95,9.1,24.791
2,1,3,27.25,8.04,18.854
1,3,2,16.62,8.81,11.968
2,1,3,8.03,3.36,5.365
1,1,1,40.45,8.6,9.503
1,1,1,42.9,8.35,10.063
1,1,5,71.02,7.05,4.947
1,3,1,18.33,8.95,8.151
1,1,2,3.42,3.29,4.254
1,1,1,49.9,4.51,6.956
1,2,1,34.47,2.52,3.775
1,2,2,26.54,5.63,6.0
3,2,2,19.94,0.64,29.414
2,3,1,7.1,0.38,3.725
2,1,2,67.1,0.95,5.014
1,1,1,6.33,2.38,5.685
2,1,2,23.42,1.71,3.937
2,2,3,20.24,8.64,16.655
1,3,3,48.09,8.84,8.672
1,1,1,36.9,5.65,7.736
1,2,1,30.61,3.27,5.99
1,2,3,17.98,2.65,2.445
1,3,1,65.0,4.67,6.183
1,1,4,32.1,9.24,6.975
1,1,3,26.8,6.62,5.601
2,2,1,10.7,8.94,20.276
1,3,3,69.0,6.4,5.805
1,2,1,37.89,2.31,3.068
2,3,1,19.0,2.03,7.558
1,1,5,39.89,6.78,17.258
1,2,3,45.43,5.69,6.077
1,1,2,14.72,3.48,3.388
1,1,3,65.41,2.77,3.554
1,1,1,61.21,8.92,13.048
1,1,3,33.8,6.09,8.977
1,1,5,66.47,9.8,6.586
3,2,3,39.26,5.05,55.706
3,3,2,11.41,5.31,26.79
1,1,1,26.25,6.67,5.971
1,1,4,20.64,7.57,7.568
1,1,1,28.01,9.45,11.559
2,1,4,17.03,0.17,2.377
2,1,1,33.24,2.16,5.778
1,2,1,38.73,3.86,9.919
1,3,1,45.2,6.09,8.598
1,2,2,51.27,0.26,1.619
2,2,1,20.32,8.66,13.586
2,2,1,12.43,6.74,18.91
1,1,4,1.83,6.59,7.548
1,1,1,0.45,7.52,6.588
1,1,2,8.64,3.49,3.869
2,1,2,52.28,7.22,11.699
3,3,2,43.57,2.5,19.784
1,1,2,26.84,2.41,4.735
1,1,4,5.73,8.64,6.938
1,1,2,26.03,2.08,4.201
1,1,2,49.01,8.52,6.42
2,3,1,9.83,4.96,9.865
1,1,2,39.55,0.85,2.315
2,2,1,18.21,1.55,7.386
1,1,2,13.53,3.04,2.993
1,1,2,3.68,6.35,7.149
1,1,3,28.8,5.36,6.605
1,3,2,33.49,9.91,15.867
1,1,2,19.51,9.89,7.798
2,2,1,40.55,3.11,8.184
1,1,3,69.16,3.86,10.652
1,2,5,26.07,0.26,1.009
1,2,2,20.4,5.49,7.31
1,2,1,56.97,1.6,4.674
2,1,2,8.09,4.08,7.16
3,1,1,65.86,2.94,55.192
1,3,2,11.32,6.03,7.897
2,2,1,9.14,2.49,8.492
2,1,2,19.11,4.42,5.128
3,1,4,26.63,4.9,21.319
1,1,1,12.72,4.65,8.216
1,1,2,9.05,4.58,6.766
1,1,1,30.35,3.6,2.364
2,1,1,78.06,3.37,19.398
2,1,2,11.72,3.1,7.024
1,2,3,22.42,6.06,7.127
1,3,4,16.47,4.56,3.737
2,2,1,35.92,5.73,10.37
2,2,1,19.65,8.29,16.201
1,2,2,23.71,3.65,4.261
2,1,2,28.17,0.71,6.883
1,2,3,12.93,7.34,5.695
1,1,3,19.24,3.63,4.062
1,1,4,31.56,4.28,3.042
2,2,1,39.48,0.54,4.963
3,1,5,12.79,0.45,6.912
1,2,5,31.1,2.23,1.807
1,2,1,41.08,3.3,5.731
1,1,1,54.64,7.13,6.269
1,1,3,27.01,0.98,1.149
1,2,2,32.56,3.79,4.959
1,2,1,36.54,6.14,7.146
1,3,1,39.99,8.53,8.931
1,1,2,56.68,3.63,4.009
1,3,4,9.69,2.26,3.062
2,1,3,12.18,9.98,14.425
1,1,4,21.21,7.42,6.061
2,2,2,23.95,3.68,14.241
3,1,3,30.0,5.56,19.258
1,1,1,22.62,8.19,11.959
1,1,2,9.82,3.44,4.109
1,3,4,23.94,2.82,4.241
1,3,3,12.08,0.33,0.7
1,3,2,15.79,2.89,2.775
1,1,1,34.24,8.51,7.809
1,1,1,21.86,8.98,6.976
1,3,2,24.36,3.04,4.135
1,1,1,21.66,9.77,10.399
2,1,1,72.19,9.94,11.931
1,1,3,28.82,3.18,4.335
1,2,1,36.24,0.33,2.231
2,2,1,11.36,7.37,8.238
1,1,1,9.83,0.8,1.832
2,1,1,78.14,0.6,11.697
1,2,1,20.82,6.36,5.097
1,2,1,24.67,8.94,8.503
3,1,2,4.29,0.53,12.457
1,1,2,43.95,7.26,5.961
1,3,2,24.32,7.48,12.344
3,2,4,22.87,2.37,19.353
2,2,2,35.28,1.89,4.223
2,2,2,35.56,9.79,14.745
1,3,2,58.31,1.94,2.648
1,1,2,15.81,3.16,3.158
2,1,1,82.66,2.35,13.271
1,1,4,38.21,2.87,2.245
1,3,2,21.94,4.8,8.806
2,1,2,42.31,2.92,6.541
1,1,2,12.92,2.24,2.851
1,1,3,19.06,8.77,8.321
1,2,2,49.99,4.02,9.297
1,2,2,17.28,4.12,4.391
2,1,2,35.69,3.23,7.187
2,1,3,61.13,0.36,5.725
1,2,1,44.25,4.17,5.408
1,1,4,34.71,6.06,7.738
1,2,3,29.98,1.79,3.58
1,1,1,9.0,9.88,12.399
1,3,1,14.64,9.82,10.426
3,1,4,22.48,7.75,17.484
1,2,1,43.73,6.32,8.265
1,1,1,11.95,1.81,2.246
3,1,1,72.45,5.34,28.03
1,2,1,15.32,4.93,6.364
3,2,2,8.28,2.07,37.447
1,2,3,30.99,7.69,10.049
1,2,2,33.88,2.32,2.441
3,2,1,67.43,1.19,62.71
1,3,2,32.83,8.97,12.763
1,1,1,27.2,8.62,8.928
1,3,2,6.82,6.84,7.89
2,1,2,45.14,1.53,16.98
1,1,5,25.99,0.39,1.268
1,2,3,33.19,1.47,2.549
2,1,3,26.44,6.86,11.73
2,1,2,42.01,1.3,4.843
1,1,2,16.51,4.74,4.991
1,2,2,37.87,2.92,5.659
1,2,3,11.69,0.67,1.971
1,1,4,27.02,7.36,9.443
1,1,5,19.26,9.16,9.104
1,1,2,23.37,3.64,6.924
1,1,2,50.5,6.52,5.241
1,1,1,22.88,0.71,1.457
2,1,1,45.96,1.8,4.544
1,3,3,19.28,0.27,0.991
3,2,4,25.4,8.87,27.162
3,1,4,33.48,1.06,19.75
1,1,4,12.26,7.07,7.572
3,1,2,19.55,0.86,21.984
2,1,3,22.67,7.91,10.222
1,1,2,50.79,9.91,9.355
2,3,2,17.5,7.13,12.349
1,2,1,36.67,1.13,1.417
2,1,2,47.4,4.56,7.987
1,1,1,39.02,3.5,4.691
1,2,3,41.12,5.06,12.633
1,3,4,15.89,0.81,1.622
3,1,3,49.44,9.2,15.516
1,3,1,18.03,2.5,2.898
1,1,2,16.76,7.05,5.891
1,2,2,17.87,4.82,6.673
1,1,3,44.46,8.67,12.719
2,2,1,16.41,7.21,9.355
2,1,2,39.55,9.92,19.572
1,2,4,32.79,8.48,7.383
1,2,1,20.52,2.74,3.23
1,2,3,16.6,0.14,0.806
1,2,4,49.68,4.45,4.733
2,1,3,25.88,3.41,6.275
2,2,4,27.13,0.75,6.99
1,1,3,50.23,6.22,4.664
1,2,2,28.55,9.9,8.01
1,1,2,28.88,3.7,5.624
1,1,1,40.68,1.62,2.276
1,1,1,35.2,4.83,4.677
2,3,2,44.63,6.16,12.4
1,2,1,18.93,9.41,9.38
3,1,1,53.01,1.03,19.465
1,2,3,43.0,0.9,1.958
1,1,1,35.41,8.21,9.738
1,1,1,47.89,8.69,6.83
1,1,2,8.48,6.66,9.105
1,2,1,6.28,8.1,9.022
1,3,2,3.68,0.4,1.113
2,3,1,46.25,9.22,12.816
1,1,3,16.23,6.64,6.523
2,1,2,3.98,9.19,10.336
2,3,2,29.41,4.81,12.427
1,1,1,65.54,8.35,10.304
1,2,3,36.6,9.1,8.901
1,3,1,23.79,1.54,1.976
1,1,2,3.78,0.13,0.637
2,1,1,35.55,3.46,8.594
3,3,1,12.46,2.81,21.594
1,2,1,5.62,0.4,1.503
1,3,1,21.43,9.7,10.939
2,2,1,36.17,7.24,12.309
2,1,1,59.45,1.96,7.592
1,3,4,28.25,9.81,18.207
2,2,2,42.35,2.27,9.796
1,3,2,16.86,8.27,9.544
1,1,1,50.92,3.04,3.187
1,2,1,49.46,4.58,8.421
1,1,5,71.29,4.31,4.007
2,1,1,11.88,4.69,8.613
1,3,3,15.24,5.39,3.7
1,3,2,27.77,0.35,0.962
1,2,2,40.21,9.59,9.259
1,3,3,38.92,5.65,5.922
1,1,3,79.95,4.93,5.331
1,3,4,27.12,2.09,3.749
2,2,2,27.47,2.8,8.44
1,2,1,5.96,9.65,14.074
2,2,2,27.79,0.79,5.122
1,2,1,29.03,7.76,6.523
2,3,1,9.46,9.77,19.599
2,1,2,36.97,5.81,7.214
1,3,1,53.47,6.22,8.35
1,1,4,47.1,5.63,5.753
3,1,5,13.06,4.61,10.11
1,2,1,40.53,4.0,3.664
2,2,1,20.2,3.48,7.85
1,3,2,39.01,0.16,0.987
1,1,1,13.63,1.22,2.071
1,1,1,5.83,7.88,8.663
2,2,4,43.85,7.87,11.835
1,3,1,19.61,2.26,4.072
2,3,1,25.78,6.72,16.139
2,3,2,15.83,8.05,12.353
1,1,1,24.88,3.02,3.293
1,3,3,25.9,8.51,9.186
1,1,3,9.97,2.11,2.768
1,3,1,25.35,5.19,4.166
2,2,1,26.8,1.9,8.252
1,1,4,27.36,0.87,1.356
1,2,2,58.9,0.3,1.526
2,2,2,46.1,2.47,8.292
1,1,1,19.11,5.03,4.741
1,1,2,39.11,7.86,12.334
1,2,1,6.22,1.45,2.016
1,3,2,13.14,7.45,8.965
2,2,2,36.47,1.21,12.257
1,1,2,56.18,3.13,3.986
1,2,2,10.49,5.89,9.49
1,1,3,16.16,3.39,4.005
1,1,3,11.19,3.64,4.63
2,1,2,22.97,9.36,8.727
1,1,1,31.66,4.42,7.407
2,1,3,46.57,5.22,8.029
2,1,3,32.26,7.23,9.971
1,1,1,14.44,2.65,3.048
2,2,4,39.11,9.98,11.886
1,1,4,74.11,0.46,2.037
3,1,2,56.03,0.22,20.909
1,2,1,21.14,2.48,3.043
1,2,2,20.15,7.43,7.084
1,3,1,42.57,6.78,5.923
1,1,1,10.0,2.06,3.798
2,2,1,32.45,5.01,12.352
1,3,3,7.67,3.26,3.282
1,2,2,6.31,3.95,4.177
1,2,2,23.63,5.44,8.575
2,1,1,4.54,6.56,10.383
2,1,2,23.81,3.95,4.796
1,1,2,1.13,7.98,4.665
1,1,2,25.88,0.79,1.474
1,3,1,35.65,7.2,12.232
2,1,1,75.01,5.87,10.249
2,2,1,23.21,7.08,15.669
1,3,3,16.93,8.77,14.533
2,2,2,28.34,6.53,8.683
1,1,3,24.48,3.08,2.818
2,3,2,70.91,2.64,9.743
1,1,1,28.81,3.31,4.49
1,1,1,32.77,1.3,2.274
1,1,1,6.33,8.39,8.809
1,1,2,18.12,1.6,4.141
3,3,3,9.95,1.45,20.68
1,1,1,21.13,1.17,1.708
2,3,2,36.51,4.6,8.745
2,1,1,24.56,9.09,11.464
2,3,1,58.05,0.76,12.695
3,1,2,7.82,9.93,17.062
1,3,1,28.94,8.83,9.178
1,1,1,35.07,5.02,3.379
1,3,3,3.64,6.96,8.112
1,3,2,52.58,1.39,3.06
2,2,1,19.62,7.22,9.37
1,1,2,41.77,8.44,5.658
1,2,1,41.23,0.3,1.871
1,2,4,41.38,6.52,8.389
1,2,3,26.01,1.03,1.375
2,2,1,20.41,1.31,7.002
1,3,2,51.63,1.99,3.938
2,3,1,48.97,1.42,9.074
2,2,3,35.24,8.19,12.141
2,1,1,21.78,0.34,3.19
1,1,2,22.98,0.54,0.615
2,2,1,51.89,7.3,12.856
1,3,3,10.39,2.06,2.926
1,1,5,26.46,9.39,9.662
2,1,1,52.06,3.36,10.904
2,1,2,20.7,9.0,19.32
1,1,2,6.67,3.96,4.535
2,3,2,23.23,0.41,2.614
1,2,1,7.57,9.87,9.895
1,1,2,10.79,9.24,12.753
3,1,3,22.88,3.8,22.827
1,1,4,20.89,1.86,1.522
2,2,3,22.08,5.5,8.265
1,2,2,29.5,8.05,8.707
2,1,1,13.6,3.53,8.478
2,1,1,6.01,5.0,6.808
2,3,2,40.87,3.68,10.277
1,3,2,55.83,4.73,2.364
2,2,3,40.62,8.66,13.899
1,1,2,8.95,0.6,0.906
3,3,1,47.17,0.41,27.339
1,2,1,46.95,6.77,5.19
1,3,2,42.38,7.07,8.14
2,1,1,23.52,3.23,7.774
1,1,1,6.71,5.21,6.137
1,1,1,32.69,3.36,5.662
2,3,2,3.46,0.46,4.303
1,2,1,66.27,9.28,12.409
1,1,5,65.9,2.33,2.46
1,3,4,17.67,6.16,7.447
1,3,1,24.95,2.13,2.66
1,1,3,35.08,0.36,0.881
1,2,2,16.34,8.51,12.402
1,2,4,8.55,2.59,4.897
1,1,2,16.07,9.09,8.929
1,2,1,34.75,3.35,5.341
2,1,1,18.87,0.53,3.26
2,3,5,29.22,8.86,9.581
1,3,4,48.19,5.2,2.731
1,3,2,50.93,6.49,9.197
2,2,2,24.64,8.08,12.183
1,1,2,26.75,4.93,8.694
1,1,3,49.93,2.78,2.788
1,2,2,16.69,8.26,9.296
1,1,1,31.66,5.97,8.267
2,2,1,42.12,6.95,31.791
3,1,2,19.68,2.83,13.988
3,1,1,6.07,8.75,22.016
1,2,3,43.75,5.03,6.587
1,2,4,53.05,6.86,7.28
1,2,1,68.42,5.4,10.254
1,2,4,13.85,0.8,1.639
1,1,3,14.91,4.51,6.769
2,2,2,58.56,7.89,15.706
1,2,1,42.69,8.77,13.455
3,2,2,55.14,9.04,50.217
1,1,5,30.38,3.69,4.788
1,2,2,22.9,2.38,3.71
2,1,2,25.13,1.11,4.189
2,2,1,34.14,9.83,13.682
1,1,1,33.97,6.36,9.09
1,3,2,16.22,4.7,4.251
1,3,2,36.81,7.19,9.793
1,2,4,45.75,1.79,3.494
1,3,2,39.58,6.03,13.523
1,2,1,30.19,6.71,10.181
2,1,1,39.68,2.37,3.767
1,2,1,24.98,3.55,3.76
2,3,1,7.29,0.24,4.463
2,1,1,18.8,8.77,10.999
1,1,3,29.21,3.86,4.881
1,2,2,28.34,3.73,3.489
1,1,4,16.05,3.92,2.836
2,2,4,13.91,9.99,11.124
2,2,1,11.29,5.33,18.363
2,2,3,15.73,5.3,12.878
1,1,1,32.65,5.2,5.099
1,1,1,12.84,1.34,2.084
1,3,1,17.69,5.2,4.773
1,1,1,20.64,1.84,3.133
2,2,2,27.44,5.05,8.169
1,1,3,12.29,6.6,6.491
1,1,2,21.6,7.07,6.326
1,1,2,19.32,2.77,3.175
1,1,3,21.22,0.49,1.101
2,2,3,47.41,4.5,11.017
1,2,4,5.73,1.37,2.641
3,3,2,16.77,1.73,15.938
2,3,1,35.65,9.44,7.118
2,1,2,22.07,7.27,10.807
2,1,2,28.47,0.65,6.049
2,3,1,27.34,3.7,6.41
2,1,3,12.73,0.71,3.724
1,1,4,39.18,7.38,6.917
1,1,5,9.49,9.14,7.959
1,2,1,19.42,9.79,9.056
1,1,1,11.89,1.54,2.463
1,1,1,25.07,7.32,11.447
2,2,3,65.04,1.06,15.645
1,2,2,18.53,9.06,12.531
1,1,3,16.46,1.35,1.93
2,2,4,37.29,0.24,4.172
1,1,1,47.06,2.04,4.011
2,1,1,41.21,1.41,8.574
1,1,3,30.1,1.41,1.764
2,1,1,24.37,7.65,9.962
2,1,2,44.26,6.5,11.968
1,3,2,10.96,0.36,0.886
1,1,2,70.2,3.95,5.698
1,3,5,10.62,5.0,3.48
1,1,1,47.8,4.04,6.952
1,1,2,29.45,1.72,2.462
3,2,5,16.03,7.58,23.91
1,3,1,31.44,3.83,5.578
2,1,3,47.17,0.58,3.633
1,1,4,34.97,9.04,12.601
3,2,1,17.66,4.48,44.964
1,1,1,2.72,3.96,5.384
1,2,1,38.94,6.24,9.71
1,3,1,29.22,2.47,8.194
1,1,1,3.92,4.37,7.035
2,3,1,30.42,5.31,8.584
1,1,2,8.13,3.4,4.141
1,3,3,6.94,7.65,5.748
1,3,1,44.75,0.53,2.154
2,2,2,11.57,4.62,8.704
1,3,1,31.99,3.6,7.553
1,3,2,22.4,9.99,12.874
1,1,1,12.61,8.42,8.137
1,1,1,3.26,8.58,9.403
1,1,5,12.7,4.15,5.8
3,1,3,24.91,1.6,18.162
1,2,2,48.23,8.36,7.914
2,1,3,12.11,5.94,11.727
1,2,2,22.39,5.63,3.817
1,1,1,59.47,9.79,6.767
1,1,2,61.67,2.38,3.397
1,1,3,46.61,7.91,7.593
1,3,5,66.26,0.18,1.247
1,1,2,22.13,0.77,1.032
1,1,1,29.26,8.99,7.962
3,1,3,50.69,5.44,16.87
1,3,2,42.09,4.9,4.148
1,1,1,23.46,6.97,7.489
1,2,2,20.8,9.95,8.457
1,1,1,55.51,5.49,5.602
2,1,2,25.79,2.7,5.22
1,2,3,40.17,4.78,5.928
1,2,1,5.38,1.76,2.036
1,2,2,17.8,3.57,5.13
1,1,1,32.47,2.94,3.092
3,3,1,25.18,6.2,30.742
1,2,3,10.96,6.15,6.807
2,3,2,29.96,7.87,13.249
1,1,3,25.29,6.98,7.935
3,1,2,39.35,8.64,44.533
1,1,3,8.22,0.33,0.602
1,2,1,30.77,4.59,9.569
2,2,2,30.14,1.06,9.811
1,1,1,34.25,2.0,2.516
1,1,3,9.93,6.17,7.936
3,1,2,7.35,8.37,35.871
1,1,1,10.0,3.08,2.72
2,3,2,33.26,0.46,5.231
2,1,3,1.44,2.94,4.326
2,1,1,22.21,2.09,6.119
2,1,2,39.54,4.56,11.105
1,1,3,23.0,0.38,0.715
1,3,1,13.55,2.17,2.667
1,1,2,19.78,3.63,4.2
2,3,4,14.2,6.79,11.993
2,2,1,12.36,0.66,8.49
1,2,1,36.02,0.83,2.649
1,1,2,28.69,0.86,1.644
1,2,2,34.12,2.97,4.284
1,2,3,13.17,0.27,1.478
2,1,2,3.26,9.99,14.492
1,3,2,25.38,3.08,4.808
2,1,2,32.89,3.02,6.901
2,1,1,30.09,5.65,6.676
3,1,2,9.34,5.0,14.737
1,2,1,10.4,7.14,9.369
3,1,5,28.0,4.6,12.469
2,1,1,31.05,1.44,6.0
2,1,1,8.84,5.52,8.027
1,1,3,14.3,9.01,7.982
1,1,1,41.85,0.14,1.268
2,3,2,28.83,0.81,3.551
1,1,4,22.87,9.64,11.787
1,3,3,20.28,6.79,6.849
1,2,1,50.61,6.72,6.705
1,2,1,61.92,0.17,2.096
1,3,2,43.42,3.45,4.7
1,1,2,57.68,5.51,12.015
1,2,1,25.73,1.8,3.526
3,1,1,19.98,1.13,23.211
3,1,3,37.25,7.32,27.718
1,1,1,25.48,1.91,2.775
1,2,3,37.87,8.91,8.943
1,3,1,56.8,5.18,5.793
1,1,2,12.61,1.25,1.758
2,2,2,67.61,5.67,24.684
1,1,1,24.23,3.71,8.12
1,1,2,9.21,8.27,8.246
1,1,1,9.14,8.69,9.838
1,2,4,16.14,1.79,2.638
2,1,3,18.34,3.83,5.846
2,1,1,15.29,1.25,2.874
1,1,2,33.78,5.5,9.287
1,2,4,28.08,7.51,9.73
3,3,2,34.59,9.46,37.081
1,1,1,39.13,8.5,8.046
2,2,3,47.35,4.08,13.206
2,2,1,26.73,7.57,10.407
1,1,2,52.34,8.25,10.2
2,1,1,16.8,5.79,7.177
1,3,2,36.14,4.53,4.122
2,1,2,51.43,6.81,11.17
1,1,1,27.63,1.93,2.447
1,3,4,23.65,3.04,5.536
1,3,2,37.81,0.42,0.83
1,2,1,36.33,9.67,13.001
1,3,3,38.7,3.48,5.94
1,1,2,7.94,2.71,2.838
1,2,1,4.6,7.69,8.362
1,1,2,25.85,0.23,1.043
1,3,5,55.76,1.56,1.713
3,1,1,32.18,1.2,19.696
3,1,4,36.78,6.35,18.385
1,1,2,24.5,5.43,6.692
1,2,1,15.8,9.86,11.522
2,2,3,14.6,0.64,5.139
2,2,2,4.31,9.06,14.132
1,1,3,3.36,3.54,3.693
2,1,2,27.4,4.45,9.496
1,2,1,13.19,3.16,4.565
1,1,1,35.9,8.78,9.961
2,2,1,59.79,5.8,28.289
2,3,2,4.48,2.18,7.046
2,2,4,26.44,1.71,5.184
1,1,3,31.96,8.66,17.082
1,2,3,22.8,6.63,6.89
1,3,2,37.06,4.93,12.594
1,2,1,39.39,5.62,2.565
1,3,3,10.5,8.61,8.297
1,1,1,36.33,2.68,3.385
1,2,1,33.73,3.07,4.267
2,1,1,6.47,2.75,5.653
1,2,4,10.03,4.43,5.851
1,3,3,34.23,9.65,9.004
2,3,1,26.3,9.96,14.999
1,1,4,4.92,5.27,6.098
2,3,3,27.12,8.31,28.316
1,1,2,49.81,5.18,10.203
1,1,1,42.11,1.27,2.597
2,2,1,4.26,1.41,9.945
1,1,1,16.75,4.22,2.892
2,1,2,31.1,3.96,4.851
2,2,2,22.87,0.97,6.202
1,2,1,54.57,2.43,3.062
2,2,1,13.38,5.07,12.591
2,2,2,17.79,2.82,10.222
3,2,3,33.92,0.67,25.15
1,1,1,37.28,3.06,3.094
1,1,3,89.4,0.58,3.988
2,2,5,4.48,5.12,5.59
1,2,3,17.55,6.47,6.903
1,1,2,46.88,1.08,1.393
1,1,3,40.07,7.27,7.812
1,3,4,16.88,8.07,7.947
1,3,3,20.11,2.84,3.356
1,2,1,34.39,3.34,5.153
1,2,1,14.69,9.32,16.647
1,3,1,39.06,8.41,13.131
3,2,1,32.45,6.19,36.168
1,1,3,44.95,1.57,1.925
1,2,1,34.05,3.72,5.802
1,3,3,31.84,0.63,0.909
1,2,2,63.73,3.9,2.773
3,1,2,11.56,0.59,15.089
3,3,1,18.07,8.46,28.881
1,2,1,59.24,4.46,10.784
1,1,1,28.78,7.95,8.351
1,3,4,5.06,1.68,2.654
1,2,1,21.9,4.91,6.974
1,3,1,36.07,6.25,7.252
1,3,1,40.87,8.59,6.935
1,1,2,31.47,0.99,1.633
1,2,2,46.3,2.03,2.433
1,1,5,7.84,6.63,5.987
1,3,1,33.5,5.49,4.499
1,3,1,16.21,6.95,10.481
1,3,3,31.33,3.15,3.784
1,2,1,5.71,6.01,5.789
1,2,1,22.43,0.99,1.632
1,1,4,25.08,3.87,5.627
1,1,2,3.88,6.4,8.175
2,1,2,7.98,1.29,3.15
3,3,5,38.51,3.48,20.679
1,2,1,36.02,0.36,1.506
1,2,1,33.95,5.41,8.501
2,1,1,40.42,7.6,7.43
2,2,1,39.19,5.17,12.726
1,1,2,25.94,6.21,7.486
1,3,3,47.74,4.22,8.451
1,3,5,19.38,2.08,2.137
1,2,3,12.51,7.76,6.894
1,3,4,20.65,3.67,3.132
1,1,2,24.55,2.8,2.703
1,1,1,25.18,4.89,7.862
1,2,1,31.43,4.19,4.184
1,2,2,45.58,1.67,3.401
2,1,1,21.14,6.18,10.237
1,1,1,43.14,2.95,2.675
1,2,4,20.32,0.74,1.757
1,1,1,4.26,9.87,12.712
2,1,3,31.07,8.91,10.105
1,1,1,27.62,8.93,9.131
1,3,2,40.01,4.34,4.722
1,1,2,49.21,4.97,3.971
2,1,1,39.13,2.92,8.01
2,1,1,11.7,7.36,10.513
2,1,2,27.1,2.96,6.495
2,2,2,48.02,3.69,5.626
1,1,1,31.53,8.56,10.243
1,1,1,32.74,1.45,3.176
1,3,1,57.23,1.04,2.037
2,2,1,40.65,3.89,8.84
1,1,4,37.76,5.39,7.301
1,1,1,31.97,4.83,3.934
2,3,2,28.7,2.62,3.495
1,2,2,30.39,1.98,3.305
1,3,3,37.59,3.74,3.807
1,1,1,19.16,1.34,2.354
2,2,2,21.18,5.43,11.078
3,1,2,13.63,7.41,25.002
1,1,1,32.5,0.7,1.518
3,2,1,11.41,8.44,44.589
2,2,3,16.28,2.74,15.682
2,1,2,29.96,7.8,9.866
2,1,1,47.28,1.81,6.16
1,2,2,8.62,0.72,1.37
2,1,1,17.87,2.4,5.424
1,1,1,2.4,8.7,9.337
2,1,1,13.59,5.38,7.896
1,1,1,11.05,8.09,8.915
2,3,2,39.49,5.71,10.909
3,1,2,11.74,9.39,24.66
1,2,1,13.21,2.6,3.431
3,2,2,22.83,0.8,18.138
1,1,3,5.28,3.15,4.208
1,2,2,38.49,4.5,5.271
1,1,1,40.32,3.39,5.321
2,3,1,27.91,5.54,9.253
1,2,4,55.7,5.7,4.325
1,2,1,1.58,3.25,4.136
2,1,1,39.6,9.11,7.531
1,3,2,26.53,3.79,3.557
1,2,3,34.47,5.22,5.755
2,1,4,11.91,5.15,5.494
2,1,1,8.46,8.76,11.395
2,1,5,56.01,7.28,7.378
1,1,1,47.97,2.76,4.441
3,1,3,35.46,6.98,12.099
1,3,1,19.49,2.11,3.187
1,3,4,66.75,9.85,10.416
1,1,4,48.11,7.91,6.741
1,3,3,16.9,0.98,1.575
2,2,2,35.6,8.55,16.48
2,1,1,45.21,5.82,4.875
1,3,2,22.12,2.04,3.296
1,2,1,45.25,0.67,3.828
2,2,3,25.45,3.79,6.066
3,1,1,39.89,5.97,44.543
1,1,1,31.35,8.9,12.397
1,3,1,14.62,9.59,8.732
1,1,3,25.08,3.41,4.057
1,1,2,22.14,0.59,1.031
1,1,2,59.33,9.46,11.003
1,1,1,7.92,6.94,10.976
2,1,1,11.36,3.17,7.306
1,3,2,28.84,9.12,9.147
1,1,1,7.42,9.26,10.784
1,3,2,45.09,3.95,3.227
3,2,2,21.72,0.22,39.978
1,2,5,24.4,1.77,2.317
1,1,1,13.06,9.1,9.228
1,1,1,32.31,0.37,1.206
2,3,4,40.88,8.48,10.436
2,2,4,27.69,3.16,5.921
1,1,2,18.0,1.98,2.794
1,3,1,2.81,9.13,9.284
1,3,2,28.52,7.11,5.82
2,1,2,36.06,0.5,5.393
3,2,1,14.6,8.42,20.712
1,2,1,7.04,8.73,7.616
1,3,2,11.68,0.8,1.873
2,1,1,27.46,2.82,5.963
2,1,4,32.73,9.93,17.567
1,1,1,43.98,4.81,8.12
1,1,5,37.26,2.55,3.943
1,1,2,61.47,0.83,3.255
2,2,5,37.42,0.24,3.9
2,2,3,27.06,2.85,7.6
2,1,1,11.39,5.84,9.205
2,2,1,12.93,5.46,14.421
1,1,1,55.01,2.64,3.077
1,1,3,41.67,0.87,2.029
1,2,1,27.5,2.18,3.566
2,3,3,27.27,5.71,12.232
1,1,4,28.01,0.29,0.987
1,3,2,40.36,1.46,2.339
1,3,2,35.84,7.75,13.967
2,2,4,21.53,0.34,5.597
2,3,3,28.36,5.61,5.703
2,1,1,37.84,8.32,6.745
1,1,1,19.91,6.4,5.5
3,3,2,30.14,6.95,27.382
2,1,1,21.47,1.41,6.485
2,1,2,15.35,0.59,3.272
2,1,5,40.28,5.53,7.086
3,1,2,33.13,7.95,26.391
3,1,1,14.82,7.87,33.887
1,1,1,27.92,0.72,1.598
1,3,4,10.75,0.2,0.716
1,1,1,22.74,1.19,1.417
2,3,1,80.57,9.78,12.848
2,1,2,36.56,1.7,3.408
1,1,2,36.34,0.92,1.887
1,3,1,50.75,5.37,7.425
3,1,2,20.04,9.49,27.893
2,1,2,24.46,3.42,8.251
3,3,1,38.93,3.42,30.964
1,1,2,20.51,9.47,7.946
2,1,3,4.6,6.76,8.051
2,3,1,11.33,0.67,5.077
1,1,5,36.23,5.5,5.301
1,2,1,26.52,1.14,1.493
3,1,2,16.35,8.26,18.966
1,1,2,42.03,6.9,11.782
1,1,2,38.31,5.44,6.588
2,2,1,27.38,8.19,15.172
2,1,2,30.22,2.15,4.366
1,3,5,24.94,5.98,4.444
2,2,2,47.62,2.67,10.488
1,2,1,16.42,1.76,3.247
2,1,1,44.39,0.72,3.355
1,2,2,59.55,9.9,15.858
2,2,1,38.09,1.27,7.526
2,1,3,53.73,7.78,13.332
1,3,5,13.73,6.97,7.51
1,1,4,41.5,7.17,7.523
2,3,1,18.72,4.07,16.342
1,3,2,25.21,4.2,5.816
1,1,1,7.3,3.66,4.345
1,1,1,7.56,1.02,1.923
3,2,2,27.1,0.44,25.275
1,2,1,45.01,4.25,7.592
1,3,1,10.77,4.89,6.11
3,1,3,11.89,1.52,13.24
1,2,3,16.4,5.45,5.959
1,3,4,4.63,1.37,1.856
1,3,1,14.54,3.18,4.061
1,1,4,18.57,2.7,4.234
1,3,1,13.57,5.52,7.057
2,1,1,18.6,7.1,6.256
1,2,2,8.22,2.55,5.177
2,1,2,42.29,1.84,6.767
1,2,2,5.26,0.29,2.258
1,1,3,50.2,1.81,2.526
1,1,1,7.85,8.02,11.177
1,1,4,37.71,8.55,11.368
2,3,1,33.53,8.48,14.283
1,2,3,26.91,5.21,8.881
1,2,4,42.88,6.37,7.011
1,2,2,29.47,3.88,5.253
2,1,4,26.89,7.04,7.039
1,1,2,25.59,9.81,9.863
2,1,1,18.88,3.05,5.179
1,1,2,52.38,1.44,2.397
1,3,2,24.9,5.42,7.347
2,1,1,40.31,1.62,6.633
1,2,2,37.78,9.75,11.812
1,3,1,19.04,7.55,10.114
3,3,1,24.5,5.17,51.733
1,1,5,61.49,6.82,6.4
1,3,4,28.28,3.41,7.806
1,2,2,14.16,7.2,5.949
1,2,1,40.57,3.47,2.484
2,2,1,54.42,8.1,26.81
1,1,1,36.39,0.96,1.812
3,3,1,30.08,6.22,19.303
2,2,3,34.03,5.97,11.547
3,2,2,45.66,0.47,31.491
2,3,2,27.33,2.63,7.583
3,2,1,1.16,5.34,31.788
2,1,4,46.98,1.58,7.067
1,1,1,31.16,3.24,4.196
1,3,1,23.84,3.04,4.255
2,2,1,34.48,1.24,7.885
1,3,1,20.35,3.15,4.81
2,1,2,17.36,1.91,4.768
1,2,2,37.41,8.05,12.587
2,3,2,28.97,3.21,5.106
1,2,1,21.95,8.67,10.241
3,1,5,21.8,7.04,13.805
1,1,3,10.9,9.85,8.281
1,3,4,29.66,9.33,6.934
2,2,1,32.98,7.96,11.692
2,1,4,23.62,7.6,10.871
2,2,3,8.35,6.56,12.257
3,1,2,42.78,1.3,25.684
1,1,1,10.57,9.71,9.369
2,1,1,48.1,1.43,8.676
1,1,3,42.27,6.74,7.28
1,3,1,54.54,1.52,3.657
1,1,2,28.93,1.3,2.01
1,3,3,55.49,7.01,6.325
1,1,3,62.56,5.2,3.733
2,1,1,33.04,6.73,7.557
1,1,4,18.66,8.12,6.754
3,1,1,46.92,0.97,20.215
1,2,3,33.92,8.6,11.637
1,3,2,4.85,0.89,2.026
2,2,1,37.25,9.01,22.348
1,2,1,28.16,6.63,3.412
1,3,3,67.6,4.9,5.292
2,2,2,38.18,4.69,10.414
1,2,1,22.14,0.3,1.397
1,2,1,36.32,3.87,3.231
2,1,2,3.8,1.2,5.054
1,1,1,18.49,6.27,10.87
2,2,1,50.57,7.12,14.455
2,2,3,26.51,9.48,26.073
1,1,1,14.87,7.67,4.809
1,3,1,85.69,9.71,7.772
1,1,2,23.65,2.35,2.778
2,2,2,21.4,6.92,14.643
1,3,2,11.44,2.65,3.472
3,1,1,19.88,1.77,13.843
1,3,2,54.36,5.14,8.17
2,3,1,10.49,5.11,10.7
1,2,2,55.12,9.41,9.286
1,3,1,40.34,6.23,6.552
1,2,1,27.28,4.02,3.939
1,1,2,19.27,6.43,8.029
3,2,1,15.46,1.06,22.539
1,1,5,82.82,9.12,5.957
1,1,5,10.18,3.04,4.89
1,1,1,21.83,2.19,2.951
1,1,2,44.67,4.58,4.3
2,3,2,36.62,5.42,5.74
3,3,1,46.41,6.51,37.023
2,3,1,29.47,6.86,11.736
1,1,5,18.24,3.4,4.946
1,2,1,28.25,6.35,4.055
2,2,2,20.37,2.38,6.496
1,1,2,38.9,7.71,9.946
2,2,1,15.56,4.95,10.547
1,1,2,52.89,1.85,3.515
1,3,4,18.55,2.24,3.009
2,1,1,32.19,8.58,13.18
1,3,1,11.38,9.74,12.182
3,3,1,71.63,8.53,34.715
1,2,3,5.4,5.89,7.307
1,1,2,25.37,0.33,1.065
1,1,2,26.43,0.49,1.968
1,3,3,60.56,5.02,2.991
1,1,5,32.66,4.94,4.786
1,1,1,16.6,9.13,11.178
2,3,3,29.45,3.34,8.975
2,2,1,21.28,3.51,9.216
1,2,1,51.39,3.94,5.166
1,1,1,20.05,5.41,5.757
1,1,1,29.02,4.54,7.77
2,3,4,5.09,8.0,10.665
1,1,2,46.33,4.02,3.871
1,1,2,4.47,9.5,8.86
1,1,1,5.94,2.63,2.793
1,2,1,12.04,5.37,7.952
1,1,4,6.3,4.36,6.059
1,3,3,29.1,1.49,1.403
3,1,2,20.48,9.81,21.468
1,1,1,15.22,7.11,8.892
1,3,1,29.15,4.67,6.036
1,3,5,33.82,1.75,2.109
1,2,1,24.79,8.78,12.532
1,3,1,26.77,3.66,6.682
1,1,2,32.49,3.19,3.168
1,1,4,15.54,0.26,0.48
2,1,1,4.71,8.93,11.949
1,1,3,16.5,4.56,3.907
3,2,1,24.39,6.71,44.925
1,3,2,17.51,4.02,3.729
1,1,1,26.66,9.77,17.735
3,1,4,11.52,1.87,9.381
2,3,3,15.06,8.7,11.705
1,2,5,22.39,6.3,7.341
2,1,2,63.82,8.15,10.947
1,1,4,3.76,4.45,4.694
1,1,2,20.62,1.43,2.14
2,1,2,16.7,5.24,13.113
2,1,1,26.47,7.52,12.221
1,2,3,18.97,4.24,5.269
2,1,2,50.76,8.09,18.907
1,2,2,48.56,8.56,12.597
1,1,2,58.65,8.13,14.093
3,1,3,34.89,4.55,15.043
1,1,2,16.79,3.79,3.098
1,3,2,23.39,4.82,8.782
1,2,2,30.41,3.56,5.463
1,1,2,53.8,2.1,2.539
1,1,2,30.38,3.25,2.898
3,2,3,13.56,4.97,24.504
2,1,3,11.34,5.94,13.05
2,2,2,29.84,9.84,11.256
1,3,1,20.47,6.85,12.342
1,1,1,15.0,3.69,3.793
1,2,3,39.43,1.51,2.666
1,2,4,9.92,8.56,9.377
1,2,1,40.48,3.29,5.051
2,1,4,20.93,9.43,7.978
2,2,1,31.47,2.02,17.722
1,1,4,48.98,5.31,7.532
1,2,4,13.76,7.1,9.576
2,2,2,40.84,1.86,8.983
1,1,5,27.35,1.3,1.818
3,3,2,28.5,3.31,26.805
1,3,1,11.49,9.82,11.594
1,2,3,35.74,4.23,4.139
1,3,1,32.95,3.39,3.661
3,3,1,16.04,3.75,31.259
1,1,1,39.12,9.96,16.466
2,2,2,32.2,1.0,5.683
1,2,3,20.14,0.27,1.148
1,2,3,39.75,5.54,6.211
2,3,4,16.95,6.92,12.146
1,1,4,41.08,1.24,1.74
1,1,2,7.03,1.08,1.543
1,1,4,25.64,6.11,5.348
2,2,1,17.33,8.79,18.741
1,1,3,15.93,3.35,3.818
1,1,1,12.56,4.24,4.56
3,1,1,6.92,0.81,16.213
2,2,1,11.73,8.75,21.266
2,1,1,11.0,1.15,4.74
2,1,5,26.33,3.68,8.424
2,1,2,4.47,1.77,3.818
1,1,4,67.81,3.82,5.008
1,1,2,11.27,9.34,9.717
2,1,2,44.63,6.79,24.968
2,2,1,2.5,2.52,8.422
3,1,5,9.51,9.09,14.54
1,1,1,32.34,5.71,7.191
1,2,2,47.54,5.83,8.804
1,1,5,39.36,3.62,6.515
2,1,3,48.02,2.06,5.121
1,1,3,13.19,8.05,11.737
2,1,1,32.91,8.88,13.455
1,2,2,45.82,2.06,4.193
1,3,1,39.13,0.46,1.914
1,1,1,48.96,5.55,6.454
2,2,1,18.7,9.35,10.943
3,3,3,12.72,3.42,20.439
1,1,5,15.77,6.3,5.966
1,2,3,29.66,1.57,1.919
1,2,3,13.98,8.07,9.459
1,2,2,16.73,5.79,5.508
1,3,1,12.07,5.69,6.862
2,1,3,17.0,4.93,7.68
3,3,1,43.37,6.94,33.255
1,1,2,13.87,2.68,2.632
1,2,4,36.33,8.74,6.512
1,1,1,13.88,6.73,7.786
1,1,1,40.29,5.41,9.193
1,1,1,23.95,9.59,12.714
2,3,3,27.89,6.09,6.974
1,2,1,73.92,9.4,10.61
2,3,2,53.53,1.8,7.284
1,1,1,24.22,1.41,1.536
2,1,3,4.94,1.93,3.935
2,1,4,16.01,8.4,8.457
1,1,1,32.25,6.08,10.708
1,1,3,65.5,9.94,11.866
2,3,1,30.34,1.76,10.011
2,3,1,33.67,5.67,11.651
1,1,2,20.21,1.28,2.711
1,1,1,46.48,8.76,6.285
1,2,5,65.66,8.48,15.664
2,2,3,38.74,7.96,13.394
2,2,4,4.35,2.44,6.138
1,2,1,19.35,4.52,7.438
2,1,3,25.75,8.66,11.267
2,1,2,18.58,6.39,10.657
2,3,1,33.71,1.02,4.726
1,2,3,9.45,8.09,13.858
1,3,4,46.06,3.88,3.648
1,1,4,28.59,1.19,1.253
1,2,4,21.81,4.56,4.306
1,1,1,52.81,0.65,1.125
1,3,4,37.06,0.8,0.88
1,1,4,9.51,3.94,4.459
2,2,2,10.53,8.22,10.235
1,1,1,46.2,0.75,1.352
2,1,2,36.87,4.29,4.246
1,1,1,13.24,5.78,9.316
1,2,1,35.82,8.78,11.863
1,3,4,59.25,5.83,3.309
2,3,5,9.89,5.32,7.317
2,2,4,26.95,4.57,8.393
1,2,1,41.76,5.51,6.748
2,2,2,26.15,5.91,12.798
1,1,2,29.2,9.68,6.836
1,3,2,37.02,4.74,4.262
1,2,2,11.16,1.81,2.539
1,2,4,21.93,4.18,5.704
1,1,3,70.71,6.53,6.694
2,1,3,5.31,3.07,5.828
1,1,1,30.96,7.87,6.093
1,3,2,30.99,8.94,7.996
1,2,2,23.86,6.04,8.607
1,2,2,19.52,9.4,11.993
1,1,4,12.33,1.14,1.687
3,2,1,47.04,3.9,57.402
2,1,1,19.99,0.96,5.074
1,1,4,3.26,5.9,5.681
2,2,2,25.53,7.21,14.946
1,1,2,53.45,1.48,2.517
1,1,4,25.94,0.48,0.882
1,1,3,13.31,9.66,9.296
1,1,3,17.86,8.57,11.774
1,3,1,22.07,1.98,3.481
2,3,2,20.7,4.24,7.285
1,3,2,17.87,0.66,1.22
2,3,2,27.63,3.13,6.347
2,1,2,33.8,2.25,7.057
2,1,1,43.2,4.59,6.671
2,2,1,14.92,1.61,7.42
2,1,2,35.91,9.93,16.237
1,3,2,11.51,1.2,2.159
1,1,1,29.1,7.29,9.124
1,2,4,21.32,3.16,2.719
3,2,1,14.57,8.88,41.339
1,3,2,2.61,0.64,1.191
1,2,2,17.5,8.24,8.347
2,2,3,15.07,2.55,4.937
1,1,1,46.84,8.67,13.148
2,2,1,14.78,5.41,13.014
1,2,1,51.75,0.71,2.053
1,2,1,37.1,1.42,3.244
1,2,1,32.37,7.36,10.919
1,1,2,19.32,5.04,7.711
1,1,2,25.53,8.87,10.995
1,3,1,17.67,4.17,4.507
1,1,2,43.45,9.49,7.392
2,2,1,26.51,2.73,16.392
2,2,4,9.79,3.26,6.603
1,3,2,27.59,5.12,5.936
1,1,2,11.01,2.44,3.331
1,1,1,55.62,3.27,5.922
2,3,2,35.71,2.95,7.202
2,2,2,11.19,9.69,18.693
1,2,5,10.29,7.63,14.824
1,1,1,20.29,1.2,1.778
3,1,2,14.7,1.32,17.859
2,3,3,48.33,8.09,9.758
1,2,2,6.93,5.65,6.216
2,3,2,18.44,2.13,5.031
1,3,4,14.17,4.68,4.148
1,2,1,45.94,9.63,8.294
2,2,1,42.65,7.5,23.822
1,2,4,52.51,6.51,13.847
1,3,1,41.46,7.64,13.139
3,2,3,14.06,9.49,31.06
2,1,1,9.65,5.96,11.261
1,3,1,48.28,7.34,5.617
2,2,1,22.34,4.82,5.594
2,3,4,42.04,7.92,10.647
1,1,1,45.48,6.57,8.073
3,1,1,20.08,4.47,19.736
2,2,1,24.31,9.51,16.944
1,2,1,27.09,3.1,4.535
1,1,1,23.47,9.22,8.888
2,1,4,6.39,2.08,3.858
3,2,2,27.39,8.08,40.022
1,3,1,13.36,5.41,9.608
1,1,1,29.15,5.84,5.981
2,1,1,26.38,2.49,8.698
1,1,1,28.46,4.7,4.583
1,1,1,14.59,4.5,4.396
2,1,4,64.28,8.46,17.665
2,2,1,23.81,7.32,20.851
2,2,2,37.62,5.29,8.92
2,1,2,27.62,8.4,7.01
1,1,1,26.0,7.14,7.159
3,3,3,34.82,9.81,41.925
1,1,3,55.32,2.19,3.483
1,2,1,5.56,3.64,3.375
2,1,4,22.66,6.27,7.371
2,3,1,2.83,9.09,14.128
2,3,1,27.5,7.02,16.009
1,1,2,53.36,5.72,6.098
3,2,3,23.28,2.99,31.345
2,2,1,27.13,7.06,16.687
2,1,1,40.79,6.85,11.64
3,2,4,47.5,8.58,33.317
1,1,2,23.57,4.5,6.173
2,1,2,33.18,1.3,4.229
2,3,2,21.35,1.42,4.673
2,1,2,13.86,8.1,7.858
2,1,2,8.8,1.2,2.394
2,1,1,56.2,5.63,7.07
1,3,1,39.39,4.36,5.406
1,1,2,46.78,3.14,5.985
3,1,3,23.05,8.24,23.562
3,2,3,44.27,1.04,46.403
3,2,2,14.75,5.74,29.798
1,2,2,45.76,3.81,5.858
1,3,1,19.16,0.94,1.616
2,1,3,25.3,7.61,5.91
2,2,4,6.36,3.97,5.982
1,2,3,47.12,2.75,3.363
2,1,4,25.92,7.74,10.852
1,3,4,11.66,1.77,1.664
1,2,1,36.12,9.37,11.999
1,1,2,16.77,2.5,3.416
1,1,2,15.86,4.77,3.753
1,1,2,46.19,3.15,4.931
3,3,3,11.83,6.28,21.137
2,1,1,20.99,9.12,8.752
3,3,1,18.95,3.07,24.151
1,1,1,8.5,2.69,2.569
1,3,1,11.4,5.51,8.262
1,3,2,35.61,2.36,1.931
2,1,1,11.4,0.35,4.522
1,1,1,22.8,7.9,13.051
2,3,2,26.06,7.39,16.717
2,1,2,32.43,7.33,15.044
2,1,2,33.52,6.43,8.675
1,3,1,27.12,8.88,9.709
1,3,5,38.72,5.88,6.757
1,2,1,27.14,6.14,5.31
1,3,2,14.21,8.04,10.545
2,2,4,26.06,8.66,15.265
1,2,4,28.04,8.39,10.138
2,1,2,21.97,6.78,6.558
1,2,1,38.47,1.39,3.608
3,2,3,35.02,4.14,34.21
3,2,2,13.04,4.56,24.581
1,3,3,4.1,6.59,7.293
2,1,1,45.58,7.12,19.158
1,2,4,32.91,5.69,7.886
2,2,4,15.3,0.77,6.414
2,1,3,53.56,1.58,10.001
2,1,4,34.78,0.55,2.868
2,3,2,25.91,9.14,12.149
1,1,1,18.21,1.35,2.043
2,2,2,30.32,4.27,5.676
2,2,2,51.31,1.37,12.955
1,3,2,41.74,4.28,5.95
1,2,1,28.01,0.32,1.325
2,1,2,20.29,5.46,7.981
2,1,1,19.61,6.24,6.86
1,2,3,22.36,7.41,11.03
3,1,4,70.06,0.15,22.982
2,2,1,21.11,9.41,17.992
1,1,3,17.51,3.32,3.88
1,1,1,44.33,0.19,1.851
2,3,2,28.69,6.81,8.306
2,3,4,45.33,8.09,8.863
1,2,1,47.78,4.69,4.245
1,1,1,14.16,7.99,10.552
2,3,5,19.49,0.36,1.671
2,2,1,3.96,2.01,5.376
2,3,1,9.23,4.64,7.696
1,1,2,11.77,4.67,6.524
2,1,1,13.59,6.95,12.365
1,2,1,21.3,4.71,4.479
1,3,3,39.86,9.77,5.973
2,1,2,29.31,3.45,10.737
2,1,1,25.07,0.63,3.64
1,2,2,33.52,7.75,11.444
2,3,1,18.34,5.15,11.807
1,2,2,22.44,3.63,3.609
1,3,5,58.29,7.51,7.147
1,2,3,35.83,0.47,2.002
1,3,2,21.29,8.04,8.392
2,2,2,20.79,0.91,4.431
2,1,3,22.56,2.67,5.217
2,2,2,16.5,5.53,9.705
1,2,1,44.63,0.76,3.24
1,1,2,8.18,5.57,7.237
1,1,1,10.36,0.72,1.095
2,2,5,25.9,0.99,4.631
1,3,2,24.31,0.24,0.661
1,1,1,31.46,2.15,2.231
2,3,1,18.62,6.89,16.818
2,1,4,25.89,1.76,4.196
1,1,1,11.0,0.89,2.121
1,1,3,14.94,9.83,11.164
2,1,3,10.69,9.66,14.065
1,1,4,6.91,2.44,2.923
1,2,1,46.28,1.2,1.528
2,2,3,29.71,8.45,15.296
1,2,1,21.04,6.36,10.475
1,3,4,34.68,0.3,1.22
1,3,1,29.49,7.77,5.051
1,1,2,7.93,7.98,10.329
1,1,2,49.32,0.13,0.96
1,1,4,30.7,3.54,3.581
1,2,1,14.88,3.71,4.526
1,1,1,15.35,0.84,1.52
2,2,3,44.97,4.96,8.773
3,2,1,5.66,1.59,29.728
1,2,1,19.79,0.24,1.733
1,1,1,17.3,0.43,1.21
2,1,4,49.86,6.53,11.71
3,1,2,27.56,8.28,35.314
2,3,2,13.52,1.33,5.166
1,2,4,48.34,1.84,3.605
1,2,3,8.45,5.7,5.942
1,2,2,48.13,3.89,6.114
2,2,1,28.46,3.54,11.217
1,1,2,39.44,4.61,4.062
1,1,2,19.74,5.35,5.268
1,1,1,36.62,8.01,6.548
1,1,4,21.28,8.05,8.836
2,1,1,17.82,6.3,9.539
1,2,2,6.22,1.79,3.56
2,1,2,20.85,1.69,5.7
2,1,4,46.36,6.02,9.86
2,1,1,17.67,5.42,10.586
1,1,1,13.22,2.73,3.863
2,1,2,62.54,6.42,16.936
2,1,5,28.21,4.82,8.995
1,1,2,4.82,3.25,5.829
1,3,1,36.68,7.44,11.036
2,1,4,75.4,6.85,8.05
1,1,2,39.23,5.44,9.356
1,1,1,23.99,9.52,8.848
1,1,1,25.78,6.61,12.217
1,2,2,30.6,9.78,10.226
1,1,2,49.46,5.26,10.578
2,3,1,35.42,5.51,8.045
1,3,2,10.15,3.8,6.544
2,2,4,11.07,0.7,6.959
1,1,3,38.4,9.67,18.857
1,1,2,38.51,5.82,10.397
1,1,1,28.76,3.26,4.488
2,2,1,10.58,0.78,6.998
3,1,5,56.14,1.48,18.1
1,2,2,55.75,9.72,8.408
1,1,1,6.49,3.77,4.385
1,1,3,34.95,8.26,12.289
1,1,1,9.84,2.18,4.326
2,1,1,17.14,1.02,4.198
1,2,1,26.1,8.26,9.164
3,2,4,30.14,6.87,45.476
1,1,3,17.96,9.38,9.851
1,1,2,27.33,7.9,7.137
2,3,2,28.44,5.24,13.553
1,1,4,26.97,6.71,7.497
2,2,1,18.4,8.23,16.321
1,1,1,28.48,9.6,10.124
2,2,4,29.28,3.56,9.435
1,2,4,35.22,8.3,6.854
1,1,1,29.95,2.99,3.553
2,2,1,37.34,5.89,13.859
1,2,3,3.14,6.24,6.512
1,1,1,45.8,0.12,1.356
2,2,2,55.03,6.63,28.426
1,1,3,16.64,5.08,6.721
2,1,2,52.83,3.64,8.145
2,3,2,11.03,7.23,10.081
2,3,3,10.86,6.72,6.612
1,1,4,16.34,6.45,5.703
1,2,3,33.86,4.43,5.031
3,1,2,19.26,1.75,19.78
1,2,5,43.47,7.0,6.376
1,1,2,21.05,9.63,11.965
1,2,1,8.47,7.77,11.911
1,1,1,26.34,2.91,3.136
1,1,1,52.12,3.83,5.432
2,3,1,31.46,5.41,14.79
2,1,3,17.65,9.18,11.943
2,1,1,12.39,8.51,11.874
1,1,2,10.87,2.61,2.929
1,2,4,48.53,2.87,3.336
1,1,1,30.88,8.6,6.681
2,2,2,15.51,6.99,10.676
1,1,4,16.19,8.08,8.255
1,2,1,6.29,0.61,1.928
1,3,1,30.98,6.86,10.932
2,1,1,21.22,8.94,9.007
2,2,2,39.43,5.48,8.642
2,1,2,48.69,7.59,18.49
1,1,4,50.48,1.21,1.66
3,2,2,14.55,8.21,39.062
1,3,2,14.23,0.62,1.766
1,3,4,22.23,5.26,6.692
1,3,1,46.28,2.07,3.315
1,1,3,68.68,9.99,14.796
1,2,3,22.02,6.36,7.667
1,1,2,5.92,9.97,9.647
1,3,2,27.29,7.53,8.412
2,2,1,43.72,4.92,12.087
2,1,3,42.01,9.11,13.457
2,3,2,8.04,2.68,5.253
1,2,3,45.77,9.76,15.624
1,3,4,55.37,1.58,2.48
2,2,2,11.27,5.15,8.397
1,3,5,43.02,8.75,7.739
1,2,1,10.82,6.22,6.147
1,2,1,45.37,8.11,7.138
2,2,1,56.09,5.92,27.437
1,1,1,11.39,4.9,7.399
2,1,2,8.98,8.03,8.649
1,3,1,32.09,3.78,3.703
1,3,2,41.46,6.99,6.044
1,3,4,21.56,0.68,1.437
1,1,3,28.04,2.85,3.605
1,1,2,38.46,9.47,11.463
2,3,5,19.3,4.44,5.4
1,1,3,51.8,6.48,4.965
1,1,3,9.98,1.43,1.719
2,1,1,45.55,0.38,6.342
1,3,2,19.14,4.02,8.514
1,2,1,34.92,1.94,2.36
1,1,1,14.37,4.27,6.615
1,2,1,24.7,3.86,6.087
1,1,3,1.14,5.96,5.396
2,2,1,28.31,7.46,16.013
1,2,2,15.16,3.9,5.192
2,2,2,34.6,6.18,13.352
1,1,1,61.59,0.95,2.844
2,1,1,9.06,2.45,8.567
2,1,4,15.1,8.23,12.319
1,3,4,40.38,8.05,9.17
1,1,4,15.2,2.74,2.785
1,1,3,35.24,9.55,9.958
3,1,1,24.53,9.24,28.299
3,3,1,2.71,8.1,26.793
1,2,2,30.75,2.93,5.169
2,1,4,26.47,3.03,8.629
1,2,1,19.84,5.53,4.675
1,1,1,28.25,2.55,2.816
2,2,3,37.96,6.1,19.689
1,3,2,7.18,4.38,5.268
1,2,2,42.02,3.91,7.634
2,3,4,18.74,7.28,7.951
1,2,2,24.3,5.55,7.513
2,1,4,33.51,2.05,4.274
1,2,1,68.28,2.86,5.331
1,2,2,8.25,6.57,7.101
1,1,1,23.48,0.3,1.533
3,2,1,51.4,9.76,45.954
1,1,1,1.23,4.58,6.593
1,1,1,20.09,8.7,9.546
2,3,1,28.18,8.44,21.409
3,1,2,20.52,6.98,25.322
3,3,1,27.46,8.54,21.982
1,1,1,39.33,1.93,2.888
1,2,2,51.0,7.4,8.556
1,3,1,24.76,4.3,6.164
2,2,1,17.11,7.68,14.377
2,3,5,8.56,8.79,7.939
2,1,2,39.01,3.36,6.399
1,1,3,45.4,3.73,3.86
1,2,1,6.19,6.21,7.383
1,2,2,18.12,3.05,4.478
1,2,1,20.83,6.8,9.674
1,2,2,42.17,2.92,5.14
1,1,3,33.35,4.84,2.753
2,1,4,25.29,9.86,14.052
2,3,2,32.25,5.75,14.919
2,2,1,15.53,5.47,11.974
2,2,3,13.64,5.55,8.816
2,2,2,30.22,6.08,9.496
2,3,2,52.96,5.5,15.528
1,3,2,29.98,3.04,4.284
2,1,2,37.27,3.02,5.625
1,3,1,39.54,8.95,10.576
1,1,2,26.07,2.56,2.875
1,1,1,52.07,2.42,2.995
2,3,2,38.33,1.2,6.03
2,1,2,29.51,7.82,11.703
3,1,2,32.11,5.92,17.983
3,2,1,7.72,1.39,27.429
2,3,2,54.35,6.39,22.393
1,1,2,18.11,4.94,4.422
2,2,1,9.6,4.78,11.211
2,2,1,59.96,4.11,18.285
2,1,1,10.99,9.36,11.075
1,2,1,30.97,1.13,2.151
1,2,2,6.64,2.23,2.808
3,2,1,15.66,0.44,23.121
1,2,1,22.42,9.43,15.447
1,3,1,57.87,2.52,3.449
1,3,1,29.71,0.67,1.635
1,1,1,21.93,9.02,7.726
1,2,5,53.74,9.59,12.059
3,2,2,29.93,7.7,30.888
2,1,2,4.62,6.44,10.906
3,2,1,20.06,2.69,25.726
1,2,4,32.98,2.89,5.983
1,1,2,56.35,4.06,4.133
1,1,2,6.09,5.67,6.691
1,2,3,8.66,4.65,6.001
1,1,1,13.28,8.34,11.041
2,3,4,22.19,4.94,5.448
3,1,1,26.18,6.99,18.952
1,2,3,19.91,3.52,4.07
1,2,5,15.39,3.76,5.759
1,1,2,43.23,8.11,8.379
1,2,4,17.81,5.95,10.201
1,1,1,7.46,4.75,8.446
1,1,2,18.71,0.8,1.387
1,2,1,28.92,9.22,18.841
1,1,1,22.49,5.82,5.952
2,3,2,32.02,5.91,11.021
1,2,2,30.19,3.74,5.442
1,1,2,11.65,7.23,10.746
1,1,1,35.76,4.36,7.064
1,3,1,11.11,2.52,3.344
1,1,1,36.37,6.42,6.102
2,2,2,26.84,6.2,13.275
2,1,1,24.84,1.6,6.09
2,3,2,27.52,5.6,13.71
1,1,5,8.09,9.13,13.605
1,1,5,20.69,4.09,4.18
1,2,2,18.57,5.31,5.598
1,1,1,13.35,1.94,2.917
2,2,2,12.71,7.2,9.256
1,1,2,10.96,2.15,3.905
1,1,1,61.75,6.27,5.633
1,1,5,25.51,8.58,9.243
1,2,1,7.82,4.72,4.39
3,3,1,50.93,2.98,27.407
1,1,2,18.19,8.58,10.747
1,3,4,20.93,1.74,1.83
1,3,3,52.32,3.34,3.85
2,1,1,7.07,0.57,5.543
1,1,3,10.86,4.41,5.479
2,1,4,46.64,0.83,3.476
1,1,3,48.94,3.53,2.747
1,2,1,29.72,6.44,10.941
2,2,2,27.82,6.65,19.702
1,1,3,51.85,8.89,4.654
1,2,1,32.41,8.78,6.86
1,1,2,24.87,7.79,10.532
1,3,2,29.05,3.53,3.642
1,2,2,22.09,0.42,1.949
2,1,1,23.42,4.34,6.807
1,2,1,29.44,4.32,8.194
1,1,2,25.9,0.96,1.108
1,3,1,27.87,0.22,1.089
2,1,1,22.96,4.67,7.607
1,3,2,29.43,9.07,11.985
1,3,1,46.15,5.49,6.724
2,2,2,3.9,3.16,7.891
2,2,5,28.38,3.63,6.507
3,2,2,2.87,9.61,23.086
1,1,1,33.64,9.96,9.463
1,3,1,12.17,9.59,8.684
1,1,2,57.9,9.5,12.443
2,3,2,38.48,6.22,9.078
1,2,4,39.4,3.79,5.903
1,1,2,57.11,2.11,2.637
1,1,1,17.25,9.05,9.318
2,1,1,13.39,5.31,8.599
2,1,2,40.21,7.18,8.99
1,2,1,18.93,4.52,5.891
3,1,2,46.06,0.47,12.525
3,3,1,19.76,7.36,32.183
1,1,2,22.24,7.45,8.387
1,1,2,47.83,8.66,11.126
2,1,3,24.9,8.87,15.753
1,1,1,32.49,1.85,4.524
1,2,4,21.7,9.2,9.303
1,1,2,15.41,9.02,8.029
3,2,3,6.01,6.11,25.352
1,2,2,44.59,0.64,3.327
2,1,3,21.62,9.59,9.538
1,1,2,39.66,7.16,16.988
1,1,1,10.54,1.27,1.989
2,1,1,36.55,7.84,13.165
1,2,4,33.6,5.15,9.432
1,1,2,22.74,8.85,8.652
1,1,3,38.89,1.62,2.551
2,2,4,8.36,5.18,11.866
1,1,1,61.1,8.81,7.137
1,3,4,13.82,6.44,4.783
1,3,1,8.29,4.01,5.096
1,2,1,44.81,2.65,2.975
1,2,2,8.54,7.32,9.188
1,1,3,69.82,3.99,4.777
1,1,2,33.82,6.65,9.793
1,3,1,39.69,4.07,6.799
2,1,2,46.18,4.88,5.461
2,1,3,25.48,1.13,3.485
1,2,2,60.06,8.69,7.014
1,2,1,15.57,7.77,9.876
1,2,1,30.48,9.73,7.995
3,1,2,13.94,5.53,25.142
1,3,1,45.96,7.4,5.177
1,1,3,29.65,1.11,1.633
1,3,1,32.05,3.52,3.631
1,1,2,4.77,2.07,2.407
1,3,4,40.57,2.48,2.748
1,3,2,17.45,1.79,2.577
2,1,3,16.73,3.98,5.028
2,3,1,8.59,2.97,6.5
2,1,2,23.01,4.92,12.509
2,1,3,42.52,8.79,12.399
1,1,4,27.69,1.37,2.836
3,2,2,43.65,2.38,35.667
2,1,1,38.39,6.95,9.491
2,2,1,19.97,1.67,5.853
2,3,3,11.38,3.26,7.342
1,3,2,29.09,3.18,6.147
1,1,1,41.37,9.72,14.724
1,2,2,24.97,3.87,5.942
1,1,1,49.29,9.31,15.803
1,1,1,22.33,2.82,4.262
1,3,4,9.04,1.44,2.47
1,3,2,31.51,5.92,8.576
3,1,1,24.7,8.07,31.792
2,1,4,65.31,6.1,7.142
1,1,5,16.39,3.05,2.984
1,1,4,13.81,8.19,13.267
1,1,3,19.79,8.47,7.75
2,1,5,41.44,4.76,5.146
2,1,1,40.38,9.19,15.878
2,1,4,28.11,9.23,11.113
1,3,1,58.39,6.48,13.644
1,2,1,44.61,2.54,2.713
2,2,1,12.74,7.84,10.501
3,1,1,27.07,8.81,44.291
1,3,3,17.74,3.31,3.2
1,1,4,33.98,1.43,1.64
1,3,1,65.01,4.49,5.568
1,1,3,9.44,5.78,3.799
3,3,3,16.46,4.93,23.82
2,1,1,43.15,9.93,9.494
1,3,3,29.9,8.18,10.527
1,1,1,42.5,9.68,6.609
1,3,1,34.67,1.91,3.602
1,2,2,17.1,2.45,3.345
1,1,4,6.88,0.28,0.678
2,2,1,25.68,7.66,16.587
2,1,1,25.67,7.07,13.472
1,2,2,41.78,3.89,5.423
2,1,3,21.83,4.23,6.872
2,2,4,17.7,4.11,7.148
1,3,2,33.25,1.46,2.629
2,1,3,26.42,4.69,10.836
2,2,2,40.35,8.05,17.378
2,3,1,8.57,4.35,6.695
1,2,2,8.27,2.96,4.017
1,1,1,26.95,5.49,5.219
1,1,3,6.73,2.51,2.373
1,1,1,53.04,1.64,2.457
1,1,1,25.81,5.39,6.788
2,1,4,39.96,6.22,10.948
1,3,4,21.25,1.0,1.794
1,2,2,31.19,3.84,4.156
3,2,3,14.21,7.57,23.918
1,1,5,6.94,8.18,6.453
1,1,1,20.22,3.05,3.623
1,2,2,20.99,6.97,9.301
1,2,1,24.15,8.22,10.711
1,3,3,14.3,5.77,5.161
2,2,1,15.14,7.6,20.062
1,1,3,35.73,1.5,2.256
1,2,1,22.89,7.4,10.492
1,2,2,11.49,7.51,9.683
2,1,3,9.52,6.41,6.511
1,2,1,21.05,3.34,5.51
2,1,4,73.2,5.51,18.573
1,1,1,17.58,1.92,2.052
1,1,2,48.72,5.39,4.618
1,2,3,19.97,8.32,10.308
1,2,1,36.77,5.9,7.532
1,1,2,36.8,2.79,4.072
2,2,2,13.58,4.31,7.537
1,2,2,10.82,5.61,7.802
1,1,2,17.01,6.09,4.573
1,1,2,10.8,5.57,5.715
1,1,1,38.42,8.39,10.111
1,1,1,31.21,0.69,1.185
1,3,4,4.6,6.11,6.76
1,3,2,55.0,4.65,8.456
1,1,1,47.43,1.59,1.97
1,2,1,33.52,0.65,1.838
1,1,3,70.95,8.41,3.99
1,1,2,29.23,9.3,10.411
1,1,1,17.04,5.85,8.936
3,1,4,36.17,9.95,16.757
1,1,4,29.89,2.63,2.727
2,1,4,23.21,0.83,4.065
1,1,2,24.46,8.41,13.182
1,1,1,38.76,2.77,3.537
1,2,1,13.83,5.58,5.459
1,1,1,28.62,3.25,3.54
2,1,2,25.4,3.47,7.641
2,1,1,49.86,8.94,11.191
1,3,2,24.99,4.99,5.114
2,1,2,17.29,0.68,3.065
1,2,3,26.85,6.28,9.352
1,1,1,39.08,9.74,11.071
2,1,4,19.94,2.41,4.05
1,2,2,34.85,6.94,8.419
1,2,2,44.08,4.36,6.684
3,3,4,35.01,2.88,11.943
3,1,1,61.76,9.19,45.236
2,1,4,29.08,0.5,4.128
1,2,3,17.71,9.35,8.583
2,1,5,20.46,0.93,2.313
1,2,1,23.83,7.11,11.151
1,3,1,9.66,0.12,0.636
1,1,1,15.09,8.81,16.215
3,2,3,59.5,7.38,32.287
3,1,1,15.26,0.52,14.77
2,1,1,27.08,7.05,8.28
1,3,5,18.24,6.9,5.511
1,1,2,36.78,4.64,5.942
1,1,1,21.37,9.02,11.005
2,2,3,56.91,9.15,13.383
1,1,1,20.61,4.96,3.939
1,1,2,22.01,0.11,0.637
2,1,1,18.67,7.18,11.871
1,1,2,3.1,6.04,6.588
2,1,1,4.88,5.42,9.157
1,2,3,22.5,4.79,5.279
2,1,1,23.0,4.18,4.279
1,3,1,22.96,4.38,3.49
1,1,5,50.12,0.98,2.141
1,1,3,10.82,1.01,1.598
1,3,2,18.4,0.85,1.253
1,3,4,29.37,2.47,3.017
1,1,1,6.01,0.6,1.835
1,1,2,53.64,9.95,8.926
2,3,4,20.93,7.2,10.145
1,1,2,14.51,5.09,6.588
2,1,1,34.23,3.07,5.828
2,2,3,28.49,8.89,28.028
1,3,1,20.14,3.18,3.919
2,2,1,21.37,9.77,21.511
1,1,3,35.63,5.94,8.206
1,3,1,43.03,3.11,5.451
1,1,1,9.48,0.96,1.886
2,2,1,72.66,7.07,11.414
1,1,1,69.29,1.5,1.754
1,2,2,27.36,3.51,7.109
3,2,3,14.09,9.86,25.505
1,1,2,9.93,0.67,1.903
2,2,3,39.99,1.44,4.823
2,3,1,63.92,4.38,11.112
3,1,1,28.31,0.81,19.332
3,1,5,37.78,6.29,15.198
3,1,2,15.73,8.44,27.301
1,2,1,46.76,4.77,12.074
2,2,5,72.28,5.65,9.828
2,1,2,16.44,5.25,6.508
2,1,2,29.1,4.03,8.175
1,2,1,33.4,9.32,12.28
3,1,2,22.51,0.82,12.129
1,1,1,45.01,8.1,15.406
1,1,2,18.09,7.65,6.779
1,2,3,29.05,4.84,7.155
1,3,2,53.11,8.04,9.377
2,2,1,35.23,0.41,10.218
1,1,1,34.91,3.23,3.027
2,3,3,35.17,9.18,15.716
2,1,4,34.81,8.25,6.099
1,3,1,18.19,9.52,10.092
2,1,1,8.36,6.8,8.758
1,3,2,23.81,1.42,2.492
2,3,3,29.83,9.61,22.247
3,3,4,41.19,4.74,17.508
1,1,2,19.45,9.94,11.291
2,3,1,11.61,6.41,9.563
1,2,3,30.88,7.93,13.263
1,1,4,25.95,2.63,3.444
2,1,1,21.39,3.74,6.53
1,2,2,50.08,0.12,2.214
2,3,1,8.15,7.78,9.519
1,2,1,50.76,3.74,6.06
1,1,4,7.37,0.74,1.117
2,2,1,22.34,0.83,8.485
1,1,3,30.36,3.11,2.162
1,1,1,6.93,9.83,8.87
1,2,1,32.14,0.23,1.483
2,2,2,2.12,4.68,7.17
1,2,1,54.89,7.45,5.159
1,2,2,26.08,3.16,5.823
1,1,1,17.27,3.99,4.483
1,2,3,22.45,3.47,6.302
3,1,5,6.9,0.58,8.974
1,3,2,16.32,0.54,1.744
1,3,1,28.63,7.84,6.492
2,3,3,37.25,8.18,14.951
1,3,1,25.63,3.04,2.72
1,2,1,39.35,9.84,12.882
1,1,4,4.81,0.86,2.086
1,3,1,40.86,6.67,7.03
2,1,2,16.01,3.35,6.817
2,3,1,50.21,4.69,10.255
3,1,3,19.75,3.8,18.051
2,3,2,44.57,0.49,5.608
1,2,2,28.88,8.54,18.608
1,3,2,6.65,7.98,9.462
2,1,1,37.53,0.7,3.701
3,2,1,14.71,6.8,30.721
2,3,3,22.12,3.53,9.979
1,1,4,19.49,1.92,2.202
2,1,3,9.44,2.45,6.595
2,1,3,39.15,1.01,5.658
3,2,2,16.56,1.57,25.037
2,2,2,22.11,4.75,8.824
1,2,2,9.38,8.24,10.452
1,1,1,21.08,5.48,4.717
1,1,2,13.37,5.48,8.001
1,3,1,0.62,8.11,7.918
3,2,1,47.16,8.67,47.427
1,1,3,37.61,6.3,7.706
1,1,1,14.77,4.65,5.865
1,1,3,31.33,2.4,2.276
2,3,5,50.36,1.35,2.551
1,2,4,29.66,6.29,6.062
1,2,3,46.55,8.75,11.077
2,2,4,9.23,8.8,15.705
1,3,1,9.67,4.29,3.735
1,1,3,15.69,1.72,2.197
1,1,2,21.23,9.09,6.361
1,1,5,52.19,5.86,2.912
2,3,2,17.64,3.74,13.035
2,2,2,45.05,1.3,7.341
1,2,3,24.38,6.24,7.533
3,3,3,28.55,2.72,25.118
2,1,1,16.01,6.78,15.554
1,1,2,28.73,7.59,7.762
1,2,2,50.97,2.45,3.198
1,3,2,18.2,3.24,3.464
2,1,4,29.28,4.78,6.715
1,1,2,23.16,5.4,5.997
1,3,4,7.31,7.12,7.675
2,2,1,6.61,0.8,5.834
2,2,1,20.76,7.46,10.339
2,1,1,34.2,9.19,21.01
2,1,2,10.97,6.49,9.313
1,1,3,18.0,3.12,2.926
2,1,2,42.89,7.35,6.198
1,3,2,19.04,3.26,4.248
1,2,2,14.49,0.85,1.793
3,3,5,47.86,2.42,13.93
1,1,1,65.71,7.42,11.588
1,1,1,11.98,3.75,3.326
2,2,2,9.92,9.49,15.022
1,1,3,63.41,8.04,10.752
1,1,1,31.88,1.83,1.91
2,1,1,47.93,8.22,13.483
2,1,2,42.94,9.74,12.545
2,1,1,37.16,8.15,14.472
1,1,1,7.09,7.48,9.536
1,3,1,5.72,1.86,1.59
2,1,1,42.19,1.49,6.707
1,2,2,2.5,4.81,6.403
1,2,3,20.98,2.75,5.788
1,2,1,22.87,3.02,5.117
1,2,2,3.99,0.96,2.075
1,1,2,40.27,3.96,4.18
2,1,1,23.41,2.88,4.731
3,2,3,5.94,9.05,33.391
1,3,1,52.77,8.88,8.349
2,1,4,40.5,8.51,9.102
1,1,2,24.27,5.83,6.175
1,3,1,24.57,5.37,6.916
2,2,4,23.48,1.78,7.721
1,2,2,44.84,1.29,2.928
3,2,1,7.81,3.92,34.098
1,3,1,23.96,2.93,3.488
1,2,2,59.14,5.16,5.985
1,2,3,14.36,1.86,2.61
1,2,2,18.93,7.48,8.988
2,1,4,30.01,9.5,8.566
2,3,5,11.18,1.5,3.04
1,3,1,41.09,6.34,9.992
1,2,4,12.68,7.45,8.356
2,1,1,25.04,4.9,4.09
2,2,5,8.34,7.0,11.325
1,1,1,19.69,2.09,2.809
1,2,1,41.71,6.49,8.534
1,1,2,27.65,7.18,7.773
1,3,1,20.48,7.3,12.517
1,3,3,16.99,4.51,5.154
1,1,1,36.41,3.61,2.241
1,2,2,47.77,1.25,4.346
1,3,4,14.93,1.5,2.641
1,1,2,28.44,7.94,7.157
3,1,2,15.94,8.2,19.749
1,1,5,17.96,9.36,12.281
1,3,1,25.25,7.82,17.775
1,1,1,12.44,8.85,10.779
1,1,1,25.82,1.58,1.901
2,1,1,31.02,1.32,6.098
1,1,1,28.44,5.33,5.002
1,1,2,2.45,9.45,8.533
3,2,1,21.54,8.73,36.887
2,1,2,48.63,0.33,5.975
2,2,3,17.32,8.85,17.317
1,2,2,46.04,1.61,2.018
1,3,2,10.62,9.19,8.583
2,1,1,18.11,6.03,6.238
1,2,3,25.41,5.55,8.651
2,2,2,72.26,3.14,17.518
2,2,3,15.52,8.13,13.971
1,1,2,43.97,2.14,2.941
1,1,2,11.75,6.04,7.025
1,2,1,61.09,6.53,9.64
1,1,1,19.37,1.97,2.89
2,3,2,43.15,6.07,8.636
2,3,2,0.78,6.38,12.104
1,2,2,13.97,3.95,6.674
2,3,3,37.02,7.44,12.373
1,2,1,49.21,6.22,7.422
2,1,4,28.46,6.43,14.788
1,1,4,37.88,3.78,5.369
2,3,1,28.38,9.48,9.188
2,1,1,29.62,1.27,5.973
1,3,2,8.93,8.93,12.479
1,1,1,16.94,8.33,8.649
2,1,1,31.0,2.41,4.321
1,2,2,44.39,0.15,2.346
2,3,2,33.8,8.67,14.35
3,3,1,18.24,2.23,31.67
2,1,4,28.14,1.37,4.0
1,1,1,62.49,7.77,4.937
2,2,1,8.12,6.29,14.331
3,3,1,10.7,6.29,31.38
1,1,4,12.08,2.57,2.41
1,2,4,40.92,9.59,22.821
1,1,1,42.27,8.83,7.339
2,2,3,19.89,0.98,4.778
1,1,1,22.23,9.58,15.359
1,3,1,26.0,3.41,3.047
1,1,1,11.08,9.64,10.089
2,2,3,16.3,4.37,7.645
1,2,2,4.11,4.48,5.504
2,1,2,49.59,2.02,4.625
2,1,1,34.13,2.33,11.072
3,2,4,38.65,2.41,19.853
2,2,5,15.14,6.48,11.597
1,2,1,49.27,6.55,5.225
2,2,2,13.25,4.68,9.555
1,1,2,43.74,3.93,7.138
3,3,5,24.53,5.28,17.879
1,1,2,29.72,4.31,7.156
2,2,1,6.7,1.52,7.095
2,3,1,12.14,9.73,16.332
1,3,2,36.16,6.47,7.844
2,1,2,23.95,2.02,4.001
1,1,1,46.73,2.46,4.928
1,2,3,20.85,8.94,8.053
1,1,4,0.96,1.99,2.655
1,2,2,16.9,6.43,7.203
1,2,2,76.44,6.09,9.877
3,1,2,24.85,5.15,20.465
1,1,2,4.6,1.12,2.626
1,2,1,52.7,9.49,14.447
2,2,2,34.89,0.87,6.456
2,1,2,24.12,7.61,10.198
1,1,5,52.73,6.79,7.37
3,1,1,8.59,3.67,17.721
1,2,1,53.09,9.36,7.372
1,2,2,13.67,2.04,5.027
1,3,3,14.96,7.78,10.544
2,3,2,12.07,8.86,10.889
1,2,1,28.1,2.52,4.065
1,3,2,34.97,8.08,12.934
2,1,1,10.93,2.89,5.597
1,2,2,58.5,2.9,2.543
1,2,2,47.55,7.95,7.279
2,2,2,40.75,3.94,7.541
2,2,2,29.0,5.22,10.944
1,1,1,68.9,5.23,4.095
1,3,2,17.74,9.38,12.501
3,3,5,27.44,8.37,21.697
1,3,2,21.22,2.63,4.074
1,1,3,38.18,1.64,2.718
1,3,2,39.14,0.59,1.125
1,2,3,23.5,4.35,2.993
3,2,1,49.17,9.41,67.968
1,1,5,27.09,5.74,5.076
1,3,1,22.13,4.13,6.019
1,2,1,34.94,6.5,7.637
1,2,1,26.68,4.52,6.143
1,3,2,36.92,5.18,8.05
3,1,2,14.15,6.95,17.524
2,2,2,24.21,8.89,12.0
1,1,1,78.78,4.74,11.035
1,1,2,4.05,3.55,5.009
1,1,1,36.74,9.29,11.403
1,1,3,11.5,8.69,6.751
1,1,1,17.95,8.32,8.541
1,1,2,21.15,1.93,1.954
2,1,1,19.9,8.02,9.766
2,2,1,30.71,5.15,9.512
1,1,3,33.89,1.77,1.754
3,1,5,44.11,9.2,20.741
1,1,2,40.72,0.61,1.045
1,1,2,31.17,3.59,3.731
2,1,1,12.19,8.8,9.952
1,3,2,26.72,9.47,14.598
1,2,2,12.91,9.73,11.385
2,1,3,27.69,3.36,7.047
1,2,2,43.82,6.7,7.8
2,1,2,7.26,3.04,5.879
1,2,5,38.16,7.42,8.809
2,3,1,8.22,6.19,14.586
1,1,2,44.79,7.88,12.261
1,1,2,19.12,6.36,7.142
1,2,1,19.17,1.81,2.405
2,1,1,49.19,1.2,7.6
1,1,2,52.31,4.42,4.565
2,2,1,17.57,8.05,12.689
1,2,4,46.18,1.76,2.694
1,1,1,23.61,5.92,6.88
1,3,1,27.97,5.86,8.85
1,1,2,22.06,2.26,2.232
3,1,1,10.93,2.86,21.107
1,2,1,13.16,7.06,7.693
2,2,2,55.36,9.65,51.616
1,2,2,16.14,8.19,8.961
1,2,2,46.15,7.22,12.207
2,2,2,6.33,5.68,15.824
2,3,2,30.12,0.88,3.926
2,2,3,21.26,5.45,10.189
1,1,1,50.36,7.19,9.649
2,2,3,28.35,2.52,5.971
2,1,1,23.55,2.3,5.234
1,2,2,31.93,5.74,6.419
2,1,1,46.86,8.52,17.044
1,1,2,35.49,9.65,16.56
2,2,1,33.88,2.29,8.827
3,2,1,44.2,0.6,29.454
3,1,1,41.6,4.49,49.01
2,1,1,45.38,7.93,14.977
2,3,1,32.61,6.6,14.489
2,3,2,23.25,1.88,3.837
1,1,1,19.21,0.54,0.817
1,1,2,21.88,6.49,6.479
1,1,1,21.16,4.71,6.26
1,1,1,39.53,1.35,2.211
3,1,1,10.44,4.08,17.264
2,3,2,20.51,2.35,4.766
1,2,2,36.75,7.92,11.8
1,1,3,7.9,0.16,0.74
2,1,1,47.93,1.89,5.45
1,1,2,29.87,0.97,1.596
2,2,2,3.06,2.89,6.796
3,1,3,44.14,8.03,18.958
1,1,3,20.62,9.23,10.267
1,2,1,20.66,4.75,9.983
1,1,5,12.75,9.35,10.408
1,2,1,12.75,2.3,4.0
1,3,5,7.0,8.66,8.607
1,1,1,5.37,5.87,6.204
1,1,2,40.86,0.77,1.839
1,3,2,6.07,8.79,10.04
1,1,1,27.26,0.36,1.26
2,1,3,25.56,3.57,4.628
1,3,1,15.56,6.34,7.01
2,2,1,48.87,7.77,16.497
1,3,1,13.12,0.89,2.015
1,1,5,18.53,2.71,3.367
1,1,5,15.68,7.71,6.815
2,1,2,39.46,5.81,13.367
1,1,2,19.38,5.64,8.749
1,2,1,19.49,6.04,6.299
1,1,2,15.28,1.75,1.856
3,1,5,11.5,4.96,11.504
1,1,3,3.31,1.17,1.452
1,1,2,34.46,9.29,9.96
2,1,1,22.83,8.39,15.575
1,2,3,11.63,0.54,1.418
1,1,5,31.37,6.29,9.349
2,2,5,18.14,1.11,6.602
1,1,2,42.69,9.26,13.741
1,1,1,41.46,5.61,8.73
1,3,5,15.06,3.38,4.758
1,3,2,8.99,4.17,4.998
3,1,1,42.06,1.77,16.297
2,1,1,34.01,4.85,12.15
1,3,2,15.82,9.78,12.955
1,2,3,37.7,9.1,6.769
2,1,4,32.85,6.8,8.824
2,1,4,14.31,7.72,9.882
1,1,2,51.07,5.0,5.178
2,2,5,22.85,0.29,4.701
1,2,1,17.31,1.37,3.143
2,1,1,17.19,7.57,13.012
1,1,1,31.78,7.41,7.743
1,1,3,21.48,3.46,3.302
2,2,4,47.43,6.39,17.92
2,3,3,15.6,2.66,4.843
1,2,4,24.08,0.38,0.831
1,2,2,30.67,6.78,7.585
2,1,3,14.94,5.55,7.816
1,2,1,52.57,7.74,10.384
1,1,3,41.54,0.29,1.233
2,1,3,10.08,7.34,12.196
1,1,2,45.99,8.55,11.61
1,3,1,47.37,2.26,2.96
1,1,1,14.89,2.39,3.117
3,1,4,45.67,4.45,18.811
1,3,2,15.02,3.96,6.838
2,2,2,17.96,5.72,8.757
3,1,4,6.38,0.56,9.662
2,1,1,33.37,6.99,18.582
1,3,1,28.26,4.9,8.485
1,1,3,35.84,9.66,10.407
1,1,1,24.34,3.71,4.217
1,1,2,26.28,9.65,13.168
3,1,3,50.97,4.75,33.328
2,2,2,30.54,4.62,10.594
1,3,1,25.64,6.58,12.581
1,1,1,27.41,3.1,3.689
2,3,4,47.86,5.16,9.822
1,2,2,36.12,5.19,10.027
2,2,4,16.09,8.69,12.233
1,1,2,56.28,8.46,17.545
2,1,1,30.08,3.55,9.045
2,2,1,15.44,2.31,7.207
1,2,2,52.53,6.39,13.165
1,1,3,20.59,5.9,5.688
2,1,2,27.1,9.48,9.349
1,1,2,3.7,3.44,4.038
1,1,3,15.38,9.35,8.547
1,1,1,19.47,3.95,4.351
1,1,4,37.25,0.42,0.833
2,1,2,25.38,3.24,5.105
1,3,2,28.69,6.3,4.582
1,3,1,23.58,2.3,3.971
2,1,1,44.8,1.37,7.204
1,1,3,38.37,9.11,11.68
1,1,1,2.85,4.11,5.04
2,1,4,53.68,3.17,4.975
2,3,2,51.88,3.56,10.862
1,1,2,19.75,4.78,4.641
2,3,1,18.24,6.67,9.266
1,1,4,27.59,3.9,2.592
1,3,4,30.41,0.56,1.576
3,2,1,31.88,3.29,29.256
2,2,2,38.83,5.94,15.089
1,3,4,27.24,1.89,1.755
1,1,1,9.6,8.66,7.906
1,1,1,8.53,3.7,5.618
1,1,5,11.29,4.71,6.185
2,3,2,27.83,7.38,16.257
2,3,5,12.81,2.78,4.585
1,1,1,31.34,9.06,7.336
1,2,2,28.33,7.03,9.26
1,1,2,20.81,8.1,5.867
1,1,2,63.23,5.05,4.972
2,2,4,14.78,3.85,6.505
1,1,2,22.43,1.39,2.958
1,1,4,51.48,0.45,0.906
2,2,1,14.83,1.03,7.317
3,2,5,24.11,4.84,15.143
1,2,3,9.76,7.13,10.192
1,1,1,5.98,9.22,11.522
1,1,2,57.71,9.97,9.519
1,2,1,45.24,4.98,9.102
1,3,1,26.08,2.61,5.165
2,1,4,17.79,4.84,6.323
1,3,5,63.33,9.54,15.6
1,2,1,37.16,5.72,7.167
2,3,1,63.01,7.25,9.551
1,2,1,7.43,0.39,1.697
2,1,3,25.18,0.46,2.793
2,2,2,2.77,8.64,10.586
2,1,2,14.89,5.62,9.033
2,1,2,58.74,1.77,7.931
2,1,5,9.03,3.34,7.942
2,1,1,20.68,6.96,10.053
1,2,1,29.73,0.52,1.326
1,3,2,31.93,3.81,4.136
1,1,5,8.5,1.75,2.653
1,1,3,23.99,0.25,1.296
1,3,4,21.08,3.58,5.219
1,1,4,42.98,1.28,2.121
1,1,1,35.56,3.17,3.504
1,3,2,16.54,1.27,1.813
1,3,4,38.88,4.42,5.967
2,2,1,8.13,1.95,8.224
1,1,2,12.46,3.43,2.803
2,2,1,7.57,8.37,10.851
1,3,3,15.04,2.76,3.236
2,3,1,22.58,4.74,9.415
2,1,1,46.53,4.83,7.831
1,3,2,15.53,4.63,5.867
3,2,2,49.1,2.92,43.965
1,1,1,65.53,9.32,12.295
1,1,1,13.61,4.07,5.812
2,1,4,20.89,3.07,4.035
1,3,5,14.85,0.28,0.768
1,1,2,65.86,6.81,8.623
1,2,1,33.63,1.5,3.54
1,1,3,15.97,4.3,4.81
1,2,2,26.25,3.02,3.329
1,1,2,23.62,1.5,2.086
1,3,1,42.21,4.11,5.207
2,2,1,29.26,7.38,14.311
1,2,1,44.0,2.56,6.534
1,2,2,17.77,7.11,7.109
2,2,1,18.54,2.1,8.756
1,3,2,28.34,2.23,1.863
1,1,2,35.75,9.93,8.357
2,3,2,8.49,4.71,7.561
3,1,2,4.27,8.19,20.421
1,2,2,20.34,1.73,3.653
1,3,1,50.71,5.52,9.51
2,3,1,58.37,5.85,6.754
2,1,2,22.01,7.17,9.68
1,1,2,52.62,7.83,12.196
1,3,2,45.08,2.78,4.142
1,1,2,49.15,6.34,6.896
1,3,1,52.85,6.96,7.136
3,1,1,40.51,6.92,11.28
2,1,2,26.56,2.29,5.502
1,2,2,40.78,7.93,5.536
2,1,2,30.29,6.67,9.388
2,1,1,10.14,0.51,5.054
1,1,3,54.78,5.86,8.224
2,3,1,21.31,0.39,3.874
1,2,2,16.17,0.5,1.615
1,3,2,34.07,1.21,3.051
1,1,2,41.66,7.15,7.293
1,1,3,58.58,4.38,6.13
3,1,1,45.39,6.67,32.755
1,1,1,35.88,9.93,11.166
1,1,1,34.12,9.36,9.192
1,1,5,28.12,8.03,15.494
1,1,4,27.25,3.06,5.343
1,2,3,9.67,7.75,8.892
2,1,2,12.73,3.76,6.211
1,2,1,30.79,1.88,3.689
1,1,3,3.19,7.34,11.849
2,2,1,30.22,8.35,16.583
1,2,1,25.51,7.5,11.68
2,3,3,19.8,3.79,5.891
1,3,1,16.13,7.06,8.965
1,1,3,38.74,1.56,3.517
2,1,3,26.2,6.63,12.394
2,3,3,14.2,1.54,6.647
2,3,2,12.64,0.63,4.259
1,2,1,17.56,0.33,1.377
1,1,2,14.17,9.7,13.185
2,2,3,69.92,0.28,7.981
1,3,3,31.88,4.17,7.544
2,1,4,34.42,7.65,13.732
1,1,5,19.32,5.53,9.578
2,3,2,43.94,1.02,5.377
1,2,4,11.83,1.16,1.559
1,1,1,12.56,1.58,2.642
1,1,5,37.2,2.12,2.784
1,2,4,23.34,8.55,7.375
2,2,1,25.25,5.66,14.991
1,2,2,9.87,3.21,6.339
1,1,2,34.83,3.9,7.713
2,1,3,12.99,6.25,8.665
2,2,1,27.02,8.67,10.893
1,1,2,49.74,4.59,4.478
3,1,2,41.31,7.19,19.325
1,2,1,21.24,8.54,8.068
2,1,5,70.42,3.6,8.264
1,2,2,18.11,4.74,4.769
1,1,2,17.92,7.28,5.238
1,2,4,33.6,8.21,6.977
1,2,1,11.31,3.6,6.713
1,2,1,36.74,8.0,11.761
1,3,1,44.6,7.86,6.533
2,1,4,44.26,1.76,5.578
1,3,4,56.41,6.45,7.444
1,1,2,13.82,9.7,9.659
3,3,1,11.74,3.08,22.093
2,1,2,0.6,4.8,10.096
3,2,2,28.16,3.07,24.431
1,1,2,26.18,7.12,8.181
1,1,1,33.24,0.49,1.112
1,1,1,4.68,9.02,7.417
1,1,4,32.77,5.63,8.218
1,1,2,29.56,3.95,6.545
2,1,1,25.11,2.6,6.307
2,2,5,43.03,6.22,13.909
2,1,2,9.06,3.54,5.77
1,1,3,13.48,8.87,11.197
2,3,1,19.38,7.15,11.509
1,2,4,14.87,3.34,3.474
3,1,1,14.48,9.87,25.115
1,1,5,19.44,9.23,9.601
1,1,3,48.39,2.71,4.038
1,2,1,26.07,1.73,1.609
2,3,1,51.69,5.32,10.459
3,2,3,15.18,6.07,37.755
2,3,1,52.93,4.0,10.447
2,2,1,28.17,5.33,8.447
3,3,2,13.55,3.29,27.381
2,2,1,16.07,5.3,13.047
1,2,2,8.62,8.11,7.699
2,2,2,21.81,0.7,4.421
1,2,1,18.45,5.04,7.46
1,1,1,16.76,1.16,1.681
1,1,1,30.23,5.63,2.843
1,1,5,15.42,2.64,2.245
3,1,1,21.01,8.98,23.234
3,3,2,27.62,9.11,47.389
1,2,2,35.82,3.47,5.839
2,1,3,19.05,4.72,4.982
1,1,1,45.43,3.04,3.162
1,1,1,49.23,1.34,3.697
1,3,2,49.52,2.42,2.449
1,3,2,11.96,9.1,11.628
1,1,3,9.51,5.66,5.086
1,1,1,14.06,8.06,7.962
1,3,3,33.12,1.17,1.168
1,2,1,43.08,7.41,8.247
3,3,2,4.89,3.99,20.589
1,1,2,10.06,5.02,5.137
1,1,1,2.11,8.44,13.676
1,2,5,38.03,0.63,1.831
1,1,2,11.31,5.02,4.609
1,3,1,61.74,8.06,6.844
1,2,1,50.48,1.4,4.191
2,1,3,45.11,6.64,7.192
1,1,3,18.23,9.23,8.716
2,2,1,57.07,3.09,18.855
1,3,1,13.6,0.48,1.217
1,1,2,52.19,9.65,8.397
1,2,2,83.59,1.83,3.638
1,1,1,32.1,6.78,5.898
1,3,2,8.93,6.82,9.573
1,2,2,19.1,8.45,9.969
1,1,1,14.51,6.5,6.701
2,2,1,5.89,3.52,9.044
1,2,1,24.54,1.52,3.363
1,2,1,28.82,6.85,7.121
2,1,5,15.97,6.39,8.171
1,2,1,26.56,2.67,3.089
2,3,1,16.87,2.53,10.081
3,1,4,43.04,7.79,24.682
3,1,5,4.59,9.93,13.938
1,3,3,30.4,9.39,8.628
1,2,1,7.23,8.48,8.378
2,1,2,23.95,1.45,4.329
2,3,2,1.6,7.54,16.376
2,1,3,49.08,5.45,7.921
1,3,1,30.13,5.36,5.999
1,1,1,36.1,1.26,1.657
1,1,1,25.5,1.56,2.354
1,3,2,36.36,2.44,2.74
1,2,1,21.08,1.31,2.097
3,1,2,26.82,4.04,16.906
1,3,2,3.12,9.72,10.607
2,3,4,28.36,9.92,12.346
3,3,4,16.92,8.7,22.016
1,1,2,63.9,6.04,9.644
1,1,1,13.85,6.51,5.324
2,2,4,47.71,9.84,16.173
1,3,1,14.83,5.74,8.663
1,1,1,11.39,0.14,1.018
2,1,2,18.34,6.0,9.322
2,1,2,34.16,0.15,4.325
2,1,1,6.64,8.09,14.754
3,2,1,29.73,8.29,32.547
1,1,1,45.53,5.23,5.438
2,2,2,17.51,1.88,6.263
2,2,3,36.61,4.89,9.761
2,1,2,18.75,8.25,9.107
2,3,2,10.52,7.26,9.952
2,1,3,48.64,2.45,7.299
2,1,2,60.64,1.03,5.521
1,1,2,5.37,7.64,8.448
2,2,2,26.56,5.16,8.86
1,1,3,38.71,2.62,4.112
1,3,3,44.97,6.88,4.799
2,1,1,37.55,4.48,7.978
2,1,4,27.45,8.31,13.758
1,3,2,18.77,3.88,4.288
1,3,4,29.71,9.09,7.676
1,2,2,17.72,7.51,11.247
1,1,2,12.5,8.92,7.998
1,1,1,4.14,6.38,6.599
3,1,2,14.32,9.36,21.622
1,2,2,66.85,8.71,9.094
3,2,4,49.49,0.18,40.225
1,1,4,43.73,9.85,6.536
2,2,2,42.83,3.52,8.551
1,2,4,33.14,6.57,7.22
2,1,4,40.73,5.46,9.628
2,1,4,31.27,5.4,5.725
2,3,1,23.86,3.62,9.626
3,1,1,31.8,3.33,24.214
1,1,4,13.3,3.6,2.944
1,1,2,35.31,6.77,6.287
1,2,2,22.76,8.91,9.372
2,2,2,68.09,4.56,23.735
1,2,1,26.21,8.55,13.787
1,1,1,11.89,1.42,2.474
1,2,1,30.86,8.7,8.626
1,1,2,24.08,1.8,2.582
2,3,2,42.44,7.7,13.898
2,3,2,7.31,5.39,7.073
2,2,1,32.01,0.73,7.228
2,1,1,55.15,7.48,21.551
2,2,2,22.59,9.49,11.289
1,1,1,35.4,8.0,9.639
3,1,4,28.01,2.83,14.396
1,3,2,13.46,8.3,7.343
2,1,1,32.23,9.65,16.5
2,1,2,40.63,6.02,8.312
1,2,2,13.98,7.96,11.975
1,2,1,20.24,6.98,14.639
1,2,3,19.21,0.89,1.862
1,1,1,36.06,1.2,3.397
3,2,1,46.32,4.66,46.834
1,1,1,36.68,3.1,2.079
1,3,2,23.04,9.92,9.93
1,1,2,44.4,1.14,1.909
1,1,3,11.34,9.35,14.733
1,2,2,57.84,6.51,8.654
1,1,1,44.32,8.83,4.941
1,2,2,50.4,0.58,2.501
1,1,2,22.18,3.27,3.992
1,1,2,19.42,2.67,3.129
1,1,2,67.63,9.32,10.521
2,1,2,63.99,9.92,23.652
1,1,3,30.74,7.4,8.341
1,1,2,8.93,5.62,6.468
3,1,4,27.08,1.53,11.281
1,3,3,26.52,6.96,5.486
1,2,2,32.57,6.6,8.25
2,1,1,23.2,9.55,11.297
1,1,1,6.48,2.16,2.903
2,1,1,65.29,7.31,6.688
2,1,1,21.96,2.44,6.072
3,1,1,45.77,9.84,31.51
3,1,2,51.0,9.43,31.565
1,3,1,10.48,3.6,4.691
2,2,1,14.91,4.31,11.553
1,1,2,19.34,5.1,6.552
2,1,3,31.63,1.65,4.338
1,1,1,45.23,3.06,5.342
1,1,4,62.49,6.79,7.394
1,2,4,33.62,4.27,3.534
1,1,4,50.57,6.55,9.063
1,1,2,20.94,7.77,7.973
1,1,3,35.49,2.94,3.195
3,2,1,25.6,7.55,56.739
1,1,2,39.6,7.56,7.779
2,3,1,11.82,2.1,6.823
2,1,1,16.96,0.33,4.761
2,1,4,38.7,8.63,9.703
1,1,2,27.25,8.46,11.095
2,2,1,25.95,0.56,7.335
2,1,1,37.86,2.4,9.569
2,1,2,23.2,3.79,5.961
3,1,3,21.47,9.31,18.788
1,1,4,17.34,0.5,1.013
1,1,1,1.05,9.74,8.53
2,2,1,4.53,2.81,11.289
1,2,1,14.89,4.41,5.247
2,2,2,47.14,0.13,13.275
1,3,2,18.35,1.38,1.69
1,1,3,11.85,2.18,3.41
1,3,2,24.98,9.82,9.968
1,1,1,32.68,9.84,8.956
3,1,1,30.19,2.64,23.262
1,2,1,58.11,8.8,11.412
2,1,3,42.49,1.17,5.404
1,1,2,22.91,4.25,4.064
3,2,4,52.32,5.25,20.674
1,1,1,21.0,1.6,2.696
1,1,4,25.36,6.14,5.539
1,2,1,45.09,4.9,6.658
1,1,1,53.61,9.95,13.52
3,1,1,49.9,2.5,27.701
3,1,1,2.37,9.5,24.1
1,3,1,28.91,3.96,4.231
1,3,1,25.21,9.44,13.815
1,2,2,8.95,5.4,7.642
1,1,3,9.18,4.69,6.709
1,1,3,56.98,0.65,1.039
1,1,3,17.64,7.32,6.687
2,2,3,7.63,1.72,5.737
2,2,5,36.37,7.55,12.663
1,2,1,1.39,6.24,10.429
1,1,5,8.77,8.55,9.011
1,3,2,32.23,4.74,4.981
1,1,2,20.87,6.16,7.212
1,1,2,38.83,4.35,3.392
2,1,1,20.39,5.49,5.252
1,2,1,19.57,4.04,3.92
2,3,2,21.0,7.28,10.118
2,1,3,39.14,5.66,10.089
3,3,4,33.31,2.23,24.739
2,1,1,44.32,9.44,21.092
1,1,1,49.55,3.45,5.938
1,1,2,9.54,6.68,5.418
1,1,1,25.82,4.39,4.822
3,3,1,17.76,9.77,43.631
3,1,1,18.03,6.27,15.961
1,1,3,39.07,3.94,4.594
1,1,1,22.2,5.53,6.263
1,2,1,12.2,9.6,12.967
1,3,1,29.17,6.84,3.619
3,3,2,68.82,4.14,54.14
1,1,1,56.31,3.73,3.2
1,1,2,2.27,2.19,3.302
1,1,4,53.76,4.02,3.093
1,3,1,72.38,9.71,12.182
1,1,1,13.51,7.31,5.035
2,3,1,38.81,6.92,9.076
1,3,5,8.76,5.63,6.766
1,2,2,28.68,8.24,7.823
1,2,3,24.32,9.93,12.749
1,1,4,26.55,9.17,10.448
1,1,5,73.95,1.91,2.585
1,1,4,19.15,7.37,4.57
1,1,1,12.69,5.42,6.302
1,2,2,42.21,5.96,9.104
2,1,5,29.88,5.51,8.631
2,3,2,18.38,9.15,10.575
3,3,3,33.03,5.46,25.581
1,1,4,23.64,1.03,1.41
2,1,2,34.23,8.1,12.014
2,1,2,8.62,3.53,8.391
1,1,2,61.38,0.62,1.877
1,2,1,29.41,4.29,4.858
1,2,1,15.0,8.19,10.634
2,2,2,63.08,5.14,15.685
1,1,5,14.51,0.61,1.225
1,3,4,12.67,9.48,7.745
3,2,1,45.17,8.14,32.984
1,3,3,10.06,2.79,3.259
3,3,1,9.24,7.21,18.74
2,2,2,46.67,9.67,14.956
2,1,4,18.88,1.98,4.393
2,3,5,16.08,9.24,15.037
1,1,2,9.58,1.96,2.336
2,1,2,12.49,2.46,6.554
2,1,1,8.09,4.58,8.203
2,1,3,44.01,0.23,3.527
1,1,1,22.33,5.0,4.412
1,1,1,36.63,3.19,3.351
1,3,3,21.61,0.76,1.259
1,2,1,23.83,4.89,5.654
1,3,2,50.93,5.27,5.374
2,3,2,18.78,8.23,14.898
2,1,1,45.59,9.97,13.876
2,2,1,25.51,9.09,23.763
1,2,1,59.78,1.89,2.922
1,1,1,14.91,8.62,11.172
1,3,2,28.57,7.46,6.069
1,3,2,15.07,8.24,8.45
1,1,2,39.87,2.65,3.146
1,3,3,56.99,7.34,7.826
1,1,3,74.48,6.87,12.136
1,3,2,48.65,5.09,6.362
1,2,2,24.23,8.35,14.559
1,1,2,42.94,2.85,5.308
1,3,1,43.8,4.07,5.077
2,2,1,38.08,4.06,15.273
1,1,1,19.62,5.75,4.748
1,2,3,66.2,0.4,2.183
1,2,2,16.64,4.77,5.585
3,1,5,16.68,1.03,10.706
1,2,1,26.32,1.12,2.818
2,1,1,55.92,7.68,9.851
1,1,1,18.25,3.35,4.405
2,2,3,23.59,1.82,9.148
2,1,2,41.6,7.89,14.365
1,1,2,20.26,1.74,2.566
2,3,2,63.15,3.9,15.066
1,3,1,13.36,7.47,4.926
2,2,3,24.89,9.81,9.178
1,2,3,15.44,7.12,11.649
1,3,2,81.25,6.91,11.307
3,3,1,37.67,2.42,30.181
2,1,3,6.68,6.81,9.514
1,1,3,53.75,9.59,10.193
3,1,4,20.51,0.63,12.576
1,1,1,52.24,3.62,5.046
1,1,4,22.05,2.45,2.622
2,2,4,23.11,1.33,5.743
1,2,1,32.67,3.25,4.878
1,3,3,15.04,5.95,5.746
2,1,1,39.0,3.75,10.757
1,1,1,20.15,7.02,6.637
1,1,2,10.45,6.07,5.668
1,1,1,45.47,1.26,1.903
2,1,1,35.13,1.74,3.836
1,3,2,42.53,1.71,2.599
1,1,5,15.9,5.86,5.635
2,2,1,34.18,9.53,19.471
1,1,1,18.41,5.48,5.993
1,2,1,15.19,8.01,6.349
2,3,1,43.59,5.32,9.729
2,3,4,22.67,5.02,5.657
1,1,2,8.47,8.33,10.936
2,3,2,26.68,2.59,8.746
2,1,2,7.18,1.57,4.812
1,3,5,56.99,1.15,2.426
2,1,2,19.17,6.22,9.415
2,2,4,18.7,2.28,6.672
2,2,2,29.85,1.07,5.941
1,3,4,13.4,9.06,8.867
2,3,2,11.06,0.17,4.63
3,1,4,25.74,6.84,14.417
1,3,1,29.27,7.72,8.993
2,1,2,32.95,5.76,7.771
2,1,2,39.03,9.57,11.003
2,1,2,34.18,8.81,16.425
3,1,2,24.01,8.67,26.814
1,1,1,76.89,8.83,11.543
1,2,4,28.02,6.63,5.837
1,1,2,34.39,1.14,1.832
1,2,1,14.52,2.97,3.889
1,1,3,33.87,8.22,6.362
2,2,3,15.31,5.93,11.872
3,1,1,55.43,2.16,32.859
1,1,1,57.81,8.66,5.142
2,2,2,34.27,6.41,12.012
1,3,3,56.92,2.07,5.443
1,3,1,41.02,7.68,9.379
1,1,1,11.15,1.59,3.206
1,3,3,48.53,3.85,5.344
1,2,1,41.63,5.34,8.046
2,3,4,14.76,4.26,6.778
2,1,3,10.73,9.16,9.738
1,1,4,25.24,1.6,1.649
1,1,1,14.64,5.64,7.982
1,3,1,45.87,2.46,3.433
3,1,2,21.86,2.63,15.393
3,1,1,50.4,8.9,57.128
1,2,1,2.72,5.55,10.003
1,3,2,2.71,3.36,4.266
1,2,2,31.57,7.5,5.653
2,2,1,21.11,8.63,14.478
1,1,1,49.53,6.64,5.639
1,3,1,41.48,0.36,1.065
1,1,2,30.11,4.48,7.253
1,1,1,46.52,6.83,5.422
1,1,2,60.03,7.43,6.806
1,1,3,64.35,9.96,10.277
2,2,3,23.77,1.0,4.466
1,2,4,37.22,7.37,7.105
1,1,5,37.45,5.77,4.611
1,1,1,4.45,0.56,0.946
1,1,1,21.94,1.47,2.097
2,1,3,4.76,7.92,10.334
3,3,3,24.29,1.0,12.893
1,2,1,20.95,6.45,5.663
2,1,5,68.17,4.0,4.984
2,1,4,29.7,9.3,8.422
2,3,4,34.28,5.53,8.532
1,3,1,33.46,8.07,9.721
1,3,2,36.55,2.98,3.422
1,1,2,23.09,1.21,2.474
3,2,1,35.95,7.88,61.072
2,1,1,21.25,9.15,8.184
1,2,1,16.89,3.87,5.195
1,1,4,57.9,8.22,4.999
1,2,2,51.79,0.68,2.378
1,1,2,54.29,3.52,6.13
2,2,1,30.91,0.6,8.059
1,1,4,24.93,1.51,1.596
2,3,4,43.91,6.65,14.588
2,1,2,34.05,5.77,7.459
2,2,1,32.18,9.56,17.367
2,1,1,66.89,4.34,7.985
1,2,2,10.08,6.22,7.74
2,2,3,12.67,8.71,12.418
2,1,5,6.9,2.87,3.191
1,1,1,27.9,8.13,7.968
1,1,1,61.05,6.81,10.148
1,1,1,37.45,9.0,13.848
1,2,1,58.05,8.27,9.041
1,1,2,27.25,6.14,8.911
1,1,2,16.85,8.47,7.973
2,1,4,33.84,4.43,12.528
1,1,1,21.37,2.13,2.36
1,1,1,24.47,2.09,2.84
1,2,2,13.58,4.38,4.104
1,1,3,33.47,4.96,5.229
3,3,3,23.79,8.97,30.17
1,2,4,10.71,8.71,17.944
1,1,2,15.89,4.77,4.56
1,3,1,13.18,0.77,0.983
1,2,3,8.52,5.88,8.775
2,2,5,53.76,6.56,11.908
2,1,1,30.93,6.51,14.896
1,2,1,20.55,3.02,3.207
2,1,1,20.19,5.8,15.269
1,2,2,58.62,9.12,8.923
2,1,2,23.14,5.4,8.082
1,1,1,4.76,6.56,7.369
1,2,1,21.04,0.85,1.573
2,1,2,45.3,4.83,7.971
2,1,2,21.73,5.16,5.328
1,3,1,33.51,1.88,3.451
3,1,2,25.49,9.22,21.628
2,1,1,27.69,1.92,2.72
1,1,1,37.77,7.24,7.202
2,3,1,58.2,7.0,16.014
2,2,1,29.45,6.31,14.161
1,2,1,67.61,1.09,6.745
1,3,1,49.36,5.46,7.147
2,2,1,15.63,6.8,12.076
2,3,3,50.66,9.63,14.027
1,2,3,28.73,6.2,11.256
1,3,1,38.71,2.42,2.652
1,2,2,51.09,8.85,9.081
3,1,1,45.97,6.39,36.158
2,1,4,28.97,9.86,12.975
1,1,1,54.37,6.15,5.008
2,2,1,39.42,9.61,18.458
2,3,2,67.3,3.2,21.341
1,2,1,18.7,5.64,6.717
1,2,1,33.83,3.25,4.118
1,2,1,15.99,1.12,2.323
1,3,2,32.77,8.91,9.268
1,2,1,49.88,8.9,21.795
2,1,1,41.64,0.68,6.551
3,1,4,13.97,7.04,10.675
1,1,1,40.53,5.08,8.835
2,1,1,19.53,2.42,5.189
3,1,2,17.38,7.26,22.872
1,1,1,7.99,5.39,7.472
1,1,3,49.78,0.26,1.639
2,1,1,13.82,4.92,9.083
2,3,1,51.13,4.18,10.914
1,1,3,27.03,7.16,6.979
2,3,3,2.5,3.01,6.272
2,1,3,19.82,7.29,15.719
2,3,1,42.44,1.14,4.389
2,2,2,39.83,9.74,15.639
1,3,5,4.62,2.12,3.01
1,2,2,61.98,7.55,20.566
1,2,4,56.68,4.2,10.598
3,1,2,21.44,4.37,20.775
3,1,3,56.57,9.72,39.975
2,2,1,47.07,5.71,19.613
1,1,4,15.85,7.71,7.649
1,1,4,19.63,7.96,10.512
1,3,3,52.94,7.83,7.634
1,1,4,34.05,1.02,1.076
1,2,3,36.53,5.48,8.132
2,1,2,14.41,8.77,11.838
1,1,2,13.78,6.65,9.111
2,1,3,30.81,2.7,6.235
3,1,3,6.96,4.35,14.001
2,3,2,28.23,3.11,10.724
1,3,2,24.7,3.42,5.17
3,1,4,27.54,4.49,20.026
2,1,1,17.15,2.19,4.318
1,3,3,13.59,6.34,6.08
2,1,2,28.78,3.58,6.085
2,1,3,2.55,0.28,2.817
1,1,1,27.43,2.05,4.976
1,2,2,1.97,9.87,8.399
1,1,1,25.84,8.15,9.195
1,1,2,40.99,4.97,4.355
2,3,3,14.27,8.38,9.636
1,3,2,9.88,3.21,3.729
1,2,2,17.51,3.62,5.34
1,2,1,23.1,5.26,3.509
1,3,2,37.68,2.22,2.071
1,2,4,11.03,8.2,8.017
2,2,3,38.4,4.75,9.878
1,1,1,17.39,1.07,1.396
1,1,2,16.7,2.4,2.756
2,3,3,58.61,5.71,10.123
3,2,2,27.49,6.08,39.593
1,1,2,11.7,7.67,8.829
1,2,4,18.97,4.08,4.818
1,3,4,22.89,6.83,10.131
1,1,1,3.63,2.36,3.614
1,2,2,59.04,6.16,7.366
3,1,2,22.88,3.93,13.428
2,2,4,25.31,7.84,11.459
1,3,1,4.39,8.98,7.261
3,3,1,29.0,7.44,35.846
1,3,2,55.59,6.3,14.633
1,2,2,46.66,1.36,3.258
1,1,1,51.21,6.54,10.219
1,2,4,17.36,5.46,4.978
2,1,1,8.63,0.39,3.818
1,2,1,23.96,1.34,2.499
2,2,1,55.79,3.5,10.027
1,2,1,44.97,4.87,6.224
3,1,1,18.8,9.22,19.301
2,1,1,20.57,2.05,6.839
1,1,1,8.59,0.59,1.121
1,1,2,4.07,7.38,6.655
3,1,2,19.07,7.3,22.863
1,1,2,23.45,7.83,10.166
1,3,5,23.46,7.69,10.649
2,1,5,26.73,6.09,6.675
1,3,2,46.03,5.07,6.16
1,1,1,47.9,1.34,3.226
1,3,2,27.12,8.57,7.131
1,2,1,7.41,7.35,8.683
1,3,3,28.43,8.19,9.112
1,3,2,14.24,10.0,8.537
1,2,1,55.02,9.73,17.116
1,1,2,21.3,2.63,3.011
1,2,4,16.68,8.57,12.835
3,1,2,52.16,7.13,20.525
1,3,3,18.5,9.0,5.305
1,3,3,28.58,9.68,8.965
1,1,2,23.06,3.75,4.875
2,2,1,50.42,4.85,11.793
1,1,2,17.5,1.53,2.184
1,2,1,30.95,0.17,1.518
2,2,2,15.81,8.36,11.051
1,2,1,18.24,8.92,20.163
2,3,4,24.94,1.34,4.237
2,1,3,21.42,1.53,3.555
2,2,1,9.52,1.53,13.49
1,2,3,33.85,3.32,3.391
1,1,3,26.6,9.27,10.179
1,1,3,42.29,4.35,4.241
2,1,1,38.57,6.32,7.344
3,2,2,20.36,2.97,37.162
3,3,2,25.0,0.69,20.589
1,1,1,15.03,4.52,3.87
2,1,2,19.06,4.66,12.688
1,1,1,20.48,4.34,5.114
2,1,4,65.62,2.39,11.02
1,1,5,44.66,3.9,6.861
1,2,1,14.27,0.41,1.127
1,1,1,29.77,8.17,11.082
3,3,1,36.53,5.42,42.336
1,1,4,10.27,8.49,9.334
1,2,1,47.03,8.42,14.385
1,1,3,66.98,6.9,6.836
1,1,3,24.08,4.32,7.499
3,1,1,5.9,2.07,16.114
1,2,3,22.52,4.52,8.376
1,3,2,46.45,5.77,8.116
2,1,1,16.54,4.47,8.778
1,2,4,8.14,7.75,6.496
1,2,2,28.27,9.0,15.554
1,1,1,37.65,8.79,7.502
1,3,2,18.71,4.62,8.442
1,1,2,13.6,8.81,10.416
1,3,2,50.15,4.91,7.159
1,2,1,53.41,3.54,4.7
2,1,2,43.87,8.45,11.252
2,2,1,18.84,6.93,8.764
2,1,2,33.64,4.36,10.093
1,2,1,15.32,3.25,4.969
1,3,2,24.86,1.3,3.302
3,2,3,25.89,2.68,25.139
2,1,1,14.35,0.77,6.785
1,1,1,14.43,4.05,3.772
1,2,3,27.35,3.8,5.319
1,2,1,42.03,4.51,7.72
1,2,1,51.13,6.05,9.586
1,1,2,17.15,6.82,6.895
1,2,2,16.32,4.67,4.213
3,2,1,26.8,8.2,40.642
1,2,3,43.39,2.64,3.366
1,1,1,17.06,0.3,1.583
1,1,3,32.02,2.58,3.786
2,1,3,37.82,0.67,4.084
2,3,1,38.13,7.33,20.029
1,3,3,7.18,4.43,6.126
1,3,2,19.57,4.98,3.663
2,1,5,47.19,0.31,4.046
2,2,3,28.03,2.4,8.65
1,3,1,34.49,2.91,4.543
2,1,2,37.94,5.23,9.065
1,1,2,34.8,4.18,4.313
1,1,3,31.67,4.52,3.89
1,2,2,30.27,2.19,4.341
1,1,3,23.4,3.39,3.536
1,1,1,32.79,3.4,3.515
1,2,5,28.02,4.43,12.019
2,2,1,61.61,8.94,17.379
1,3,1,34.43,8.77,8.312
3,2,1,44.4,9.72,60.508
1,3,4,13.8,8.98,8.996
1,2,3,16.39,5.78,9.719
3,3,2,23.18,4.4,27.607
2,1,4,17.92,2.2,4.637
2,3,1,35.58,7.32,15.911
2,3,1,40.08,6.97,14.337
1,2,1,56.85,4.11,4.796
1,1,2,21.79,9.93,11.693
1,1,2,20.27,0.39,0.745
1,1,1,24.11,6.75,5.447
1,1,1,4.45,2.27,2.584
1,1,1,32.56,8.35,8.604
3,1,1,34.62,6.35,26.228
2,1,2,52.3,7.47,4.852
2,3,2,6.12,2.68,5.889
2,2,1,2.79,5.85,8.548
1,3,1,8.94,6.44,8.351
1,1,2,22.69,7.21,6.988
2,1,3,40.18,6.78,9.414
2,1,2,27.37,2.68,4.439
1,3,2,38.72,6.75,9.201
1,1,5,46.49,8.89,5.963
1,2,3,33.45,9.7,9.871
1,1,1,37.2,3.7,3.867
1,1,4,30.12,4.15,7.455
1,1,2,18.92,3.34,2.458
2,1,2,44.8,7.81,19.315
3,1,2,36.46,4.42,19.624
1,3,2,33.57,0.55,1.356
2,1,4,23.12,7.41,13.344
2,1,1,12.63,8.84,15.012
1,1,2,4.53,6.94,7.858
2,3,1,8.08,0.51,5.409
1,2,3,8.53,1.55,1.662
1,2,1,5.45,2.65,3.017
1,2,2,40.23,4.15,6.48
3,3,4,10.7,8.64,17.45
3,1,1,25.55,7.64,25.142
1,2,1,43.38,4.54,5.482
1,3,2,28.29,6.2,4.943
1,1,2,27.31,8.1,11.674
2,1,1,11.69,7.53,12.853
1,2,1,24.84,7.34,8.333
1,1,1,8.22,1.08,2.498
2,1,1,7.17,7.43,7.736
1,1,3,12.31,8.96,7.756
1,1,1,15.93,0.47,0.96
1,2,2,14.79,2.95,3.761
1,1,1,64.96,9.23,9.941
1,2,5,25.3,3.9,5.805
1,1,3,18.58,3.79,7.558
1,1,2,63.85,5.98,8.962
3,1,3,49.64,5.27,24.014
1,3,1,6.09,8.29,12.642
3,1,1,39.52,0.38,21.89
1,2,2,29.93,6.92,8.3
2,3,2,60.74,4.06,12.463
1,2,1,20.98,4.6,6.406
2,1,2,13.5,4.98,9.904
1,1,3,22.4,8.02,5.002
1,2,4,13.65,5.67,7.36
1,2,4,57.58,2.55,4.214
1,2,2,2.44,3.28,4.153
3,2,2,26.45,8.41,46.624
3,1,2,24.31,4.02,23.593
2,2,1,72.06,7.34,17.034
1,2,3,13.01,6.3,7.361
2,3,1,17.99,2.94,8.548
2,2,4,14.33,1.96,5.692
1,1,1,71.04,6.92,6.082
1,2,1,6.56,5.24,6.625
2,2,1,26.25,7.45,20.568
1,1,3,17.38,7.27,7.426
1,2,1,18.68,3.58,5.509
2,1,2,33.35,9.98,26.583
1,1,1,55.21,9.25,4.968
1,2,2,36.56,4.54,7.512
1,1,2,27.75,3.59,3.424
2,2,5,33.42,4.42,6.841
3,1,1,42.76,1.48,20.828
2,3,1,18.84,6.04,8.715
2,2,1,14.63,9.32,17.738
1,2,2,42.05,2.02,2.344
2,1,3,49.21,7.17,14.242
1,3,1,28.63,6.1,9.468
1,1,5,42.36,1.77,1.376
2,2,1,48.72,5.07,8.552
2,1,3,19.08,9.82,10.885
1,1,2,21.98,3.11,4.902
2,2,4,25.29,9.55,11.345
2,1,2,35.39,5.05,9.059
1,1,2,24.79,9.14,6.64
1,1,1,50.62,9.55,8.09
1,1,1,17.85,3.66,3.355
1,3,3,5.65,7.32,6.725
1,2,1,4.9,6.59,7.595
1,1,3,38.96,5.73,6.709
1,2,1,14.04,2.41,3.886
1,2,1,25.77,5.77,5.107
2,2,2,25.4,1.11,9.827
2,2,1,30.14,7.41,13.08
1,1,2,46.94,9.36,14.864
1,1,4,25.91,3.04,4.318
1,2,1,9.03,4.3,6.296
1,2,1,31.51,2.93,6.329
1,2,1,30.22,4.12,4.458
1,1,2,51.13,3.76,5.591
1,3,3,7.74,9.8,6.01
3,1,4,44.74,0.31,15.997
1,2,1,20.75,6.84,9.16
2,1,1,2.59,7.72,9.316
1,2,1,23.19,1.7,3.061
1,3,1,55.81,5.34,3.74
3,1,2,39.7,3.34,15.294
1,2,4,17.25,2.2,2.98
2,2,1,35.14,3.84,7.6
3,1,3,31.99,1.57,27.218
1,1,2,31.36,7.75,9.825
1,2,4,37.63,0.25,1.184
1,1,4,38.89,7.65,8.792
1,1,4,16.77,0.88,1.456
1,3,2,21.6,4.48,3.937
1,2,1,51.22,2.69,5.347
2,2,1,12.71,6.42,13.581
2,2,1,56.3,9.65,16.065
1,2,2,19.83,2.11,3.614
1,2,5,22.32,6.53,6.765
2,1,2,31.44,4.99,9.648
3,1,2,46.58,7.82,40.746
1,2,1,22.23,5.55,6.772
1,3,2,56.29,4.76,11.455
2,1,1,24.4,8.16,10.491
2,3,1,26.39,9.56,10.788
3,2,1,6.21,9.5,39.567
1,1,4,52.44,1.17,1.316
1,1,1,49.61,9.12,11.63
1,1,4,39.3,6.4,4.934
1,2,2,29.15,9.38,12.856
2,1,2,62.91,7.16,11.759
1,1,3,10.78,2.05,3.83
2,1,4,44.95,7.47,17.159
3,3,1,17.84,1.51,29.512
3,1,1,12.87,4.84,16.45
2,1,1,28.0,1.71,4.293
3,1,2,66.35,7.14,37.501
1,1,1,22.35,3.9,5.347
1,1,2,54.51,9.94,10.888
1,2,1,27.71,7.18,8.065
3,2,5,18.33,9.46,29.008
3,1,3,49.78,9.84,45.022
1,3,3,28.79,8.4,15.13
1,1,2,16.16,6.57,10.933
1,3,1,16.93,6.11,4.559
1,1,1,25.95,5.27,2.714
2,3,2,11.6,2.74,7.581
1,3,4,18.54,7.65,10.685
2,3,1,8.94,3.05,9.132
1,1,2,13.05,3.22,4.781
1,2,3,25.33,6.98,10.559
1,3,1,63.47,5.55,7.261
3,2,4,9.03,8.11,29.102
2,1,4,36.35,4.1,8.254
1,1,1,37.95,6.18,8.743
1,1,2,15.4,2.63,3.028
3,1,1,28.37,7.2,18.833
2,1,2,38.32,5.05,5.541
2,2,4,23.71,0.3,4.013
2,1,1,22.73,7.89,8.309
2,1,4,19.51,1.73,3.941
1,1,5,24.29,2.59,3.694
2,3,2,4.14,7.74,12.313
1,2,1,35.88,2.32,3.717
1,2,1,12.92,3.38,5.213
3,2,2,17.98,3.0,22.864
3,2,1,7.06,1.84,35.832
1,1,1,16.14,2.88,3.768
1,2,1,70.21,2.76,4.351
2,1,2,35.19,9.06,15.996
3,2,1,16.24,5.67,16.537
2,1,1,5.5,1.46,4.752
1,3,2,16.4,8.25,8.145
1,2,1,63.89,4.97,5.608
2,1,1,27.86,6.22,8.59
2,2,1,16.19,2.97,10.252
2,1,1,18.48,5.66,8.303
2,1,1,49.68,6.51,17.238
1,3,1,49.76,3.51,3.114
1,2,2,55.59,8.62,10.897
2,2,1,33.62,8.1,11.289
1,1,1,13.56,7.48,11.417
2,1,3,32.19,1.63,5.383
2,1,2,8.7,3.67,5.218
2,2,1,43.71,0.29,10.268
1,2,4,20.3,4.01,6.567
2,1,3,31.97,3.99,6.592
1,1,2,44.2,1.83,2.612
1,1,2,25.69,5.84,7.128
1,1,1,22.34,2.93,3.615
1,1,2,30.19,9.86,14.709
3,1,2,17.34,3.0,18.419
3,1,5,25.86,3.39,14.298
1,1,5,41.79,1.37,2.217
2,1,1,34.51,7.4,12.448
1,2,5,32.66,6.0,6.915
2,3,3,18.7,2.7,5.65
2,1,2,74.79,3.22,11.756
1,1,4,38.94,2.1,2.993
1,2,1,70.67,2.0,5.425
1,1,1,32.5,2.62,2.081
1,1,4,37.84,8.76,10.951
3,1,1,34.48,0.27,21.117
1,1,3,60.61,1.4,2.947
1,3,3,7.6,1.45,1.597
1,3,4,52.85,6.37,7.099
3,1,1,22.44,8.84,28.228
1,1,2,10.29,3.04,3.767
2,3,1,23.91,4.14,10.542
2,2,4,42.21,1.77,6.795
1,3,2,41.35,2.32,2.136
1,2,2,16.46,4.72,3.041
1,1,4,17.86,8.77,7.192
1,1,2,34.54,8.07,6.736
2,1,2,33.44,6.16,13.003
2,3,2,25.61,5.58,13.113
1,1,2,51.17,6.52,10.105
1,2,3,30.46,4.15,5.105
1,2,3,17.41,3.89,3.264
1,3,1,37.03,5.66,5.813
2,2,1,36.98,0.66,13.166
2,1,2,8.69,9.06,9.597
2,1,1,17.55,5.8,10.517
1,2,3,32.99,5.7,6.746
1,3,2,42.55,4.28,4.765
1,2,1,17.78,8.74,9.464
3,2,2,8.19,0.99,31.863
2,3,1,24.29,5.36,6.524
3,1,3,5.63,3.3,15.999
1,1,1,30.52,2.33,1.726
1,3,1,27.22,8.28,8.535
2,2,1,23.31,7.55,16.252
1,3,2,27.88,6.82,9.353
2,1,3,30.29,1.77,5.2
1,2,2,6.96,7.16,7.871
3,1,1,24.1,3.45,23.563
1,1,2,30.98,6.34,11.508
3,1,2,22.45,5.35,23.045
1,2,3,21.87,2.92,2.157
1,1,1,48.47,4.17,5.748
1,1,3,48.89,4.11,6.922
1,1,2,20.48,5.17,6.044
3,1,2,29.8,8.16,19.723
3,2,2,18.98,4.93,42.135
3,2,1,48.48,9.43,49.465
3,2,1,8.41,4.53,24.857
2,1,3,44.33,8.16,11.63
1,1,2,28.54,4.33,6.377
2,1,2,8.37,5.84,8.782
1,2,2,50.8,3.1,3.839
2,3,1,55.88,9.49,20.494
1,1,1,34.27,4.44,6.31
2,3,2,19.63,2.53,5.109
1,1,1,14.16,5.77,5.918
1,2,4,18.63,6.76,6.201
1,2,1,29.59,7.52,9.333
1,2,2,59.68,1.17,5.495
1,2,1,16.09,1.54,3.892
1,1,4,22.84,2.74,3.242
1,2,3,32.64,5.34,4.121
1,1,1,12.34,3.98,4.69
1,2,2,63.2,9.87,10.96
2,1,5,22.87,9.29,8.655
1,1,2,8.74,1.36,2.409
1,3,1,24.34,0.45,1.756
1,1,3,14.25,7.95,8.561
1,1,1,44.49,7.59,8.012
1,1,1,17.73,7.38,6.4
2,2,3,13.31,7.98,13.619
1,2,5,33.67,8.09,10.809
1,3,1,33.6,4.34,6.329
1,2,1,15.58,3.4,4.829
1,1,1,32.66,9.28,16.561
1,1,4,14.53,8.33,9.66
2,1,4,31.38,0.97,3.185
1,2,4,23.7,3.61,3.819
2,3,1,6.4,0.14,3.468
1,1,1,31.43,3.28,7.343
1,1,2,3.86,7.07,9.075
1,2,1,9.8,2.61,5.085
1,2,1,16.62,1.25,2.559
1,2,1,3.4,1.6,2.932
2,1,3,34.62,1.36,3.415
2,1,2,21.81,3.19,5.822
1,1,3,41.37,6.13,6.189
1,1,1,7.01,0.16,0.65
2,2,3,64.7,7.94,20.424
1,1,2,31.15,0.48,3.157
1,1,1,42.11,8.86,6.579
2,3,2,11.67,8.92,14.4
1,2,3,35.12,4.18,4.541
1,1,1,18.87,4.12,5.149
1,3,3,4.66,3.74,6.268
2,1,2,21.74,4.24,4.724
1,2,2,13.72,2.61,2.81
2,1,4,23.38,6.21,7.853
1,3,3,16.75,8.08,8.814
1,1,2,23.62,2.25,2.427
1,1,1,16.03,4.84,5.172
2,3,2,28.26,8.27,16.001
1,2,3,25.98,3.92,3.623
2,1,5,11.04,4.05,5.066
1,1,3,20.27,6.39,5.77
1,1,3,38.61,4.02,6.602
1,1,2,29.98,7.63,7.505
1,2,3,23.59,8.01,7.769
1,1,1,11.63,2.51,2.992
2,3,2,17.04,7.98,11.953
3,2,2,15.17,2.75,38.33
2,3,2,17.71,5.35,10.29
1,2,2,36.92,8.14,16.578
1,1,5,23.36,9.06,8.258
2,2,4,11.07,5.84,11.882
1,1,3,37.6,1.13,2.677
2,1,3,36.16,6.22,6.474
2,3,3,51.3,6.93,7.591
1,2,2,14.65,8.38,8.533
3,1,1,3.77,0.22,23.162
2,1,4,21.12,5.35,7.963
1,1,1,21.63,4.43,5.53
3,2,3,19.6,7.66,28.59
1,1,1,49.64,2.68,4.289
1,3,2,20.83,9.53,10.701
1,2,1,38.37,5.25,4.496
1,1,3,17.13,2.63,1.814
1,2,4,22.67,2.39,4.452
3,3,1,7.52,5.74,15.434
1,3,1,5.58,3.01,3.463
1,1,4,19.98,3.15,3.113
2,1,1,5.99,8.71,11.387
1,2,3,35.33,2.58,3.612
2,3,3,37.52,1.08,7.724
1,3,3,31.72,1.71,2.713
3,1,1,54.1,8.15,52.541
2,2,3,26.57,6.22,9.999
1,1,5,8.3,8.87,8.871
1,1,1,43.07,9.92,7.505
1,1,3,32.07,7.58,7.244
3,1,1,47.43,4.12,31.051
2,2,5,27.94,4.26,4.503
1,1,1,59.59,2.08,3.667
1,2,1,24.24,7.3,6.109
2,2,1,33.43,0.19,5.829
1,1,5,8.97,9.87,12.858
2,2,2,22.28,9.88,11.911
2,1,1,23.1,6.32,7.932
1,1,1,14.49,5.81,7.747
1,3,4,20.88,2.9,3.589
1,1,1,5.33,5.45,4.297
1,1,2,41.08,4.35,4.604
3,2,2,11.75,0.39,23.304
2,1,3,45.37,7.51,10.993
2,1,2,29.69,0.99,4.424
1,2,3,14.97,1.77,2.313
1,2,1,45.47,3.98,14.636
2,2,2,25.31,8.11,12.526
1,3,1,22.81,9.77,11.822
1,1,2,16.98,6.53,4.429
1,1,2,22.16,6.99,6.484
2,1,2,8.41,3.11,6.04
2,1,4,41.12,0.33,2.14
1,3,4,18.19,3.78,3.926
2,2,1,40.67,9.5,18.321
1,1,2,69.14,2.95,2.504
1,1,3,47.35,9.54,8.297
1,1,5,30.13,7.09,7.527
2,2,1,41.81,0.47,10.119
1,1,2,18.74,7.76,9.79
1,3,2,35.78,4.34,5.256
1,1,1,10.2,0.89,1.485
2,1,2,52.96,9.37,22.267
2,3,1,30.38,8.72,21.948
1,3,1,26.97,8.75,15.46
3,1,3,9.85,7.76,20.84
1,1,1,24.83,6.61,6.865
1,3,1,35.79,6.81,8.041
1,2,2,12.91,7.4,6.559
2,2,2,9.98,4.79,8.691
1,2,2,15.96,6.69,7.223
1,3,5,71.75,2.43,3.966
1,2,2,10.21,0.3,1.598
1,1,1,21.0,6.8,10.752
2,1,1,26.46,6.22,15.271
3,2,2,5.35,4.62,27.287
1,1,1,27.3,9.32,10.503
2,1,4,18.35,6.78,12.306
1,2,2,29.02,2.11,3.448
1,1,2,41.87,1.27,1.461
1,3,4,25.03,4.99,7.291
3,1,3,26.47,4.75,15.662
1,2,3,39.23,1.92,2.036
2,2,2,21.96,2.53,6.563
1,1,1,61.74,9.9,13.254
2,1,2,37.38,1.23,5.188
1,1,1,14.78,9.68,9.216
3,2,2,31.01,1.52,60.055
2,2,4,14.55,6.91,8.226
1,1,2,41.07,5.89,5.546
2,1,1,22.65,0.28,3.501
2,3,1,47.76,5.88,7.853
1,1,4,22.45,5.16,5.109
1,3,1,17.84,8.7,6.503
2,1,2,15.93,5.15,9.442
2,1,3,39.35,4.26,8.0
1,2,1,31.71,2.59,4.184
2,1,3,26.41,0.46,4.55
1,3,1,43.3,3.77,4.867
1,2,3,31.95,3.55,2.915
1,2,1,51.14,6.99,7.739
1,2,1,27.32,3.48,5.895
1,2,1,6.13,0.14,1.105
1,2,4,48.27,4.87,6.278
1,2,2,44.86,5.45,5.42
1,3,3,20.18,5.47,4.983
2,2,2,26.26,1.52,7.343
1,1,3,9.29,4.92,6.847
2,1,2,22.33,0.58,3.165
1,1,2,12.89,6.28,9.263
1,1,2,30.79,6.06,6.455
1,1,1,16.02,6.52,6.423
2,1,4,5.82,2.95,4.187
1,1,4,35.75,3.07,3.675
1,3,1,33.53,1.29,2.324
2,2,4,23.16,5.3,8.496
2,1,1,21.88,1.54,3.872
2,3,2,4.49,6.84,6.648
1,3,3,23.88,1.88,2.373
1,3,1,33.66,9.36,10.287
1,1,1,40.68,0.19,1.616
2,1,3,18.0,1.11,3.731
1,1,2,17.65,1.09,2.198
1,2,2,18.38,5.82,5.904
1,2,3,8.14,1.14,1.657
1,2,1,13.97,8.19,4.508
2,2,1,31.07,4.0,9.858
1,3,5,14.27,5.06,7.05
1,2,2,14.41,2.16,1.944
1,3,2,6.7,9.57,10.093
1,3,1,17.79,8.54,11.123
1,1,5,48.13,0.77,0.874
1,3,1,53.75,3.58,5.927
2,1,1,14.34,0.54,3.244
2,1,1,12.16,6.93,14.941
3,3,3,12.4,0.86,12.668
3,1,1,32.17,0.21,24.052
1,1,1,11.3,4.13,2.929
1,3,2,16.51,0.66,1.778
1,1,2,24.11,5.24,5.536
2,1,1,24.17,4.6,9.044
1,1,2,12.16,4.03,3.178
1,2,1,31.13,8.57,8.732
1,1,1,11.2,2.61,3.866
1,1,1,6.51,6.46,6.957
2,3,5,21.87,2.42,4.031
2,1,2,52.62,3.72,13.336
1,2,1,29.73,5.54,6.95
3,1,1,22.34,5.65,27.639
1,2,1,41.34,5.09,4.182
1,2,2,7.79,8.52,9.005
1,1,3,17.52,5.26,4.717
2,1,1,4.56,5.36,7.676
1,1,4,44.39,6.87,15.272
1,1,1,10.57,5.96,7.875
3,1,1,23.47,9.23,25.393
1,1,1,32.33,9.14,8.995
1,1,1,37.18,8.39,6.071
2,1,3,31.91,9.38,8.951
3,1,2,30.7,1.2,20.558
2,3,3,31.87,1.62,5.105
3,1,1,51.07,2.84,23.236
1,2,1,18.92,7.82,4.982
2,2,2,6.73,7.97,12.549
2,1,2,13.49,3.48,11.845
1,1,1,45.24,4.34,6.392
1,1,1,24.66,2.91,3.2
3,2,5,21.0,4.99,21.962
1,1,2,23.95,0.5,0.941
1,1,1,8.88,3.59,6.4
2,3,3,11.47,8.81,14.953
3,2,1,12.93,3.9,34.551
3,1,3,23.9,4.22,14.478
2,3,4,21.21,6.36,11.126
1,1,1,16.31,8.86,10.586
3,1,5,7.95,9.22,19.891
1,1,1,7.34,2.68,3.766
2,3,1,14.14,0.9,5.111
1,1,2,8.35,7.62,5.71
2,2,3,25.05,3.6,8.825
1,2,1,36.61,1.04,2.147
2,2,1,16.54,8.64,10.593
1,1,1,27.19,7.62,5.182
1,1,1,24.19,0.81,1.428
1,2,1,25.41,7.81,6.515
1,1,1,36.13,6.96,4.694
2,2,5,26.8,1.71,6.615
1,1,3,6.17,4.78,6.717
1,2,5,26.9,5.06,7.09
1,2,1,42.37,2.99,6.516
1,2,1,8.09,5.6,5.119
2,1,2,18.75,7.81,10.348
1,1,2,23.92,4.84,5.451
1,1,2,16.16,4.14,5.146
1,1,1,33.37,7.35,8.264
1,2,3,26.1,7.93,5.755
2,1,2,41.21,0.46,3.541
1,1,1,34.95,4.3,5.212
1,1,2,52.76,4.06,4.322
2,1,1,17.11,7.9,13.25
1,2,1,21.19,9.61,12.143
1,2,5,23.71,4.48,8.096
1,1,2,37.26,0.32,1.226
3,1,1,35.46,4.0,32.507
1,2,1,25.62,6.51,6.346
1,2,1,19.9,6.07,10.547
3,3,4,7.96,5.03,24.355
2,3,3,15.24,7.68,10.4
2,3,2,17.36,5.18,8.188
2,3,5,29.49,7.41,9.231
1,3,1,29.08,0.52,0.967
2,2,4,37.68,1.05,4.482
2,2,2,23.47,4.62,11.586
1,2,3,29.6,8.81,13.731
1,1,4,45.01,9.8,13.546
1,1,2,41.37,6.18,5.143
3,3,1,49.91,7.63,57.201
1,2,1,29.21,3.73,6.622
1,1,1,43.63,7.85,9.496
2,1,1,16.22,8.35,15.897
2,1,1,47.43,4.27,19.4
1,1,2,28.23,3.06,3.51
2,2,1,19.43,7.98,12.877
1,2,4,36.3,0.31,1.074
2,1,1,49.14,6.09,9.726
1,1,1,36.65,8.13,11.451
1,1,1,60.99,9.61,6.388
2,1,5,8.38,6.62,6.007
1,1,2,43.14,2.3,3.511
1,2,1,65.74,8.63,10.372
1,1,1,37.89,5.37,8.522
2,3,1,6.63,8.94,9.777
2,2,5,7.58,0.23,3.078
2,1,2,66.2,6.66,11.644
3,1,1,45.95,6.22,35.751
3,1,1,26.08,1.53,18.066
1,1,1,41.28,8.71,7.393
1,3,2,37.0,3.52,5.013
2,2,2,27.74,1.05,6.87
3,2,3,8.0,9.13,27.529
3,2,1,13.94,7.72,27.073
2,3,1,21.82,1.41,7.514
1,3,2,51.3,6.61,7.007
3,1,3,11.71,2.51,14.651
3,1,2,16.95,3.29,20.193
2,1,3,39.92,3.67,5.173
2,1,3,23.38,6.26,10.543
1,2,4,35.56,7.3,10.177
3,1,1,34.51,9.32,22.961
1,2,4,6.38,8.76,8.652
2,1,3,34.34,8.91,9.389
1,2,2,86.43,8.9,10.73
1,1,2,8.87,3.61,4.746
1,1,1,17.07,4.48,3.752
1,3,2,46.43,1.83,2.909
1,1,3,32.07,5.68,6.684
3,2,5,48.97,4.02,31.222
1,3,2,10.05,9.72,7.925
2,1,5,57.42,0.52,2.937
1,1,1,34.73,4.91,5.56
1,1,5,38.92,8.24,6.838
2,1,2,15.18,6.6,6.533
2,3,2,19.01,8.66,16.73
1,3,2,37.43,9.63,9.563
2,1,5,11.98,7.73,8.926
2,2,1,19.43,4.26,10.476
1,3,2,18.11,1.98,3.765
3,1,4,12.95,3.08,16.588
2,1,1,35.69,0.16,4.555
2,3,2,17.0,0.36,2.731
1,2,2,31.48,6.61,12.573
1,1,3,33.56,8.81,9.389
1,1,4,22.8,3.6,2.432
2,1,1,0.51,5.4,10.352
2,2,2,64.47,9.84,14.08
1,2,2,18.72,8.39,7.896
2,1,2,28.3,8.77,9.587
1,2,1,30.49,1.99,1.657
1,1,1,7.54,6.74,6.799
3,2,2,12.51,4.56,37.32
1,2,1,44.29,0.6,2.191
1,1,3,36.58,7.25,6.717
1,1,1,5.68,2.63,2.843
1,1,4,72.49,6.19,6.153
2,2,4,25.09,4.32,6.156
3,2,2,20.13,1.45,30.741
1,1,4,5.41,6.08,7.739
1,3,5,7.56,7.83,10.037
1,3,3,25.78,2.95,4.387
1,1,2,7.29,5.96,7.238
1,1,2,42.79,6.81,6.884
1,2,3,26.8,5.0,6.958
2,1,3,22.78,8.33,11.878
1,3,2,32.17,7.97,5.689
1,2,2,11.2,2.13,2.806
1,1,1,43.07,2.78,4.167
2,1,3,34.73,7.13,11.04
1,1,4,10.04,2.77,2.771
1,1,1,9.75,7.43,7.583
2,1,1,28.94,5.69,8.527
1,3,5,9.04,0.64,1.108
3,2,1,12.6,0.8,36.843
1,3,3,59.52,0.47,2.96
2,1,2,23.06,3.99,7.878
3,1,2,26.17,4.71,11.21
1,3,1,35.64,7.75,6.581
2,1,1,24.3,8.8,12.089
1,1,2,17.75,9.53,13.841
2,3,1,40.49,5.05,16.358
3,2,3,55.3,7.49,66.885
2,3,5,6.75,7.1,8.324
3,1,3,48.88,3.08,19.479
1,2,2,45.11,4.37,7.924
1,1,2,18.63,8.17,4.956
1,1,1,42.79,3.54,3.62
2,1,2,29.28,1.72,7.624
2,3,2,19.33,1.7,6.186
2,1,4,25.24,6.68,8.78
1,2,2,38.35,6.02,7.879
1,3,1,15.32,1.71,4.204
2,2,2,9.46,4.61,10.743
3,1,2,50.01,7.83,39.545
1,2,4,32.29,7.69,11.661
1,1,1,34.02,4.06,10.545
1,1,2,25.62,7.53,8.142
1,1,1,56.77,7.08,9.594
3,2,4,48.85,8.82,46.033
1,2,2,49.32,6.35,5.82
1,3,3,77.13,4.37,12.231
1,1,1,23.36,2.6,3.082
1,1,4,16.02,8.96,7.573
3,1,3,26.23,5.29,19.908
1,3,1,31.28,7.49,5.891
1,3,2,37.2,2.02,2.667
1,3,1,16.73,5.47,6.981
3,1,3,31.25,2.26,10.164
3,1,3,22.4,4.88,18.701
1,2,2,41.36,1.15,1.761
2,1,1,9.74,5.25,8.799
1,1,4,7.0,4.35,4.985
1,1,4,32.17,6.65,7.086
1,1,2,26.36,2.22,2.825
2,1,3,7.07,7.03,12.438
3,3,1,4.72,9.29,19.503
1,2,1,29.92,6.85,7.886
1,2,4,18.27,5.83,7.608
1,1,3,11.04,4.91,8.139
1,2,1,37.65,7.02,7.169
1,1,2,16.88,9.89,10.507
1,1,1,57.1,6.81,12.99
3,1,1,47.18,1.36,22.701
1,1,5,40.16,0.58,1.44
2,3,1,41.97,0.99,8.659
1,3,1,36.21,0.13,1.751
1,1,3,41.22,7.54,6.845
1,2,1,17.07,3.99,4.574
3,1,1,55.13,2.41,15.829
1,1,2,33.87,6.27,5.93
1,2,1,20.37,8.9,10.906
2,2,2,12.26,0.51,7.59
2,2,2,33.82,2.23,9.078
2,1,5,44.95,2.11,5.35
1,2,4,34.49,0.63,1.17
1,1,1,39.87,1.32,1.178
2,1,2,14.89,3.36,8.532
2,1,2,49.88,5.13,11.864
2,1,1,11.91,2.81,7.492
1,1,1,44.41,9.54,6.439
1,1,2,47.04,1.35,1.743
3,2,2,24.54,7.92,27.433
2,1,4,27.95,6.07,7.652
1,1,1,17.54,0.51,1.395
3,3,1,41.82,1.35,37.399
1,3,4,12.95,4.12,5.39
1,1,4,31.21,7.14,6.344
1,1,2,22.23,8.87,9.316
2,1,3,32.3,0.81,4.239
1,3,3,48.94,6.76,5.127
1,1,1,43.7,4.08,4.35
2,1,2,15.18,9.02,11.666
1,2,3,12.96,5.72,7.052
3,2,1,21.33,5.97,39.479
1,1,4,61.66,8.63,5.325
1,1,5,27.25,2.73,2.206
2,1,2,3.62,6.06,6.902
2,1,1,41.5,2.3,8.27
1,1,4,39.23,8.4,6.78
2,3,2,22.5,9.03,11.063
3,2,1,16.58,3.99,21.74
2,2,3,1.01,9.35,15.926
2,2,2,23.21,9.72,15.041
1,2,1,13.12,2.16,5.192
1,1,1,9.05,6.13,3.574
1,2,4,37.17,2.76,2.5
1,1,5,42.08,2.52,3.36
2,1,2,13.67,4.13,10.723
1,1,1,35.06,3.51,2.974
1,2,1,12.3,4.75,3.703
1,2,2,50.04,1.25,2.739
1,1,1,24.78,4.1,3.971
1,1,2,42.34,0.62,1.51
2,3,1,28.41,7.43,19.355
1,1,3,12.19,3.43,3.472
1,1,3,28.36,3.97,4.218
1,2,3,16.61,2.87,3.517
2,2,1,23.86,2.23,9.875
1,1,2,35.96,3.55,4.099
1,1,1,8.0,0.47,0.908
1,3,1,20.73,6.65,9.843
1,1,3,28.85,5.53,4.209
2,3,3,17.76,3.61,6.221
2,2,3,45.66,2.97,8.569
3,3,1,48.18,8.07,24.246
2,1,2,5.9,2.1,6.3
1,1,1,44.58,0.24,0.929
1,1,2,10.8,1.61,1.739
1,1,1,33.34,5.33,9.341
1,1,3,52.22,8.77,10.285
1,1,4,47.16,6.52,5.688
1,1,1,9.2,0.81,1.418
1,2,4,11.35,7.79,8.817
1,1,3,47.63,2.69,3.513
2,1,2,11.58,4.84,8.416
2,1,2,25.85,6.35,9.733
3,2,1,25.98,5.08,56.273
1,1,1,29.94,3.42,4.634
1,2,1,25.87,0.94,2.474
3,1,3,38.5,0.86,11.668
2,2,1,34.18,7.59,14.558
1,2,2,50.88,1.85,2.137
1,2,4,18.71,9.05,11.739
1,2,2,20.65,0.98,2.188
2,3,1,17.07,2.79,7.475
2,1,3,29.97,5.36,10.579
1,1,1,9.32,4.75,7.105
1,3,3,18.04,6.65,4.849
1,3,1,67.01,7.96,8.113
1,2,1,4.17,6.47,7.791
2,1,4,40.15,2.15,3.501
1,1,1,26.05,1.12,2.083
1,3,1,16.29,9.02,11.488
1,2,1,23.1,4.4,5.127
3,1,1,13.87,7.05,26.875
1,1,3,47.86,6.6,7.288
1,2,1,21.4,4.71,4.567
2,2,1,38.84,3.91,10.88
2,3,4,36.81,6.6,6.344
2,1,1,2.78,1.56,4.796
2,1,1,15.32,6.7,11.708
1,1,1,55.94,7.03,10.132
3,1,4,4.27,5.02,14.44
3,1,2,14.8,7.39,20.16
1,1,2,37.2,2.88,4.651
2,1,2,28.53,8.19,9.557
1,1,2,24.81,1.9,1.971
1,3,3,32.27,5.68,10.168
1,1,4,2.12,7.16,6.644
1,1,2,5.37,5.94,5.071
3,2,3,14.63,0.16,24.576
1,1,1,5.93,2.12,2.231
1,2,2,35.77,1.53,3.817
1,3,2,36.52,1.31,1.952
1,2,1,42.03,7.42,7.937
1,1,1,6.68,8.04,9.596
1,3,1,58.14,5.03,11.507
2,3,1,55.7,7.93,16.906
3,3,3,40.56,4.87,27.666
1,1,1,19.6,0.47,1.148
3,2,2,14.84,8.61,53.787
2,2,1,25.06,6.99,15.33
2,1,2,41.38,0.79,3.405
1,1,1,5.2,8.22,6.884
1,3,1,21.07,9.37,11.758
2,1,2,51.94,5.91,11.793
1,3,1,28.46,6.23,6.693
1,3,1,27.58,7.35,5.616
2,1,2,23.22,3.67,7.315
1,1,4,27.08,3.03,2.976
2,3,2,47.91,2.02,5.767
1,1,2,20.12,0.24,1.091
3,2,2,27.17,2.39,27.391
1,1,2,13.47,4.61,4.403
1,1,2,22.87,4.79,5.277
2,1,2,41.8,9.68,12.548
1,1,2,16.02,7.06,8.904
3,3,3,10.13,5.41,20.499
2,1,1,38.55,2.24,5.788
1,1,1,16.6,2.71,4.65
1,2,2,21.0,1.7,3.136
3,3,3,4.17,2.14,21.128
2,1,3,20.1,3.24,7.221
2,2,1,11.59,6.36,11.337
1,1,2,38.53,5.36,5.967
3,3,5,64.31,3.6,25.736
1,2,1,20.47,8.19,14.61
2,3,2,9.2,6.56,6.997
1,2,1,56.59,2.17,3.979
1,3,3,34.53,3.35,4.332
3,1,1,69.15,5.88,24.677
3,2,3,15.62,8.58,20.279
1,2,1,38.26,0.78,1.896
3,1,1,10.85,7.68,25.209
1,3,1,15.45,2.52,4.039
1,2,1,6.28,5.71,8.946
1,3,3,31.39,2.85,3.972
1,1,1,39.58,0.81,1.428
1,3,1,17.3,0.44,1.314
1,1,4,40.07,5.22,4.957
1,3,1,25.58,8.35,10.188
2,1,2,4.2,7.02,9.16
2,2,1,14.49,9.49,14.961
2,1,4,17.02,5.24,8.593
1,2,2,40.52,4.96,4.955
2,1,1,11.11,0.94,5.365
1,3,2,21.69,6.69,5.461
2,3,1,37.39,6.98,13.257
1,1,1,28.36,3.46,3.373
1,3,2,43.25,1.12,3.132
1,2,2,50.72,4.76,5.976
2,1,2,12.99,0.55,3.509
3,1,1,43.06,9.84,29.123
2,1,3,31.04,8.41,12.636
3,1,1,56.43,7.84,32.619
3,2,2,12.14,5.62,21.756
1,2,1,25.21,0.84,1.99
2,1,2,18.41,7.74,13.46
1,3,2,12.37,0.99,1.782
1,1,2,29.66,6.33,4.204
1,3,3,16.12,6.56,7.463
3,3,2,16.16,3.86,22.32
2,2,4,32.74,2.3,8.155
1,2,5,51.06,4.72,7.522
1,1,5,48.43,8.7,7.195
1,3,1,18.42,2.26,2.971
2,2,1,16.4,1.3,5.908
3,3,3,29.58,9.7,26.601
1,1,1,33.45,1.82,2.265
1,2,3,16.95,2.63,3.391
1,1,1,26.86,8.62,8.414
1,2,3,47.27,5.22,7.794
1,2,1,28.14,6.02,11.89
1,1,4,23.25,6.68,6.565
1,1,2,62.57,3.06,5.21
1,1,1,37.86,1.71,2.15
3,1,2,33.78,4.32,7.912
1,1,2,10.37,9.84,10.831
1,1,4,22.64,2.12,2.701
2,1,2,48.37,9.83,25.183
3,2,2,0.98,4.09,32.435
1,2,1,31.38,3.57,4.467
1,1,3,37.82,1.17,1.078
2,1,1,33.5,0.71,4.938
1,2,5,21.88,0.75,1.789
2,1,2,33.01,7.92,23.482
1,1,3,44.44,9.04,10.053
1,1,3,14.74,7.34,9.412
1,3,1,35.85,7.29,8.456
2,1,1,46.34,3.94,10.607
1,3,1,33.97,2.68,4.032
1,1,1,34.46,4.27,3.471
1,1,1,14.37,3.82,4.522
2,1,3,65.29,0.66,5.225
1,2,2,23.65,2.28,3.558
2,2,2,6.23,0.83,7.242
2,2,2,47.89,5.44,16.908
1,3,1,4.97,7.64,7.799
3,2,2,16.36,5.12,32.114
2,1,1,60.49,5.79,9.242
1,2,4,18.06,8.6,6.978
1,1,3,28.1,7.5,6.823
1,2,1,28.53,7.46,8.256
1,3,3,41.97,6.16,7.962
1,1,2,24.52,4.27,10.308
3,1,1,25.73,0.61,19.836
2,2,1,7.96,9.51,12.078
1,1,1,60.38,5.54,7.202
1,1,3,54.06,1.15,1.851
1,2,3,15.63,1.19,2.857
1,1,2,11.06,7.09,6.691
1,1,1,37.21,0.81,1.809
3,2,1,44.47,0.62,55.989
2,1,2,38.26,6.36,9.83
1,1,1,37.58,6.54,6.112
2,3,2,16.27,5.34,11.42
1,1,1,19.04,5.91,6.22
2,1,1,24.14,8.56,18.473
1,3,2,30.58,2.99,3.725
1,1,1,12.16,1.59,2.189
2,3,2,14.1,8.04,13.669
1,2,3,37.2,3.44,4.876
1,2,2,21.33,1.51,1.952
1,1,5,37.61,7.79,6.849
2,1,2,41.71,6.34,8.496
2,3,3,28.51,8.34,8.349
1,1,2,15.61,4.87,4.533
1,2,3,30.33,5.46,6.935
2,3,1,24.89,5.41,11.911
1,2,2,14.53,9.73,10.481
1,1,1,47.71,3.54,5.926
2,2,2,37.35,0.8,5.726
1,2,1,33.22,1.43,4.772
2,1,5,26.93,1.82,5.325
1,3,2,25.89,0.33,1.4
2,1,1,43.63,0.49,5.541
1,3,2,6.0,1.15,1.32
1,1,3,31.68,8.48,13.655
1,1,3,33.83,2.45,2.47
3,2,2,44.46,8.61,41.404
2,1,1,9.46,1.65,4.416
2,1,4,1.96,9.32,11.032
1,1,4,59.4,9.06,9.792
1,3,4,27.39,9.02,17.376
2,1,2,37.5,5.98,9.117
2,2,1,17.31,3.42,9.142
1,2,5,38.23,6.52,8.695
2,2,1,17.26,2.37,9.0
1,1,1,31.49,1.21,2.385
1,1,2,44.73,8.6,15.07
3,3,2,26.06,1.53,19.355
1,2,3,17.11,2.82,5.177
1,3,2,46.14,8.68,9.808
1,2,1,25.38,8.16,8.08
3,3,2,34.37,6.26,22.19
1,3,4,0.66,3.59,4.66
2,1,4,41.17,0.62,3.904
1,3,1,23.77,8.04,8.552
1,1,1,12.34,1.1,1.961
1,1,1,15.26,4.52,4.598
1,1,3,15.63,9.84,15.355
1,1,2,11.06,6.19,5.839
1,1,2,19.41,0.43,1.039
2,2,1,11.0,0.17,4.01
1,2,3,5.64,7.74,11.673
2,3,3,25.88,4.15,11.321
2,1,2,10.44,3.13,5.79
1,1,1,37.28,5.19,5.957
1,2,2,11.6,3.45,3.333
1,2,4,27.52,7.56,7.43
1,3,2,23.76,6.85,7.655
1,1,3,55.49,3.01,3.663
1,1,1,29.5,9.41,5.995
1,3,1,21.22,9.76,10.615
1,1,1,57.98,5.75,5.773
3,2,1,21.19,2.78,23.641
1,1,1,33.7,5.44,4.46
1,1,2,1.67,7.38,6.252
1,3,1,9.99,8.0,10.179
2,1,3,5.83,8.49,16.307
1,1,1,34.98,7.69,22.384
1,2,1,28.48,7.91,7.864
2,1,1,56.12,3.73,5.367
1,1,1,11.06,3.65,3.72
1,2,2,28.54,5.19,4.658
1,1,2,7.3,8.49,5.2
2,2,2,2.52,4.79,10.991
3,1,4,14.74,5.74,13.824
2,1,1,28.05,3.33,6.92
1,1,2,19.6,1.8,2.331
1,3,1,36.62,8.97,8.375
1,1,1,58.02,2.62,1.541
2,3,1,37.18,5.33,7.741
3,1,3,29.06,9.78,16.063
2,1,3,7.34,5.16,6.149
1,2,1,9.44,4.23,4.652
2,1,1,30.46,2.96,7.254
2,2,4,10.78,2.98,6.388
2,3,3,31.25,8.32,9.818
2,3,2,19.72,4.71,8.411
1,2,2,45.39,2.76,4.069
2,2,1,19.33,7.85,18.545
1,1,3,58.1,6.38,18.813
1,2,1,9.16,5.61,4.538
2,1,2,15.63,3.08,6.885
3,1,1,20.36,0.42,10.882
2,2,2,15.27,4.98,11.586
1,1,2,27.72,6.51,4.295
1,2,1,55.47,3.19,4.424
1,1,2,9.67,5.33,4.639
2,1,1,24.0,7.28,10.648
2,2,3,30.85,2.28,5.893
3,2,4,33.51,3.21,23.967
1,3,1,36.18,8.26,8.368
1,1,1,49.35,4.12,6.47
2,1,4,5.49,7.57,9.118
1,1,3,4.58,8.12,12.648
3,1,3,69.18,0.93,22.444
1,1,1,33.78,6.77,8.36
1,2,1,16.06,3.43,3.31
1,1,5,5.48,8.39,8.414
2,3,2,48.5,1.88,5.939
2,2,1,37.24,8.85,20.056
2,2,3,23.4,1.26,6.676
2,1,2,41.46,8.37,12.213
1,1,1,37.4,2.8,2.863
2,1,5,59.38,0.69,4.919
3,2,2,9.71,2.32,29.66
1,2,1,33.43,2.52,5.815
2,1,1,41.88,3.99,2.867
1,1,2,24.78,3.79,5.164
1,3,2,31.55,3.07,4.421
1,1,1,43.41,9.14,9.563
2,1,2,76.17,7.33,21.034
1,1,2,29.43,2.77,4.078
1,1,2,33.1,3.12,3.167
2,1,5,30.36,8.04,6.993
1,2,1,69.62,0.14,3.215
2,2,4,47.26,7.46,16.403
3,2,1,26.09,5.13,24.891
1,1,1,13.38,8.7,8.976
1,1,1,36.69,9.7,7.858
3,2,4,19.52,0.81,25.045
1,1,1,17.75,3.78,5.278
1,1,1,29.01,3.53,3.915
3,1,1,45.13,8.46,26.406
2,2,2,2.55,6.76,13.133
2,1,1,17.69,8.76,12.128
1,3,1,27.43,3.18,3.643
3,1,2,12.32,1.49,9.772
2,3,4,33.16,6.83,7.659
2,1,4,11.92,2.6,6.209
2,2,5,36.32,8.4,19.791
2,1,1,39.21,7.42,10.344
1,3,1,58.43,4.2,6.117
1,1,1,20.17,1.93,2.451
1,3,4,13.78,3.44,3.494
1,2,3,18.99,5.63,5.611
1,2,2,56.13,4.73,3.652
1,1,2,36.92,5.94,6.595
2,1,2,35.87,9.44,14.122
1,3,2,4.08,9.34,9.318
1,3,1,39.7,5.76,9.489
1,1,2,43.75,2.86,2.681
1,1,1,26.87,1.41,1.7
2,1,1,61.52,0.61,4.256
1,1,1,29.25,1.81,3.866
1,1,5,26.72,5.09,4.384
2,3,5,22.03,0.91,3.24
1,1,3,31.14,0.92,1.16
1,3,3,27.31,6.29,8.69
2,3,1,23.13,1.95,7.782
1,1,1,55.59,4.11,5.245
2,1,1,49.79,2.77,7.719
2,2,1,55.0,4.59,15.773
3,1,3,29.98,8.18,23.539
1,2,1,6.58,8.33,11.272
2,2,4,56.65,0.18,4.674
2,1,2,8.94,2.72,6.814
1,3,1,42.25,6.27,5.588
3,1,3,12.06,4.99,17.158
1,1,3,53.5,9.64,7.914
2,3,2,29.34,3.76,7.906
2,1,1,23.32,6.24,10.283
1,1,2,11.04,4.33,5.796
1,1,2,30.51,5.54,8.871
3,1,3,29.53,1.28,15.825
1,1,1,13.49,4.99,4.326
1,2,4,36.95,3.54,3.642
1,1,1,31.59,2.16,2.304
2,2,5,40.69,4.35,11.152
1,1,1,26.62,7.45,4.629
1,1,3,31.46,9.99,10.252
2,3,1,34.55,8.57,13.232
1,2,3,9.91,9.73,13.265
1,2,4,32.64,3.01,3.539
1,1,1,38.41,6.99,6.692
3,1,1,46.59,7.93,38.149
2,3,5,22.33,2.5,5.443
1,3,5,38.8,6.34,10.454
1,2,3,57.03,1.53,2.812
1,1,1,8.39,9.48,9.044
3,1,1,25.86,9.48,22.21
1,1,2,25.75,1.65,2.637
1,1,3,13.99,6.96,10.541
3,1,1,27.67,9.76,17.051
1,1,1,39.23,0.83,1.92
1,1,4,17.78,7.91,8.104
1,2,2,39.0,5.09,6.51
2,2,2,39.76,3.44,15.018
1,2,4,50.86,3.59,6.492
3,1,2,25.62,3.68,24.873
1,2,1,63.21,1.97,4.916
1,3,4,9.12,0.38,0.989
2,1,5,28.93,5.54,8.997
2,3,1,18.19,5.03,17.403
2,1,1,45.85,7.12,12.147
2,2,1,2.9,4.05,10.484
1,1,1,47.88,8.85,7.916
2,2,1,19.63,7.36,8.808
1,3,1,17.25,6.47,9.908
1,1,2,60.13,4.85,5.485
3,2,1,52.39,1.62,57.379
2,3,4,14.03,0.61,3.69
1,2,2,36.44,7.09,12.791
1,1,1,14.39,1.09,1.632
3,1,3,26.09,1.17,10.035
1,3,2,28.24,3.07,5.63
1,2,3,23.28,9.19,10.94
1,3,4,17.26,6.91,7.702
1,1,3,59.56,7.05,3.778
1,2,3,28.71,7.64,10.132
3,3,3,29.29,7.92,15.843
1,3,1,26.27,9.95,13.787
1,2,2,14.08,0.94,1.852
2,1,2,28.07,1.16,5.055
1,2,5,10.97,9.71,10.381
2,2,2,43.18,4.75,10.651
2,1,1,18.52,9.01,10.212
2,1,2,57.51,5.46,5.169
2,3,2,27.17,6.97,10.532
2,1,2,21.64,5.39,9.027
2,1,2,12.62,9.38,13.481
2,2,4,32.65,1.22,7.152
1,3,1,49.8,0.95,2.542
2,2,5,23.65,8.85,20.409
2,1,3,75.98,1.85,6.643
1,1,1,13.65,9.05,14.664
2,1,1,5.44,0.12,3.51
1,1,4,8.69,9.64,11.585
1,3,3,55.85,1.5,3.603
2,1,1,67.7,1.74,2.475
1,1,2,26.02,2.17,4.367
1,3,1,52.55,8.04,11.177
1,1,2,30.74,3.73,3.605
2,1,1,62.24,4.53,9.107
1,1,1,60.19,3.53,6.31
2,1,1,31.21,3.87,6.956
2,1,2,14.01,4.11,6.024
2,3,1,69.17,7.68,15.749
3,3,3,32.61,5.71,18.724
2,2,3,44.72,7.9,9.596
1,2,2,4.34,5.76,6.7
3,1,4,15.85,0.64,5.907
1,3,3,12.81,8.67,10.314
1,1,1,2.81,2.19,2.278
1,1,1,16.87,2.71,5.508
2,1,2,9.2,4.19,7.98
1,2,3,23.92,8.18,11.434
1,1,5,59.71,2.97,2.129
1,1,1,10.11,0.42,1.338
1,1,1,18.07,8.25,5.854
1,1,3,12.16,5.43,5.496
2,1,4,14.8,1.77,2.65
1,2,2,5.22,8.47,8.998
1,1,2,28.8,8.84,10.33
1,2,4,33.63,4.83,5.297
1,1,2,49.83,8.5,7.288
2,1,3,11.39,3.83,7.418
1,2,4,34.07,8.89,9.774
1,2,1,7.39,3.24,4.27
2,1,1,28.36,9.55,14.357
1,2,4,15.4,7.47,6.313
1,3,2,8.92,7.93,10.473
2,1,1,8.58,9.67,15.633
2,2,2,6.73,7.23,11.384
2,1,2,58.21,1.92,7.755
1,3,1,34.69,8.85,10.354
1,1,3,3.37,5.79,7.851
1,3,1,25.31,8.84,19.053
1,2,1,21.74,2.68,5.577
1,2,1,21.5,1.86,2.29
3,1,2,46.26,0.27,26.45
2,2,4,30.89,5.64,21.645
1,1,2,10.32,0.91,1.192
1,1,3,20.48,6.18,9.62
2,1,1,13.27,4.35,8.967
1,2,1,61.38,9.59,12.754
1,2,2,13.85,1.85,3.107
1,3,3,29.39,4.55,4.82
2,1,2,78.84,9.66,9.601
2,3,3,17.37,8.39,15.049
1,3,1,26.39,2.82,2.383
1,3,4,25.3,9.43,9.504
2,2,3,15.83,8.21,12.926
1,1,4,38.62,0.6,1.032
2,3,1,21.77,1.21,6.02
1,2,1,67.84,7.93,21.35
2,2,2,28.32,8.77,15.539
3,1,2,14.3,9.01,24.728
2,1,3,29.48,6.86,12.786
1,1,1,7.16,5.95,7.389
2,2,2,49.91,6.17,14.685
1,1,1,18.76,3.76,4.097
1,3,2,24.7,9.79,10.919
1,1,1,42.07,7.28,9.656
3,1,4,31.86,2.58,16.939
1,1,1,27.2,8.35,7.005
2,1,2,26.69,2.83,4.138
1,1,1,12.3,9.42,11.383
1,2,1,64.34,6.58,6.704
1,3,2,33.78,3.37,4.403
2,1,1,11.83,4.86,7.723
1,1,2,20.35,4.34,4.392
1,2,1,57.06,7.9,11.977
1,1,3,46.12,4.11,4.974
1,2,4,10.34,7.83,11.356
1,2,3,13.36,5.27,7.44
1,3,1,13.63,9.33,8.298
1,1,2,29.75,6.61,6.456
3,3,1,13.44,4.06,23.351
1,3,2,37.14,4.68,4.652
1,1,3,14.18,6.87,9.725
1,1,1,15.84,8.12,7.833
1,1,1,30.54,3.07,3.806
2,1,3,30.2,1.96,5.371
1,3,2,18.56,2.73,2.652
1,1,1,26.42,4.17,4.921
2,1,4,9.6,1.11,4.681
1,1,1,11.51,9.9,10.715
3,2,3,29.18,3.46,25.664
3,3,1,33.93,9.88,43.256
1,2,5,21.98,7.57,10.097
1,2,3,30.76,1.44,1.306
1,1,1,69.58,2.19,3.448
1,2,5,37.69,4.73,6.178
1,1,1,11.96,7.1,9.427
1,1,4,11.42,6.16,8.607
1,2,2,29.51,6.08,6.753
1,3,1,40.79,7.11,8.306
1,2,2,20.05,3.74,4.093
3,2,1,43.98,6.25,65.856
3,1,2,37.64,9.35,14.257
1,1,2,69.31,0.18,0.857
2,2,2,13.93,7.09,17.98
1,2,3,10.76,3.15,4.019
2,2,4,29.37,8.93,11.783
1,2,2,59.25,9.0,15.421
2,1,2,24.35,0.22,2.155
1,1,1,23.66,9.74,11.081
1,1,5,15.68,0.19,0.649
3,2,4,48.36,4.72,32.752
1,3,4,18.16,1.69,0.991
1,2,3,38.06,5.78,6.183
2,2,1,50.86,4.72,10.008
2,2,1,33.94,3.88,18.292
2,1,2,20.29,9.03,15.866
2,1,1,49.32,4.86,8.904
2,1,2,44.88,1.81,3.328
1,3,1,22.76,6.64,7.547
2,1,3,6.88,4.88,5.721
2,2,2,29.06,2.22,9.302
2,1,1,17.38,2.29,6.113
1,2,3,32.08,7.9,8.037
1,1,1,26.37,9.32,11.057
2,3,1,42.63,5.26,24.219
1,1,2,15.11,6.85,5.023
1,3,1,15.24,1.34,1.68
2,2,1,26.78,4.57,11.858
1,1,1,22.56,4.63,4.304
1,2,1,30.81,1.62,3.314
1,2,1,23.82,0.37,1.169
1,1,2,49.28,6.76,7.769
2,2,3,6.27,3.76,8.233
1,2,1,36.49,3.87,6.428
1,2,1,34.23,9.54,10.34
1,2,1,36.17,1.8,4.349
1,2,1,25.41,8.02,7.148
1,1,1,34.39,9.0,10.739
1,1,2,42.22,7.42,4.773
1,1,3,14.04,3.48,2.343
1,2,3,35.59,3.74,3.253
1,1,4,22.54,1.46,3.236
1,1,4,36.58,0.55,1.658
1,2,1,44.37,2.88,5.051
1,1,1,34.09,3.34,3.254
1,1,2,30.72,1.89,3.266
1,3,2,24.93,7.91,5.705
1,2,2,15.85,5.58,4.101
2,2,2,53.15,1.66,9.562
1,1,5,62.34,0.65,1.298
2,2,2,8.22,9.77,16.595
2,3,4,12.49,6.27,7.782
1,1,5,37.65,0.17,0.512
1,1,2,15.87,2.76,5.14
1,1,1,34.62,6.63,7.062
1,3,1,44.03,8.67,8.293
1,1,1,7.45,9.09,10.584
1,1,4,68.54,6.41,6.092
2,2,5,35.27,0.52,7.314
1,3,1,11.26,1.0,2.004
2,1,1,18.55,1.76,4.717
2,2,3,15.14,3.33,6.55
1,3,2,12.78,8.62,5.922
3,1,3,33.99,8.89,24.871
3,2,1,30.13,3.65,28.606
1,1,1,17.6,3.16,2.475
1,1,1,29.22,4.83,4.002
1,1,1,32.01,2.93,5.282
1,1,1,28.61,9.36,9.514
1,1,1,18.5,4.21,5.127
1,2,2,18.08,8.82,10.437
1,1,3,27.62,0.32,1.453
2,1,1,11.79,2.62,5.041
1,2,4,16.4,6.24,6.82
1,3,1,7.16,8.04,10.98
1,1,2,48.42,3.62,4.472
2,1,1,24.68,3.87,8.064
2,1,3,48.69,7.33,10.5
1,3,1,8.62,2.01,2.392
2,3,2,23.01,0.52,6.063
1,1,5,33.82,1.5,1.78
2,1,1,41.18,7.33,13.373
1,2,3,34.45,7.2,8.995
1,2,3,21.1,1.45,0.95
2,1,1,20.81,1.75,5.07
2,1,1,51.07,8.9,14.237
2,1,3,25.13,7.66,5.664
1,2,4,59.82,4.43,3.667
2,3,1,25.73,5.49,9.486
1,1,3,18.61,9.12,8.534
2,3,3,29.71,2.5,7.962
2,1,2,31.59,2.7,9.262
1,2,3,1.74,6.47,6.5
1,3,1,18.63,4.02,3.94
1,2,2,13.41,3.31,4.295
1,1,5,18.52,7.64,10.36
1,1,3,9.41,0.15,0.656
1,3,1,39.1,4.42,7.544
1,2,2,24.29,2.97,5.418
1,1,1,14.52,9.47,11.65
1,2,1,29.22,5.08,6.316
2,1,1,11.3,7.95,8.778
1,1,1,60.62,7.63,9.401
1,3,2,11.06,8.46,8.04
2,1,1,1.47,1.26,6.416
3,1,3,12.01,9.31,27.669
1,1,4,14.46,4.37,4.641
1,3,2,2.35,1.98,2.666
1,1,1,47.24,4.62,3.522
3,1,5,49.9,7.99,17.819
2,1,1,41.31,5.75,18.782
2,1,2,30.48,6.25,10.663
2,1,1,7.59,3.0,6.121
1,1,4,23.83,8.61,10.111
1,1,1,29.39,5.85,6.106
2,2,5,32.13,5.16,8.766
2,1,5,47.9,8.1,10.626
1,1,4,17.21,5.15,8.53
1,2,3,45.16,3.57,2.404
1,1,3,40.7,9.66,8.292
3,1,5,11.16,2.65,6.609
1,3,1,28.75,2.33,2.906
2,2,3,20.79,6.88,11.32
1,2,1,31.34,4.07,6.433
2,2,1,62.31,1.5,8.392
2,3,2,13.27,1.83,4.599
1,1,5,25.0,5.5,6.991
2,1,1,7.27,8.58,13.159
2,3,2,25.54,9.97,12.98
2,1,2,38.14,7.91,5.758
1,2,2,33.25,2.07,3.27
2,1,1,46.34,6.81,12.238
1,1,2,21.46,2.07,2.755
1,2,2,11.68,1.67,1.866
1,2,4,28.84,1.77,1.928
2,2,5,38.31,1.68,7.345
1,1,1,14.22,0.73,2.015
1,1,1,33.11,3.95,5.963
1,2,2,27.0,3.08,3.699
1,1,2,36.53,9.18,8.96
1,2,3,29.95,8.61,7.33
1,2,3,1.12,2.39,3.618
2,1,1,25.99,5.18,12.033
1,1,4,33.15,5.29,7.21
1,2,1,55.96,4.06,7.489
2,1,5,59.62,4.37,5.85
3,1,2,45.99,0.91,18.771
2,3,4,18.1,6.12,7.966
2,1,1,33.92,5.13,11.384
3,2,2,37.38,4.91,36.393
1,1,1,31.49,9.28,13.156
3,1,3,43.02,8.54,28.165
3,2,4,15.74,3.9,18.54
1,1,3,31.44,5.22,3.816
2,2,2,13.35,3.89,14.511
2,1,1,31.42,5.63,8.373
2,2,5,49.1,8.95,14.206
2,2,1,43.76,5.62,23.488
1,2,2,24.72,9.45,12.08
1,1,1,1.83,8.41,7.333
2,1,3,38.62,3.06,6.368
2,1,1,18.24,4.99,12.031
2,3,1,69.99,4.39,15.757
2,2,1,63.48,1.1,42.16
2,2,2,6.06,2.95,5.268
3,1,1,42.49,4.56,22.794
1,1,4,39.2,8.37,5.943
3,1,3,36.29,9.22,29.707
1,1,5,9.99,4.07,3.309
1,1,1,14.59,0.76,1.186
1,1,2,9.64,8.88,8.252
1,1,2,20.74,6.07,6.991
1,2,4,7.35,8.68,9.072
1,1,1,15.11,1.04,2.149
2,1,1,30.71,8.2,8.894
2,2,1,45.72,0.31,9.794
1,2,2,6.23,8.82,9.416
2,1,4,31.67,9.64,7.068
1,2,1,12.33,6.49,9.916
1,1,2,7.57,5.34,5.037
1,2,1,54.27,6.1,8.446
1,3,1,15.89,7.65,6.833
2,1,5,18.32,8.04,19.706
1,2,3,35.58,2.78,6.194
2,1,5,16.41,2.57,3.892
1,1,2,5.46,4.06,4.912
2,1,3,32.69,4.65,8.255
3,1,2,26.88,3.02,12.616
1,1,2,10.64,3.76,5.019
1,1,1,35.93,9.94,10.871
1,1,1,21.2,6.02,8.816
1,1,1,23.34,5.04,5.513
1,1,3,10.62,4.9,4.165
1,1,3,42.92,4.53,4.119
2,1,2,50.28,0.16,3.083
3,1,1,18.71,1.43,18.389
1,2,3,37.33,7.11,10.183
1,3,1,37.72,8.52,6.308
1,1,4,52.89,4.93,6.379
1,1,1,21.98,9.36,12.09
2,3,3,52.04,1.5,7.725
1,2,1,12.74,0.14,0.974
1,3,1,40.35,5.57,11.124
1,2,2,31.82,1.93,3.47
1,2,2,18.83,2.75,2.578
1,1,1,16.18,4.74,4.716
1,1,2,10.52,2.03,2.28
2,2,1,15.61,1.2,6.818
1,2,4,14.62,0.51,1.836
2,2,2,20.91,4.82,10.962
1,3,2,10.85,9.15,9.589
2,1,2,13.46,7.21,14.653
1,1,3,30.15,6.0,7.518
1,3,1,17.97,1.03,3.208
2,3,3,9.96,6.17,9.685
2,3,4,6.77,6.3,12.877
1,2,2,62.19,0.84,1.348
1,3,1,28.08,7.09,9.847
2,1,1,8.6,5.21,8.159
3,1,4,16.05,9.93,21.872
2,1,1,18.25,1.51,5.448
1,1,1,13.11,1.24,2.217
1,3,4,48.66,6.74,12.832
1,1,4,61.24,6.14,8.493
1,2,2,24.5,2.78,3.923
1,1,1,45.97,5.72,7.81
2,2,2,68.84,9.84,15.192
1,1,3,17.52,1.8,3.708
2,2,1,14.43,6.17,10.439
2,1,1,40.59,1.19,6.973
2,1,4,27.62,7.94,14.502
1,1,3,15.42,5.21,6.611
1,2,2,27.58,1.61,2.351
1,2,4,11.78,3.09,3.299
1,3,2,27.59,8.07,12.164
1,3,4,30.7,4.32,5.558
1,1,1,18.92,9.53,9.173
1,1,2,13.51,5.09,4.71
1,1,2,32.17,5.35,5.034
3,1,2,30.75,1.82,18.781
2,1,1,25.15,8.87,23.489
1,3,2,30.4,7.53,6.009
3,3,2,14.62,1.27,11.331
1,1,1,15.96,1.74,2.434
1,2,2,34.14,5.28,5.464
2,3,3,31.26,7.81,10.494
1,1,2,6.71,7.44,6.274
1,3,2,19.26,0.85,2.25
1,3,1,30.45,6.93,6.93
1,3,1,15.39,9.72,11.894
2,2,3,22.5,6.08,16.299
1,1,3,12.1,5.58,5.775
1,1,2,34.66,6.33,5.556
1,3,2,33.34,5.5,6.154
1,1,1,6.18,2.3,2.889
1,1,2,23.94,5.63,7.178
2,1,2,25.56,7.35,10.523
2,1,2,24.62,5.93,9.288
1,1,1,39.49,4.81,4.925
2,3,1,14.28,6.91,11.785
1,2,4,19.68,8.61,10.221
1,1,2,28.9,0.14,0.925
1,1,4,17.69,8.84,6.182
1,2,2,21.68,5.28,4.719
2,2,3,35.52,4.08,6.372
3,3,1,5.75,7.08,33.634
1,3,1,27.54,9.93,7.963
1,1,2,9.04,3.01,3.257
2,3,2,24.38,7.99,11.996
1,2,1,38.2,9.04,6.85
1,2,2,17.56,2.13,2.83
3,2,1,35.66,8.74,89.766
2,1,1,5.56,9.3,12.704
3,1,5,11.98,6.05,21.997
1,2,2,16.05,2.05,2.765
1,1,1,9.13,1.0,1.91
1,2,1,27.8,6.06,6.513
3,1,4,33.64,2.07,15.319
1,2,4,65.72,2.02,4.796
1,3,1,24.36,5.04,5.3
1,1,2,42.7,3.92,5.527
2,1,2,14.21,2.74,5.271
2,2,1,11.71,7.14,13.87
2,1,2,43.65,4.46,11.519
1,1,1,25.99,5.31,8.732
2,2,1,54.38,1.48,15.873
1,1,2,58.06,8.87,9.778
1,2,1,8.07,0.59,2.343
1,1,2,37.31,8.09,11.533
1,1,1,38.2,1.49,2.007
1,1,2,14.47,6.72,5.707
3,3,4,37.9,0.52,10.475
1,2,2,7.58,0.27,1.926
1,1,2,41.28,1.98,1.715
2,1,2,15.12,5.99,8.485
2,2,4,12.25,0.4,4.689
1,2,2,13.35,2.98,3.048
2,1,1,33.07,9.36,21.229
1,1,1,16.06,5.76,11.429
1,1,2,19.53,3.89,4.644
2,2,3,50.13,0.63,7.057
1,3,1,24.1,0.56,1.225
1,2,2,3.23,5.7,7.301
1,2,2,40.81,9.97,6.026
1,1,2,5.8,1.45,2.058
1,2,2,16.56,2.4,4.135
3,2,1,15.62,9.65,33.296
1,1,2,51.08,9.63,11.416
2,3,3,33.88,5.33,10.637
1,1,5,62.29,5.69,7.165
2,2,2,20.98,6.23,10.567
1,2,1,36.93,1.28,3.341
1,3,3,45.03,3.44,3.361
1,1,3,37.08,0.17,0.592
1,3,2,9.74,2.96,3.203
3,1,1,10.16,4.66,21.652
2,1,1,7.02,0.51,2.543
2,3,2,26.76,3.3,5.45
1,1,2,65.95,2.7,2.58
1,2,1,40.41,8.87,10.861
2,1,2,48.1,0.95,4.005
2,3,5,9.03,3.11,4.218
1,2,1,46.11,8.71,6.876
2,1,2,24.16,5.25,6.525
1,3,4,25.68,2.72,2.856
3,1,5,32.39,7.03,12.146
1,2,1,25.2,4.64,6.208
1,2,1,9.77,0.27,1.391
2,2,2,25.09,5.5,15.253
1,2,1,15.8,0.74,2.917
1,3,2,9.31,1.24,1.916
1,2,2,56.21,7.26,10.643
1,3,3,32.02,7.17,9.464
3,1,2,34.36,3.96,21.168
2,1,4,62.46,2.35,4.907
1,2,3,8.03,0.39,1.396
3,1,2,48.94,7.39,18.637
2,1,1,20.32,7.0,11.494
2,2,3,35.37,7.66,12.594
1,2,3,18.72,1.17,2.203
1,1,1,69.14,0.6,2.108
1,1,1,29.53,2.11,4.159
1,1,2,44.64,7.99,6.94
2,1,1,76.2,1.66,13.627
1,1,3,39.16,6.07,6.882
1,3,1,7.45,6.45,10.015
2,1,2,46.23,7.82,7.924
1,3,1,52.63,0.14,1.444
1,3,2,26.93,6.35,7.897
2,1,3,5.57,9.25,11.722
2,3,1,12.15,4.62,6.238
1,1,1,8.85,7.48,7.044
3,2,1,45.41,3.96,33.598
2,3,1,31.7,1.39,10.61
2,3,2,10.1,3.52,7.47
1,1,1,6.39,6.98,6.125
2,1,2,24.66,1.01,5.049
2,1,2,15.38,4.38,6.637
1,3,4,54.01,0.69,2.459
3,1,1,38.67,8.76,22.633
3,2,4,76.14,9.01,36.424
1,1,5,61.04,4.31,4.106
2,1,2,17.28,3.78,7.625
1,1,3,19.49,8.11,9.763
2,1,2,66.19,8.77,24.123
2,2,1,24.01,6.36,21.28
1,1,5,8.8,8.89,10.61
1,1,4,30.91,5.15,4.666
1,2,1,59.14,1.55,5.03
3,1,1,11.84,9.96,26.171
1,2,1,36.67,8.96,10.514
2,2,2,35.44,8.16,14.104
1,2,4,4.48,9.0,7.881
1,1,1,32.14,0.12,0.708
3,1,2,6.61,9.95,18.293
1,3,3,28.63,4.41,3.187
1,3,1,24.16,0.39,1.394
1,1,2,58.49,6.5,12.524
1,1,2,11.45,1.09,1.839
1,1,1,28.76,2.94,4.414
1,2,2,45.73,3.32,9.072
2,1,1,7.31,8.9,9.708
1,3,2,35.77,6.84,12.232
1,1,1,20.16,9.63,14.061
1,3,3,52.8,0.33,1.377
1,1,2,14.1,8.43,6.932
3,1,4,15.27,1.81,13.835
1,1,3,3.3,3.25,6.235
1,1,3,10.75,8.57,11.348
1,3,1,55.67,0.63,1.572
3,1,2,4.92,9.91,27.685
2,1,3,39.89,6.48,9.035
2,3,3,0.93,4.81,9.119
3,1,2,34.92,9.76,19.918
2,1,1,43.93,6.17,12.671
3,1,1,1.96,2.45,16.373
1,1,1,17.49,6.54,4.438
2,3,1,3.07,0.9,5.159
2,1,3,13.71,9.04,9.666
3,2,2,26.71,6.51,25.183
1,1,2,16.65,6.5,4.981
2,1,1,34.21,4.58,7.216
1,2,3,11.0,8.14,8.284
2,2,1,41.64,7.7,16.27
1,2,1,30.63,5.84,5.977
1,1,3,2.5,4.97,4.562
2,1,2,72.57,4.32,9.115
1,2,1,40.6,8.6,10.26
1,2,1,21.61,9.32,10.227
1,1,2,36.03,6.83,7.706
2,1,2,34.6,9.82,9.824
2,2,1,23.72,9.61,11.221
2,1,2,20.87,6.0,10.339
1,2,1,34.34,4.9,6.935
2,2,2,17.73,5.26,6.547
2,1,3,42.7,4.27,7.943
1,1,3,27.34,8.35,8.335
1,2,1,11.44,7.13,6.164
1,2,1,12.13,6.01,10.616
1,3,1,41.64,8.12,5.493
1,2,1,37.69,6.06,9.702
1,1,1,26.73,9.11,7.529
1,1,1,47.52,0.24,0.809
1,2,3,15.4,5.46,6.418
1,1,3,35.44,7.66,6.021
2,2,3,29.96,8.34,18.655
1,1,1,39.2,4.74,7.677
1,1,3,17.49,2.81,3.007
2,1,2,8.95,2.31,5.446
1,3,2,54.93,3.78,6.27
1,2,1,24.47,9.14,7.621
1,2,4,46.62,5.53,10.223
1,1,1,22.69,7.31,6.707
1,3,1,26.7,4.33,5.051
1,3,1,24.97,7.03,7.441
1,1,1,9.93,9.71,8.928
1,2,5,24.66,5.82,5.522
3,3,2,46.13,9.57,39.18
1,1,4,21.72,8.22,9.776
1,1,5,17.49,2.46,2.109
1,2,2,42.82,2.37,3.585
2,1,3,5.58,8.83,9.044
2,2,4,29.12,2.55,5.165
2,2,1,38.44,2.39,15.95
1,1,1,26.46,3.93,4.285
1,1,2,36.57,6.78,5.172
2,2,2,58.29,2.95,13.721
1,1,3,10.71,7.27,6.943
3,1,1,40.26,1.83,22.366
1,1,3,8.63,9.14,7.608
1,3,2,25.37,2.57,3.331
1,1,1,6.68,2.53,3.782
1,1,2,12.42,2.95,4.278
2,2,4,58.34,8.49,23.187
1,1,1,18.13,1.09,1.603
1,2,1,54.95,4.32,4.991
2,1,2,31.14,7.9,11.09
2,3,2,9.64,0.46,4.09
2,1,1,52.76,5.28,9.38
3,1,4,27.88,0.3,8.798
2,1,1,57.72,5.27,21.275
1,3,1,30.88,7.77,9.289
2,3,4,50.79,6.87,6.29
3,1,2,41.25,0.55,18.656
1,1,2,20.53,1.94,3.172
2,1,1,10.83,1.2,7.923
1,1,1,11.58,4.23,5.044
2,1,1,39.69,5.4,12.172
1,3,4,66.95,3.12,4.962
2,1,1,21.82,6.7,8.709
1,3,1,10.04,0.41,1.372
1,1,3,35.77,1.21,1.711
1,3,4,24.99,0.96,1.272
2,1,3,49.0,5.98,10.332
1,1,1,61.09,0.47,1.825
2,2,1,52.46,2.57,15.17
1,1,5,34.84,9.86,13.336
1,3,3,8.38,3.09,2.51
1,2,3,13.03,2.56,2.805
3,3,2,27.21,5.58,37.325
1,3,3,21.61,0.16,0.724
2,1,5,26.98,1.54,2.602
1,1,1,50.03,8.11,5.026
2,2,1,35.53,2.34,13.355
1,1,1,11.09,1.58,2.113
1,2,3,27.93,0.94,1.408
1,1,1,53.34,4.53,4.215
1,2,1,23.0,9.02,8.078
1,1,2,5.78,2.74,5.013
1,1,3,4.82,5.38,6.765
1,3,2,18.06,7.66,9.424
3,3,4,48.05,1.09,24.24
1,1,1,9.2,6.44,9.586
3,1,2,12.51,0.82,24.834
1,2,2,14.63,2.59,3.792
1,1,2,8.63,7.7,7.706
1,2,2,46.02,1.92,6.094
1,2,2,25.24,10.0,9.497
1,1,3,30.88,4.46,6.752
2,1,3,18.76,3.34,4.542
2,1,5,41.34,4.26,7.214
1,1,4,7.9,0.92,1.333
1,2,2,47.2,1.31,2.603
1,1,3,27.62,3.84,4.675
2,3,2,32.2,7.68,10.637
1,2,2,37.03,0.12,0.814
1,1,1,15.12,1.62,2.786
1,2,1,59.15,1.29,3.04
1,1,4,29.69,4.62,4.948
2,1,2,44.24,4.24,13.631
1,2,1,24.38,6.26,7.077
1,1,2,62.31,3.33,5.05
3,1,1,53.15,1.85,20.527
3,1,3,55.7,6.48,57.23
1,1,1,29.81,6.83,6.328
1,2,2,30.08,5.85,5.199
2,3,3,35.27,6.33,4.78
1,2,2,19.28,3.98,5.918
1,3,1,18.22,1.53,2.699
1,2,3,24.85,9.38,9.728
1,1,3,29.72,1.05,1.515
3,3,1,18.03,7.99,26.242
2,1,1,49.31,4.73,16.561
3,1,2,24.19,5.29,16.852
2,3,1,16.35,2.61,6.581
2,2,1,42.26,8.31,8.871
2,3,2,47.26,8.26,16.185
2,1,2,7.26,6.83,9.604
1,2,3,37.18,3.06,4.913
1,1,5,12.39,3.16,3.887
1,1,3,26.53,6.97,8.074
1,3,1,11.24,0.31,0.993
1,1,1,51.82,9.97,8.801
1,2,1,17.38,0.58,2.06
1,3,2,51.94,4.79,4.975
1,3,2,42.69,8.39,11.24
1,1,5,9.59,5.94,6.495
1,1,2,46.26,4.5,6.64
1,3,1,8.55,3.65,3.511
3,2,2,41.56,2.19,30.671
1,1,1,35.26,7.71,8.509
1,1,1,10.08,6.99,6.397
1,1,1,10.15,8.34,8.188
2,3,1,39.62,7.68,11.295
2,1,1,9.0,1.33,4.92
1,2,2,27.98,0.24,1.497
1,1,3,15.58,2.0,2.544
2,1,4,39.12,0.3,2.198
3,2,1,4.8,8.79,32.024
1,3,2,9.51,3.55,3.618
1,1,3,16.34,9.45,14.205
1,1,5,39.8,1.38,1.195
1,2,3,26.68,6.68,5.694
2,1,2,41.01,0.94,4.672
3,1,4,72.28,7.05,20.698
3,2,3,23.44,0.28,19.86
2,1,1,21.9,0.95,3.635
1,2,1,64.06,2.69,2.51
3,1,4,49.31,5.66,21.079
1,2,4,7.97,5.14,4.176
1,3,2,39.72,6.41,13.679
2,3,2,35.83,8.13,10.862
1,2,1,40.51,0.9,2.165
2,2,3,3.78,5.43,8.199
3,1,2,39.56,2.75,20.727
2,1,1,35.13,5.02,9.726
2,1,2,25.34,0.89,2.513
1,2,2,9.12,4.33,5.731
1,1,4,12.92,3.64,4.353
2,1,4,8.53,9.22,8.078
1,2,1,43.13,0.98,2.907
3,2,1,9.81,1.1,22.005
1,1,1,36.26,4.59,4.618
1,1,1,29.89,9.52,8.748
1,2,2,19.79,7.84,6.398
2,3,2,27.52,3.28,5.463
2,2,1,7.22,7.18,20.913
3,1,5,5.1,0.89,6.331
1,3,3,19.35,9.83,13.005
1,1,1,29.38,1.89,2.5
1,1,3,37.91,1.73,3.746
1,1,1,21.09,0.21,1.2
1,1,2,24.32,3.01,2.597
1,2,2,4.35,0.75,1.537
1,2,1,29.5,9.31,13.513
1,3,2,16.7,3.63,4.362
2,2,5,65.58,5.35,8.157
2,1,3,23.35,2.63,4.317
1,2,2,60.69,1.59,7.507
1,2,3,18.71,0.75,1.666
2,2,3,33.46,4.7,9.982
2,1,4,8.81,3.45,6.473
2,2,1,14.43,5.6,8.511
1,2,1,26.79,9.09,15.618
1,1,3,50.64,9.73,5.142
3,3,5,16.43,9.26,28.441
1,1,2,23.37,3.1,4.242
1,1,5,28.01,0.7,1.355
3,2,2,35.63,5.35,30.306
1,3,1,27.88,6.38,6.066
2,2,4,13.76,1.3,7.602
2,1,3,51.0,7.16,27.351
1,3,2,1.49,0.62,1.422
2,1,3,74.06,2.41,13.903
1,1,1,26.92,9.46,10.965
2,2,2,63.39,7.56,14.103
3,1,2,29.99,7.86,39.274
2,2,2,54.47,8.94,16.092
1,3,2,68.41,3.38,6.422
2,1,1,24.69,6.17,10.139
3,1,1,40.5,6.75,31.696
2,1,1,43.79,6.54,9.663
2,2,2,19.51,2.1,8.015
1,2,2,42.81,0.67,1.559
2,3,2,31.31,3.71,13.219
1,2,2,66.35,9.15,12.742
1,3,1,36.41,6.4,7.33
3,1,3,18.0,3.77,18.868
3,1,3,27.61,3.78,20.748
3,1,2,64.22,6.03,26.704
1,2,1,12.08,9.52,8.133
1,1,2,26.39,3.0,3.206
1,1,2,3.32,4.27,5.795
1,1,3,19.35,9.96,9.829
2,1,1,3.3,5.48,6.863
1,2,3,11.01,5.04,6.171
1,3,5,47.33,6.62,12.436
1,1,4,25.73,7.61,7.929
1,2,4,18.29,3.84,3.081
2,1,1,13.82,8.41,9.567
2,1,2,21.97,2.45,4.809
1,1,1,26.13,0.87,1.585
1,2,2,48.8,5.47,8.295
1,2,3,51.87,6.0,9.57
1,2,3,46.22,3.16,4.275
3,3,5,20.06,2.92,11.426
2,1,5,33.89,4.74,4.222
1,2,1,24.46,4.93,6.553
2,2,4,13.09,7.92,7.916
1,1,4,27.59,6.39,10.862
1,1,3,32.9,8.39,12.257
1,1,1,9.33,6.92,10.411
1,1,1,45.19,2.34,3.019
1,1,2,30.16,8.31,9.09
2,1,1,28.05,2.39,4.334
3,3,1,44.57,5.77,44.096
1,3,1,42.9,2.48,2.214
2,2,2,41.2,5.21,11.179
1,2,2,32.71,3.92,3.909
1,3,1,71.08,5.23,12.378
1,1,4,33.78,5.04,6.182
1,2,1,43.7,4.27,6.363
1,2,1,38.16,7.86,8.459
3,3,2,51.65,7.88,45.512
2,2,2,3.18,4.26,12.914
1,1,1,19.35,8.53,13.517
2,2,3,1.99,3.71,13.917
1,1,1,40.87,5.81,4.886
2,1,1,28.15,1.21,4.122
1,2,2,2.0,8.42,11.047
1,2,1,39.14,1.8,3.319
2,1,5,15.9,6.3,8.717
1,1,2,8.68,9.43,7.166
1,2,1,73.93,3.47,8.585
1,1,3,6.4,2.19,2.422
1,3,3,41.11,5.47,7.179
1,1,2,20.82,8.52,8.696
2,2,5,1.3,8.9,9.636
2,1,2,24.03,2.33,8.472
1,3,1,47.35,9.73,13.291
1,3,3,32.76,5.89,6.626
2,1,4,14.69,6.46,6.816
2,2,1,9.81,2.56,10.004
2,2,1,15.93,3.63,10.806
1,1,2,2.31,1.19,1.46
1,2,3,40.57,7.5,9.968
1,3,1,23.96,3.6,4.388
1,2,5,20.33,6.15,7.568
1,3,1,68.77,7.76,11.66
1,1,3,29.66,6.08,5.542
2,3,4,59.29,1.74,7.905
1,3,1,41.97,1.34,3.858
2,1,2,58.39,4.5,12.202
1,1,1,27.68,4.39,5.129
1,2,2,23.15,3.38,4.56
2,3,2,3.84,0.67,6.09
2,1,3,17.74,1.91,6.484
1,1,2,2.97,5.4,4.789
2,2,1,9.7,9.46,17.205
1,1,1,24.1,2.34,2.844
1,2,1,5.04,0.47,1.258
2,2,2,25.71,1.74,9.258
2,3,4,14.98,5.98,10.055
1,1,3,43.74,1.91,2.164
3,3,1,10.06,1.53,20.773
2,2,5,32.27,8.44,16.884
2,3,1,39.03,5.86,10.01
1,1,5,30.68,9.4,8.308
1,2,1,52.64,7.6,6.508
1,3,1,33.27,3.18,4.918
2,2,4,49.51,5.82,7.271
1,1,2,28.29,3.39,2.729
2,1,4,16.95,0.29,2.351
1,1,3,33.88,4.42,4.196
2,1,1,24.16,9.7,9.271
2,2,1,11.8,8.0,10.811
2,3,2,53.83,0.18,3.604
2,2,2,26.38,3.61,9.732
2,1,2,14.04,6.9,7.227
1,1,1,43.92,6.82,5.245
2,1,1,47.25,2.51,6.902
3,1,2,38.84,4.09,20.32
1,3,1,39.79,7.38,8.727
1,1,2,25.13,9.51,16.86
3,1,1,55.99,3.3,23.94
1,2,4,28.02,1.03,0.847
1,1,2,24.06,6.33,8.707
1,1,1,25.81,4.24,3.516
1,2,3,11.74,5.77,7.86
1,1,2,12.56,3.01,2.892
1,2,2,36.88,5.98,7.322
3,1,1,33.0,1.63,18.133
1,2,1,18.29,0.68,1.685
1,1,4,48.82,8.62,5.184
2,1,1,10.92,0.4,3.231
2,2,2,24.43,3.99,7.08
1,1,1,21.26,4.19,5.287
1,1,2,23.01,4.75,9.052
2,1,2,52.43,9.41,13.588
2,1,1,30.9,3.91,12.266
1,1,1,39.42,6.37,4.202
1,3,2,49.69,4.8,6.282
2,1,2,78.05,6.56,11.95
2,2,4,8.52,9.75,11.523
1,1,2,4.01,9.13,6.287
2,1,4,39.51,9.21,13.579
2,2,4,11.71,8.02,14.384
2,2,1,33.81,6.4,13.698
2,3,4,26.03,6.25,6.085
2,1,5,20.99,5.93,6.083
1,1,2,22.0,2.17,2.457
1,2,2,17.0,8.04,11.967
2,1,1,65.55,6.96,8.496
2,1,1,20.38,6.77,12.002
1,1,1,8.82,7.02,10.151
1,1,1,35.75,7.15,7.698
2,3,2,3.63,1.71,5.724
2,3,2,32.35,8.94,12.507
1,2,1,10.78,2.06,2.389
1,1,1,43.45,6.37,7.345
1,2,1,24.83,5.05,4.972
3,2,5,6.82,2.23,21.209
2,2,3,38.09,9.12,19.303
1,2,1,43.32,3.98,5.615
1,3,3,29.47,8.21,7.845
2,1,3,38.41,4.08,8.547
1,2,3,23.51,9.28,8.489
3,3,4,63.29,0.39,10.193
1,3,2,83.79,8.97,7.364
1,3,1,43.14,9.35,9.101
1,1,4,29.49,8.47,6.499
1,2,3,7.24,5.76,8.775
2,1,1,0.67,9.87,9.583
2,2,2,3.84,3.35,9.131
1,1,2,30.12,6.91,7.579
1,1,2,40.89,5.73,4.56
2,3,2,22.17,1.77,5.709
2,3,1,53.54,5.89,8.722
1,1,2,10.16,4.02,4.638
1,1,1,16.87,1.45,2.125
1,1,1,33.41,3.11,2.281
1,1,2,16.38,0.13,0.454
2,1,1,38.99,9.83,21.455
1,3,2,16.77,0.31,1.178
1,1,1,22.38,4.64,4.513
2,1,2,19.17,0.4,3.11
1,2,1,10.11,4.42,5.01
1,1,1,18.51,6.86,9.449
1,1,3,30.25,5.92,5.705
3,1,2,26.22,5.29,13.815
2,1,2,16.41,1.41,3.858
1,2,2,31.63,4.95,4.85
2,2,1,29.78,1.85,8.009
1,1,1,34.46,5.32,8.926
1,3,1,26.68,3.23,2.828
1,3,3,35.58,4.77,3.979
1,3,2,29.97,1.83,3.161
1,3,3,18.75,2.85,2.807
3,3,4,46.87,5.99,35.138
1,3,1,28.21,2.41,4.338
2,1,4,21.62,5.12,8.72
2,1,2,73.91,9.05,25.043
1,2,2,16.91,0.11,1.454
1,3,2,64.09,7.14,6.795
1,3,2,13.43,6.11,11.942
1,2,1,21.77,9.6,7.66
1,3,1,22.05,9.79,10.578
3,2,1,15.0,8.17,34.341
2,2,1,30.59,8.56,23.595
1,1,1,18.4,5.9,7.647
1,1,1,22.58,4.16,5.814
1,1,5,31.64,7.08,8.873
3,1,1,77.8,1.71,31.133
1,2,5,6.29,6.95,6.405
1,1,2,11.83,5.88,9.992
2,3,1,11.82,1.91,8.691
1,1,1,36.79,3.32,3.957
1,2,1,23.59,2.02,2.709
2,1,1,36.46,1.62,6.08
1,3,1,10.17,3.99,6.511
1,1,3,27.72,9.18,10.924
1,2,1,42.77,2.01,3.097
1,2,2,12.66,1.14,2.193
3,2,2,63.77,9.65,60.479
1,2,2,9.99,4.62,8.147
2,2,5,43.77,3.11,5.531
1,3,2,20.74,6.27,7.304
2,1,1,42.45,8.99,16.996
3,3,5,19.26,8.16,15.178
1,1,5,23.79,2.27,2.307
3,1,3,34.62,6.04,26.382
2,1,3,18.92,4.32,7.54
2,1,2,8.84,6.38,10.743
1,1,2,9.81,1.32,2.52
2,3,1,2.87,8.39,12.341
1,2,2,19.34,8.15,14.535
3,3,3,30.73,6.16,37.348
3,1,1,15.42,1.04,16.679
1,2,2,25.85,9.04,12.123
3,1,3,54.06,6.96,29.376
2,1,1,5.31,3.1,4.56
1,1,2,37.43,6.39,11.301
1,2,3,16.63,4.7,4.462
1,2,1,11.75,6.52,9.437
1,1,1,26.01,5.8,6.427
1,1,1,45.67,2.23,2.171
3,1,1,32.44,4.66,31.254
1,1,2,7.85,5.44,6.961
2,2,3,25.92,4.76,8.044
2,2,1,25.46,5.47,8.59
2,3,2,38.74,0.53,5.498
1,3,1,44.82,8.91,10.89
1,1,3,15.12,3.95,5.287
2,3,1,30.52,6.67,6.234
1,2,3,22.72,5.88,9.661
1,1,1,23.22,9.14,9.325
2,3,3,13.98,8.51,13.595
1,1,2,34.86,7.73,8.138
1,2,5,11.38,5.7,7.616
1,2,2,14.11,5.19,4.579
1,3,4,47.65,3.54,2.871
2,2,2,38.16,3.51,11.904
1,3,1,32.13,1.74,3.935
3,1,2,30.46,3.58,21.889
2,3,1,43.38,7.82,10.082
1,2,3,32.09,5.67,9.578
1,2,1,17.41,4.84,6.16
1,3,3,29.83,8.34,8.285
3,1,2,33.34,6.7,26.33
2,1,2,27.63,4.3,7.492
1,3,3,11.19,1.7,1.894
1,3,2,34.38,9.61,11.759
1,2,2,47.95,2.38,2.919
1,1,2,23.02,7.46,9.895
1,1,2,69.62,0.31,1.552
1,2,3,9.29,7.82,8.68
2,1,1,30.88,7.13,13.781
1,3,1,19.34,6.42,5.573
1,2,3,34.86,2.38,3.26
2,1,2,15.37,8.97,14.684
3,1,4,34.27,3.61,14.63
1,3,5,50.02,2.78,1.031
3,2,4,19.11,1.52,21.638
1,1,2,41.74,5.57,7.847
2,2,3,7.53,7.83,13.786
1,1,1,23.98,1.94,3.009
2,1,1,10.81,4.95,7.508
1,2,3,30.34,8.95,8.019
3,1,3,15.93,7.3,22.437
3,1,1,55.08,2.56,28.913
1,1,4,16.53,4.09,4.172
1,1,4,30.63,1.19,1.487
1,2,1,16.64,0.82,2.086
1,2,1,39.15,7.11,9.3
2,1,4,19.85,1.18,2.936
2,1,1,36.05,6.58,10.627
1,2,1,4.68,8.78,7.226
1,3,2,10.34,0.98,1.982
3,1,3,49.66,2.26,22.447
1,1,3,13.93,0.53,1.089
2,3,2,19.67,6.27,9.46
1,1,3,35.11,2.75,5.175
1,3,2,24.37,5.89,5.867
1,3,2,17.39,7.61,5.819
1,1,1,19.09,3.74,3.96
2,1,2,14.02,1.67,3.445
1,3,2,58.44,0.84,0.773
2,1,1,25.92,5.94,15.435
2,2,2,19.89,0.74,5.299
1,1,1,17.55,6.94,9.983
1,2,1,82.72,0.68,4.663
2,3,2,22.03,2.89,9.269
2,2,1,28.91,8.04,11.5
1,1,1,22.17,8.04,14.899
1,2,3,13.86,2.92,2.996
2,2,3,40.68,4.92,11.434
1,1,2,50.58,6.16,6.112
2,2,1,29.7,5.76,17.04
1,2,2,31.06,8.86,11.648
2,1,3,19.49,5.36,4.891
1,3,1,12.72,6.19,6.637
2,1,1,40.44,6.72,16.449
1,1,2,16.87,3.91,3.747
1,1,2,21.19,8.42,8.274
1,1,1,15.48,1.73,2.375
2,1,1,29.48,7.13,9.644
1,1,2,51.7,1.68,3.874
1,2,2,24.14,2.31,2.904
2,2,2,9.68,7.98,13.362
1,1,5,32.77,6.42,8.544
1,2,1,17.62,6.3,8.078
2,2,3,33.39,3.67,11.519
2,2,1,20.1,9.47,14.227
2,3,3,16.61,3.3,5.932
1,1,3,43.28,1.65,2.454
1,1,2,26.85,3.43,3.949
2,1,2,4.29,1.57,4.514
1,1,2,36.17,9.8,10.654
2,1,3,14.33,9.26,12.774
1,1,1,32.83,7.75,8.951
3,2,1,9.51,7.33,40.513
2,3,3,27.23,0.94,4.166
1,2,2,62.12,3.91,7.579
1,2,1,15.67,3.0,3.861
1,2,5,24.46,0.95,2.951
1,2,5,62.99,8.43,14.912
2,1,2,19.8,9.31,19.314
1,1,2,41.77,6.9,7.621
1,1,1,50.51,1.9,2.179
1,1,2,44.65,8.66,4.109
2,2,5,15.42,7.34,8.261
1,1,1,57.26,0.93,2.138
1,1,1,47.79,6.95,12.519
3,1,4,7.06,0.93,9.846
1,2,1,24.56,3.53,4.297
1,1,5,54.86,0.5,1.375
3,1,1,25.45,7.62,14.513
1,1,1,17.21,5.83,7.843
3,1,5,14.32,4.58,17.372
2,2,1,12.06,8.03,20.579
2,1,2,55.95,7.96,13.813
1,1,1,53.55,6.02,7.158
1,3,3,39.25,0.12,1.103
1,1,1,25.48,9.95,13.524
1,2,3,26.26,9.12,13.304
1,2,5,41.28,4.81,5.788
1,1,1,9.46,8.73,8.375
2,1,1,39.99,3.56,6.064
1,1,3,50.08,2.0,3.161
2,1,5,48.11,3.52,7.002
3,1,1,38.91,7.99,22.97
2,2,5,26.82,0.53,3.958
2,1,4,29.06,9.06,21.959
2,1,3,25.61,8.96,17.043
1,2,1,35.67,1.16,4.674
1,1,2,18.67,3.95,5.563
3,2,3,32.2,7.95,51.58
2,1,2,35.19,9.71,10.93
2,2,1,17.42,8.18,18.853
3,3,2,19.42,1.68,23.062
1,2,3,16.46,3.12,5.282
1,3,2,22.8,3.69,4.62
2,1,2,39.89,2.78,4.693
1,1,1,29.67,4.98,4.961
1,1,1,19.59,5.74,9.537
2,1,1,24.35,6.34,7.791
2,3,2,7.53,1.38,5.538
1,1,2,62.55,1.21,2.144
2,1,3,23.57,7.44,13.546
1,3,1,38.66,9.64,6.95
2,1,1,20.99,4.85,7.143
1,2,3,33.73,8.1,5.998
2,1,1,35.01,1.16,4.336
1,3,5,30.44,2.25,3.478
1,1,2,17.7,9.29,6.469
1,2,4,78.59,8.55,7.254
1,2,3,24.55,4.53,4.472
1,3,5,4.6,9.85,9.657
2,3,2,30.07,8.1,10.833
2,2,1,75.41,4.8,20.296
1,1,3,21.39,2.27,3.397
2,1,1,14.15,4.04,4.804
2,3,2,17.37,5.64,10.492
2,2,1,23.7,1.81,7.657
1,3,3,41.78,2.22,3.369
1,2,3,6.87,4.22,4.715
3,1,4,32.71,2.71,20.26
1,1,1,40.75,3.66,4.16
1,1,5,20.5,9.13,13.561
2,2,3,25.36,6.68,17.42
1,1,1,56.11,6.56,7.065
2,1,1,44.28,8.07,14.512
1,2,1,20.71,5.55,7.177
2,1,1,37.51,5.03,9.813
3,1,2,38.96,2.33,10.875
3,1,1,48.54,9.99,12.914
3,2,2,27.91,7.25,36.475
2,1,2,32.16,6.85,13.661
1,2,2,49.61,3.44,5.729
3,3,4,27.57,2.06,19.775
3,2,1,21.23,7.0,39.666
1,3,2,11.53,4.36,5.201
1,1,4,41.93,6.17,9.174
1,1,1,21.53,1.26,1.751
1,1,2,41.32,8.5,12.129
2,2,4,50.73,7.72,12.651
1,1,2,23.36,7.86,8.408
1,3,4,13.51,7.59,11.166
1,2,4,25.26,2.36,3.348
1,3,1,62.91,0.29,2.295
3,1,3,24.0,5.98,24.263
1,2,2,26.34,5.45,3.437
1,1,5,48.59,5.07,6.361
1,2,2,3.89,4.24,5.406
2,2,3,12.68,6.14,7.642
2,1,1,27.47,5.44,8.18
1,3,2,21.43,7.58,9.11
1,2,3,28.1,8.67,7.43
1,2,5,12.01,1.83,2.614
1,1,1,25.48,5.73,5.241
2,1,1,41.8,5.3,7.697
1,1,5,4.98,6.03,5.626
1,2,2,22.9,1.87,3.645
1,1,1,9.19,2.0,3.611
1,3,2,12.51,3.23,4.569
1,3,4,28.48,4.84,4.738
1,1,5,53.43,3.25,4.528
1,2,1,18.9,3.98,6.292
1,1,3,54.88,1.07,1.838
1,1,2,17.55,5.37,4.741
3,1,1,35.41,1.98,35.063
1,3,3,27.11,8.24,8.271
1,3,1,7.89,5.35,6.12
1,1,2,36.55,3.22,3.313
2,1,1,64.3,3.28,18.133
3,1,1,8.48,2.26,24.02
2,2,1,19.44,4.15,11.281
2,1,5,24.4,8.6,13.709
2,3,2,9.91,4.7,8.214
1,3,2,14.18,6.36,9.089
2,1,1,34.64,8.56,12.497
2,3,4,31.43,6.63,10.562
1,2,2,36.14,0.76,1.693
1,2,5,21.59,4.17,2.963
1,3,1,54.22,1.92,2.622
1,1,2,25.68,3.59,4.25
2,2,1,44.44,6.22,11.525
1,1,1,30.2,1.72,4.887
2,2,2,31.93,4.16,13.181
3,1,3,55.29,6.67,30.279
1,1,1,18.39,4.68,5.499
1,1,3,36.43,6.63,7.892
2,1,2,18.43,9.93,17.133
2,1,2,16.46,3.01,6.008
1,1,3,46.26,8.61,7.765
1,3,2,18.46,3.97,4.254
2,2,4,19.89,9.44,10.059
3,1,3,13.39,8.56,16.986
1,3,4,38.65,7.3,10.239
1,3,1,32.5,5.89,8.529
3,1,3,19.67,3.85,20.26
1,2,5,22.74,3.83,3.367
1,1,1,5.42,7.74,10.473
1,2,2,16.73,3.62,4.27
1,2,4,10.21,9.32,9.268
1,1,1,31.76,0.14,0.693
2,2,2,29.15,8.17,9.648
2,1,3,67.91,7.63,8.995
1,2,3,25.71,5.17,4.877
1,1,1,9.07,8.82,8.528
1,3,1,41.15,0.52,2.155
2,2,1,44.53,4.8,16.92
2,1,1,19.14,0.2,4.434
2,2,1,42.41,2.47,8.92
2,1,3,22.62,7.76,9.127
2,2,4,18.73,3.91,10.196
2,2,5,14.6,3.87,4.963
1,1,5,26.1,4.36,2.744
3,1,5,28.6,6.91,11.644
2,1,1,33.87,6.31,11.075
1,2,1,46.04,8.46,9.957
1,2,1,44.76,6.35,5.382
2,1,2,79.46,9.28,18.068
1,1,5,30.25,8.3,10.356
2,3,1,3.75,1.84,10.381
1,1,2,50.57,2.13,4.66
1,1,2,11.05,0.58,1.237
1,2,1,18.38,7.84,11.343
2,1,3,17.65,3.8,11.928
1,3,1,21.12,7.99,7.154
2,1,2,40.26,7.16,7.177
1,3,5,1.58,8.45,11.271
1,1,1,24.76,4.97,5.422
1,1,1,50.94,8.18,6.513
1,1,3,38.38,9.29,9.634
2,3,2,20.55,7.92,9.572
2,2,2,66.77,1.79,8.448
1,1,2,43.98,2.31,3.828
1,3,1,9.13,5.24,5.35
2,1,1,26.17,4.91,5.713
2,1,4,23.25,6.85,9.246
1,1,1,2.38,2.95,3.324
2,3,5,18.98,7.26,10.682
1,1,1,11.05,7.69,7.935
1,1,4,23.43,7.49,6.872
2,3,4,33.01,6.19,13.525
2,2,1,20.78,7.83,10.562
2,1,2,41.36,8.41,17.153
1,2,3,27.38,0.85,1.88
1,1,2,45.4,4.82,7.7
2,1,4,31.01,1.72,4.219
1,1,1,14.44,9.71,11.215
1,2,4,13.65,2.91,4.026
2,2,2,42.58,0.93,12.301
1,1,1,2.55,6.9,8.117
1,1,2,34.58,3.4,2.859
1,1,1,46.15,1.34,2.443
3,2,2,25.97,5.74,44.302
1,2,1,5.04,1.62,3.592
1,2,3,25.03,1.62,2.366
1,3,1,28.8,2.89,3.283
1,3,2,65.96,3.82,3.533
1,3,4,48.68,9.89,14.2
2,2,4,26.78,1.12,6.633
1,1,3,16.45,0.38,1.284
1,2,1,44.53,7.28,7.369
1,1,4,29.13,6.96,7.903
1,1,1,34.11,0.41,1.144
1,1,2,2.54,6.24,6.113
2,1,4,27.55,8.59,10.85
2,2,1,9.78,0.59,5.031
2,1,1,35.24,7.29,13.945
1,1,2,71.67,9.45,15.681
2,3,2,25.01,8.71,15.354
2,2,1,43.16,2.85,10.878
1,1,3,20.64,6.62,8.923
1,1,4,23.98,2.53,2.711
2,1,5,27.12,8.22,7.031
1,3,1,60.19,5.34,6.22
1,1,2,16.4,6.26,5.959
2,3,4,20.39,3.23,11.252
1,1,1,33.35,7.87,10.837
3,2,2,15.72,1.61,27.393
1,1,1,36.25,7.19,11.253
1,1,1,20.26,7.14,9.283
1,1,1,29.71,1.64,2.461
1,1,3,68.54,4.06,4.912
2,3,2,20.95,8.05,9.8
2,2,1,25.78,7.97,15.999
3,1,2,13.13,9.21,28.963
1,2,1,11.91,9.4,7.857
1,1,1,49.6,9.17,11.923
1,3,4,37.14,6.96,8.687
1,1,2,11.41,2.1,2.249
3,1,3,60.25,0.11,22.409
1,1,1,28.77,7.42,5.504
1,1,1,28.72,0.38,1.183
1,3,4,41.43,1.63,2.741
2,1,1,21.17,6.57,12.017
1,1,1,22.93,5.76,7.208
2,3,3,17.56,6.51,12.88
2,1,2,19.5,7.0,8.498
2,1,4,39.12,8.8,14.327
1,2,5,41.03,4.93,5.201
1,1,1,26.03,3.6,3.49
1,3,1,22.19,6.98,6.893
2,2,2,9.5,4.57,7.616
3,1,1,45.32,0.18,24.771
1,1,2,26.98,2.27,2.159
1,1,1,55.52,5.91,9.427
1,2,4,21.71,7.25,8.911
2,2,4,47.19,5.34,12.718
1,2,1,8.37,1.11,2.182
1,1,1,35.01,6.62,4.073
2,2,5,19.83,4.11,6.833
1,1,1,18.16,2.36,3.1
1,3,1,35.52,3.8,4.26
1,1,1,40.76,6.87,9.921
1,3,1,36.36,5.72,6.168
2,1,1,17.03,3.04,7.385
1,1,1,15.02,8.62,7.809
1,1,1,14.33,8.22,11.075
1,3,3,19.54,0.52,1.634
1,3,1,10.67,7.84,7.497
2,2,3,23.69,5.72,13.6
2,1,2,43.06,0.74,5.061
1,2,2,43.64,4.7,4.555
1,1,5,33.06,0.14,0.58
1,2,1,16.1,9.68,12.169
1,1,1,59.9,7.24,4.637
1,3,2,24.31,8.84,8.06
3,2,1,18.1,5.21,36.836
1,1,1,29.96,9.14,6.985
1,2,4,22.0,2.26,2.051
1,1,4,13.08,6.31,8.583
2,1,2,5.75,1.24,6.334
1,1,2,28.96,8.9,11.454
3,1,2,43.92,1.02,19.241
1,1,1,40.17,5.8,5.71
2,2,1,9.27,5.63,14.13
2,2,2,62.96,1.77,9.975
1,1,1,33.39,5.51,9.376
1,3,1,14.1,4.24,5.61
1,3,2,19.37,0.52,1.575
2,1,2,39.79,7.39,13.448
2,1,1,16.76,3.4,5.756
1,3,4,7.8,1.69,2.94
1,1,3,17.6,0.96,1.696
1,1,2,24.79,6.91,5.442
1,3,1,5.72,4.25,4.049
2,2,2,17.86,9.62,8.82
1,3,2,31.13,9.57,10.208
1,3,2,1.88,2.02,2.675
2,1,2,15.53,1.09,5.085
2,2,1,34.73,5.05,19.997
2,3,1,12.61,1.93,7.116
1,1,4,28.51,4.6,3.136
3,1,1,32.51,1.32,23.596
1,1,2,40.14,4.5,4.542
1,2,4,13.26,1.27,2.148
1,2,1,36.86,9.89,17.228
2,3,5,15.4,1.46,3.173
1,1,4,6.01,1.59,1.501
2,2,3,8.2,1.66,6.16
2,1,3,7.73,3.66,4.444
2,3,4,25.08,1.79,4.725
2,2,1,41.93,4.52,12.645
3,2,2,29.97,4.19,20.372
1,1,1,59.67,7.56,6.983
1,1,4,21.99,7.09,9.762
2,1,2,41.45,9.09,20.015
1,3,3,36.57,9.32,14.709
1,1,1,32.49,2.86,5.02
2,3,1,45.02,2.36,9.031
1,1,3,41.24,8.17,5.453
2,2,1,4.06,3.53,11.098
1,1,2,17.19,8.31,8.493
2,1,3,14.66,9.75,7.096
1,2,1,40.24,4.47,6.674
2,1,1,25.79,8.74,11.938
2,1,1,32.46,4.11,8.152
1,2,4,13.28,5.08,4.865
1,1,1,33.2,7.92,6.883
1,2,1,20.29,8.48,10.177
1,2,5,8.14,0.18,0.766
1,1,3,33.93,0.74,1.24
1,1,2,30.11,7.13,5.958
2,1,2,52.66,4.02,5.772
1,1,3,6.28,6.37,5.886
1,1,4,24.6,3.66,5.057
1,2,4,17.32,9.16,11.74
1,1,2,10.99,5.61,4.168
1,3,3,15.94,4.57,5.243
3,2,3,35.04,8.9,29.601
2,1,3,48.91,0.84,8.793
1,2,3,23.13,6.92,6.49
2,1,1,16.66,2.51,4.69
1,1,3,49.08,2.11,2.174
1,3,1,41.31,4.69,8.577
2,1,1,19.23,8.45,7.627
1,1,1,14.51,4.28,3.816
1,3,1,27.16,0.5,1.466
2,3,2,22.44,4.89,10.058
1,2,1,27.09,3.89,6.018
1,2,2,12.4,6.06,4.15
1,2,5,38.92,4.66,4.369
2,2,1,25.87,3.64,11.438
2,1,1,70.71,9.24,12.124
3,3,1,6.9,6.34,20.548
1,2,3,41.07,7.07,10.194
2,1,1,38.5,2.53,9.441
1,1,1,35.55,5.01,4.958
1,1,1,7.24,2.59,3.032
1,1,1,33.08,5.55,4.854
2,1,3,30.79,1.16,4.994
1,1,3,31.82,9.41,16.617
2,3,1,14.87,1.44,5.9
1,1,2,22.01,3.22,3.698
1,1,2,45.44,1.5,2.244
3,3,5,67.09,3.06,27.218
2,1,3,26.26,1.02,1.941
1,2,3,6.12,9.11,6.968
2,2,5,13.58,3.52,9.286
1,2,1,3.28,5.51,9.751
2,1,1,13.7,5.94,8.41
1,1,3,36.24,2.05,2.109
1,2,1,26.08,9.79,15.056
1,1,2,53.63,8.92,13.453
1,1,3,6.12,2.12,3.199
1,1,2,39.05,9.49,7.073
1,2,1,11.78,9.54,7.461
3,2,2,53.57,5.97,28.303
1,2,1,54.82,0.93,2.429
1,2,1,26.27,0.39,1.463
1,1,2,38.36,5.55,6.988
2,3,1,35.4,5.74,15.143
1,3,5,60.19,8.91,6.348
1,1,2,10.71,7.25,9.441
2,1,4,19.56,4.02,8.272
1,1,5,34.55,7.43,16.906
3,3,2,10.12,7.32,26.441
1,1,2,38.17,3.79,4.509
2,1,4,6.28,5.24,7.002
1,3,1,13.65,6.28,7.4
2,2,2,46.94,2.48,20.103
2,1,1,44.13,2.6,9.148
1,2,3,60.86,5.04,7.197
1,2,3,18.54,8.64,6.33
1,1,2,44.77,7.12,8.967
1,2,2,42.09,2.13,2.555
3,2,2,57.16,0.51,69.577
1,2,2,38.79,9.37,9.838
2,3,2,16.12,3.28,4.588
3,2,4,21.1,5.14,17.416
2,2,1,20.75,0.49,5.614
2,2,1,27.52,4.04,10.351
1,1,1,18.96,2.68,3.126
1,1,2,10.98,9.68,9.277
1,3,4,25.35,3.51,6.45
1,2,1,26.06,1.77,2.657
1,1,2,13.91,7.09,6.532
1,1,5,44.99,3.91,4.43
1,1,1,20.45,7.87,7.691
1,1,4,18.94,0.35,0.835
1,1,5,28.52,3.86,3.238
1,2,3,17.63,0.29,1.27
1,1,1,10.21,0.5,0.76
1,2,2,24.22,3.28,3.454
2,3,1,19.5,1.38,5.189
2,3,1,45.06,5.4,9.649
1,3,1,23.96,9.82,10.719
1,1,1,51.68,9.05,7.216
1,2,5,36.45,5.01,5.714
1,2,2,37.51,4.45,6.391
1,1,1,33.2,9.01,8.953
3,3,2,23.23,6.27,26.164
1,2,2,29.44,7.57,7.753
1,2,1,65.64,5.44,7.433
2,1,1,14.38,2.31,5.142
1,1,2,12.54,3.51,7.608
1,3,3,52.23,9.39,10.362
1,1,1,27.73,5.41,4.582
3,1,4,16.52,3.53,13.084
1,2,2,33.52,0.19,0.985
2,2,2,28.89,3.96,5.251
2,1,1,32.97,3.08,7.06
1,1,2,14.68,4.22,6.113
2,2,1,10.57,4.91,12.09
1,3,1,57.62,6.43,8.187
1,1,4,43.69,9.19,12.789
1,2,2,12.54,5.72,6.069
3,1,1,44.32,8.85,14.104
1,2,1,21.84,9.83,12.527
1,2,1,65.98,0.52,2.566
3,3,4,29.61,0.67,18.044
1,2,1,28.85,9.29,12.068
2,1,2,34.81,0.79,4.292
2,1,3,31.81,1.98,5.112
1,3,1,7.95,1.54,2.688
2,1,2,38.13,5.64,8.369
2,2,2,14.33,5.19,12.431
1,1,4,19.11,1.21,2.905
3,1,2,27.55,6.21,22.847
3,2,1,29.57,0.25,35.704
2,1,1,3.2,8.5,15.425
2,3,1,32.57,2.19,9.849
1,1,1,46.18,2.3,3.115
1,1,4,18.43,6.92,4.8
1,1,1,24.88,5.46,4.819
1,1,1,35.0,6.66,7.924
2,2,2,17.86,1.64,6.353
2,1,1,4.39,3.62,5.797
1,1,2,16.46,3.38,4.314
1,3,1,2.36,9.7,9.174
2,1,3,10.68,7.68,13.742
1,1,1,40.05,9.55,8.335
3,3,2,18.4,5.96,24.761
2,2,2,15.09,6.92,11.238
1,1,1,51.96,2.55,3.144
1,3,1,20.07,1.22,2.265
2,2,2,26.06,5.52,5.838
1,1,3,18.96,7.26,7.76
2,1,2,8.87,6.52,11.244
1,3,2,28.56,9.16,12.643
1,1,2,44.91,3.73,5.235
1,3,2,38.76,1.85,3.282
2,1,3,39.46,1.56,5.589
3,1,1,36.65,0.47,29.392
2,3,2,43.29,5.57,11.546
1,3,4,31.6,3.36,3.829
2,1,2,22.46,4.44,6.207
1,1,2,25.99,4.06,4.387
1,2,3,36.78,5.42,7.792
3,2,1,34.36,4.31,47.851
1,1,2,56.89,7.77,7.447
3,1,1,13.4,4.1,17.853
1,3,1,7.12,9.81,11.925
1,1,1,45.69,4.86,8.471
1,1,3,46.17,2.76,7.031
3,1,2,26.93,8.03,27.087
1,1,4,17.18,3.49,3.448
2,2,1,3.97,4.68,8.656
1,1,1,33.25,2.79,5.681
2,2,2,27.51,8.02,15.246
1,1,1,22.42,5.69,5.917
1,1,2,11.83,3.22,3.361
2,3,1,47.84,7.28,21.945
2,2,1,65.63,1.99,12.635
1,1,2,46.35,3.92,7.006
1,1,2,7.88,3.27,4.569
1,2,1,32.56,7.82,8.508
3,2,1,50.91,7.4,90.636
2,2,1,54.02,7.54,17.15
2,2,1,21.66,0.69,6.184
2,1,5,20.92,6.51,12.001
2,3,2,58.7,2.42,12.148
1,1,1,42.48,9.64,9.256
1,1,1,37.23,5.43,8.037
2,2,1,38.35,8.91,22.799
1,1,1,27.31,5.86,7.913
1,1,4,22.15,3.19,3.193
2,1,1,32.74,9.02,14.111
2,2,4,14.85,4.81,6.813
2,2,3,12.0,0.15,4.352
1,2,3,28.68,3.88,4.502
3,1,2,42.66,9.51,36.409
1,1,1,55.65,0.39,2.06
1,3,3,23.41,1.71,1.704
3,2,3,41.44,1.37,34.54
2,1,2,6.92,6.16,8.956
3,1,1,8.36,8.08,25.87
2,1,1,12.51,0.18,4.996
2,1,1,47.35,8.28,11.496
1,2,1,59.91,1.51,3.338
1,3,2,11.36,3.73,5.3
3,3,4,43.34,7.42,26.399
2,1,2,60.97,9.32,8.641
1,1,2,48.18,9.65,18.427
1,2,3,7.09,2.45,3.57
1,1,2,20.21,9.9,13.476
1,2,2,26.14,8.13,8.329
2,2,3,25.9,4.97,6.939
1,1,1,34.18,6.34,6.998
1,1,4,41.46,6.26,7.395
3,1,1,42.66,8.9,43.651
1,2,2,17.29,4.03,4.611
1,1,2,13.04,8.49,11.531
1,1,2,42.95,7.89,5.821
1,1,2,31.7,1.56,2.04
1,3,1,30.42,4.85,6.258
1,3,3,7.51,8.34,7.121
1,3,1,67.22,9.7,20.699
1,3,2,15.96,0.92,1.614
1,1,3,11.38,9.76,8.747
1,1,2,29.65,8.76,7.176
3,1,4,5.45,6.87,13.282
1,2,1,34.13,3.79,6.447
1,2,1,32.04,8.91,8.31
2,1,1,18.91,2.78,6.795
1,3,4,46.28,1.17,1.741
1,1,3,16.08,0.15,0.843
2,2,3,39.07,4.13,11.155
1,3,2,20.08,6.09,8.252
1,2,1,36.59,2.29,7.896
2,2,1,43.84,0.6,7.651
2,2,2,24.15,0.39,6.299
1,2,1,38.77,7.31,9.386
1,3,2,23.44,3.92,5.289
1,1,4,27.47,6.39,6.182
2,1,1,17.69,3.25,7.877
1,3,2,46.11,1.61,5.31
1,2,2,31.54,0.95,2.128
1,2,1,36.39,0.11,1.574
3,1,1,24.42,4.59,16.911
1,1,2,40.71,1.15,1.179
1,1,3,52.56,9.53,7.552
1,3,2,23.83,3.8,3.309
2,1,1,24.21,8.87,9.132
1,1,1,24.0,0.9,1.361
2,1,3,31.04,1.25,3.174
1,1,1,24.23,5.01,4.582
1,1,2,42.09,8.1,6.578
1,2,1,9.58,7.47,6.935
1,1,3,22.14,2.35,5.247
1,1,1,27.55,4.0,3.802
2,1,1,24.25,6.01,8.261
1,1,2,1.4,3.09,3.98
2,3,3,34.77,1.7,3.898
1,3,4,31.66,4.5,3.271
1,2,5,60.32,4.73,3.961
1,3,2,9.05,2.28,2.936
1,1,2,6.44,3.76,4.443
1,3,2,16.77,1.74,2.936
3,1,2,43.4,5.2,27.544
3,2,1,31.66,8.19,64.967
2,2,2,14.8,2.38,7.798
2,1,5,26.17,9.15,11.192
1,1,1,4.02,1.28,1.595
1,1,1,23.14,9.63,10.323
1,1,1,25.01,9.6,8.455
2,1,2,25.47,5.64,6.396
1,3,2,9.55,6.82,11.379
1,1,1,53.77,7.85,5.851
2,2,2,17.13,2.05,11.562
1,2,3,71.6,3.39,8.489
2,1,1,9.73,3.35,6.502
1,1,3,64.05,3.1,2.5
2,1,3,12.95,3.03,5.369
2,1,2,11.18,6.7,7.676
2,1,1,21.9,3.88,11.082
1,1,4,56.83,3.02,4.662
1,1,1,31.31,7.32,10.724
1,3,1,32.33,8.09,8.408
1,3,1,16.19,1.47,2.302
1,1,4,13.78,4.82,6.041
1,2,1,33.94,3.11,4.06
1,3,2,41.62,5.86,10.863
1,1,2,20.31,4.39,4.333
3,1,2,13.81,5.86,27.488
1,1,2,23.25,7.86,6.708
1,1,1,26.35,4.15,4.218
1,3,2,33.24,5.03,5.468
1,3,1,11.86,3.14,3.643
3,2,1,41.28,0.99,30.37
1,1,1,24.9,2.47,1.851
2,3,2,18.91,2.4,6.523
2,1,1,11.06,4.94,6.956
2,1,2,81.53,6.65,12.34
2,1,1,59.62,4.17,12.585
2,3,2,29.46,4.58,7.212
1,2,1,31.65,5.4,6.626
1,2,2,19.98,3.04,3.422
2,2,3,1.5,8.06,17.633
1,1,1,12.0,4.78,6.583
1,1,3,48.23,4.64,5.306
1,3,2,2.53,5.57,6.382
1,3,1,38.05,3.72,2.888
1,2,1,54.51,1.09,2.423
1,1,1,10.45,4.44,7.159
1,3,3,40.02,8.07,7.462
1,1,1,23.82,9.88,10.172
1,1,5,66.56,8.28,4.836
2,1,2,9.09,2.67,6.192
1,1,2,43.0,2.29,2.941
2,2,5,42.27,8.6,9.147
1,2,1,9.85,6.73,5.814
1,1,3,63.24,7.11,16.752
2,1,1,17.41,2.4,5.096
2,2,2,14.13,2.62,6.7
2,1,1,3.6,5.05,9.658
2,1,3,18.39,3.35,3.569
2,1,1,20.49,3.77,10.506
2,3,2,27.67,9.93,12.276
2,3,4,34.82,3.83,6.563
2,1,1,30.74,8.6,9.687
1,2,5,32.86,8.13,8.836
1,3,2,8.16,5.07,4.933
1,1,3,7.77,9.46,9.509
1,3,2,17.91,3.98,3.646
2,1,3,3.81,4.36,6.963
1,2,4,20.57,1.92,2.423
1,2,1,19.21,6.29,7.669
2,1,3,32.23,2.92,5.236
1,2,5,33.88,4.5,8.195
2,2,3,21.19,8.58,12.593
1,1,5,33.94,7.9,9.927
1,2,3,23.47,1.16,2.051
1,3,1,22.77,7.55,10.29
1,3,3,26.49,6.44,6.039
1,2,2,5.31,7.48,7.808
1,1,1,28.52,0.44,1.165
1,1,1,34.75,5.92,3.621
1,1,1,43.67,1.17,2.261
2,3,3,40.57,6.97,8.805
1,2,3,22.47,0.78,1.564
1,3,3,37.54,1.2,2.564
1,1,1,59.87,1.67,2.808
3,3,1,28.48,6.03,24.885
2,3,1,17.32,4.87,9.695
3,2,2,18.16,6.16,27.276
3,3,3,15.18,3.8,19.516
1,1,4,4.18,6.61,5.719
2,1,1,18.01,4.05,9.285
1,1,3,35.34,4.89,3.849
2,1,2,44.11,8.95,14.621
1,1,4,15.26,3.03,2.156
1,2,3,35.01,6.74,7.608
3,1,2,20.17,1.7,17.764
2,1,3,16.28,7.74,8.106
3,1,1,10.97,1.62,19.141
1,2,3,35.07,8.34,9.348
1,3,3,23.14,0.52,1.094
1,1,4,32.11,2.96,3.579
1,2,1,19.06,6.76,10.956
1,3,3,40.4,1.04,2.028
1,2,1,30.61,9.18,7.616
2,2,3,11.99,5.06,7.747
1,2,4,1.79,4.27,4.186
2,3,1,21.63,5.66,9.01
2,1,2,29.87,8.81,13.457
2,2,2,18.64,2.58,9.284
1,1,3,24.71,4.53,5.7
1,1,1,17.54,1.72,1.098
1,2,4,12.85,9.16,10.768
2,3,5,20.14,9.89,11.08
1,3,2,37.45,3.62,5.421
1,3,2,4.45,6.7,9.403
3,2,2,24.6,7.1,22.801
2,2,1,26.96,3.59,9.534
2,3,3,11.74,9.04,14.664
1,1,1,30.8,5.03,6.357
3,1,1,36.62,8.45,38.149
1,1,1,16.5,5.37,7.943
1,2,3,39.12,7.15,7.614
2,2,2,6.01,3.67,7.462
2,3,2,66.44,6.1,10.207
1,1,1,1.91,9.4,12.048
1,3,1,45.27,6.07,8.904
1,2,2,38.11,3.14,4.82
2,3,2,37.53,7.06,11.636
2,1,1,20.01,7.65,12.507
1,2,2,59.28,8.78,11.071
1,2,1,6.37,6.17,6.712
2,2,4,5.39,3.16,9.051
2,1,2,10.57,6.0,6.8
1,1,1,14.2,3.45,5.019
1,1,1,26.44,5.05,4.253
3,1,1,38.56,2.47,24.437
1,2,1,9.27,3.45,5.955
1,2,3,8.06,8.0,10.568
2,2,3,49.98,5.59,12.874
1,1,1,22.97,6.34,4.45
2,1,4,13.01,7.07,7.24
2,2,1,53.32,3.31,14.631
1,2,3,24.82,2.42,3.147
1,2,1,43.44,1.6,2.682
2,2,1,41.52,1.75,4.136
1,3,3,23.25,2.29,2.726
1,3,1,25.59,2.57,3.517
1,2,1,11.66,7.55,7.61
1,1,3,68.88,2.83,3.877
3,1,2,32.46,9.07,22.365
2,2,4,33.96,3.87,10.147
2,1,2,14.38,5.66,8.219
1,1,1,27.29,2.77,3.241
1,1,2,39.01,5.1,5.567
3,3,3,2.7,0.56,14.355
1,1,1,10.61,1.3,2.431
2,2,1,18.12,4.05,8.603
1,3,2,25.16,6.41,8.594
1,2,3,42.35,9.01,7.839
1,1,1,67.56,7.79,16.531
1,3,3,37.26,7.66,17.043
1,2,1,24.38,5.9,7.965
1,1,2,23.43,4.29,5.626
1,2,3,33.27,9.24,10.054
1,1,1,31.81,0.48,1.258
2,2,1,28.18,0.43,5.626
1,3,2,26.07,8.63,7.206
2,2,1,41.55,8.83,19.023
1,3,4,36.69,2.49,2.462
1,1,5,16.77,4.87,6.004
1,3,2,35.27,3.0,4.962
3,2,3,24.42,4.3,38.255
2,1,4,5.64,5.37,6.194
3,3,3,46.89,8.22,21.631
1,3,3,19.51,0.59,1.481
2,1,1,26.17,6.96,12.604
2,2,3,10.33,0.93,6.297
3,1,1,26.52,9.99,33.152
1,1,1,26.15,5.0,4.468
3,1,2,12.84,5.68,19.503
1,1,1,10.84,6.33,6.562
2,1,1,17.81,9.22,15.116
1,1,2,12.3,1.74,2.611
1,3,1,12.34,5.03,6.619
1,1,4,11.9,4.26,4.958
2,3,5,25.09,8.64,11.392
1,1,3,17.66,4.57,4.667
1,1,1,36.04,5.58,6.701
1,2,2,31.55,5.86,8.201
2,1,1,43.64,1.9,8.603
1,1,2,1.6,9.13,12.363
2,3,1,27.38,4.62,10.85
1,1,2,44.68,4.75,8.131
2,1,1,13.23,9.21,14.623
2,2,5,14.32,1.88,3.549
2,1,1,35.98,4.54,10.854
2,2,2,28.18,3.01,6.698
1,1,1,33.9,8.95,14.632
1,1,2,27.06,3.69,2.528
2,1,4,24.17,7.15,5.526
1,1,1,12.44,3.84,6.66
1,2,1,29.75,8.59,16.689
2,3,1,38.87,6.12,16.331
1,2,2,24.59,0.37,2.164
1,1,2,31.54,5.33,4.215
3,3,3,39.76,1.31,29.562
1,2,3,33.58,4.46,4.326
1,1,1,11.11,2.89,4.58
1,1,4,32.19,9.73,9.056
1,1,3,79.07,8.86,9.809
2,1,2,50.65,2.02,9.018
2,1,1,13.38,7.6,10.821
1,1,3,28.53,1.51,2.384
1,3,2,65.94,6.47,6.244
1,1,1,19.38,4.23,4.101
1,1,1,8.67,5.07,5.398
2,3,2,18.87,8.88,9.8
2,2,2,16.14,4.54,11.618
1,1,1,39.25,2.13,3.27
2,1,4,10.81,5.18,5.404
2,2,1,15.69,5.98,17.025
1,1,1,22.08,2.26,4.317
2,2,1,19.16,1.48,7.52
2,3,2,10.35,7.32,9.872
1,2,1,32.98,3.15,6.484
1,3,3,46.89,6.56,5.669
2,2,2,36.57,3.13,15.266
3,2,1,37.3,2.22,37.407
1,1,1,49.15,1.16,3.303
1,1,2,39.92,9.4,12.755
2,1,2,21.33,7.11,20.126
1,2,1,35.62,1.04,3.105
1,1,2,53.08,1.03,3.751
1,2,2,26.97,1.62,2.442
3,1,5,13.83,4.98,10.868
2,2,3,2.82,4.56,8.685
3,1,1,34.83,6.93,26.864
1,3,2,41.02,6.37,7.615
1,1,1,17.35,8.22,8.935
1,2,2,19.18,3.36,4.853
1,2,1,28.88,8.69,12.48
1,1,4,39.67,6.37,4.733
2,3,2,36.35,2.33,6.684
2,3,3,41.36,9.31,12.014
2,2,2,28.35,8.3,15.067
1,3,1,45.65,0.79,1.955
1,1,1,4.79,6.5,9.557
1,3,1,32.62,5.15,7.042
1,3,3,18.28,9.07,12.7
1,2,4,35.0,3.85,4.472
1,3,1,38.67,3.33,5.758
3,2,2,58.1,0.17,36.95
1,2,1,29.56,2.59,3.018
1,2,2,53.21,7.09,13.753
1,1,4,45.24,3.62,4.153
2,2,1,11.14,9.98,15.795
1,1,1,29.82,9.61,8.353
1,2,2,65.73,7.21,6.608
1,2,1,8.6,5.14,9.048
1,1,1,12.39,4.38,6.405
2,1,1,31.63,4.44,6.452
1,1,2,39.12,7.52,6.633
1,2,5,28.7,3.73,4.701
2,1,4,29.79,9.88,11.014
1,1,2,22.88,6.33,5.702
2,1,3,12.43,7.14,8.156
1,1,2,2.12,8.94,9.142
2,1,2,45.75,8.63,8.189
1,1,1,3.81,6.36,5.934
1,2,1,31.2,3.23,6.209
1,2,2,10.86,7.36,6.572
3,3,5,32.91,4.96,17.484
1,1,2,17.86,0.7,1.389
3,1,4,54.37,5.28,31.27
3,1,1,48.35,3.08,17.324
1,2,1,44.44,1.42,2.344
1,1,5,61.71,7.31,7.794
1,1,1,31.03,0.31,1.396
3,2,2,44.7,4.18,47.577
2,1,1,6.78,1.04,6.104
1,2,4,39.06,2.4,2.8
1,2,1,27.05,0.49,1.463
2,3,4,41.11,5.97,7.855
1,1,1,15.56,7.8,7.184
1,1,1,10.74,2.84,2.853
1,2,3,43.44,5.23,7.347
1,1,1,31.83,2.64,2.103
2,1,1,17.85,6.79,13.684
2,1,2,7.62,6.48,9.051
1,1,1,36.19,5.54,7.121
1,1,1,23.25,1.53,1.566
2,2,1,8.47,1.58,6.251
1,3,2,28.28,3.72,3.867
1,1,1,6.65,7.66,7.432
1,2,3,59.32,2.99,3.822
2,3,3,48.92,6.39,11.216
3,1,1,18.91,9.64,22.555
2,2,2,52.1,9.29,21.787
1,1,2,27.74,3.32,4.91
2,3,2,32.21,3.59,13.083
1,1,2,62.62,9.75,11.789
2,1,2,22.64,5.73,8.387
1,3,1,33.04,5.92,7.143
1,2,2,23.84,4.54,6.322
1,1,1,76.81,1.11,2.099
1,2,4,8.77,0.36,1.359
1,3,2,30.1,5.69,7.992
1,1,2,28.21,3.58,2.691
2,1,2,16.2,5.45,13.278
2,1,1,57.83,9.26,16.624
1,3,1,17.19,9.28,8.166
1,1,1,5.38,2.45,2.528
1,1,2,16.36,9.26,10.429
1,1,2,65.06,0.36,1.133
1,1,1,22.47,6.98,6.087
2,2,2,58.58,2.53,10.276
3,1,1,20.41,2.21,21.227
1,1,2,39.79,4.39,4.648
2,1,1,4.19,1.92,4.34
2,1,4,9.7,8.09,14.508
1,1,2,23.47,2.18,3.193
2,1,2,47.47,9.92,10.771
1,2,3,52.26,7.27,9.363
1,1,3,15.47,5.65,6.376
3,1,2,12.23,1.87,15.886
2,2,1,27.12,7.88,14.587
1,2,1,15.19,5.94,6.883
1,2,1,65.82,2.33,5.605
3,3,3,61.09,1.29,30.328
1,1,2,40.13,9.89,11.337
3,1,1,33.11,5.81,27.7
2,1,1,25.89,6.01,9.491
1,1,2,5.78,3.23,4.459
2,3,2,7.82,2.69,8.655
2,2,3,13.65,3.51,7.643
2,2,2,36.76,1.73,7.021
1,3,1,6.02,7.03,5.898
1,3,3,24.5,8.01,10.502
1,1,2,36.99,5.23,5.715
2,3,2,23.69,9.77,10.3
2,1,1,36.68,5.7,8.374
2,1,3,46.41,2.92,7.535
1,2,1,60.51,3.45,7.451
1,3,1,30.62,5.07,7.068
1,2,1,29.44,8.26,9.5
2,1,3,25.05,9.9,15.35
1,3,3,3.55,0.53,1.211
2,1,1,18.54,5.05,8.92
1,2,1,42.43,1.0,2.033
1,1,1,67.73,2.09,5.21
3,1,2,36.92,6.11,28.625
1,1,2,28.82,0.76,1.286
1,3,3,14.59,6.16,8.907
2,3,3,37.71,8.18,8.521
1,1,3,1.97,0.51,0.864
3,1,2,39.71,3.19,14.748
3,1,3,26.12,3.64,15.259
2,2,2,6.03,2.28,6.409
1,2,3,38.39,6.89,10.698
1,2,2,36.4,6.04,7.648
2,1,4,35.55,4.16,6.283
1,1,1,60.83,2.67,4.545
3,3,2,17.33,3.88,27.352
2,2,2,41.58,7.5,21.51
1,1,5,36.74,8.51,8.781
1,1,1,36.38,2.85,3.667
2,1,2,46.19,9.3,9.793
1,1,1,54.34,1.5,2.767
1,1,4,46.82,1.44,2.248
2,2,3,19.88,6.86,10.143
1,1,2,33.12,3.71,4.479
1,1,2,25.87,2.84,3.281
2,2,2,51.49,4.99,14.888
2,1,2,39.98,8.58,11.618
1,1,1,23.99,7.86,9.079
3,3,3,59.54,7.7,30.107
3,1,2,17.86,6.24,24.968
1,2,1,58.32,4.47,7.793
1,1,2,14.82,3.18,4.879
2,1,1,38.35,5.76,10.275
1,1,3,11.63,8.02,8.432
2,2,2,29.02,5.93,8.065
1,1,2,44.81,0.52,1.74
1,2,1,35.81,6.8,8.443
1,1,3,41.14,4.61,4.912
1,2,3,17.94,6.55,9.151
3,1,3,8.6,9.35,25.392
1,1,2,24.51,7.94,7.762
3,2,2,7.32,1.96,28.991
1,1,2,30.4,3.44,4.165
2,1,1,27.79,9.94,18.492
3,2,1,33.4,0.68,25.726
1,2,2,41.74,0.43,2.715
1,2,3,77.7,0.7,4.597
2,1,1,27.26,7.73,10.238
2,1,3,58.35,5.94,8.693
1,1,2,18.76,2.06,2.94
1,1,1,65.7,7.12,5.21
2,1,1,32.65,7.75,12.39
1,1,2,50.4,7.28,8.653
2,1,1,35.1,3.04,8.133
1,2,1,29.87,2.68,3.361
1,1,3,9.19,2.32,4.859
2,1,5,17.97,3.9,5.988
1,1,1,51.64,0.88,2.812
3,1,1,23.62,5.8,25.346
1,2,2,60.83,2.49,5.996
1,1,5,2.48,5.46,4.587
1,1,4,34.43,0.33,1.405
1,3,4,18.28,2.76,3.799
2,1,2,7.67,0.33,3.566
2,1,5,27.31,3.11,5.943
2,2,1,30.18,3.51,11.672
1,2,1,18.25,4.53,6.035
1,3,3,59.44,1.9,2.851
1,3,2,30.1,8.65,7.082
2,2,3,25.51,7.83,20.029
1,1,2,51.95,8.33,6.673
1,1,3,17.08,5.51,7.733
1,1,1,48.19,6.31,8.485
1,2,1,6.12,2.93,3.576
2,3,3,44.45,3.44,10.004
2,1,2,51.56,7.95,10.959
3,3,1,55.45,5.63,75.266
1,2,1,14.6,7.56,8.67
1,1,3,32.77,4.32,6.275
1,3,4,30.43,9.84,9.232
2,2,3,14.61,4.12,7.085
2,1,3,4.11,8.34,10.748
1,1,3,18.22,1.78,3.364
2,1,1,23.0,1.26,3.226
1,1,2,37.02,7.93,7.313
1,2,2,11.45,5.01,6.002
1,3,4,18.98,0.94,1.225
1,2,1,12.54,1.04,1.726
2,3,5,36.31,4.91,10.094
2,3,3,49.47,7.56,10.106
2,1,1,42.25,0.21,3.668
2,2,2,21.14,3.91,8.158
2,2,1,27.29,2.75,8.856
1,1,2,28.3,5.0,6.42
1,1,2,12.89,9.84,8.053
1,2,3,39.82,3.71,4.591
3,3,2,21.64,5.64,21.342
3,3,3,35.34,8.78,19.637
2,1,1,30.13,7.22,9.613
1,2,4,54.94,7.73,11.938
1,1,4,11.43,2.07,2.677
2,3,2,24.65,5.16,11.016
1,2,1,17.92,9.4,6.187
1,3,5,30.5,3.15,3.069
1,3,3,9.19,3.08,4.117
1,1,4,16.57,0.89,1.211
2,3,1,34.14,5.86,11.065
3,2,3,49.51,5.13,38.505
2,1,1,52.91,8.77,8.642
1,1,2,33.04,4.79,4.857
1,2,3,33.41,5.98,5.481
3,1,2,27.71,6.83,24.046
1,1,1,4.35,7.01,7.068
1,2,2,12.91,9.98,8.366
2,1,1,18.58,2.03,5.29
1,1,2,29.78,3.11,5.54
1,2,1,0.42,7.23,6.035
2,1,2,45.15,5.51,12.899
2,2,2,6.81,3.81,7.783
1,1,5,19.97,1.99,2.338
1,3,2,49.44,3.33,2.674
3,1,2,35.49,9.43,28.189
2,3,5,22.39,5.62,8.707
2,2,4,29.79,7.6,19.151
1,3,2,54.05,2.85,4.701
3,2,2,31.01,5.17,20.705
2,1,1,14.34,1.92,5.387
1,1,2,28.19,5.67,6.752
1,2,3,45.22,1.56,1.852
2,2,5,23.71,8.37,6.821
2,2,1,2.67,1.37,4.984
2,1,1,11.0,8.1,11.987
3,2,4,7.46,0.79,18.158
2,1,4,21.17,9.22,14.507
1,2,3,20.77,8.45,12.992
1,2,1,12.37,7.0,9.643
2,1,3,18.27,6.72,11.28
1,2,2,26.51,3.98,6.912
1,1,1,18.66,9.96,11.664
2,2,1,13.42,0.14,6.748
1,2,1,6.46,0.57,1.138
2,1,2,9.91,7.21,8.856
1,1,1,32.63,6.01,4.993
1,2,2,50.02,2.67,6.3
1,2,1,30.92,3.93,4.017
2,1,2,30.99,6.03,7.062
2,1,5,33.47,4.18,5.662
1,1,3,44.11,0.72,2.212
1,2,1,39.55,0.45,3.253
1,1,2,25.4,4.49,4.926
2,2,1,18.64,4.8,11.996
3,2,2,53.7,6.72,46.176
2,3,1,7.05,9.84,15.88
1,3,4,46.55,0.88,0.902
2,1,1,52.2,2.87,11.777
1,2,4,39.75,5.86,6.8
1,2,3,24.21,3.54,3.918
1,3,1,16.98,3.03,3.371
1,2,4,13.32,3.14,4.275
1,1,2,9.81,2.23,3.858
2,3,2,49.1,6.2,18.2
1,1,3,64.33,6.38,5.705
2,3,1,19.31,7.1,13.69
3,1,1,19.68,1.41,14.567
1,1,4,62.93,1.88,2.111
1,3,1,55.97,9.97,10.921
2,2,4,50.27,2.54,9.679
1,2,1,16.72,6.17,8.326
1,1,2,38.34,0.96,1.801
1,1,2,11.89,7.42,5.745
2,1,2,18.96,1.47,5.176
2,2,5,8.56,4.06,11.541
2,1,1,19.58,2.28,6.618
2,1,2,14.66,4.33,9.592
1,1,1,47.09,9.3,12.636
2,3,1,31.71,2.66,9.659
2,3,1,28.65,1.85,4.538
1,1,2,6.48,0.86,1.205
3,3,2,20.75,2.01,28.384
2,1,1,2.0,7.85,13.261
1,1,5,15.32,2.17,2.361
1,1,1,18.49,9.52,10.735
1,3,3,28.16,2.94,4.767
2,1,1,12.82,2.57,6.338
1,1,2,10.39,8.24,11.064
1,3,1,26.5,6.05,6.404
2,2,2,36.26,4.62,15.21
2,2,3,20.88,1.82,7.167
2,2,3,33.74,7.13,9.577
2,2,1,16.6,6.31,19.808
1,1,3,19.63,9.48,16.749
1,2,2,61.9,9.64,9.659
2,1,1,31.62,6.05,8.877
1,1,2,22.87,2.87,4.204
1,3,4,22.14,8.98,9.264
3,1,1,31.86,1.83,19.999
1,1,2,4.7,6.05,8.886
2,1,3,46.07,1.87,3.726
2,3,2,12.13,4.67,7.409
2,3,2,15.24,1.62,5.471
1,1,1,42.48,9.91,11.253
1,1,1,51.32,1.78,4.486
1,2,1,41.09,6.05,10.251
2,2,2,42.89,3.01,8.208
1,1,1,31.44,9.26,11.224
1,1,2,20.68,9.13,8.39
2,2,2,32.33,8.63,21.955
1,1,1,8.24,6.1,6.227
1,2,3,29.88,3.82,3.712
1,1,2,53.14,6.56,10.805
1,3,2,33.28,0.94,1.098
1,2,2,22.6,0.21,1.145
1,2,1,33.28,4.91,3.048
3,2,2,39.96,3.9,42.56
3,1,3,18.01,8.67,16.834
2,1,3,83.71,7.19,24.708
2,2,3,41.47,9.15,21.333
2,2,1,14.17,0.9,6.054
2,3,3,25.02,7.17,19.105
1,1,1,19.86,5.39,4.833
1,2,1,34.56,0.1,1.111
2,1,1,26.85,0.64,3.7
3,1,3,25.15,9.8,23.845
1,1,2,24.96,2.53,3.812
1,3,3,23.19,1.31,3.021
1,2,2,34.68,5.83,7.387
1,1,4,32.78,1.36,1.698
2,2,2,23.05,6.53,11.928
1,1,2,10.32,3.78,5.143
3,1,1,18.24,7.54,18.748
2,1,2,63.15,4.59,8.039
1,1,2,1.43,7.76,12.218
2,1,1,31.89,6.21,7.983
2,1,1,11.29,7.44,8.129
1,2,1,37.53,9.01,17.161
1,3,1,2.52,5.88,7.32
2,3,2,15.73,3.26,9.579
1,1,2,35.23,6.48,4.596
1,2,4,63.27,3.02,7.675
1,1,2,40.04,4.24,1.733
1,1,3,71.66,2.57,3.672
2,2,2,16.54,5.94,17.104
1,1,2,1.51,3.51,5.376
2,2,1,57.9,1.48,15.944
1,3,2,31.7,6.29,11.321
2,1,1,34.82,9.31,12.84
1,3,2,52.76,1.04,1.514
3,1,1,38.99,9.98,26.197
3,3,2,7.36,7.69,19.364
1,2,4,7.01,4.08,4.609
2,1,2,25.84,7.45,7.24
1,1,1,28.66,9.96,13.651
2,1,2,23.03,4.71,4.846
2,2,2,23.6,1.96,6.81
1,1,4,7.78,1.23,1.431
1,3,3,19.29,9.06,8.915
1,1,1,27.31,9.04,9.149
2,3,4,18.08,6.78,14.17
2,1,1,20.08,8.9,11.062
1,2,1,11.15,9.45,8.197
1,3,1,10.37,6.8,8.453
1,1,1,3.64,0.14,0.773
1,1,2,8.05,3.25,3.711
1,2,1,12.69,2.1,3.04
1,2,1,13.42,5.7,6.325
2,3,1,36.09,6.2,11.816
1,1,4,29.7,9.52,8.065
2,3,3,5.73,9.38,14.811
1,3,2,1.95,0.75,2.436
1,2,3,23.9,7.54,7.21
2,1,2,19.91,4.7,7.497
1,1,1,50.59,8.69,11.446
1,3,4,22.31,0.18,0.957
3,2,2,10.21,4.9,33.925
2,2,2,25.99,3.6,7.226
2,3,4,53.54,5.03,5.439
1,1,1,20.01,7.51,5.656
1,2,1,34.37,7.19,10.655
1,2,4,23.71,2.37,2.869
3,3,2,47.38,1.63,22.272
2,2,2,12.36,5.47,9.806
1,1,5,49.13,7.71,9.888
3,1,4,27.33,9.99,32.923
1,3,4,59.12,0.1,0.861
1,2,1,15.95,3.0,3.265
1,1,3,76.77,8.3,10.955
1,3,2,26.85,5.24,6.6
3,1,2,51.87,1.12,19.303
2,1,1,27.67,2.26,7.126
1,3,2,25.52,3.71,4.958
1,2,1,47.76,9.98,8.513
1,3,4,30.2,5.69,5.938
1,3,2,33.08,4.17,6.893
1,2,2,20.77,6.96,10.257
1,1,1,33.59,3.39,4.415
1,3,2,43.59,3.28,9.422
1,2,2,52.81,1.4,3.436
1,2,3,37.3,5.52,7.322
3,2,2,32.64,8.21,34.584
1,1,1,50.2,5.15,5.795
1,1,2,57.55,9.9,12.968
1,2,1,38.45,6.41,6.605
2,2,2,3.88,5.45,12.361
1,1,2,7.61,5.11,6.684
1,1,1,28.93,0.88,1.101
2,1,1,17.17,9.82,9.161
2,2,2,29.24,8.64,13.441
1,1,2,24.64,1.62,3.58
1,2,1,56.48,9.81,22.267
3,2,2,41.81,1.75,10.701
1,1,2,28.03,0.8,1.55
1,2,1,60.02,4.76,6.985
1,3,1,1.44,2.31,2.603
1,1,1,11.97,0.94,1.538
2,1,3,34.18,2.68,4.689
2,1,1,40.9,3.77,7.54
1,2,4,19.66,5.39,5.929
2,3,2,12.28,9.15,10.025
1,2,3,39.32,5.12,5.855
2,3,5,17.26,9.98,11.568
1,2,1,41.05,5.97,9.253
1,1,2,19.1,8.47,9.463
2,1,1,15.76,5.35,10.495
1,2,1,29.39,3.08,5.02
1,2,3,45.2,10.0,17.417
1,2,1,18.41,6.7,7.352
2,2,4,46.62,9.56,20.184
1,1,3,10.36,6.43,7.052
2,1,2,6.87,0.3,4.437
2,2,2,11.56,7.23,13.561
2,2,3,27.21,9.91,11.553
1,3,1,22.41,6.16,6.961
2,1,3,10.3,6.57,8.696
1,3,1,44.01,2.21,2.621
3,1,1,28.18,8.39,22.881
2,1,1,31.23,0.13,2.189
1,3,1,37.64,7.61,7.294
2,3,1,28.54,2.78,9.096
1,3,3,38.16,2.38,3.774
1,1,2,11.93,8.1,7.714
1,1,4,25.47,3.41,4.264
2,2,3,34.46,4.03,13.607
2,3,3,39.05,3.92,6.505
2,2,4,25.6,6.32,7.164
1,1,3,36.31,8.97,9.644
2,2,1,37.2,8.24,23.048
2,1,1,45.42,6.86,17.101
2,1,2,34.92,7.72,10.607
1,2,1,35.07,1.06,3.085
1,1,4,36.46,9.67,10.137
2,2,2,25.39,3.14,14.873
1,2,4,8.16,1.24,2.273
1,1,1,51.07,9.17,6.132
1,1,4,55.36,2.68,2.978
1,3,1,15.65,1.55,2.465
1,2,2,13.02,9.91,8.746
1,3,4,48.72,0.29,1.209
2,1,2,56.83,6.95,10.028
3,2,3,70.99,3.96,68.003
1,3,1,24.95,8.2,6.994
1,1,3,14.48,0.76,1.191
2,1,2,7.45,3.24,7.984
1,3,3,34.02,2.49,3.366
3,1,2,12.36,1.35,16.213
1,1,2,25.25,5.85,5.051
1,3,2,34.48,3.24,3.791
1,1,2,5.14,4.01,4.093
1,2,2,25.72,6.59,7.46
2,2,1,19.72,0.84,12.542
1,2,3,47.4,7.99,11.641
2,1,1,37.19,4.05,8.85
2,1,1,49.96,2.7,6.715
2,3,2,12.28,8.16,10.572
2,3,2,23.0,2.51,6.746
1,1,3,41.05,6.37,8.396
1,1,5,19.16,2.02,2.457
2,2,2,23.63,5.63,9.459
1,1,5,27.93,4.07,4.643
1,3,2,10.73,8.63,11.081
1,3,1,36.19,4.05,7.284
1,1,2,43.42,6.88,10.785
2,3,1,28.19,9.83,13.086
1,3,5,47.5,0.12,0.341
2,2,2,21.24,0.98,4.779
3,3,1,12.91,5.76,19.82
1,1,2,20.6,2.56,3.313
2,3,1,20.94,0.16,3.58
1,1,1,30.87,9.45,8.371
1,1,1,11.82,2.92,3.287
1,2,4,3.94,9.97,20.83
1,1,1,14.97,2.17,4.116
1,2,2,22.87,9.26,9.415
1,1,2,32.06,0.14,1.36
1,1,4,45.23,6.08,6.947
1,2,4,64.8,7.47,6.901
2,1,4,24.14,6.97,10.412
1,1,2,17.91,7.88,6.718
2,1,2,20.47,8.68,7.156
3,3,3,33.81,3.46,12.275
2,2,1,45.33,6.05,20.353
1,2,1,48.99,7.16,8.488
2,2,4,63.4,8.59,10.875
2,2,1,22.49,0.33,7.238
3,1,1,24.12,0.35,11.724
3,1,1,55.32,9.94,24.998
1,2,1,6.5,1.33,2.756
2,1,5,62.62,2.65,11.78
2,3,1,29.5,2.88,5.331
1,1,2,48.92,4.17,3.518
1,2,1,66.04,7.45,9.19
2,1,2,31.47,9.38,15.185
2,2,3,18.11,5.49,10.993
1,3,2,35.56,5.78,5.851
1,1,2,17.78,4.03,4.457
1,1,2,18.73,6.02,6.979
1,2,1,23.5,0.51,2.781
3,1,2,20.27,5.42,24.931
2,1,4,32.08,9.29,9.327
1,2,3,20.52,7.8,5.971
1,1,1,25.73,3.93,5.502
2,1,3,14.88,7.9,7.739
2,1,3,16.99,2.53,5.653
1,1,3,26.94,7.14,9.38
1,3,3,10.02,2.6,4.109
1,1,5,22.49,7.39,5.856
2,1,1,31.44,2.45,7.815
2,2,1,6.28,3.47,11.82
1,3,5,17.81,2.91,3.184
3,1,2,19.2,8.73,18.536
2,2,2,4.93,8.17,13.3
3,2,1,25.37,7.17,38.907
1,1,1,19.84,2.3,3.773
1,1,5,49.72,5.3,5.958
3,2,1,28.55,8.08,43.249
3,1,2,69.33,5.87,46.645
3,1,1,35.81,2.54,20.658
2,2,5,26.75,2.42,6.097
1,1,1,38.4,7.05,6.056
1,1,4,35.35,6.7,7.238
1,1,1,8.28,0.66,1.257
3,3,4,22.64,1.5,15.227
1,2,1,35.51,2.82,3.085
2,1,4,33.72,4.57,7.044
3,1,2,25.03,0.64,13.142
3,3,1,15.3,4.29,24.534
3,2,1,11.56,8.4,37.589
1,2,3,2.94,8.82,13.954
1,1,2,16.44,2.93,3.062
3,1,1,19.07,7.68,19.892
1,1,1,34.1,7.39,7.728
1,3,3,28.82,7.05,6.015
3,3,2,25.31,8.24,15.945
2,1,2,7.54,8.57,10.649
1,2,2,8.96,6.08,6.93
1,3,1,7.18,7.27,8.371
1,3,1,20.29,0.25,1.074
3,1,1,17.22,1.53,14.728
2,1,4,38.69,0.8,3.857
1,3,1,21.44,3.01,3.484
1,1,2,21.17,2.39,2.61
2,1,1,30.54,9.1,15.17
3,1,1,38.08,2.9,21.839
1,2,2,25.34,1.13,3.196
2,1,2,20.12,3.93,5.348
1,2,3,33.78,4.67,9.479
1,3,1,38.0,8.47,10.972
1,2,4,23.66,5.19,4.579
1,3,5,3.11,1.13,1.514
1,3,5,31.16,3.59,3.493
1,2,1,17.03,9.38,12.121
1,2,2,32.25,9.77,9.303
1,3,4,16.52,5.55,4.972
1,2,3,40.22,5.19,7.347
2,1,1,36.46,1.92,5.619
1,3,4,40.66,3.35,2.104
1,2,3,37.05,3.95,7.099
3,3,3,33.99,3.73,21.393
1,1,2,25.49,4.6,5.009
2,1,2,41.05,1.96,7.756
2,2,3,36.72,7.86,15.786
2,2,1,42.75,6.36,28.159
1,1,3,59.72,5.61,5.176
1,3,1,36.02,1.92,3.729
2,2,1,3.7,0.55,5.589
2,1,4,13.26,4.79,7.632
1,2,1,47.89,5.08,9.632
2,1,1,61.32,5.66,9.88
1,1,3,46.02,1.18,4.084
3,1,3,14.05,0.17,14.35
2,1,3,44.68,6.15,8.694
1,3,1,21.37,9.1,4.908
2,1,2,32.25,2.64,6.141
3,2,1,28.87,5.97,56.958
2,2,1,21.74,1.54,8.558
1,1,1,18.58,3.38,4.795
2,3,2,45.68,1.26,6.3
2,1,2,47.57,2.72,6.786
1,2,1,61.67,6.63,8.748
2,2,4,23.4,1.85,5.379
1,2,5,4.4,7.13,7.654
2,1,1,63.11,3.3,9.34
2,3,3,23.06,8.3,13.534
1,3,2,52.49,4.05,5.091
3,1,2,25.89,6.9,28.942
1,2,2,42.8,5.0,12.371
1,1,3,24.56,4.07,4.157
1,1,1,40.12,0.92,2.97
1,1,2,33.31,2.57,3.923
2,1,1,63.94,6.74,10.906
1,2,1,27.13,4.87,9.087
3,1,2,39.32,8.97,32.456
3,1,1,10.22,7.51,27.593
2,1,3,39.59,0.27,1.765
1,1,2,9.86,6.2,7.872
2,2,1,16.76,0.23,6.201
1,2,4,11.75,9.54,11.36
2,1,1,25.52,5.01,10.124
1,1,3,40.59,5.54,7.059
3,1,1,32.02,3.35,24.831
1,2,1,12.97,3.31,5.429
1,1,4,20.9,7.28,7.24
3,2,4,23.95,4.42,38.393
1,2,1,11.05,0.89,2.396
2,1,1,24.6,5.53,7.491
3,1,3,35.89,0.8,17.266
1,1,1,14.28,6.73,5.8
1,1,4,13.97,3.8,5.116
1,1,1,55.81,0.12,0.869
2,3,1,38.66,3.57,8.56
3,1,1,32.19,9.37,25.538
1,1,1,53.33,6.12,9.463
2,3,4,25.4,5.99,7.373
1,3,2,39.43,8.22,10.46
2,1,1,28.94,6.2,6.856
2,2,1,35.18,5.31,16.912
2,1,1,60.67,8.91,14.796
1,3,2,61.44,0.44,1.612
1,2,2,15.32,7.73,9.25
1,1,1,54.87,9.02,11.145
1,1,3,6.52,0.4,0.808
1,1,2,20.5,8.93,14.283
2,2,5,3.03,0.45,4.49
1,1,2,41.08,2.25,1.842
1,2,1,26.44,9.13,10.665
2,1,1,24.71,1.05,4.306
1,2,4,15.13,1.09,0.981
1,1,1,14.42,7.9,8.892
3,3,1,13.57,9.79,25.447
1,1,2,34.82,9.73,10.041
1,1,2,46.85,0.38,1.372
1,1,2,10.02,7.13,9.11
1,2,3,33.62,0.13,1.323
1,1,1,57.54,7.09,3.842
1,1,3,18.32,9.06,9.562
1,1,4,6.66,2.46,1.97
2,1,1,8.38,4.09,5.823
1,3,1,17.5,2.09,4.733
1,1,5,55.75,1.96,2.671
1,3,1,52.72,9.15,5.858
3,3,2,27.3,1.67,20.722
1,2,1,30.03,5.87,13.152
2,1,2,27.64,0.79,3.481
1,2,3,32.5,4.64,3.245
3,3,3,12.99,8.04,23.466
1,1,1,31.94,0.94,3.169
1,1,1,40.21,3.39,3.692
1,1,2,27.05,1.31,2.964
1,1,1,23.38,5.64,6.302
2,1,2,32.02,9.8,25.988
2,1,2,45.93,2.72,6.485
2,2,4,59.62,1.25,7.614
1,1,1,48.6,2.01,3.632
2,1,1,18.34,0.63,3.442
1,3,3,17.12,2.21,2.621
3,1,2,11.43,4.26,17.693
2,1,1,39.01,1.62,9.644
1,1,4,75.65,0.17,0.594
2,1,2,37.6,5.38,6.352
1,2,2,18.2,2.99,6.025
1,1,3,51.88,8.31,9.33
1,3,2,18.21,5.25,4.628
2,3,1,11.42,4.74,10.178
1,1,1,10.32,8.83,9.308
1,2,2,26.04,3.0,3.543
2,2,2,45.15,5.46,9.504
1,3,3,35.28,4.92,5.127
2,1,2,19.66,0.82,2.204
1,2,1,23.75,3.55,4.16
1,1,2,51.41,6.88,10.874
2,1,1,10.54,9.72,15.058
1,3,3,7.86,6.07,6.101
2,1,3,23.79,0.47,2.219
2,1,2,20.28,4.73,6.764
2,1,2,40.37,2.02,2.851
1,3,1,14.74,4.39,5.773
2,1,2,12.21,9.37,13.798
1,1,1,19.96,9.05,11.736
1,2,2,23.7,3.61,6.139
1,1,1,3.28,9.06,11.422
1,1,2,16.47,0.61,1.221
1,2,1,63.01,8.92,9.269
1,3,1,40.35,7.04,6.84
1,2,2,31.88,9.26,10.178
2,1,3,28.03,3.8,8.036
1,1,1,19.09,5.79,5.069
1,2,2,21.33,8.53,10.188
1,1,3,20.13,5.94,4.978
1,2,2,47.37,2.36,4.435
2,1,2,16.52,6.87,8.24
3,3,1,15.93,1.95,35.714
1,1,1,40.88,2.24,2.789
2,3,1,24.23,1.54,6.431
1,1,5,59.89,1.25,1.2
3,2,1,40.05,3.47,46.35
1,1,1,13.56,7.39,10.176
1,2,1,58.57,7.29,6.936
1,1,3,21.85,5.48,5.831
1,1,1,38.89,9.09,7.418
2,1,3,27.31,2.86,5.331
1,1,2,11.85,2.73,4.071
1,3,3,65.04,7.56,18.364
1,3,4,19.68,7.18,9.313
3,2,2,15.85,3.37,21.436
2,1,5,20.06,9.17,10.714
3,1,4,40.83,8.17,27.025
2,1,1,28.81,2.73,2.771
3,1,2,48.84,4.62,27.987
1,2,2,2.68,2.69,3.859
1,3,3,19.79,2.52,5.447
1,1,2,29.28,9.13,9.777
1,1,2,35.63,6.22,10.625
2,1,1,18.49,1.51,4.605
1,1,3,12.76,1.19,1.978
1,1,1,44.45,3.91,5.349
2,1,2,25.56,3.55,10.517
1,1,1,17.98,9.51,14.36
1,1,3,8.74,8.16,7.835
1,2,3,30.92,9.85,7.113
2,3,1,18.4,9.33,17.049
1,1,3,46.01,7.7,14.451
1,1,3,36.31,5.97,4.223
1,1,1,40.57,3.97,8.213
2,2,2,42.89,8.19,11.789
1,2,1,27.94,2.15,5.031
1,2,1,25.32,7.98,9.176
3,2,3,18.81,3.93,36.331
2,3,1,20.55,7.62,13.456
1,1,2,47.84,4.79,7.974
1,1,1,23.62,4.57,4.839
1,1,1,15.75,9.06,7.025
2,1,2,33.11,1.89,7.239
1,1,1,15.33,0.88,2.03
3,3,4,22.48,4.95,17.361
2,2,1,12.02,1.32,8.018
1,3,2,7.23,4.37,4.539
1,3,3,21.01,0.22,0.64
2,2,2,61.88,5.82,17.903
2,3,2,27.56,5.59,11.636
2,2,1,39.57,0.77,7.459
1,1,3,10.02,4.76,7.072
2,2,2,18.53,3.38,7.224
2,3,3,15.08,8.41,15.716
3,2,1,56.62,4.18,35.992
1,2,1,33.4,2.54,4.503
1,1,1,47.43,1.7,2.745
1,3,1,6.98,8.36,11.431
2,1,1,37.86,1.85,6.737
3,2,1,9.25,8.98,41.122
1,2,1,24.77,3.73,4.988
1,2,1,18.29,3.79,5.755
1,1,1,11.49,6.83,5.638
2,2,3,27.1,0.3,2.83
2,1,4,56.41,3.07,13.251
1,1,2,26.17,7.22,5.049
1,1,1,5.82,8.87,14.019
3,2,1,34.4,6.01,32.558
1,1,3,6.27,0.9,1.934
1,1,4,17.09,8.87,13.133
1,3,1,24.67,8.82,9.459
1,1,1,20.54,8.01,8.472
1,3,1,27.83,4.16,4.259
2,1,1,46.5,5.08,9.906
1,1,1,58.29,3.37,5.089
2,2,2,37.59,2.6,17.178
2,1,1,24.34,6.1,6.019
1,3,1,44.41,3.52,4.501
1,1,3,38.43,1.17,2.264
1,3,3,27.22,0.27,0.707
1,1,1,36.55,6.05,9.659
2,3,3,39.1,6.0,14.938
1,1,1,31.13,1.29,2.591
2,2,1,4.18,8.89,13.544
1,1,1,16.58,1.94,3.24
1,3,1,17.37,4.18,4.897
1,1,1,57.29,9.87,9.676
1,1,2,33.69,2.98,4.634
2,2,4,5.27,2.22,5.462
2,1,1,41.92,7.88,16.327
1,2,1,43.62,7.99,12.799
2,2,1,15.45,4.0,13.089
2,1,1,14.27,8.15,9.664
1,2,3,52.3,8.41,12.025
1,1,1,25.28,0.52,1.148
1,2,2,10.89,7.35,13.637
1,1,2,29.86,7.55,5.743
2,1,3,36.12,8.49,12.132
1,3,1,19.11,8.14,8.875
1,3,1,68.36,1.38,3.258
2,3,1,38.96,1.54,4.783
1,2,2,54.98,2.63,3.397
2,1,2,17.9,6.68,6.912
1,1,2,3.84,7.93,6.326
1,1,1,49.66,5.7,6.017
1,2,1,19.35,3.32,8.142
1,1,2,21.44,9.68,12.892
1,3,1,15.44,9.27,8.709
2,1,4,63.35,1.66,5.536
2,1,3,50.56,3.9,5.338
2,3,1,51.8,4.63,4.731
1,1,2,16.3,2.37,2.999
3,1,1,30.86,6.43,23.131
1,2,4,15.1,1.56,2.251
2,3,2,11.25,9.41,11.968
2,1,1,16.74,7.7,9.845
1,1,2,12.65,5.18,6.488
1,1,1,13.94,6.53,5.563
2,2,1,35.36,1.56,8.961
2,1,1,53.83,9.6,8.378
1,2,1,45.08,8.28,18.082
2,1,1,37.0,5.88,12.449
1,3,5,29.26,0.63,0.965
1,2,2,20.29,9.2,9.442
2,2,4,57.65,7.38,18.56
2,1,1,55.6,0.91,8.808
1,1,3,30.12,5.92,5.591
1,1,2,14.79,1.5,1.831
1,2,2,29.69,1.3,2.106
1,1,3,11.44,5.23,6.783
1,1,2,35.6,8.2,8.237
1,1,2,28.27,6.15,7.866
2,1,4,35.48,2.28,5.473
1,1,1,48.59,2.13,2.721
1,2,1,30.56,3.74,3.54
1,2,5,10.91,4.4,6.403
1,1,4,9.95,8.63,9.359
1,2,2,24.75,7.99,9.6
1,1,3,44.3,4.01,4.684
1,3,4,28.41,7.74,5.98
1,2,2,7.31,8.64,8.867
1,1,1,27.09,5.03,6.19
2,2,2,7.21,7.66,11.464
1,1,1,23.14,3.14,4.226
1,1,1,23.19,1.34,1.979
1,1,5,20.72,7.71,5.717
1,3,3,11.1,8.71,6.159
1,3,3,44.93,0.5,1.608
2,2,2,37.83,6.51,10.324
1,3,1,32.04,5.01,5.533
1,1,2,48.56,6.9,5.928
1,2,2,54.48,2.77,6.357
1,1,2,19.96,9.05,6.884
3,1,1,17.79,4.4,25.796
1,3,3,23.55,0.62,0.921
1,3,1,18.57,1.14,2.33
1,3,1,27.19,9.92,10.408
1,2,2,51.18,7.45,9.333
1,1,5,39.24,0.17,0.681
1,2,1,44.53,4.25,5.57
1,1,1,39.16,9.27,12.39
1,3,5,19.66,4.2,4.203
2,1,5,5.53,4.71,4.993
1,3,1,19.38,0.2,0.968
1,2,3,61.67,8.41,8.687
2,1,4,35.56,4.25,7.321
1,1,1,29.76,9.07,7.179
3,1,3,53.04,0.18,26.595
3,1,1,47.82,0.22,35.444
1,3,3,42.64,5.12,5.488
1,1,1,20.6,1.36,2.357
2,1,2,58.59,7.07,25.233
1,1,3,8.18,1.13,1.692
1,1,1,7.99,0.29,0.716
1,1,3,56.32,6.66,6.721
1,3,1,35.9,0.69,1.438
2,2,1,28.88,2.63,9.849
2,3,4,14.91,5.89,11.581
2,1,4,18.78,3.76,3.857
2,1,3,50.6,2.86,10.423
2,1,4,54.54,8.15,12.707
1,1,1,26.93,5.12,7.047
3,1,2,23.64,6.13,23.551
3,1,4,50.64,1.96,14.436
2,2,4,30.49,5.25,11.035
2,1,1,44.38,9.86,19.784
1,2,1,23.31,9.91,15.339
1,2,2,2.76,2.42,4.356
2,2,1,37.18,1.73,7.838
1,1,3,27.37,7.73,11.834
1,2,1,27.18,6.75,10.698
1,1,2,6.01,1.74,2.832
1,1,1,24.78,9.21,7.282
1,1,3,44.13,8.8,8.063
1,1,5,28.47,5.25,5.874
1,1,2,40.96,7.95,11.293
1,2,5,24.08,2.47,2.164
1,2,2,27.5,5.95,5.238
1,1,1,10.48,4.69,5.482
2,1,3,27.67,8.32,8.351
1,1,1,35.42,9.02,8.809
1,3,1,33.54,7.71,8.454
1,1,2,32.61,2.81,1.976
1,1,1,27.66,0.3,1.096
2,1,4,33.42,9.54,11.472
1,2,2,22.33,4.67,3.884
1,1,1,48.48,1.73,2.225
2,1,1,31.39,7.86,14.386
1,1,1,18.05,8.18,8.09
2,2,3,8.72,4.5,9.001
3,1,1,31.08,8.53,28.543
2,3,4,42.13,7.61,6.32
3,3,1,54.52,4.22,60.508
1,2,1,34.49,1.06,2.803
1,3,2,18.54,3.78,5.022
1,3,1,74.11,9.5,14.649
1,1,2,19.78,5.63,6.067
1,2,2,8.18,4.63,5.623
1,2,1,10.96,2.09,5.462
1,2,2,16.78,3.28,3.058
1,2,4,58.51,4.28,6.944
2,3,1,34.5,7.97,9.66
1,3,2,35.29,0.38,1.925
1,1,1,32.85,8.87,9.84
1,2,4,42.29,7.7,5.666
2,2,1,25.64,1.55,9.148
1,3,1,13.19,6.02,8.792
2,1,2,28.06,9.9,14.362
1,1,2,0.89,9.75,12.32
1,1,1,20.33,7.34,11.461
3,1,3,51.69,9.76,37.076
1,1,1,25.97,4.89,4.991
1,1,4,32.7,6.36,10.045
1,1,4,23.24,4.98,6.128
1,3,3,24.98,8.52,8.106
1,1,3,19.0,3.2,4.15
1,1,2,40.05,1.54,2.588
1,2,3,53.32,5.2,6.966
3,1,1,8.58,3.7,14.426
1,2,3,16.69,8.24,12.227
1,3,2,42.2,5.17,7.774
2,1,3,20.95,0.93,3.081
1,1,2,63.41,7.16,9.942
2,1,2,19.4,1.66,5.094
1,1,1,28.12,4.18,3.227
2,2,2,34.22,2.75,8.785
3,1,1,30.15,4.48,24.494
1,1,3,20.4,9.45,15.121
2,1,1,60.46,5.07,11.466
2,1,4,35.98,2.83,8.922
2,1,3,32.49,6.23,8.523
1,2,4,42.53,7.2,7.728
1,1,4,1.44,9.85,7.369
1,2,2,60.66,1.68,3.544
3,3,4,20.6,3.69,16.095
1,2,2,44.25,6.42,6.641
1,1,1,65.65,7.73,7.526
2,1,1,51.52,7.05,8.92
1,2,1,43.53,5.95,5.737
1,2,1,19.73,3.91,5.168
1,3,1,43.77,9.28,12.7
2,1,5,32.39,8.07,14.951
1,1,1,39.3,5.88,7.546
1,1,4,10.07,0.3,0.508
1,3,3,45.67,9.08,11.052
1,2,4,23.66,0.44,1.798
1,3,3,14.32,8.7,10.023
1,2,5,66.96,6.89,12.897
2,3,1,30.77,0.74,5.147
1,2,2,25.07,1.35,2.136
1,3,1,28.33,9.88,9.397
1,3,1,10.02,5.01,6.597
1,3,2,42.14,4.44,4.137
2,3,2,34.61,2.19,6.172
1,2,5,23.0,1.91,2.864
2,2,1,29.44,0.2,9.935
2,2,4,9.22,2.93,5.638
2,2,1,24.33,6.76,19.056
2,2,2,34.99,6.63,19.869
1,2,1,47.31,7.26,6.403
3,1,5,46.4,7.05,16.514
2,2,2,0.82,4.71,8.825
1,3,1,41.53,9.41,7.802
1,2,4,50.71,0.61,1.959
1,1,1,18.96,5.57,7.75
2,3,4,10.53,8.51,11.492
1,2,1,9.82,3.64,4.765
2,1,1,33.83,5.16,14.317
1,2,1,31.94,7.06,7.311
1,2,2,22.48,8.32,9.777
1,2,3,6.49,2.39,3.228
1,1,2,51.85,3.15,3.216
1,1,1,7.13,0.22,0.734
2,3,2,51.97,7.86,15.321
1,3,2,3.1,2.49,4.53
3,1,1,63.3,3.31,39.77
2,3,2,14.05,0.52,3.421
2,1,2,31.85,4.65,6.615
1,1,2,8.99,8.99,10.006
2,2,2,9.85,1.88,6.139
3,1,1,40.64,8.22,31.834
2,1,4,23.97,3.37,6.555
1,3,3,11.91,1.09,1.615
2,2,3,22.75,9.19,7.959
1,1,3,33.98,8.49,8.999
1,1,2,40.03,4.79,7.477
2,2,5,41.9,7.7,13.521
2,2,1,36.83,2.28,15.136
1,1,2,18.32,2.91,4.244
1,1,3,19.13,7.85,7.422
2,2,4,9.59,0.3,3.676
1,2,2,38.08,0.29,1.483
1,3,3,22.17,5.8,5.884
2,1,2,8.25,8.37,11.778
2,3,1,35.63,2.27,5.353
1,3,4,32.0,0.87,1.236
1,1,2,7.96,1.25,1.712
1,1,3,28.27,5.11,5.705
1,2,3,76.46,0.12,3.281
2,3,1,8.81,9.27,12.24
2,1,4,10.8,2.41,2.813
1,1,1,26.15,9.2,12.922
1,2,3,9.45,3.76,4.399
1,3,3,31.62,2.07,2.66
1,1,3,14.93,1.64,2.591
1,1,4,10.09,9.42,12.623
1,1,2,19.52,6.97,8.403
2,3,1,37.56,7.13,12.538
1,2,2,25.83,2.14,3.074
2,1,2,52.91,6.35,7.805
1,3,1,16.13,0.93,1.922
2,2,1,39.89,1.42,6.352
3,3,2,48.22,0.4,26.71
1,1,4,33.55,6.1,11.343
1,1,2,31.88,8.95,6.481
2,1,4,27.14,7.4,10.932
1,1,2,14.62,1.11,1.545
1,3,4,10.24,0.82,1.161
1,2,3,38.73,2.91,3.518
2,1,1,38.38,4.49,8.921
1,2,2,28.43,2.06,6.043
1,2,5,38.6,0.43,1.574
1,2,5,10.47,7.71,9.61
2,1,2,32.6,8.01,9.851
1,3,3,21.34,4.19,3.732
2,2,4,28.48,6.31,8.703
2,3,1,20.27,0.72,7.085
1,2,2,10.95,2.91,3.527
1,2,3,20.8,2.57,3.75
2,1,1,23.52,0.62,4.179
2,2,3,18.1,7.68,12.83
1,1,1,18.66,5.14,5.675
1,3,2,68.42,4.44,7.324
1,1,1,22.25,0.84,1.275
1,1,3,45.34,6.0,8.2
1,2,1,19.49,5.34,10.886
1,2,2,1.7,5.84,6.935
1,2,1,10.82,4.09,4.906
2,2,1,40.07,3.61,10.766
2,2,3,13.01,0.75,6.379
2,3,1,56.55,7.69,9.972
2,1,1,39.31,4.74,12.913
2,2,1,12.56,2.33,8.516
1,3,2,22.96,1.84,2.917
2,1,1,17.09,3.18,6.413
1,1,2,44.66,9.51,10.352
1,1,3,20.41,4.62,4.118
3,2,1,3.65,4.63,27.135
2,2,1,12.4,1.62,5.68
1,1,1,17.32,8.71,6.66
2,1,4,42.68,4.07,10.169
1,1,1,20.64,1.0,1.626
1,1,3,45.68,1.12,2.068
1,1,5,12.58,3.27,3.99
1,2,1,21.33,1.97,3.329
2,3,1,35.19,4.84,12.34
1,2,3,37.82,5.55,9.955
1,3,4,28.18,8.4,9.361
3,3,1,33.38,3.21,22.672
1,2,2,39.38,4.0,7.642
1,2,3,49.29,3.06,2.777
1,3,2,19.87,9.55,12.197
1,2,2,49.68,9.04,11.151
1,1,2,37.92,2.25,3.598
2,1,4,53.31,6.6,7.021
2,2,2,50.47,1.39,11.738
1,3,2,33.82,7.45,7.67
1,2,2,17.0,8.24,8.164
1,1,1,17.51,2.51,4.652
2,2,2,19.77,9.73,19.605
1,3,1,16.51,8.32,10.295
1,2,2,41.96,5.02,7.002
3,1,2,16.35,1.06,12.583
1,1,3,23.7,4.02,3.753
1,1,3,40.14,4.82,6.44
1,3,2,21.4,8.4,6.863
1,1,2,25.79,4.4,6.751
3,3,1,4.21,0.24,26.722
1,1,1,41.13,3.71,6.305
1,3,1,49.91,3.65,6.043
1,1,1,22.67,6.7,5.913
1,2,3,39.75,2.52,2.804
1,2,5,13.97,1.62,3.082
2,2,2,20.19,4.18,10.63
1,2,1,16.24,6.1,8.743
2,1,1,23.52,2.84,8.831
2,1,1,24.72,4.47,13.731
1,1,4,26.63,7.03,6.061
2,2,2,36.36,6.27,18.399
2,2,4,22.78,0.12,2.783
2,1,1,18.41,0.72,3.818
1,2,2,6.66,4.79,4.512
1,1,2,13.27,0.92,1.703
1,1,1,2.51,8.16,12.751
2,1,2,24.75,6.11,7.687
1,2,3,9.82,0.52,0.973
1,1,1,31.36,5.43,4.716
1,3,1,31.08,3.72,3.367
1,2,2,21.43,0.47,0.833
2,2,5,20.65,8.65,13.66
2,1,5,6.69,1.08,3.059
2,2,1,22.58,9.41,13.488
1,3,3,13.52,6.83,8.368
1,2,3,22.94,6.0,8.255
2,1,4,57.65,6.25,17.172
1,1,1,24.23,8.1,9.543
2,1,5,19.51,4.11,4.595
1,1,3,20.78,0.35,1.063
1,2,2,20.36,7.79,6.905
1,1,1,44.61,0.22,1.262
2,3,1,57.94,1.1,15.154
1,1,1,17.33,3.12,4.028
2,2,4,36.88,8.98,17.005
1,3,3,57.26,0.14,0.764
1,1,4,18.76,1.06,2.102
2,1,2,13.36,6.03,4.792
1,2,4,15.58,2.35,4.753
1,1,4,17.32,2.89,5.534
3,2,1,13.54,6.03,32.451
2,3,1,36.0,1.87,6.207
1,2,3,11.02,6.91,7.59
2,3,2,12.15,5.87,12.669
1,1,1,29.66,4.93,3.69
1,1,3,16.19,4.81,5.068
1,1,1,7.65,8.29,9.652
1,2,2,19.97,3.67,7.102
1,1,4,26.38,4.58,3.889
1,1,1,45.54,2.64,4.296
2,3,1,54.2,3.16,11.105
1,1,2,51.19,8.22,12.728
1,1,3,31.74,6.69,9.48
2,1,1,18.72,9.42,10.968
3,1,2,30.5,0.38,38.16
1,1,2,6.51,7.52,11.248
3,1,3,14.89,9.19,16.607
2,1,2,51.21,5.67,8.06
1,3,1,23.5,3.2,5.004
1,1,1,12.2,6.36,6.292
1,2,1,33.37,1.16,2.461
2,2,1,22.08,0.99,11.261
1,2,1,4.55,9.72,13.884
1,3,3,30.81,7.93,7.909
2,1,3,26.43,5.02,7.345
1,1,1,6.02,9.02,6.231
1,1,4,25.88,3.33,4.285
2,1,2,30.66,9.79,7.267
3,3,3,15.11,0.81,13.166
2,2,4,28.57,6.35,7.701
1,1,1,12.46,0.28,1.2
1,1,2,22.89,6.43,7.693
1,3,1,60.02,8.46,12.39
1,2,4,10.44,9.14,7.238
1,1,1,30.9,8.7,13.553
3,3,2,23.12,8.55,28.155
2,2,1,10.76,7.95,10.415
1,1,1,4.23,2.85,3.212
1,1,1,11.0,6.31,10.418
1,2,3,4.01,9.38,8.818
1,1,1,38.41,3.64,4.959
2,3,1,25.23,1.54,6.283
1,2,1,3.96,7.6,7.606
2,2,1,17.8,9.97,18.457
1,2,1,22.68,0.21,1.661
1,3,2,58.05,4.99,6.055
3,1,2,14.26,0.14,13.71
1,1,5,22.36,5.94,4.92
1,2,2,63.56,0.73,1.561
2,1,1,22.63,6.97,13.026
1,2,3,25.5,2.36,2.807
1,2,1,28.05,7.84,10.405
1,1,3,55.19,7.95,9.836
1,1,2,35.24,9.45,10.489
1,2,1,33.05,7.16,15.081
1,1,5,63.16,2.52,1.997
2,1,2,31.03,3.37,6.251
2,1,4,27.6,7.8,10.086
1,1,2,14.36,4.96,6.304
1,2,2,9.12,7.61,8.424
1,3,1,22.08,9.03,8.18
1,2,1,7.81,6.91,5.923
1,2,3,21.14,0.94,1.753
2,1,1,36.17,6.38,7.315
1,3,2,19.55,6.13,8.4
1,3,1,4.08,1.52,1.767
2,3,2,8.06,4.68,8.852
2,1,1,34.39,2.99,10.734
1,1,1,10.56,7.47,10.709
1,1,2,48.99,0.84,1.862
3,1,3,32.89,1.12,14.7
1,1,4,18.24,5.68,7.555
2,3,1,19.59,7.55,18.313
2,1,2,20.05,6.82,7.716
1,1,1,22.98,8.04,6.093
1,3,2,25.65,2.6,2.593
1,3,1,17.1,5.46,5.605
1,1,1,12.97,7.37,7.588
1,1,2,32.1,1.94,4.275
2,3,1,18.43,4.06,8.875
2,3,1,27.7,5.44,9.019
3,2,4,31.17,9.65,49.416
3,1,4,48.07,9.2,23.199
2,2,2,63.81,0.38,14.625
1,2,1,35.18,3.72,3.944
1,1,1,38.21,6.26,10.269
2,1,1,46.08,8.3,12.13
1,3,3,31.98,9.27,9.259
1,2,3,31.58,0.57,0.974
1,1,1,12.19,9.83,9.153
1,2,2,33.3,5.92,4.903
1,2,1,26.58,2.4,3.882
2,1,3,6.99,8.05,8.498
1,1,1,63.89,0.86,1.174
1,1,3,38.69,7.15,9.268
1,3,3,25.73,9.85,8.658
1,1,1,49.03,9.62,8.185
1,3,4,22.9,0.32,1.762
1,2,3,10.44,4.51,4.683
1,3,2,8.59,2.66,4.246
2,3,1,30.43,8.23,9.388
1,3,1,20.36,9.3,10.972
3,3,1,41.07,5.68,38.959
2,1,2,21.7,0.93,2.519
1,1,1,48.59,7.95,5.807
1,1,3,6.53,3.25,4.851
1,2,2,26.15,7.89,8.062
2,1,2,30.95,0.74,4.157
2,1,4,8.75,3.38,6.997
2,1,2,40.63,9.07,19.017
2,2,1,30.18,1.49,6.908
1,1,5,30.06,9.06,9.395
2,1,2,19.95,8.82,10.377
1,2,2,10.45,2.21,3.109
2,2,1,30.42,3.58,8.662
1,3,2,24.75,2.44,2.908
2,2,3,11.33,9.08,21.419
1,2,2,25.01,9.36,9.128
1,1,1,44.75,0.27,0.507
1,1,4,26.86,8.25,8.117
3,2,2,14.46,8.24,22.088
1,1,3,30.72,3.47,4.429
1,3,1,29.79,9.16,9.602
1,3,2,40.98,5.62,12.487
1,1,4,7.69,4.45,6.068
2,2,2,31.08,1.78,4.28
3,1,1,9.44,1.12,12.538
2,1,3,34.81,9.99,11.867
2,1,1,16.6,3.04,6.779
1,2,1,20.3,5.68,8.695
1,3,1,15.73,2.21,3.525
1,1,1,22.51,0.32,1.158
2,2,1,41.91,2.48,8.82
1,1,2,40.42,7.84,7.694
2,1,3,23.84,5.39,8.792
1,2,1,14.96,9.05,11.041
1,2,2,49.92,6.13,8.926
1,2,2,32.29,8.15,7.289
2,3,5,32.54,7.4,9.893
2,1,3,30.25,0.87,4.886
1,2,4,18.04,4.16,4.268
2,1,3,16.81,5.08,8.632
2,3,2,43.58,6.27,8.64
1,1,1,44.59,8.09,8.802
2,1,4,39.09,4.98,9.262
1,2,3,41.66,6.01,9.233
1,1,1,25.23,8.61,7.398
1,2,1,5.93,1.12,1.169
1,3,2,9.77,2.22,4.027
1,1,1,23.02,5.96,9.236
1,2,5,16.32,4.41,3.159
1,3,1,39.32,8.02,10.536
2,2,1,14.86,4.64,10.877
2,1,1,44.37,9.9,22.107
1,3,2,42.5,4.5,8.148
1,2,3,6.02,1.05,2.38
1,2,2,45.54,4.77,5.635
2,2,1,20.4,7.91,7.705
2,1,4,18.69,0.62,3.168
1,3,1,38.47,4.03,3.653
2,1,1,11.32,4.4,5.09
1,3,1,16.57,9.53,20.911
3,3,2,12.94,1.01,16.319
1,3,2,38.92,1.61,3.004
1,1,2,27.02,4.92,7.017
1,1,1,35.69,8.98,11.105
1,1,4,28.11,4.47,2.291
1,1,1,28.54,8.3,13.553
1,1,1,16.61,2.63,3.262
1,2,2,44.96,1.85,3.799
2,1,2,49.46,8.6,10.231
2,3,5,31.58,4.18,5.305
1,1,2,17.77,8.03,7.003
2,1,1,29.27,8.61,9.897
1,2,5,33.0,3.69,3.734
3,1,2,46.81,0.29,29.874
1,2,2,49.54,7.98,8.304
2,2,1,8.93,3.59,10.685
3,2,1,18.11,7.47,31.782
2,2,5,9.42,5.43,9.418
2,3,5,21.2,7.06,9.375
1,3,5,65.9,5.15,4.855
2,1,3,13.63,4.25,4.895
1,1,2,33.13,4.99,6.321
1,3,2,31.81,7.51,6.363
3,1,1,12.06,3.37,21.521
1,2,3,12.41,8.7,6.676
1,2,3,26.87,3.82,3.983
3,1,3,53.24,8.05,13.251
1,1,1,30.71,2.23,2.244
1,2,1,25.02,0.66,1.711
1,1,3,26.6,0.6,1.636
2,1,5,8.26,4.34,8.361
2,3,2,47.31,9.93,21.199
1,3,1,18.48,9.38,11.789
2,2,4,34.76,7.39,12.633
1,1,2,43.17,0.47,1.036
2,1,2,16.34,9.97,12.187
2,3,4,15.31,6.01,7.49
3,1,2,11.58,4.18,23.132
1,3,2,68.89,6.17,6.643
1,2,3,34.52,3.77,6.658
1,1,2,14.21,6.09,4.79
1,2,1,42.02,0.95,4.013
1,3,1,6.7,4.44,4.496
1,3,3,34.5,7.96,7.693
1,2,1,9.69,2.45,3.843
3,1,4,19.16,2.51,9.33
1,2,2,12.07,2.18,3.214
1,2,2,3.78,3.91,4.482
2,2,1,9.46,7.29,17.172
1,1,2,31.44,2.83,2.916
1,3,1,80.91,4.47,11.939
1,2,3,24.22,4.58,5.72
1,1,1,36.49,4.79,4.425
1,1,2,15.75,4.44,5.365
2,1,4,21.46,0.66,3.03
1,1,2,7.98,5.62,4.902
1,1,3,56.17,3.2,3.463
1,2,3,9.25,8.27,9.324
1,1,2,19.24,0.46,1.444
1,1,1,62.03,3.87,8.224
3,1,1,30.15,2.18,18.351
1,1,1,64.55,4.91,8.532
1,1,1,13.96,2.83,5.178
1,1,2,28.41,3.61,3.759
2,2,4,49.49,0.89,5.515
2,1,2,25.21,1.34,4.295
1,2,1,18.81,2.67,4.904
2,1,3,16.44,6.82,10.997
1,1,2,23.43,3.61,4.103
2,1,1,32.18,5.12,10.484
1,1,1,7.93,0.54,0.869
2,2,3,10.09,7.26,9.122
2,2,2,46.12,5.95,16.793
2,2,2,34.09,7.84,7.957
1,1,3,35.01,0.24,0.684
2,1,2,6.88,6.84,12.565
2,3,1,67.67,7.11,17.994
1,1,2,8.47,3.76,5.281
1,1,1,41.14,7.29,7.952
1,1,1,18.13,9.2,18.208
1,3,2,45.06,2.75,6.712
2,3,1,58.69,3.45,9.093
1,1,3,28.99,0.76,0.667
2,1,1,65.08,7.85,11.947
2,2,1,41.14,7.26,34.107
2,1,2,17.57,1.53,4.582
2,1,2,23.62,8.15,7.907
2,1,1,33.81,7.87,12.792
1,1,3,47.03,5.63,5.596
1,1,2,55.02,9.28,7.089
2,2,1,24.16,4.36,6.693
3,2,1,22.16,4.32,29.685
1,2,4,40.24,4.86,5.599
3,1,2,17.19,5.1,24.929
3,1,1,28.11,2.5,19.909
1,3,1,27.89,7.97,9.336
2,1,2,39.15,2.95,4.699
2,1,1,67.4,0.31,5.991
1,1,1,23.78,6.52,7.313
1,1,3,67.1,8.97,9.229
1,1,4,9.05,8.81,9.978
2,1,1,13.62,0.87,3.455
1,2,1,18.51,8.04,11.032
2,1,1,4.65,3.09,8.52
2,2,4,21.3,1.79,3.628
2,2,2,28.02,8.2,13.365
1,1,1,19.94,1.31,3.12
1,3,2,46.29,4.88,3.36
1,3,2,11.16,0.66,1.181
1,1,1,40.11,5.9,9.282
1,2,5,20.23,1.07,1.821
1,2,1,63.03,0.51,2.741
1,2,2,51.5,7.84,6.061
1,1,2,24.3,8.38,10.289
1,1,2,27.57,6.32,9.591
1,1,1,59.07,3.89,5.736
2,1,2,28.15,9.62,11.007
1,1,3,37.16,5.28,5.61
3,3,3,33.45,4.05,17.548
2,1,1,24.8,8.07,10.508
1,1,1,9.76,6.58,5.091
3,1,4,8.24,9.09,17.4
2,1,2,59.59,8.39,17.792
2,2,2,20.78,7.89,13.496
1,3,3,27.84,6.78,7.139
1,1,1,61.27,8.57,7.155
1,1,5,47.7,8.4,9.26
2,1,2,30.26,4.73,8.791
1,3,4,25.98,4.7,4.33
1,1,2,34.76,6.66,6.313
1,1,3,19.8,2.86,2.3
1,1,1,26.86,9.14,12.223
1,1,1,38.19,6.47,11.913
1,1,1,7.54,1.37,1.8
2,3,4,42.76,8.89,15.287
1,1,2,39.43,3.24,5.371
1,1,2,28.38,8.13,8.531
1,1,1,25.51,1.98,3.06
1,1,2,32.9,8.97,7.652
2,3,2,43.17,0.66,7.402
1,2,2,21.73,2.27,2.894
3,3,3,60.72,3.56,35.963
3,3,1,16.94,9.16,34.654
2,2,2,55.77,7.02,17.168
2,2,1,37.7,1.87,11.856
1,2,1,58.06,9.84,7.812
1,2,1,18.39,2.82,4.597
1,2,3,26.68,5.99,6.655
2,2,1,7.81,0.67,6.547
1,1,1,5.24,8.41,8.891
1,2,2,14.03,8.53,9.182
1,1,2,19.85,4.9,7.847
2,2,3,48.48,4.58,13.731
2,2,3,31.1,8.11,6.53
1,2,2,18.43,1.57,3.185
1,2,1,60.06,7.72,11.872
1,2,1,41.52,8.76,8.275
2,2,1,27.83,6.33,14.159
1,1,2,54.26,2.64,3.562
1,1,1,24.79,2.92,3.828
2,1,3,39.06,4.85,6.389
1,1,5,68.62,8.05,5.202
2,1,3,40.93,1.86,7.696
1,2,2,28.7,0.28,1.276
3,2,3,14.0,9.74,27.209
1,1,1,50.6,4.15,6.071
1,3,5,57.88,7.31,6.941
3,1,1,47.54,6.04,31.262
1,2,2,20.94,7.65,7.193
2,1,1,13.89,0.93,4.763
1,2,2,27.27,7.76,11.596
1,1,1,5.27,8.79,9.84
1,1,1,25.59,0.72,1.094
1,1,2,15.52,4.92,6.059
2,2,1,31.38,8.48,12.458
1,3,1,23.65,6.15,7.486
1,2,4,11.86,2.26,1.955
1,2,1,18.99,2.02,4.089
1,1,2,21.8,2.82,3.681
1,2,1,33.98,5.89,7.728
3,3,3,25.39,7.4,31.956
1,1,5,24.28,5.95,4.075
1,1,2,18.68,5.17,4.724
1,1,5,50.11,3.8,3.832
1,1,2,21.66,0.88,0.838
1,1,2,20.19,8.71,9.917
2,2,1,23.04,1.74,6.095
2,2,5,32.87,5.43,12.99
2,1,4,25.48,9.08,9.046
1,3,1,41.22,1.16,3.194
2,3,1,10.57,4.09,6.683
2,2,1,65.05,1.27,20.061
2,3,1,26.54,7.28,11.203
3,3,1,18.81,6.51,23.339
1,1,5,26.49,3.95,6.987
3,3,4,45.06,7.91,35.793
2,1,2,47.69,9.72,13.233
2,1,1,25.7,7.12,6.842
2,1,2,12.88,9.74,10.115
3,2,4,15.82,4.44,24.029
1,3,3,19.7,3.51,3.626
2,1,4,35.48,2.07,3.533
2,2,3,56.2,7.27,14.203
2,1,2,29.15,9.6,16.372
2,3,1,10.75,3.72,12.044
1,1,3,13.6,3.56,3.292
1,2,2,7.04,0.93,1.708
1,2,3,38.29,8.51,13.211
2,1,3,16.53,2.87,4.24
2,3,1,27.02,0.53,4.546
2,3,1,16.62,4.35,9.022
2,1,4,30.51,4.82,9.936
1,2,2,5.27,7.97,6.467
1,3,1,37.82,7.26,7.894
2,1,2,23.57,8.35,8.741
2,1,1,26.74,7.38,15.047
2,2,2,34.21,0.61,7.646
2,2,2,8.05,7.99,12.597
3,2,2,41.88,6.79,37.355
1,2,5,16.41,6.27,7.794
2,2,1,24.57,6.33,10.554
1,1,5,36.31,4.87,4.898
1,1,3,3.81,7.79,7.545
1,1,4,29.85,2.92,3.357
1,1,3,24.97,3.07,4.755
1,2,1,61.07,0.49,2.019
2,3,2,31.41,8.94,15.976
1,1,1,23.57,2.56,3.452
1,2,2,33.37,9.98,10.549
1,1,1,14.58,8.01,10.223
1,1,1,26.71,8.23,8.965
2,3,4,12.07,1.41,4.6
1,1,4,20.12,6.14,8.753
1,2,2,22.46,1.1,1.977
3,1,2,13.24,2.06,14.44
2,1,3,45.79,9.9,15.799
2,2,5,50.5,2.77,7.423
2,2,1,21.99,7.1,17.138
1,2,1,4.49,5.53,10.293
2,3,4,18.15,3.48,9.201
1,3,1,13.95,8.8,7.741
1,2,3,8.25,8.44,10.81
1,1,2,12.22,8.19,5.781
2,1,2,37.37,9.63,14.532
1,2,1,18.11,4.2,5.096
1,2,3,23.42,3.63,5.164
1,1,2,39.56,8.24,8.862
2,1,4,17.91,4.7,6.164
1,1,2,42.84,9.42,10.72
1,1,4,25.97,0.26,0.982
1,1,1,55.56,5.33,13.684
2,3,1,3.52,0.93,6.738
1,2,4,7.38,9.48,12.162
3,3,1,22.82,4.13,32.518
1,2,1,5.39,8.76,9.589
1,1,1,36.2,4.71,5.393
1,2,3,27.89,7.88,10.756
1,3,3,19.97,3.16,2.538
1,2,4,26.14,3.16,4.457
1,1,1,13.46,8.03,8.409
2,2,1,3.32,0.47,6.019
1,1,1,65.68,2.14,2.342
1,1,5,48.47,1.55,2.209
1,1,2,5.97,6.82,6.349
1,1,1,13.05,4.48,5.394
1,3,1,69.74,8.68,10.85
1,1,1,17.16,4.13,4.102
1,1,3,40.51,8.3,12.405
1,2,2,50.09,2.91,4.172
3,3,2,42.96,4.89,34.412
2,2,2,42.15,4.85,8.622
3,1,1,17.71,7.18,21.962
1,1,2,2.81,7.27,6.429
2,2,3,41.18,3.6,9.644
1,3,1,17.04,6.66,8.149
1,1,2,63.4,4.68,6.496
2,3,4,16.69,7.74,15.835
1,2,2,39.7,9.53,14.222
1,2,2,29.65,2.22,2.279
2,1,3,13.3,5.91,10.211
2,3,1,23.56,9.03,11.314
1,2,1,41.91,6.71,10.473
1,1,2,29.12,0.51,0.738
1,1,1,12.95,4.14,4.595
3,1,2,69.69,3.25,38.487
1,1,3,61.15,9.06,7.162
1,1,1,48.65,5.47,9.842
1,1,5,25.49,1.99,4.01
3,1,4,24.01,4.97,15.712
2,2,1,15.82,6.53,15.142
1,2,2,17.8,3.85,6.125
3,2,1,33.8,1.54,29.559
1,1,5,2.16,4.16,3.958
2,1,2,15.54,1.25,4.579
1,2,3,19.87,8.78,14.044
1,2,5,60.96,5.93,10.146
1,1,2,35.82,0.82,0.99
3,3,4,18.75,6.55,27.462
3,2,1,55.51,4.49,76.995
1,3,1,28.7,2.43,1.563
1,2,2,47.43,2.06,4.544
1,1,4,14.26,0.11,0.553
1,3,1,25.47,3.5,6.253
1,3,2,8.1,9.04,12.202
1,3,3,18.65,3.67,5.011
2,3,1,11.91,7.28,12.063
2,3,2,64.36,0.39,8.994
3,2,1,50.53,5.62,29.784
1,1,1,42.49,7.47,5.102
1,2,1,15.53,8.63,11.395
1,2,3,26.28,3.59,4.741
1,2,1,13.35,2.46,4.251
2,1,1,27.6,3.84,6.637
2,2,3,10.47,1.67,5.287
1,3,1,31.53,5.37,5.561
1,1,2,28.24,1.0,1.331
2,1,2,21.56,5.41,11.093
1,2,4,34.64,3.97,6.0
1,1,4,9.31,9.03,10.707
2,1,1,19.07,7.66,15.749
1,2,2,28.6,1.41,2.098
1,3,2,19.61,9.39,7.373
2,1,1,32.98,8.16,11.272
3,1,2,55.57,7.68,35.622
1,1,4,23.32,3.09,2.969
1,2,3,8.89,6.54,5.853
2,1,2,11.92,5.64,7.08
2,1,1,24.99,0.61,5.173
1,2,2,24.49,7.72,10.32
1,3,2,18.54,9.87,15.049
2,1,2,4.86,2.99,7.966
1,2,4,7.05,5.21,6.376
1,2,5,43.27,7.85,4.865
1,1,5,19.85,9.07,10.092
1,3,3,5.91,0.14,0.804
3,1,2,10.94,6.1,21.376
1,1,1,31.63,6.95,6.446
1,1,4,10.97,5.79,4.75
3,1,2,22.9,3.66,19.784
1,2,1,12.7,5.28,4.557
1,2,1,35.47,3.64,6.726
1,2,3,16.74,9.28,7.254
2,2,1,56.81,7.93,9.162
2,1,3,35.59,6.1,10.336
2,3,2,34.41,3.81,7.532
1,3,1,26.19,2.31,1.951
1,1,4,23.09,2.83,2.737
1,2,3,61.97,4.13,7.436
3,3,1,8.68,4.29,26.02
1,1,1,25.22,2.81,3.175
2,1,2,7.24,2.8,5.665
2,1,1,21.94,5.49,8.488
1,3,1,6.86,7.69,6.645
1,2,4,25.49,2.9,2.465
1,2,1,24.58,8.36,9.171
1,3,2,37.31,6.09,8.472
3,1,1,31.14,4.35,20.481
1,3,1,9.49,7.34,8.802
3,2,1,12.99,2.23,39.759
1,2,1,49.78,6.09,5.097
1,1,3,41.54,7.0,9.54
3,1,3,32.74,9.71,15.317
2,1,2,30.51,5.1,15.316
1,1,4,32.41,6.05,5.646
2,1,1,43.3,6.65,15.561
2,1,2,34.13,1.26,4.852
2,2,3,28.87,9.21,10.955
2,3,2,62.61,7.03,6.817
1,1,5,14.71,4.34,5.012
1,1,2,26.24,0.93,1.607
2,2,5,30.13,4.75,8.995
1,2,1,30.28,6.94,6.965
1,2,1,35.48,3.38,4.851
1,3,1,43.5,6.08,8.437
1,1,3,27.07,2.42,3.807
1,1,1,27.62,1.28,2.0
1,3,1,10.75,8.94,6.405
1,2,5,26.56,2.15,2.74
1,2,2,15.33,6.35,6.382
2,3,1,35.43,6.51,12.462
2,1,1,16.13,8.46,12.253
1,1,3,47.86,3.87,5.659
1,1,4,29.48,2.8,2.703
1,3,3,47.28,1.0,1.551
2,3,1,6.14,7.93,15.073
2,1,2,57.56,9.22,9.839
2,1,2,44.06,4.05,7.695
2,2,4,33.87,2.98,7.58
1,1,3,34.68,2.71,1.824
1,3,3,13.88,9.12,9.862
1,1,2,40.83,3.99,4.755
1,3,1,19.16,7.34,8.369
1,2,3,3.85,6.25,5.869
2,1,2,48.58,4.94,6.3
1,2,1,53.25,2.89,3.06
2,2,3,65.09,7.31,24.726
1,1,1,23.96,4.43,5.405
1,1,3,32.25,1.43,1.659
2,3,3,30.25,4.53,5.939
1,2,1,12.72,8.98,7.487
1,2,3,28.82,4.97,5.997
1,1,2,33.89,8.43,8.861
2,2,2,33.83,4.35,6.579
1,2,5,43.13,0.34,0.834
3,1,4,20.16,4.84,12.671
3,1,1,34.14,0.36,24.153
2,1,3,61.81,2.22,5.061
1,2,2,40.1,1.93,3.157
2,1,3,45.41,2.45,8.032
1,3,1,46.94,2.45,4.896
2,1,2,21.58,8.62,13.573
1,3,1,27.02,3.86,6.993
1,1,4,51.2,7.93,9.145
1,2,4,40.86,0.63,1.283
2,2,1,68.48,1.1,24.895
2,2,2,4.81,1.8,7.706
1,3,1,18.43,3.12,3.286
1,1,1,38.08,0.36,1.377
2,1,1,18.15,0.34,2.315
2,1,3,38.6,6.58,10.115
2,2,1,10.72,9.88,9.568
1,3,2,5.11,5.97,5.631
2,1,4,63.96,5.84,8.006
2,2,1,17.04,0.55,4.968
1,1,2,19.62,7.09,7.61
1,3,5,11.24,7.23,6.365
1,1,3,21.59,4.19,4.694
1,3,1,57.44,7.84,13.767
2,2,1,19.25,5.26,8.839
1,3,3,49.33,0.43,1.75
1,2,1,24.19,0.16,2.518
1,1,2,54.12,0.85,1.814
2,3,1,22.3,1.32,3.838
2,1,3,60.43,7.91,14.083
1,1,1,17.22,9.43,9.456
2,1,2,33.11,0.79,6.161
1,3,3,23.36,6.85,5.542
2,2,1,24.95,5.92,11.558
2,1,2,32.01,1.08,4.086
1,3,5,23.9,3.96,4.224
3,1,2,37.27,5.97,19.183
1,1,1,50.24,1.05,2.019
2,1,4,76.89,2.01,9.915
1,1,1,28.26,3.68,4.35
2,2,1,11.03,0.24,7.078
1,1,1,44.88,6.58,10.247
1,1,3,24.18,2.94,3.14
1,1,1,5.86,0.81,0.998
3,3,1,27.44,1.09,21.085
1,2,2,38.07,2.33,2.514
2,1,1,41.88,3.8,11.122
1,2,3,42.67,6.25,7.412
2,1,2,3.13,8.81,13.134
1,3,2,26.13,9.46,11.935
1,1,1,25.44,6.92,10.195
3,1,4,44.16,6.03,26.838
1,1,1,7.69,0.41,0.834
1,1,1,18.25,0.26,0.756
2,1,1,56.36,1.53,6.908
1,2,5,44.36,1.0,3.004
1,1,2,14.59,4.7,3.757
1,1,1,28.08,4.67,5.352
2,2,1,65.86,9.95,27.901
3,2,2,41.88,9.25,37.886
2,3,1,24.3,1.52,9.489
2,1,2,20.32,9.26,10.189
1,3,1,60.38,8.43,8.673
1,2,1,39.24,7.26,10.465
1,2,3,51.27,4.88,5.566
1,1,2,16.39,9.35,11.208
1,1,1,26.74,2.01,3.893
2,1,1,14.81,0.71,3.679
1,2,4,20.97,7.77,4.557
1,2,3,33.53,4.89,8.692
1,1,3,30.1,4.74,7.604
1,1,3,66.4,3.92,2.501
1,3,1,74.89,9.96,11.552
1,1,1,16.01,4.19,4.881
1,2,1,33.55,2.32,3.286
1,3,1,4.29,4.44,5.681
2,1,3,10.17,5.98,8.558
2,2,1,9.8,0.55,6.267
2,2,2,5.81,3.81,9.487
2,1,1,21.84,3.46,11.072
3,1,3,15.66,5.83,14.764
1,3,3,4.51,6.05,5.661
2,1,3,15.41,4.09,8.116
1,1,1,65.31,7.92,12.131
1,1,4,40.87,7.03,5.364
1,2,4,30.15,9.47,8.417
1,1,2,32.65,7.05,6.736
2,1,2,38.43,8.92,10.494
1,1,1,23.86,3.23,2.948
2,1,3,10.52,9.29,16.22
2,2,4,9.03,7.34,9.479
1,3,1,45.53,3.25,4.856
1,1,1,17.86,5.94,6.577
1,2,1,42.81,9.35,11.157
1,2,5,42.08,7.49,9.219
3,2,2,15.23,6.69,27.614
2,2,5,35.5,8.4,12.445
2,1,2,22.79,2.59,3.183
1,2,1,29.48,9.96,7.904
2,2,2,4.42,0.22,5.597
2,2,1,18.64,9.36,14.329
1,1,2,21.76,5.04,4.102
1,1,2,33.73,9.61,9.114
1,1,2,22.95,1.34,2.435
1,1,1,18.72,8.93,15.955
2,1,2,18.55,6.41,6.495
2,1,4,28.24,9.45,8.569
1,1,1,30.43,0.2,1.608
3,1,4,27.3,6.08,16.634
1,3,2,12.85,7.25,9.217
1,2,2,7.5,7.07,8.478
3,1,1,54.76,9.48,40.133
3,2,1,57.13,1.89,36.067
2,1,3,2.54,5.21,7.751
1,1,4,11.22,6.9,6.883
3,2,2,14.09,4.49,36.08
2,1,1,47.95,3.06,12.916
2,2,3,26.39,4.86,8.37
1,1,4,43.54,5.94,7.261
1,1,2,23.73,8.28,9.154
2,1,1,34.82,3.31,8.171
2,1,2,9.98,4.58,8.122
1,2,4,47.38,2.08,4.294
1,1,1,38.61,6.1,5.857
2,1,1,19.91,5.8,6.024
1,1,3,17.8,5.88,5.387
1,2,2,40.87,1.47,2.436
1,2,1,34.27,5.61,9.812
1,3,2,40.93,7.71,11.006
2,2,4,61.6,2.19,17.143
1,3,4,39.89,2.11,2.812
1,1,1,15.37,7.39,10.009
3,2,4,12.49,8.62,27.491
2,1,2,5.44,7.89,8.883
1,1,1,26.81,3.62,3.346
1,2,1,28.7,4.35,2.456
2,3,5,28.04,5.24,8.873
1,2,1,9.03,4.26,7.648
1,1,1,23.84,0.28,1.18
1,2,2,21.26,3.34,4.854
1,1,3,27.7,8.05,11.54
2,2,1,26.63,2.63,7.073
1,1,3,35.97,7.88,8.799
1,1,3,37.18,8.5,8.449
1,1,3,30.39,6.98,8.801
1,3,3,10.4,5.73,5.76
1,1,1,20.69,5.69,10.007
2,1,4,26.67,3.74,8.979
1,1,2,18.74,5.32,4.061
1,1,2,58.88,3.02,8.46
1,1,1,16.99,6.8,7.898
2,2,2,33.45,5.14,11.737
1,1,1,25.74,7.0,9.068
3,1,2,15.53,7.85,27.172
2,1,1,41.55,6.23,7.033
1,1,2,25.35,1.65,2.904
2,2,1,42.47,5.36,11.878
1,1,2,14.03,7.26,13.112
3,2,2,18.22,5.48,18.327
3,1,1,27.43,0.16,16.487
1,1,4,23.01,3.81,3.569
2,1,2,28.19,7.24,11.065
1,2,3,25.32,1.09,1.954
1,1,2,29.58,5.88,5.744
2,2,3,14.03,1.53,4.12
3,3,4,42.09,7.1,21.844
1,1,2,17.56,5.63,7.517
2,1,5,5.03,9.49,12.221
2,1,1,42.58,0.19,4.374
1,1,3,5.78,3.45,3.414
2,1,2,44.47,3.86,6.291
2,2,1,17.03,5.86,9.45
2,2,2,28.83,9.49,13.498
3,2,1,4.26,7.7,38.349
1,1,4,30.01,7.94,9.008
1,1,3,13.17,2.38,2.464
1,2,2,24.55,2.02,2.223
1,1,1,20.41,4.14,7.032
1,2,5,17.85,3.11,3.36
2,2,4,54.53,7.56,10.156
1,1,3,17.65,4.68,5.402
2,1,1,13.29,7.65,9.997
1,2,2,38.61,1.21,3.627
1,2,1,5.68,8.93,8.622
2,1,3,39.64,5.15,5.997
2,1,1,15.11,9.91,13.093
1,1,1,56.26,4.9,5.71
3,2,1,21.34,2.45,27.595
1,1,2,38.64,1.74,2.167
1,3,2,4.62,6.37,7.955
1,3,3,32.36,7.99,12.186
2,3,4,31.4,9.2,8.764
1,1,1,30.0,1.78,2.352
2,1,1,33.34,1.98,7.024
1,3,1,12.03,4.54,6.722
1,2,3,42.89,2.46,5.384
2,1,4,24.85,8.1,7.302
1,3,1,27.54,3.33,4.01
1,2,1,42.03,4.23,6.488
1,2,4,32.05,0.19,0.803
1,3,2,26.42,0.58,1.422
1,3,2,12.01,5.86,4.476
1,2,1,21.26,8.59,7.605
1,1,1,19.84,4.54,3.402
1,2,1,15.64,8.91,8.459
1,2,2,16.89,0.54,0.827
1,2,3,6.08,8.94,11.603
1,1,1,64.64,5.9,7.761
2,2,2,17.41,3.46,8.492
2,2,1,9.03,1.09,5.499
1,3,1,1.11,2.44,2.128
1,3,1,5.86,8.29,9.821
1,1,1,47.75,9.85,7.752
1,2,5,47.43,0.81,1.604
1,2,1,40.06,1.65,3.939
2,2,1,34.53,3.75,6.452
2,1,3,25.73,9.78,12.797
1,2,1,14.24,1.4,2.579
3,2,1,3.5,9.38,78.037
1,1,1,24.24,3.1,3.28
2,3,1,20.41,4.74,5.39
2,3,1,12.49,3.03,6.261
1,3,2,20.25,7.13,5.119
1,3,2,46.56,0.84,2.955
1,1,1,38.49,8.45,14.784
3,3,3,35.96,5.0,22.378
1,3,1,31.01,1.28,2.61
2,2,2,27.61,2.7,8.92
1,1,1,8.56,1.17,1.747
1,1,1,11.31,5.7,4.726
2,1,2,51.7,9.28,16.979
1,2,1,69.5,2.53,5.43
1,2,1,17.0,9.28,19.003
3,2,2,36.42,2.61,32.688
1,2,3,24.16,1.7,3.011
3,1,2,21.32,8.63,24.418
3,1,1,25.2,5.48,19.727
1,2,1,29.73,3.56,5.133
1,1,2,55.34,7.0,7.451
1,3,1,29.29,4.64,3.985
2,3,1,16.01,0.77,6.591
3,1,2,11.28,6.67,18.094
2,2,4,18.76,6.82,13.232
3,3,3,13.86,5.04,20.996
1,3,1,29.48,5.63,7.271
1,2,3,22.64,0.33,1.354
1,3,1,38.17,2.81,5.887
2,2,3,12.53,2.02,8.895
1,1,2,24.11,8.16,8.921
1,2,2,80.62,1.95,6.95
1,2,1,35.07,7.65,9.338
1,3,3,43.63,5.8,7.407
1,1,2,24.19,3.95,7.653
1,1,2,35.22,7.47,7.71
2,2,2,9.97,4.55,12.313
2,3,1,26.24,7.36,13.767
1,2,2,22.68,8.26,9.225
2,1,1,84.6,2.83,13.794
1,3,1,21.96,8.25,9.741
2,2,2,13.41,4.92,10.839
1,3,2,7.46,7.22,8.665
1,3,1,14.11,9.64,10.927
1,1,1,10.01,2.06,2.942
1,3,2,19.72,6.91,9.869
1,1,5,40.59,9.66,13.828
2,3,2,7.58,1.08,5.56
2,1,3,23.5,4.1,10.645
1,2,2,64.66,2.18,3.812
1,1,1,52.2,6.91,5.54
2,1,1,10.86,0.45,3.827
1,3,1,18.07,9.58,8.888
1,1,4,45.77,2.02,3.958
1,1,1,24.85,7.6,4.11
1,3,1,8.66,9.77,9.466
1,1,2,20.72,4.07,2.955
1,2,3,14.08,6.03,7.275
1,3,2,9.28,8.57,7.229
2,1,1,14.73,2.3,5.698
2,1,4,19.02,6.83,13.287
2,2,1,10.85,9.08,14.666
1,2,1,33.61,1.58,4.018
3,1,3,29.91,5.89,26.462
2,2,4,33.61,9.07,17.627
1,1,5,21.17,9.96,6.701
1,1,2,28.58,5.62,9.249
2,1,4,35.28,4.99,6.978
1,3,1,24.25,2.32,3.79
2,1,4,9.6,3.89,6.283
2,1,3,23.25,7.44,8.269
3,3,1,8.83,5.9,21.4
3,1,1,8.24,8.41,40.004
2,3,3,19.14,3.86,5.6
3,3,2,16.16,6.57,25.259
3,1,5,3.95,2.05,15.521
1,1,4,44.01,0.93,1.294
2,1,3,30.33,1.35,6.39
1,1,1,18.82,7.89,9.921
1,1,3,60.38,9.87,17.958
1,1,3,10.77,9.92,15.675
1,1,2,43.38,8.32,9.175
1,3,1,35.24,9.02,5.288
1,1,3,36.53,6.83,4.146
1,1,1,4.26,4.57,5.4
2,1,1,22.53,8.59,10.148
2,1,1,30.78,1.23,4.584
3,2,1,28.57,1.81,42.657
1,2,2,53.57,4.37,3.485
1,1,1,49.43,6.84,6.956
2,2,2,40.99,7.42,8.232
1,1,4,10.21,6.02,4.283
3,3,2,14.05,5.79,29.727
2,1,2,24.47,4.37,8.233
1,2,1,63.7,4.56,3.687
1,1,2,54.03,2.74,4.468
1,1,2,45.31,7.38,3.42
1,2,4,34.76,0.65,1.276
1,1,4,8.66,9.96,13.751
2,2,2,12.63,3.37,6.394
2,2,1,51.49,4.82,15.558
1,1,3,21.98,5.23,6.627
1,3,5,9.06,2.84,2.88
1,1,5,43.33,5.88,5.464
1,3,5,39.95,9.42,7.377
2,1,1,10.82,2.33,6.865
2,1,3,52.03,9.95,10.853
2,1,1,23.31,4.96,7.072
1,2,1,13.67,0.13,1.052
1,2,2,35.32,2.17,7.33
2,2,1,21.55,5.38,17.56
2,1,1,70.97,2.94,12.135
2,1,1,64.29,6.38,13.986
1,2,1,57.4,8.38,17.031
2,3,1,4.03,1.98,5.325
1,1,2,7.74,9.72,8.221
1,3,1,30.56,3.04,5.542
2,2,2,30.67,8.75,25.108
1,2,2,53.07,4.9,5.317
2,2,1,13.07,2.33,8.991
1,1,3,17.92,2.35,3.334
1,1,1,9.53,1.24,1.98
1,2,4,31.14,8.78,11.01
2,3,5,28.08,2.93,5.314
2,2,4,58.41,4.16,4.5
1,1,2,49.01,1.08,1.891
1,1,3,11.03,1.58,2.5
1,1,1,13.27,3.32,4.501
1,2,4,12.87,6.37,6.457
2,1,1,52.47,7.33,17.579
1,1,2,21.53,2.04,2.671
1,2,2,34.02,8.89,11.382
1,1,3,17.04,3.63,3.584
1,1,3,24.28,7.43,7.206
2,2,1,23.76,1.28,8.173
2,1,1,22.35,5.43,9.041
1,1,3,28.22,8.77,8.573
3,1,5,33.76,5.24,13.325
1,1,1,18.73,4.64,3.009
2,3,3,50.16,5.22,6.847
2,2,2,7.88,3.25,8.213
1,1,1,24.9,1.67,2.297
2,1,1,10.38,5.97,10.055
1,1,3,49.56,6.23,10.526
2,3,1,33.55,0.93,5.197
1,2,4,18.38,4.78,4.117
1,2,1,33.6,1.4,4.269
2,1,2,40.81,7.63,13.056
1,3,1,18.17,6.48,6.406
1,3,3,48.59,8.85,5.571
1,1,1,3.27,7.44,13.282
1,1,1,38.14,6.67,6.982
2,1,2,16.07,6.31,10.188
2,2,2,30.73,5.13,8.571
3,1,2,26.71,8.5,17.816
1,1,1,24.14,4.45,7.13
1,2,1,25.3,5.64,6.129
1,2,1,16.17,7.98,8.012
1,1,1,32.41,8.33,9.204
2,1,1,12.95,4.85,8.224
1,1,1,23.96,8.57,12.21
1,1,2,33.96,5.62,6.089
2,3,1,43.45,4.11,11.931
1,2,2,18.99,9.63,9.056
1,3,3,36.99,7.02,5.939
2,2,3,20.28,3.44,6.485
1,2,2,25.26,3.49,3.791
2,1,1,5.53,9.28,17.879
2,1,2,41.99,3.38,6.118
1,3,1,17.97,5.69,5.73
1,2,2,19.19,2.82,4.691
1,3,4,13.69,6.91,8.82
2,2,2,6.22,5.38,8.348
1,1,4,28.41,4.27,4.477
2,1,1,23.59,7.54,5.793
1,1,1,40.61,2.19,3.552
1,2,1,55.98,8.56,13.26
1,3,1,20.49,0.78,1.964
1,3,1,43.97,1.5,4.974
1,2,4,29.71,5.58,7.325
1,1,2,17.31,4.79,5.508
3,1,4,18.22,4.46,15.765
1,1,4,47.53,9.83,8.648
2,3,3,37.36,2.73,12.563
1,2,4,13.01,6.4,10.88
2,2,1,27.43,5.85,10.679
1,3,4,31.46,2.44,2.232
2,1,2,9.04,5.69,8.722
1,3,2,12.63,9.92,10.568
1,2,2,42.16,1.79,3.251
1,1,4,11.86,1.87,2.416
1,2,4,5.33,2.85,2.503
1,1,1,14.71,5.45,5.783
1,2,1,17.51,4.77,6.196
3,1,1,2.94,7.66,18.832
1,1,3,65.08,9.2,15.984
1,2,1,26.32,7.08,7.175
2,1,2,17.38,5.63,8.084
2,1,1,42.55,1.27,9.598
1,3,4,43.36,2.18,1.768
1,1,3,4.86,7.56,7.899
1,2,2,67.6,6.09,5.706
1,2,1,18.7,0.24,1.609
1,1,3,27.63,6.31,7.774
2,3,1,26.4,4.35,9.129
2,1,2,18.33,8.35,9.043
1,1,4,31.55,4.02,3.495
1,1,2,63.07,5.09,5.049
1,2,4,33.99,6.25,5.396
1,1,2,42.61,6.27,8.12
1,1,2,10.88,9.51,8.879
2,2,4,55.72,4.74,11.792
1,2,3,32.78,8.26,7.984
3,1,4,11.94,8.08,24.479
1,1,3,10.38,7.98,10.58
1,1,1,3.05,0.55,1.178
1,1,1,10.47,4.63,5.882
2,2,3,4.15,7.44,14.669
1,1,4,3.36,4.53,4.95
1,1,3,11.75,5.67,5.226
1,1,1,24.76,9.43,12.042
2,2,2,16.81,6.66,11.627
3,2,2,18.24,8.81,23.236
1,1,2,41.03,5.48,5.476
1,2,2,12.98,1.04,2.753
1,2,5,63.84,6.84,8.509
1,1,2,31.69,5.17,3.578
3,1,1,9.47,6.78,19.388
1,1,2,11.12,7.0,6.878
2,3,1,63.9,6.9,10.435
3,1,2,29.27,7.91,16.118
2,1,4,20.24,9.13,6.852
1,2,2,12.05,6.79,7.582
2,2,4,24.45,4.91,9.954
1,3,3,8.24,6.12,4.124
1,1,2,21.91,6.41,11.577
3,1,2,23.56,2.61,13.269
1,2,2,18.32,5.57,7.234
1,2,1,15.14,8.35,10.718
1,3,1,45.06,1.77,1.891
1,2,3,21.44,1.59,2.384
2,1,1,1.18,7.6,13.192
2,1,1,30.06,9.72,9.839
2,3,2,14.17,5.82,13.141
1,2,5,25.57,3.13,1.886
1,1,1,47.18,7.43,8.307
1,1,3,3.96,8.27,9.824
1,2,2,8.35,1.4,2.184
2,1,1,11.55,4.4,9.26
2,2,1,23.49,7.72,11.969
2,2,1,30.85,6.01,13.011
2,1,2,42.18,8.68,16.288
1,3,2,51.05,2.24,2.226
2,3,2,4.04,9.46,14.559
2,1,1,14.14,5.9,8.08
3,1,1,16.8,2.77,22.114
1,3,1,21.07,7.21,6.458
2,1,4,48.68,7.53,14.649
1,3,1,42.46,3.77,1.727
2,1,2,19.32,5.05,6.207
3,2,3,52.36,6.13,78.546
3,2,1,49.49,9.5,62.113
1,1,1,31.14,6.02,5.111
1,2,2,25.89,2.3,2.566
2,1,4,12.47,9.92,10.694
2,1,4,31.75,8.73,10.706
3,1,1,25.75,3.22,19.089
1,1,1,29.65,1.5,3.098
2,1,1,42.58,8.47,24.423
2,1,1,18.02,1.47,4.677
1,1,5,23.79,3.67,4.368
1,1,1,17.13,9.6,9.453
2,1,1,17.62,1.74,4.017
1,3,1,17.3,6.49,8.727
2,1,4,16.16,3.64,5.928
1,2,2,17.75,6.55,10.299
1,1,1,63.37,4.23,4.256
1,1,1,28.47,9.13,9.766
3,1,1,28.66,8.79,17.746
2,1,1,75.85,2.26,10.357
2,2,4,29.24,9.87,15.457
2,2,2,31.22,6.64,10.577
1,1,2,21.28,4.53,5.25
3,1,2,23.83,1.47,17.715
1,3,2,3.01,6.33,4.858
1,1,3,8.79,4.79,3.967
1,2,1,13.34,8.58,9.482
1,2,2,64.5,6.04,6.65
2,1,2,26.7,4.51,10.145
1,1,1,6.66,8.73,10.273
2,1,1,22.25,1.34,5.023
3,2,4,11.24,3.35,25.382
1,3,4,19.01,4.65,6.19
1,1,1,25.14,3.73,3.726
2,3,1,25.07,4.8,10.945
1,1,2,43.06,4.29,8.644
2,1,3,5.17,4.22,7.917
1,2,2,18.67,6.76,7.222
1,3,4,21.96,5.58,3.758
1,1,4,21.15,2.01,1.727
1,2,1,55.33,7.86,10.345
1,1,1,19.85,8.84,7.628
1,3,1,35.62,0.87,1.328
1,3,4,53.02,9.92,14.077
2,2,2,9.05,7.76,16.766
1,2,4,25.82,4.46,4.001
1,2,3,16.94,7.9,12.789
1,3,3,25.27,2.81,3.014
1,2,1,61.14,2.17,4.664
1,1,1,76.59,0.81,1.246
2,3,4,15.25,7.39,12.531
1,2,2,35.36,7.25,5.363
2,2,5,12.96,1.34,3.179
1,2,1,36.97,3.38,5.089
1,1,2,9.91,7.24,5.455
1,1,2,22.75,2.64,3.125
2,1,1,15.28,4.95,5.96
3,3,2,23.82,0.74,25.846
1,2,4,25.35,3.01,4.753
3,3,2,2.96,2.08,16.777
1,1,2,40.7,9.77,12.867
1,3,3,46.16,7.48,6.582
2,1,3,40.42,5.75,11.491
1,1,3,10.65,1.41,1.965
1,3,2,28.38,5.7,9.187
1,2,2,30.89,6.98,6.814
2,3,2,25.3,1.2,5.149
1,2,5,71.23,6.38,9.118
2,1,4,45.48,7.63,17.262
1,1,2,23.18,5.41,6.138
3,3,1,20.56,5.05,20.653
1,1,4,10.88,3.3,2.505
2,2,1,44.88,3.85,10.986
1,1,1,24.99,7.86,8.506
1,1,2,18.21,2.8,2.017
1,3,2,37.68,7.87,8.854
2,3,1,31.75,2.94,9.794
1,1,1,40.47,7.95,5.771
1,1,3,26.84,7.26,6.508
3,1,2,24.02,9.47,13.433
1,1,1,2.89,3.47,3.692
1,3,1,25.06,0.75,1.401
1,1,3,48.62,2.98,4.878
1,1,1,13.14,2.23,2.782
1,2,1,48.93,2.31,4.731
2,2,5,14.74,7.06,12.437
1,1,2,41.4,0.26,2.002
1,3,2,20.03,4.1,5.041
2,1,2,4.98,1.84,3.831
1,1,2,16.98,9.56,8.086
1,3,2,33.74,0.24,1.258
3,1,2,50.33,8.91,35.808
1,3,3,40.63,6.73,8.238
1,2,1,15.46,6.96,6.891
2,3,2,11.53,0.84,6.417
2,1,1,48.2,6.73,11.234
2,1,3,47.01,4.19,5.863
2,3,3,22.33,6.17,13.527
1,3,3,39.36,2.43,5.667
1,3,2,12.21,2.62,4.906
2,1,2,48.08,2.03,4.172
2,2,3,41.7,5.47,19.944
2,1,1,41.07,2.87,6.14
1,1,5,53.56,1.6,1.718
2,2,1,25.43,4.95,12.4
1,2,2,12.98,9.35,9.666
1,2,3,3.76,8.89,8.629
1,1,3,42.7,9.71,9.017
1,3,2,34.01,6.18,7.34
2,3,2,49.22,4.66,8.984
1,1,2,14.83,7.32,9.435
2,3,2,25.06,4.85,8.525
1,3,2,37.02,7.48,6.535
1,1,3,18.84,3.71,3.134
1,2,1,30.31,9.13,11.76
1,3,2,6.79,0.28,1.057
2,2,1,47.03,6.46,17.07
1,1,3,4.83,5.68,6.284
1,2,1,36.86,9.9,12.887
1,2,2,57.21,3.62,4.253
1,2,1,44.98,0.92,2.415
1,1,1,59.37,0.9,3.65
3,1,2,24.52,7.28,23.935
1,3,2,1.35,0.4,1.429
1,1,2,19.38,7.25,5.661
2,3,5,20.98,6.1,7.474
2,1,1,58.08,3.09,6.726
1,3,1,36.1,1.99,2.135
2,1,2,18.82,7.14,10.001
3,3,3,13.11,9.72,22.923
1,3,1,38.72,9.19,9.671
1,1,1,40.29,8.21,9.283
2,1,3,33.28,1.01,3.556
2,3,2,20.84,3.63,8.502
3,2,4,9.4,9.31,34.132
1,2,1,43.84,8.14,5.525
3,1,1,41.3,3.32,20.921
1,3,2,11.06,5.12,7.073
2,2,1,19.89,2.72,7.45
2,1,2,63.36,6.68,21.517
1,1,1,25.97,6.9,11.658
1,1,2,7.71,9.52,8.086
1,3,4,41.39,0.22,0.839
2,3,4,6.55,2.68,5.895
1,1,1,4.86,4.71,7.506
2,1,1,27.2,6.62,11.625
1,1,4,51.56,8.07,9.625
1,1,2,25.54,1.05,1.794
1,3,2,42.92,5.28,7.26
3,2,3,20.22,8.07,31.09
1,1,1,7.19,1.35,2.018
1,1,2,58.63,4.38,5.087
1,1,4,55.92,3.0,3.671
3,2,2,23.68,2.79,28.117
2,1,3,16.76,2.86,7.656
1,1,4,27.07,1.05,1.839
1,3,1,22.68,1.3,2.214
1,2,4,33.22,9.28,17.67
1,3,1,57.01,7.82,4.959
2,1,4,58.4,1.78,4.908
1,1,1,20.1,5.42,6.171
1,3,1,17.35,7.65,8.384
2,3,3,37.86,3.13,8.561
1,2,4,8.37,0.8,1.81
1,2,3,40.18,4.82,6.681
1,1,3,21.21,8.73,6.977
1,2,5,70.03,2.95,6.24
2,1,2,1.09,5.68,7.648
1,1,4,43.89,1.63,2.211
1,2,1,32.83,1.64,3.435
1,1,1,28.07,7.53,4.419
2,1,1,36.61,2.51,6.05
1,1,4,22.26,3.47,2.327
1,1,1,51.54,9.03,9.497
1,3,1,15.56,6.49,4.548
1,3,1,33.48,4.93,8.213
1,1,1,27.05,5.18,5.091
1,1,2,71.26,2.38,2.83
2,3,1,54.28,4.74,24.061
1,1,4,42.51,7.27,7.342
2,2,4,57.05,5.74,16.352
1,1,2,2.35,7.15,6.077
1,2,1,15.59,7.44,6.712
1,1,4,14.66,3.2,3.493
1,2,2,24.37,6.54,6.415
2,2,1,41.3,5.54,10.973
2,1,1,60.71,3.55,8.958
2,1,1,8.77,3.71,5.844
1,2,2,10.87,9.78,7.438
2,3,2,17.8,8.25,13.213
1,1,3,29.45,6.79,7.087
1,1,2,23.57,6.78,6.315
1,2,1,2.21,9.52,14.981
1,1,2,37.23,1.36,2.531
2,3,3,8.31,2.17,4.869
2,3,1,11.4,8.27,11.657
1,1,1,5.95,8.0,5.227
1,2,3,58.03,8.88,7.39
2,2,2,44.28,8.61,17.032
3,1,1,22.34,1.57,26.567
2,2,2,43.1,1.71,6.926
1,1,2,35.91,2.71,3.034
1,1,1,41.02,3.28,4.096
2,2,3,24.74,1.63,6.869
1,2,2,35.99,3.97,3.739
3,2,1,55.86,7.32,35.572
3,1,4,14.31,6.4,30.409
3,2,2,33.5,8.04,23.752
1,1,5,11.81,0.69,1.399
2,2,1,10.84,0.18,6.632
2,1,2,36.75,9.17,12.347
1,2,2,20.68,3.5,4.886
1,1,4,35.73,1.93,4.002
1,1,3,24.28,2.17,2.759
1,1,2,9.21,4.22,5.357
3,2,3,59.3,6.92,82.28
2,1,1,12.35,4.11,9.254
1,1,3,25.09,6.49,4.481
1,1,2,47.87,0.61,0.849
1,2,1,24.48,6.69,8.428
1,3,1,31.5,3.45,3.528
1,3,1,32.44,3.81,5.043
2,3,1,20.52,6.34,11.753
2,3,1,40.97,4.91,17.716
2,1,1,36.88,7.72,10.583
2,1,2,31.28,4.72,7.614
1,1,2,37.01,7.94,6.17
2,1,1,5.65,3.8,6.879
1,3,2,11.0,9.45,7.863
1,3,1,18.59,1.15,2.299
1,2,2,37.14,0.92,1.947
1,3,4,38.83,9.46,9.193
1,2,3,64.94,8.37,13.44
1,1,2,17.7,7.69,8.224
1,1,2,26.3,6.33,8.586
3,3,1,18.58,3.65,20.901
1,2,2,4.87,1.83,3.365
1,1,1,18.71,6.91,5.776
3,1,2,31.2,9.89,32.864
1,2,5,23.77,4.14,4.012
1,3,3,2.55,8.49,7.212
3,2,2,8.12,8.81,34.866
1,3,3,61.97,4.28,9.745
1,1,3,22.46,4.45,4.98
1,3,2,64.83,2.64,4.171
1,2,4,33.88,0.49,0.95
2,2,2,38.68,7.04,29.402
1,3,3,32.97,8.91,6.812
2,3,1,49.99,0.96,8.083
2,1,2,26.48,2.43,6.069
3,3,1,30.66,9.12,31.22
1,2,1,57.12,5.13,8.594
1,1,2,29.33,0.49,1.427
3,2,4,52.17,4.31,17.94
2,1,3,6.63,7.58,14.445
1,2,1,20.89,3.5,3.876
1,1,1,43.32,6.53,6.473
2,1,1,11.12,4.32,6.337
1,1,1,12.44,1.48,1.638
1,2,1,39.78,4.29,8.472
2,1,1,30.08,0.65,4.025
1,2,1,30.33,0.97,2.929
1,2,1,29.31,6.35,9.785
2,1,1,11.83,8.26,16.28
2,1,4,3.59,0.37,1.903
1,1,5,48.79,4.15,3.86
2,3,3,17.09,3.69,7.875
1,3,1,20.78,3.23,5.323
1,1,1,27.57,1.89,2.023
3,1,2,44.08,8.95,19.914
1,2,3,1.54,5.22,6.981
1,1,2,41.78,6.52,7.402
2,1,3,35.88,0.51,2.923
1,1,2,6.78,7.06,5.557
1,2,5,8.01,0.88,1.199
2,1,3,47.6,7.39,13.338
1,3,1,31.42,6.54,10.208
2,1,1,5.36,1.1,5.436
1,1,2,9.23,1.57,1.727
1,3,1,25.25,5.53,8.619
2,1,2,41.41,6.08,14.609
1,1,2,20.49,2.5,3.411
2,1,2,47.87,2.59,7.123
3,2,4,42.18,9.89,41.568
2,2,1,41.71,6.35,8.814
1,2,4,11.08,3.78,3.037
1,1,1,22.77,0.86,1.52
2,1,4,5.56,5.93,7.817
1,1,1,59.76,6.55,2.751
2,1,2,23.93,6.86,10.532
2,1,4,45.95,2.18,7.059
1,2,1,15.33,3.72,6.783
1,2,3,45.33,4.64,6.543
2,2,2,19.38,2.22,6.714
1,2,2,22.92,6.82,10.815
1,2,2,14.86,3.57,6.13
1,1,1,44.23,3.09,4.224
2,2,2,42.68,5.8,15.908
1,1,1,26.08,1.92,3.194
1,2,3,19.42,7.57,14.37
2,1,2,37.47,8.2,4.464
2,2,1,38.18,8.33,20.267
3,3,1,32.62,2.44,25.004
1,1,2,34.63,2.24,2.989
2,1,1,52.33,0.79,7.768
2,3,2,64.34,0.63,8.133
2,1,5,5.45,4.8,6.934
1,1,1,11.55,9.16,9.389
1,1,2,53.99,6.1,8.419
1,1,4,27.69,6.67,7.988
1,2,4,21.73,0.41,0.96
1,3,1,24.64,3.4,4.906
3,2,3,3.94,8.19,34.872
1,2,1,17.09,5.12,6.751
3,2,3,17.57,4.14,35.666
1,3,1,15.35,3.4,4.161
2,1,1,13.3,0.93,3.38
1,2,2,23.32,0.93,2.116
2,1,1,40.45,3.91,8.075
1,1,2,30.54,3.58,2.855
3,2,1,27.49,3.8,42.528
1,2,5,46.37,8.49,17.665
1,3,2,17.95,9.69,10.349
3,1,2,11.85,2.51,14.323
1,1,1,17.76,3.7,2.623
2,1,5,22.55,2.47,4.807
1,1,2,40.74,4.27,6.701
1,1,1,13.18,4.33,4.62
1,2,2,11.16,9.58,10.3
1,2,1,31.07,1.31,1.649
1,1,1,31.1,2.72,3.736
1,1,1,63.12,1.88,2.09
2,1,2,9.59,9.17,13.716
3,2,1,37.7,7.65,44.786
1,1,3,17.21,5.64,5.85
1,1,1,48.98,0.53,2.193
1,1,1,48.87,9.2,7.061
2,1,1,71.85,5.98,26.833
1,1,2,41.06,9.81,12.173
2,3,1,49.22,6.95,13.251
1,1,1,37.85,9.23,8.541
2,1,1,22.2,2.1,7.083
2,1,5,38.79,9.46,10.193
1,1,1,10.42,3.99,6.11
1,3,1,3.22,2.19,4.033
1,2,2,35.11,4.22,4.308
1,1,2,43.45,7.18,9.284
1,2,1,51.38,5.0,4.208
2,1,4,32.81,0.46,4.037
1,1,2,31.53,1.54,2.472
1,1,2,44.49,6.01,6.482
1,3,2,22.94,4.35,3.143
1,2,3,35.95,2.61,4.435
3,1,1,2.13,0.49,16.08
1,2,4,4.18,1.08,1.467
1,1,1,27.74,5.54,6.749
1,1,2,21.75,5.2,8.374
3,1,1,20.7,4.31,30.707
2,1,2,23.46,3.16,5.887
1,1,3,62.69,1.29,1.479
2,3,2,49.48,7.22,17.908
2,1,1,62.69,5.78,7.366
2,1,3,73.68,0.12,4.239
1,1,4,16.21,9.33,11.653
2,1,1,20.98,0.22,4.994
1,1,1,17.71,9.16,11.603
1,1,2,13.53,7.53,7.722
1,1,3,37.01,6.59,8.782
1,1,1,50.62,7.0,11.725
1,1,1,18.09,5.78,7.342
1,2,2,22.75,9.79,6.384
2,3,3,27.55,1.27,4.19
2,1,1,22.93,6.58,12.925
1,2,2,19.74,3.07,3.535
1,2,3,13.51,9.42,12.916
2,2,1,13.58,3.49,10.489
1,2,1,12.38,1.19,2.591
1,2,1,9.06,6.96,10.721
2,3,3,47.0,9.47,13.233
1,1,2,49.17,5.14,7.676
1,1,3,49.37,1.64,2.285
2,2,2,16.69,2.22,8.351
2,3,1,36.2,9.82,19.888
1,1,2,59.93,5.15,4.632
2,3,1,56.1,1.66,9.641
3,2,2,9.38,9.96,27.725
1,2,5,10.0,5.02,5.21
2,3,2,44.72,4.98,8.893
1,2,2,51.22,3.86,4.397
1,2,1,41.01,5.08,8.798
1,2,2,33.5,9.06,10.362
1,1,3,34.83,8.7,19.597
1,3,3,56.36,4.15,5.396
2,3,5,2.69,4.96,6.459
1,2,5,33.26,4.03,6.044
2,1,2,27.08,5.36,9.827
1,1,4,55.37,5.63,8.951
2,1,3,27.14,1.45,3.78
1,1,2,42.53,9.93,9.657
1,2,1,24.86,8.41,10.421
2,3,5,11.61,3.82,5.954
2,2,5,24.91,3.06,8.858
1,1,2,11.48,2.44,2.335
1,3,1,65.53,2.64,6.086
1,3,1,30.17,3.1,7.127
1,2,1,15.67,7.8,11.174
1,1,3,18.01,3.18,4.701
2,2,2,11.97,1.12,6.492
1,1,2,15.99,6.98,5.806
1,1,1,51.03,8.64,4.848
2,2,2,12.35,2.86,9.089
3,2,3,73.93,7.78,57.873
1,1,4,4.26,3.32,2.895
1,3,2,65.01,4.43,11.081
1,3,1,16.7,3.98,4.358
2,2,1,15.67,2.8,9.112
1,1,4,49.01,0.66,1.376
1,1,4,15.26,7.9,10.0
1,2,1,23.0,7.67,10.187
2,3,1,15.39,2.31,5.307
1,2,2,43.88,6.82,5.255
2,1,3,15.65,1.59,4.099
1,1,3,24.81,0.33,0.8
1,1,1,6.22,4.47,6.041
1,2,5,16.82,6.48,6.006
1,1,2,5.71,2.91,3.701
1,1,2,28.17,7.81,10.99
1,2,1,42.68,4.23,3.791
1,3,1,19.45,7.2,8.957
1,1,1,56.7,8.62,10.304
1,1,1,26.54,2.77,3.035
1,2,4,13.97,3.16,2.692
1,3,3,29.09,7.4,4.325
1,1,5,12.89,4.12,4.137
2,1,2,19.82,7.95,11.556
3,2,1,26.0,4.03,39.181
2,1,2,25.11,0.33,3.008
1,3,2,8.06,2.47,4.194
3,2,4,5.66,0.3,23.55
3,1,2,44.04,3.96,20.203
1,3,1,25.3,9.3,9.66
1,2,3,26.67,4.57,5.359
2,1,3,1.7,5.37,8.086
3,1,2,9.07,9.84,26.239
2,2,1,39.1,0.88,13.687
2,3,2,35.46,4.02,6.379
2,1,3,27.24,0.68,3.127
3,1,1,15.01,1.15,18.037
1,3,3,12.15,3.8,3.644
1,1,1,18.98,7.32,7.074
2,1,1,7.12,0.82,6.155
1,1,1,5.1,0.41,1.344
1,2,1,8.78,5.77,7.657
1,2,1,46.54,5.47,6.858
1,1,3,75.78,7.06,5.891
1,1,2,33.29,0.41,1.371
1,2,1,42.43,5.31,9.021
1,2,3,33.53,5.88,5.646
1,1,2,40.02,8.69,11.21
1,1,2,7.9,2.42,2.146
3,2,3,32.64,6.03,40.754
1,1,1,15.14,6.06,5.184
3,1,2,28.98,0.78,21.331
1,3,1,12.09,8.39,11.379
1,3,1,24.13,7.8,13.908
2,1,1,8.87,8.08,13.609
2,3,4,29.96,0.24,5.768
1,2,1,24.06,0.78,1.644
2,3,3,14.22,0.39,2.85
2,3,3,18.04,7.58,11.456
1,2,1,14.97,4.58,4.12
1,1,1,39.09,3.44,9.307
1,1,1,33.17,6.13,10.12
1,2,1,12.33,0.65,1.557
2,1,4,17.25,7.28,7.356
1,2,1,31.93,8.93,10.278
2,1,2,26.66,3.74,6.876
2,3,1,9.66,6.42,7.531
3,3,2,10.75,1.08,19.755
1,1,1,48.0,6.3,7.845
1,2,1,35.5,5.71,12.766
1,3,1,44.64,7.04,9.296
2,2,4,34.88,5.65,14.03
1,3,2,23.63,7.76,10.069
2,2,1,76.23,1.16,19.633
1,1,3,40.86,9.78,8.538
1,1,3,46.34,3.07,2.733
2,1,2,34.91,6.48,11.033
2,1,5,31.59,2.43,4.01
1,2,1,31.07,5.94,5.616
2,2,3,21.67,6.19,11.567
1,1,3,31.97,6.89,5.561
2,1,2,6.06,6.15,12.493
1,1,2,27.24,4.95,4.852
1,1,1,22.78,4.34,2.538
1,2,1,32.81,6.85,11.01
1,1,2,17.68,6.67,10.872
2,3,4,30.29,3.76,6.632
1,3,1,35.14,7.17,8.132
1,2,2,74.05,6.01,7.254
1,2,1,41.54,7.35,15.881
1,3,1,48.65,6.67,7.599
2,1,1,50.15,4.69,6.563
1,1,5,21.99,7.13,6.358
2,1,1,32.11,7.63,14.528
2,1,1,19.44,9.86,17.672
1,1,1,43.64,6.11,9.103
2,2,2,13.51,6.36,10.651
1,1,2,46.49,2.17,3.356
1,1,1,37.1,5.69,4.429
1,1,1,16.03,7.08,7.223
1,1,1,61.64,4.4,4.212
1,2,1,42.92,6.5,16.814
1,1,3,20.51,1.38,1.657
2,1,3,29.07,3.11,7.328
1,1,1,41.27,7.19,12.046
3,2,2,25.13,9.29,46.595
1,1,1,45.71,5.13,5.01
2,2,1,73.26,1.23,34.817
1,3,2,23.4,3.95,4.154
1,1,3,2.21,9.98,9.97
1,1,1,18.26,2.5,4.972
3,2,1,27.79,8.03,45.885
3,1,1,14.7,5.76,22.214
1,3,1,34.89,9.3,10.613
2,2,2,35.56,5.49,7.023
2,1,3,22.7,8.12,6.708
1,1,1,38.74,6.24,8.365
1,2,3,16.58,1.37,2.152
2,2,5,15.5,5.26,6.949
2,1,1,58.16,4.95,12.692
1,2,2,51.17,8.48,6.851
1,1,1,16.42,9.43,10.16
1,3,2,7.89,7.15,6.828
3,3,4,16.88,4.27,21.962
1,1,4,37.12,2.54,2.819
1,1,2,39.03,3.03,5.089
1,1,3,18.49,2.12,2.386
2,3,2,64.46,1.63,6.426
2,1,3,39.83,0.95,4.249
1,1,4,52.22,5.85,9.16
1,2,3,12.28,9.93,8.531
2,1,1,39.94,6.66,7.892
1,1,1,38.62,9.47,7.995
1,2,3,21.97,5.1,9.294
3,2,1,22.79,6.55,30.679
1,2,2,21.93,1.98,4.173
1,1,2,1.48,0.21,0.754
1,2,3,39.95,1.02,1.861
2,2,3,13.41,3.68,9.763
2,1,1,29.92,9.76,13.267
1,3,2,16.11,4.05,6.27
2,1,3,34.97,0.74,3.074
3,1,1,48.7,2.06,27.409
2,3,2,27.58,5.14,6.889
1,1,2,14.66,6.18,4.69
1,3,1,34.87,9.06,8.585
2,1,1,44.31,8.09,11.712
1,1,1,36.25,4.13,4.403
1,1,3,7.39,7.01,5.624
1,1,1,26.76,4.36,4.672
2,3,2,9.85,5.98,9.044
1,3,2,17.31,7.29,11.656
1,2,1,54.67,1.35,3.906
2,1,2,28.66,3.24,3.96
1,1,1,9.91,3.56,3.625
1,1,1,17.78,3.3,4.572
1,1,1,27.32,8.47,8.027
1,1,2,5.59,9.83,8.791
3,1,2,41.06,3.06,15.038
1,1,1,24.7,0.38,1.107
2,2,1,44.1,7.57,27.326
1,1,1,18.13,4.35,4.005
1,1,1,43.82,5.19,8.726
1,1,1,45.58,4.58,6.295
1,2,1,47.32,1.26,2.478
1,2,2,26.85,7.68,10.069
1,1,4,71.67,9.0,5.562
3,3,1,13.16,5.16,30.153
1,2,3,24.74,5.11,5.804
3,1,1,32.46,2.01,19.984
1,1,1,64.64,8.79,10.233
1,3,2,43.73,6.97,10.67
1,1,1,24.32,7.28,6.428
1,1,2,30.52,4.4,2.714
1,2,1,24.74,9.46,5.703
1,1,3,24.87,8.45,8.151
1,2,2,4.47,2.21,5.206
2,2,3,2.32,6.87,10.488
1,3,1,52.5,6.64,12.904
3,2,1,59.9,7.82,46.113
1,2,3,10.74,1.65,3.039
1,1,2,9.51,5.41,5.212
1,3,2,20.15,4.9,4.033
1,1,2,17.39,1.52,2.123
2,1,2,48.53,7.77,12.922
2,3,2,61.64,0.4,8.103
1,3,1,35.45,0.9,2.639
1,2,4,23.45,7.16,9.191
2,1,3,21.12,9.19,16.439
1,1,1,62.45,0.85,3.316
1,2,1,23.45,5.47,6.675
1,1,3,36.01,6.15,4.005
1,1,2,46.64,4.5,4.629
1,1,4,67.46,4.82,6.858
1,3,2,20.34,4.58,5.541
2,3,1,10.28,8.37,18.681
1,3,1,12.73,9.11,13.564
3,2,2,20.33,0.83,31.751
2,1,2,46.23,1.16,5.752
1,1,4,5.4,4.66,4.77
1,1,3,8.55,6.53,8.304
1,1,4,30.61,6.5,6.915
2,2,3,42.09,8.31,10.213
1,1,2,46.7,9.01,14.211
3,3,2,12.97,4.81,14.711
1,1,2,32.35,8.28,7.357
2,1,2,16.91,4.86,7.098
1,2,3,8.9,9.81,8.682
1,2,1,29.61,4.06,4.191
2,1,4,6.81,3.11,5.443
2,2,2,39.13,7.65,12.398
1,2,2,31.45,1.32,2.896
1,1,1,27.26,8.78,9.733
1,1,1,8.63,8.05,8.839
2,3,2,58.83,7.76,17.889
1,1,1,8.73,3.73,3.54
1,1,1,25.13,5.79,3.839
2,1,1,48.85,9.75,18.468
1,2,1,25.27,1.43,2.58
1,3,4,10.9,3.1,4.078
2,1,2,11.37,8.78,6.33
2,3,2,37.09,6.81,9.653
2,3,5,36.5,1.24,3.851
1,1,1,30.13,6.1,7.124
1,2,5,40.95,2.66,4.763
2,3,4,26.67,8.95,10.138
1,3,2,20.29,6.98,4.581
1,2,2,24.58,5.2,4.941
1,1,3,25.95,4.53,4.634
1,1,1,23.98,6.43,7.929
3,1,1,13.21,9.41,27.435
1,2,1,56.56,2.23,2.847
1,1,1,11.46,4.71,6.738
3,2,1,11.49,4.46,23.122
3,2,4,5.96,9.71,48.03
1,1,1,40.24,2.44,3.078
2,3,2,17.11,2.93,5.099
1,1,1,48.89,9.82,9.317
2,1,1,42.37,5.88,7.558
1,3,3,32.18,8.57,7.183
1,1,3,23.54,9.3,11.878
1,1,2,26.04,1.37,2.642
2,3,2,27.42,9.03,11.962
1,3,3,23.86,8.15,8.399
1,3,1,18.73,0.29,0.862
2,1,2,37.71,6.01,13.138
1,1,1,18.53,5.56,5.46
2,1,1,28.3,2.34,7.794
1,1,4,46.11,4.68,5.606
1,3,3,59.33,2.48,3.048
1,1,2,23.66,8.47,6.808
1,2,1,26.17,0.5,2.815
1,1,3,25.82,7.74,9.463
1,2,4,46.85,2.38,3.439
2,1,4,14.98,7.72,12.719
1,1,3,15.5,8.8,9.736
1,1,2,52.68,8.99,8.691
2,3,1,33.21,4.09,5.979
1,2,1,37.37,1.11,1.753
2,2,1,19.94,8.2,17.62
2,1,2,21.22,3.1,5.286
1,2,4,18.86,9.12,7.816
2,2,4,12.67,2.0,6.919
3,1,1,16.75,3.07,17.567
1,2,1,20.15,5.9,6.317
3,3,1,55.35,5.34,24.458
1,3,2,14.48,6.28,5.304
1,3,3,34.61,7.22,7.964
1,1,3,42.27,4.92,5.397
1,1,4,31.8,9.24,8.709
3,1,2,19.9,6.6,31.042
1,1,2,25.78,0.65,1.271
3,1,5,12.9,9.44,19.43
2,1,2,9.12,1.0,2.921
3,2,1,20.16,9.42,37.104
3,2,1,4.39,0.51,27.05
1,2,1,30.4,4.61,5.073
3,3,1,32.63,5.06,52.077
2,1,2,3.1,3.57,6.147
1,1,3,50.78,2.33,3.35
2,2,1,32.78,3.55,12.214
1,2,1,27.94,3.82,4.887
1,1,1,42.97,2.41,3.24
1,3,3,39.86,4.26,6.437
1,1,1,25.69,6.32,4.878
1,2,1,26.0,3.01,6.448
1,3,2,36.68,9.14,11.143
2,1,2,2.79,8.45,15.378
2,2,1,18.54,9.22,17.913
2,1,3,31.45,2.11,3.047
3,1,2,31.16,9.14,19.622
2,1,2,28.48,3.49,6.004
2,2,2,39.61,3.53,6.529
1,2,1,46.05,4.1,5.404
3,3,1,27.54,5.75,20.494
1,2,2,27.38,0.86,1.838
1,1,1,44.85,9.5,7.853
1,3,1,46.34,0.79,1.869
1,1,1,7.15,1.02,2.154
2,2,2,9.12,5.7,9.162
1,1,3,12.98,2.78,3.432
2,2,2,10.48,4.3,7.718
1,3,4,18.05,4.98,6.285
1,1,2,41.86,4.24,4.062
1,2,2,23.37,0.27,1.533
1,2,1,14.28,0.7,1.195
2,1,1,38.32,4.19,5.552
1,1,1,16.04,6.42,7.939
1,2,1,3.5,7.1,10.684
1,1,3,11.86,4.94,6.763
2,1,1,27.02,4.31,8.374
3,2,1,61.56,5.12,45.819
2,2,3,63.74,9.69,11.696
1,1,1,29.64,4.77,5.228
3,3,4,42.47,8.59,18.873
1,3,3,34.64,9.67,9.041
1,3,1,49.2,3.05,4.937
1,2,1,4.45,3.65,4.212
1,1,5,35.09,7.44,6.85
1,1,3,15.8,7.1,7.171
1,3,4,10.58,2.38,3.221
1,3,1,23.49,6.29,6.544
1,2,2,15.72,4.9,7.9
1,2,1,20.76,9.11,12.478
1,1,1,35.24,9.89,15.049
2,2,1,15.97,1.54,8.219
2,1,3,42.07,1.94,8.439
1,2,2,72.55,3.67,6.471
1,2,3,64.66,8.55,12.307
1,2,1,31.06,9.94,7.144
1,1,5,29.64,6.61,7.716
1,2,1,44.94,8.72,12.429
1,1,5,41.8,3.98,4.995
2,1,2,14.95,2.87,7.079
2,1,1,11.34,1.47,5.099
2,1,3,14.8,1.58,4.015
2,1,2,33.15,4.01,10.673
2,1,1,28.21,1.15,3.557
2,1,1,31.82,1.99,7.135
2,1,5,29.05,9.12,10.929
2,1,5,3.55,7.38,9.905
2,2,2,55.59,2.28,9.135
2,1,1,21.63,1.03,5.195
1,1,1,46.26,3.72,3.385
1,1,1,29.5,1.28,1.8
1,1,2,49.59,0.35,1.318
1,2,2,51.43,8.17,7.445
1,3,1,31.59,9.45,13.951
1,1,3,16.23,5.1,7.155
1,1,5,56.04,8.55,7.418
1,1,1,59.23,4.22,6.83
3,1,2,33.2,9.58,22.218
1,3,2,9.61,7.88,12.082
1,2,1,21.51,8.39,5.449
1,2,2,20.16,2.06,3.832
1,3,1,23.49,6.75,9.526
2,2,1,28.45,9.96,13.795
2,1,3,23.04,9.1,13.062
1,2,1,9.91,9.5,9.271
1,2,3,46.04,9.82,9.022
1,1,1,1.64,4.1,5.808
2,2,2,13.72,1.97,10.254
3,1,2,33.1,2.59,14.791
3,1,3,57.74,5.48,37.837
1,2,1,61.63,7.62,13.627
2,1,2,19.48,3.74,4.611
2,1,4,22.98,2.2,3.789
2,1,1,46.08,0.24,3.608
1,2,1,42.57,3.28,4.992
1,3,1,4.07,2.35,2.734
1,2,5,29.67,9.39,10.112
1,2,1,32.61,9.11,13.557
2,1,1,9.09,2.94,6.92
1,2,5,28.79,3.63,3.632
1,1,1,34.01,2.78,4.615
2,1,1,25.89,3.48,9.021
1,2,2,19.84,4.0,6.485
3,1,1,26.4,2.32,24.647
2,3,2,17.39,0.59,3.351
2,1,1,57.8,7.8,17.928
2,2,2,15.99,2.12,6.884
1,1,2,46.45,8.53,8.368
1,2,1,9.55,9.38,10.533
3,2,2,25.95,5.69,33.524
1,1,4,26.85,5.5,3.666
1,3,1,28.01,2.12,3.498
2,2,5,12.87,4.41,7.811
1,1,5,25.48,4.58,5.225
1,2,1,35.05,8.1,6.276
1,1,2,43.33,3.61,3.398
1,2,3,10.3,3.33,3.873
2,1,3,32.78,9.86,14.175
1,3,3,28.75,5.5,7.812
1,1,1,19.71,7.36,6.769
1,2,4,32.04,6.46,9.179
2,3,1,12.25,6.27,9.095
1,3,2,6.07,5.38,5.528
1,2,4,51.35,2.19,3.22
2,2,1,62.22,2.72,11.586
1,2,2,29.77,8.87,10.974
2,1,2,56.53,6.31,8.85
1,2,4,15.82,7.43,9.218
1,2,2,21.4,9.44,10.736
1,1,2,30.06,2.38,2.139
2,2,1,17.36,9.92,19.796
1,1,1,21.72,2.98,4.048
1,2,1,38.37,2.42,4.174
1,1,2,18.16,1.68,1.987
1,3,2,17.97,7.24,5.524
2,1,1,54.18,5.84,12.576
3,1,1,13.11,9.53,47.19
1,2,1,32.89,2.24,1.748
1,1,4,46.9,3.43,5.416
1,1,1,6.5,2.02,2.102
3,2,2,30.32,3.56,37.922
1,3,3,22.6,3.92,3.537
1,2,4,49.38,0.34,1.835
3,1,2,58.16,2.97,41.359
3,1,1,32.82,8.52,27.389
1,2,1,40.34,1.25,3.213
1,2,1,12.01,7.52,9.201
2,3,3,14.74,1.49,4.032
2,1,1,19.18,6.9,9.99
1,2,1,34.43,1.76,3.692
1,3,1,52.67,7.18,13.114
1,1,2,35.13,2.34,2.574
1,3,1,40.64,0.34,1.676
1,1,1,24.83,4.17,4.454
2,2,1,23.7,1.36,9.034
1,1,2,35.71,0.86,1.927
1,3,1,6.52,6.67,7.326
2,3,2,45.75,5.83,12.733
1,1,2,42.23,7.41,5.201
1,2,2,50.0,0.92,3.011
3,1,1,17.28,2.53,20.5
1,1,2,42.35,6.08,9.415
2,2,2,14.7,8.29,8.799
1,2,1,39.02,4.07,5.409
1,1,1,8.19,4.78,4.161
2,1,5,13.58,3.49,4.015
1,1,1,22.49,7.41,4.851
1,1,2,68.36,0.86,2.309
1,1,1,65.89,8.82,8.174
1,1,2,22.84,9.21,10.106
1,3,1,38.72,3.0,4.237
2,1,3,20.5,7.55,11.338
1,3,1,49.09,4.81,7.442
1,1,1,42.96,4.0,7.297
1,1,3,65.94,1.84,2.803
1,1,1,15.64,9.82,9.645
1,1,1,20.01,7.49,6.125
1,2,3,11.99,8.45,10.49
2,1,5,29.93,5.45,5.978
1,1,1,34.39,5.38,6.502
1,1,2,26.45,8.53,15.586
2,2,1,28.61,4.3,7.201
1,1,2,24.18,9.81,7.774
1,1,3,15.01,6.9,7.587
2,1,2,21.58,5.5,6.432
2,2,1,28.5,8.78,21.34
1,3,1,40.06,2.27,2.502
1,1,2,16.92,0.54,1.11
1,1,2,49.17,4.07,5.674
1,1,2,71.62,1.71,1.82
1,3,1,28.36,1.36,2.341
2,1,1,3.98,0.52,5.014
2,2,3,28.54,8.67,15.745
3,2,1,34.54,4.5,34.441
1,1,4,2.01,3.11,4.072
1,2,2,9.53,9.09,6.04
1,2,3,8.18,2.86,3.32
1,1,1,2.09,0.34,0.724
1,1,1,45.3,7.02,8.512
2,1,5,9.38,1.78,3.601
1,1,2,3.88,8.84,7.774
1,2,1,44.68,7.76,12.905
1,2,5,19.2,1.06,1.045
3,3,1,21.06,8.86,45.676
1,2,3,25.34,2.35,4.329
2,1,1,13.89,0.22,3.616
2,1,4,55.36,1.94,4.581
1,2,5,35.94,2.43,2.953
2,1,1,28.94,3.85,8.166
1,1,1,23.79,2.63,2.801
1,2,2,21.16,6.4,7.187
1,2,1,5.05,3.93,5.437
1,1,2,10.78,4.56,5.833
2,2,2,23.52,6.84,17.519
2,1,1,17.97,5.57,12.762
1,2,4,25.17,2.4,3.152
1,2,3,16.27,8.8,6.631
1,2,1,8.34,0.65,1.814
1,1,2,17.19,5.62,8.533
2,2,3,23.12,4.03,8.598
1,1,2,19.83,7.94,12.673
2,1,5,33.28,9.95,8.452
1,3,1,30.09,5.94,7.73
2,1,1,23.3,4.25,8.609
1,2,2,47.06,5.08,11.343
1,1,1,22.39,4.91,5.676
2,2,1,50.33,7.36,18.803
1,2,2,5.7,0.15,1.377
1,1,1,59.17,8.27,6.476
2,2,1,10.11,4.92,9.466
1,3,1,23.84,5.17,6.611
1,3,1,5.15,8.35,9.536
1,3,1,5.3,0.39,1.163
1,1,1,33.04,9.24,11.186
2,3,5,58.06,0.69,4.978
2,1,1,39.33,4.11,11.025
1,1,1,6.8,9.17,8.732
1,1,5,73.13,9.05,11.075
1,1,3,9.45,3.23,3.424
1,2,1,23.34,0.76,1.767
2,1,4,38.34,6.09,12.822
1,2,4,4.8,7.35,9.923
2,1,3,18.12,9.06,11.959
1,1,2,19.6,0.45,0.916
2,3,2,20.65,3.01,9.683
1,2,5,48.42,8.02,16.028
1,1,2,28.91,8.02,5.854
3,2,3,58.06,5.82,35.585
1,3,1,23.26,0.72,1.412
1,1,3,21.96,5.91,6.075
2,1,5,29.57,8.27,9.199
3,3,1,66.19,0.3,39.985
1,1,1,3.14,2.2,3.263
3,1,3,32.93,8.5,20.823
1,1,3,37.9,2.42,2.686
3,1,3,42.03,0.67,16.187
1,3,5,20.0,7.22,8.162
1,3,1,3.69,7.77,8.789
1,2,2,8.43,4.06,5.452
2,2,2,21.82,7.24,12.611
3,3,1,30.79,5.76,24.865
1,2,1,19.65,2.54,4.073
1,2,2,30.0,4.22,3.522
1,3,2,40.14,6.14,8.416
1,1,2,18.58,8.51,11.346
2,1,2,37.68,2.47,4.424
1,2,2,32.2,1.39,3.376
3,2,1,19.32,8.7,54.79
3,1,1,12.35,9.53,20.755
1,1,2,28.82,0.62,1.363
1,2,2,56.48,9.63,9.993
3,1,3,21.11,7.45,19.297
2,3,2,25.57,9.24,11.599
2,3,3,59.69,0.35,4.068
1,1,4,24.63,9.43,14.338
1,2,2,48.03,1.89,3.357
2,2,2,8.24,0.88,6.238
1,1,4,15.61,8.62,10.709
2,1,1,42.34,7.98,14.508
2,1,3,14.96,4.53,6.313
1,3,2,22.73,8.49,8.251
1,3,2,26.35,8.85,9.034
1,1,4,21.35,0.19,0.842
2,3,1,11.29,0.71,4.541
1,2,1,14.17,5.9,6.197
1,1,1,24.13,0.52,1.054
3,1,4,46.54,6.43,21.411
2,3,1,36.82,3.51,9.661
1,1,2,22.99,5.08,11.379
2,2,1,36.21,9.18,11.763
1,2,2,48.47,7.46,6.308
3,2,2,42.86,3.66,60.518
2,1,1,36.61,9.03,6.882
1,1,1,13.01,4.87,6.948
1,3,1,5.38,3.87,4.039
1,1,1,21.37,9.41,9.75
2,1,2,6.89,0.31,3.092
2,1,2,43.26,5.54,14.941
1,2,1,9.45,9.37,9.762
3,1,1,13.41,9.36,30.53
1,2,2,18.81,1.64,2.435
2,1,4,43.83,8.21,8.747
2,2,2,19.49,3.8,7.883
1,3,4,34.52,7.73,7.355
1,2,2,75.92,0.15,1.642
2,2,3,4.9,0.35,4.564
2,2,1,48.44,2.16,16.651
1,2,2,20.3,5.8,8.314
2,1,1,14.98,9.41,12.626
1,2,3,4.56,8.15,9.845
1,1,4,3.68,1.85,2.114
2,1,3,18.65,1.94,4.642
1,1,1,14.2,8.89,10.423
2,1,2,9.05,7.44,7.665
2,1,3,29.35,5.82,9.887
1,2,1,30.79,0.58,2.2
1,2,1,11.41,1.56,2.361
1,1,2,14.1,5.75,5.613
1,1,1,65.06,8.47,13.927
2,2,1,39.09,6.51,19.73
1,2,4,30.36,5.0,5.281
3,2,5,40.22,9.19,35.002
1,1,1,56.98,0.6,2.88
1,3,5,18.56,1.51,2.086
3,1,4,21.75,2.4,9.644
1,2,2,11.58,0.19,1.114
2,1,3,27.13,4.5,4.926
2,1,4,19.99,3.97,8.497
2,3,3,55.18,1.47,13.832
1,3,1,54.39,0.67,2.36
1,1,1,17.5,0.9,1.271
3,1,2,8.67,4.59,22.553
1,3,1,17.35,7.23,6.54
2,1,1,45.75,1.51,11.175
2,3,2,50.55,7.44,10.136
1,1,1,6.21,1.77,2.513
2,1,1,29.26,5.8,12.158
3,1,4,13.51,3.26,14.219
1,2,1,15.16,1.24,1.599
2,1,2,17.95,7.49,11.767
2,1,2,20.62,5.01,6.567
1,3,5,9.6,4.87,5.626
2,1,1,4.83,4.76,6.172
1,2,1,8.21,2.47,3.838
1,1,2,27.77,3.82,5.296
2,2,2,23.07,5.93,15.087
3,1,3,29.85,0.22,17.625
1,2,1,35.6,9.93,17.566
2,2,1,32.87,0.97,9.471
1,3,1,49.01,9.39,9.779
1,3,3,29.41,9.8,10.959
1,1,1,10.88,9.72,12.303
2,1,1,36.42,9.09,8.269
1,1,2,1.82,6.31,4.59
1,2,1,29.9,2.93,4.654
2,1,1,62.35,3.76,21.426
1,3,1,11.54,8.52,12.1
1,3,3,36.0,2.1,2.669
1,1,2,5.36,1.13,2.111
2,1,2,27.13,1.44,4.315
2,2,2,22.69,9.19,12.022
2,1,5,5.32,4.74,4.936
1,1,1,24.3,9.34,9.74
1,1,1,47.4,5.96,5.398
2,3,4,35.63,4.35,9.961
1,2,2,80.56,2.76,3.02
1,1,5,62.2,3.46,5.248
1,1,2,46.51,3.37,3.222
1,2,3,41.45,2.88,4.321
1,1,2,23.75,1.62,1.89
3,3,1,13.18,1.7,28.063
1,2,4,8.14,5.47,5.903
2,3,2,12.0,7.01,12.897
1,2,1,11.96,0.31,1.589
2,3,1,42.31,3.63,12.506
1,2,1,45.74,2.95,3.953
3,2,1,18.08,5.9,50.052
1,1,1,21.06,6.9,6.675
2,2,1,3.82,7.28,13.427
1,2,4,52.67,5.59,6.636
1,1,2,33.87,3.23,4.857
3,2,1,35.02,9.4,66.659
2,1,1,42.7,3.01,7.316
2,1,3,45.59,4.41,10.798
2,1,3,44.65,6.58,7.194
3,1,1,8.21,6.43,23.577
1,1,5,13.2,5.3,8.278
1,3,1,13.33,2.54,3.469
1,2,1,9.88,9.45,11.603
3,3,1,3.44,3.59,30.154
1,3,5,43.45,7.04,6.529
1,1,3,25.77,4.14,8.174
1,2,2,15.66,1.89,2.796
1,1,2,7.69,2.09,2.897
1,3,1,42.67,2.85,2.437
1,1,1,33.29,1.25,2.768
1,1,1,30.03,6.48,7.843
2,1,4,8.85,8.93,10.765
1,2,2,24.57,6.26,5.723
1,1,2,16.56,7.78,13.5
1,1,5,36.3,4.31,5.552
1,3,1,36.76,2.9,6.544
1,1,1,19.56,2.08,2.977
1,2,1,31.51,6.31,8.407
1,2,5,11.73,0.28,0.981
2,1,1,63.77,1.3,6.235
1,1,1,57.75,7.86,7.702
1,1,1,37.14,8.02,9.082
1,3,5,30.55,6.96,12.35
1,2,1,22.83,2.57,2.162
1,1,2,8.56,4.49,6.702
1,3,4,46.3,1.47,1.683
1,1,2,45.06,6.13,6.763
1,1,1,47.52,5.42,5.418
2,1,1,39.49,8.72,15.818
1,2,1,22.61,7.68,13.021
1,1,3,53.16,2.74,4.527
1,2,3,38.87,0.81,1.548
1,1,1,22.93,4.83,5.89
2,2,1,15.69,6.99,16.018
1,3,1,40.4,3.87,5.556
1,1,2,24.59,9.95,12.94
3,1,1,9.09,5.98,27.765
1,2,5,27.76,9.4,8.836
1,1,1,49.52,8.95,10.025
2,1,1,10.35,5.3,9.427
3,2,2,37.66,9.05,51.318
1,2,4,12.17,4.97,5.961
2,2,1,37.96,8.0,9.871
1,1,3,30.94,5.36,6.044
2,1,2,20.2,8.29,10.834
1,2,2,6.91,7.06,7.122
2,2,2,15.64,3.59,7.094
1,1,4,7.78,3.17,2.837
1,1,2,35.97,7.76,7.453
1,1,1,30.97,9.64,8.725
2,1,3,20.81,3.96,6.159
2,3,1,43.02,8.57,13.068
2,1,1,19.77,5.8,6.914
3,2,1,29.0,8.98,22.223
1,1,2,3.48,9.42,13.136
2,1,3,25.75,8.1,11.783
1,2,2,10.63,1.33,2.027
3,2,2,28.66,5.12,33.293
2,1,1,42.78,9.31,22.283
1,1,5,50.53,5.81,10.042
1,1,1,18.67,1.09,1.191
2,1,1,49.09,6.17,10.476
2,2,3,34.55,9.3,16.022
2,1,4,46.22,4.78,12.189
1,1,1,33.68,8.58,6.968
1,2,2,33.16,0.29,1.501
3,3,3,30.73,6.32,19.043
2,1,1,43.58,9.81,12.75
1,2,5,43.39,1.43,2.338
1,1,1,12.65,5.3,4.899
2,1,2,7.38,1.1,3.657
2,1,1,62.98,4.22,10.889
1,2,1,5.29,7.38,10.345
2,1,1,25.37,8.65,9.889
2,3,1,34.57,8.74,15.427
1,1,4,57.74,7.87,8.312
1,3,2,46.69,8.59,12.328
1,1,1,18.35,4.71,3.64
2,1,2,41.76,7.97,8.794
1,2,1,6.38,7.93,7.785
2,1,2,44.71,5.87,6.555
1,2,2,19.41,0.36,1.487
1,3,1,36.26,2.81,3.816
2,2,2,47.41,5.0,13.986
3,3,1,72.18,6.94,56.919
1,1,3,29.45,0.91,2.524
1,2,2,13.3,3.58,5.476
1,2,1,18.05,3.43,5.339
1,2,1,44.77,1.49,2.97
1,2,1,33.06,4.52,9.417
1,2,4,19.8,7.5,7.737
1,3,3,33.48,9.96,12.671
2,1,5,13.67,8.21,9.289
2,1,3,31.65,8.54,12.242
2,1,4,55.07,3.78,8.704
1,1,1,41.78,8.08,11.834
1,2,2,30.02,6.74,5.932
1,1,1,17.3,3.36,4.188
3,1,4,4.1,4.03,11.63
1,3,5,10.33,7.96,7.778
2,3,3,50.9,2.15,7.444
1,2,3,24.18,7.39,9.013
2,1,4,35.45,5.26,7.777
1,1,1,40.61,1.78,1.977
1,1,2,7.49,4.25,5.726
2,1,3,16.22,6.38,6.036
1,1,2,36.25,5.41,6.705
1,2,2,58.88,0.16,2.109
1,1,1,5.72,8.22,8.993
3,1,1,3.23,7.29,30.307
2,2,4,55.78,3.05,10.258
1,1,3,48.32,5.96,11.847
2,1,2,10.64,6.6,13.257
2,1,1,34.04,2.23,5.196
1,1,1,56.92,5.62,6.817
1,2,2,22.53,1.29,2.146
1,1,1,44.75,6.4,10.956
2,1,1,48.17,8.65,16.075
1,3,1,12.06,0.97,1.427
2,3,1,13.19,9.38,16.794
1,1,1,46.63,1.7,2.741
2,3,3,17.79,4.74,10.122
1,1,2,42.53,3.26,2.736
2,1,2,33.17,1.54,4.843
1,2,5,18.18,3.83,4.971
1,1,2,57.74,3.85,4.015
1,1,4,8.55,9.72,11.291
2,3,1,50.55,5.77,10.436
1,1,1,58.64,3.01,4.472
2,1,1,42.03,1.01,6.895
1,1,5,42.95,7.23,8.611
1,3,4,30.08,9.5,6.874
1,1,2,16.34,0.5,1.554
1,3,3,44.16,9.78,13.957
1,1,1,14.15,0.65,1.422
1,2,2,31.13,4.64,9.829
2,1,1,14.45,7.66,10.87
3,1,2,28.24,9.81,31.424
1,1,1,16.61,0.93,1.023
2,1,2,47.23,8.59,20.756
2,1,2,31.01,3.67,8.641
2,1,2,28.88,8.86,18.553
1,2,1,12.24,9.84,9.635
3,2,2,26.69,4.61,57.061
1,1,1,14.02,9.34,12.069
2,2,1,43.81,5.12,17.269
1,2,2,50.36,3.69,4.005
2,3,1,23.14,3.9,9.718
3,1,2,24.01,1.69,18.21
3,1,1,14.38,6.52,23.312
1,3,2,31.12,4.24,5.838
2,3,2,8.47,5.24,6.387
1,3,1,41.0,9.81,14.765
2,2,1,21.4,5.82,9.808
1,2,2,51.5,3.82,5.441
2,3,3,71.42,5.51,11.923
1,1,1,13.0,6.86,7.554
1,1,1,30.33,6.87,5.244
1,3,3,8.68,3.15,2.746
1,3,1,61.53,2.72,3.808
1,1,1,5.96,6.09,4.724
2,1,1,19.57,8.49,9.283
2,3,5,52.87,0.99,5.598
2,1,2,39.62,3.86,6.854
2,2,1,12.31,2.85,8.282
1,1,2,57.7,6.12,11.818
1,1,1,10.59,7.89,4.856
1,2,1,26.26,6.61,6.952
1,3,5,53.85,2.23,3.13
1,2,2,18.23,6.35,8.228
2,1,2,20.68,7.69,7.612
2,1,4,18.43,3.75,6.503
2,1,1,19.49,5.54,8.074
1,3,1,25.05,1.38,3.319
2,1,1,14.89,3.24,8.064
1,3,3,26.97,6.58,6.807
2,3,1,11.32,5.64,9.852
1,1,2,49.12,9.87,11.765
1,1,1,6.11,4.14,4.985
1,3,1,30.53,8.01,8.858
1,1,2,18.21,9.95,9.975
1,3,1,26.2,4.24,8.699
1,1,3,42.66,1.3,2.574
1,1,5,37.43,9.74,11.138
3,1,4,64.92,1.39,27.386
1,1,2,14.4,5.16,4.851
1,2,1,30.31,1.64,2.819
2,2,2,23.39,9.84,11.546
1,1,1,16.12,0.41,1.067
2,2,4,27.13,0.43,3.583
1,1,2,29.56,3.42,3.731
1,3,1,4.72,8.61,8.991
1,3,3,37.31,0.53,1.128
1,2,1,45.26,0.18,2.395
2,3,3,52.8,0.7,12.827
2,1,2,33.48,5.37,5.733
1,1,4,30.97,6.04,8.123
3,1,5,12.49,4.15,12.441
1,3,1,15.45,5.83,5.096
1,1,2,11.32,1.13,1.437
2,3,1,44.98,1.4,7.655
2,1,3,20.08,7.25,10.038
1,1,2,28.09,5.02,6.219
1,2,5,26.24,9.07,7.85
1,2,4,27.17,5.95,4.183
1,1,1,42.01,6.15,7.234
2,3,1,52.67,2.46,13.099
1,2,2,38.72,8.74,7.077
2,1,1,22.11,8.69,14.579
1,2,1,43.16,0.23,1.93
1,1,2,24.92,5.99,9.463
1,3,2,59.35,8.72,11.9
1,1,2,19.27,7.91,13.416
1,2,1,12.67,3.44,6.089
3,1,1,39.29,3.97,13.96
2,1,1,30.34,2.96,5.733
2,2,3,28.26,8.31,8.383
1,1,2,29.52,3.09,5.33
3,2,2,36.52,7.77,36.086
2,2,5,15.04,9.02,13.351
2,1,4,33.03,6.93,5.759
1,1,1,36.77,2.96,2.313
1,2,3,33.63,3.79,4.272
2,1,1,36.7,8.83,12.401
1,1,3,38.17,9.16,7.605
1,1,1,48.56,5.69,6.266
1,1,1,12.31,5.0,5.846
1,2,4,14.93,5.63,7.048
1,3,2,39.97,5.88,6.243
2,2,1,52.3,4.92,18.77
2,2,4,29.15,2.41,8.309
1,1,1,59.66,7.24,14.451
1,2,1,64.29,7.04,16.673
3,2,1,46.37,0.83,36.58
1,1,3,24.62,0.77,0.96
1,2,2,43.72,5.12,5.969
1,1,2,20.02,6.09,7.482
1,1,2,12.04,8.87,8.917
2,1,2,44.79,2.33,5.942
1,1,1,14.92,4.38,5.168
2,1,1,3.58,3.18,5.893
1,1,1,56.69,9.84,8.632
3,1,3,10.55,6.67,15.02
2,1,3,7.26,5.86,10.273
1,1,1,53.3,0.76,1.72
1,1,1,45.69,6.97,9.345
1,3,2,34.77,3.8,4.689
3,2,1,6.11,6.39,29.716
2,1,2,3.07,0.86,3.429
1,1,2,10.22,5.72,4.442
1,1,2,31.73,2.02,2.905
3,1,1,20.04,9.48,40.156
2,1,4,39.3,1.45,4.495
1,1,1,48.46,2.6,4.704
1,1,1,10.18,4.27,3.741
1,2,1,10.98,4.85,3.875
2,1,3,25.95,8.89,10.527
1,1,3,30.11,8.57,18.4
2,1,2,34.72,2.11,3.396
1,3,2,36.82,5.3,8.623
1,2,2,32.21,8.63,10.697
1,2,1,29.49,5.28,7.706
2,3,1,39.96,3.07,9.119
1,2,1,9.36,4.73,5.195
2,1,2,20.47,1.52,4.142
1,2,2,32.41,4.84,7.496
2,1,5,23.52,5.35,9.098
2,2,2,7.32,2.17,5.276
2,1,2,9.11,3.61,6.607
1,1,5,19.94,2.9,3.02
2,1,1,4.25,9.6,9.847
1,1,2,37.87,0.57,1.875
1,2,3,1.95,7.62,7.9
2,1,2,55.31,2.19,7.349
2,1,4,27.16,3.76,8.456
1,1,2,21.43,6.95,9.43
3,3,4,8.61,8.63,29.422
1,2,1,22.42,0.34,1.208
3,2,3,3.73,1.25,31.744
2,1,1,28.04,3.75,6.341
3,1,1,56.92,5.05,23.619
2,1,1,46.48,9.71,17.035
3,1,2,13.29,5.53,17.774
2,1,1,41.72,5.73,12.678
1,3,1,23.76,8.65,7.838
1,1,2,21.58,5.39,6.179
2,1,2,12.99,2.63,8.175
1,2,1,32.52,2.12,4.03
3,1,2,15.75,4.93,18.71
1,1,4,50.31,3.1,4.168
2,2,3,12.12,2.58,4.194
1,3,2,17.09,4.26,4.767
2,2,3,53.21,3.05,6.831
3,3,4,54.96,5.14,24.724
1,1,1,13.22,9.2,7.542
2,2,1,20.09,4.6,11.499
1,3,1,29.22,1.98,1.709
2,1,2,25.07,4.4,7.381
2,2,4,14.04,6.84,14.626
1,3,1,53.27,8.71,13.833
1,2,2,22.2,6.44,7.375
1,1,1,6.48,5.83,8.044
1,1,2,27.82,4.67,5.174
2,2,4,10.48,5.61,9.529
1,3,3,45.19,8.22,6.84
3,1,5,43.68,3.13,13.778
3,1,2,52.44,7.37,41.392
3,1,2,46.46,7.26,33.383
1,1,4,34.35,7.23,12.795
1,2,2,35.9,5.93,9.262
2,2,5,53.45,1.29,4.586
2,2,1,7.53,9.31,9.736
3,2,1,60.55,9.83,74.757
1,2,1,56.67,8.93,13.674
1,2,4,13.71,9.17,10.03
3,1,1,23.73,8.67,38.553
2,1,3,12.05,2.38,5.168
1,3,2,37.51,1.71,3.535
2,1,2,55.11,1.08,6.534
1,1,3,26.86,1.01,1.65
1,1,2,27.47,7.52,11.227
1,2,1,11.9,3.1,6.993
1,1,2,8.02,3.36,3.889
1,2,5,2.93,7.57,9.372
1,1,1,34.27,2.0,3.183
1,3,1,15.12,5.9,6.417
1,2,4,33.9,6.55,5.992
1,3,1,13.41,3.34,5.437
1,2,1,11.69,4.86,8.566
2,3,4,30.26,4.86,8.178
2,1,3,40.55,6.23,8.453
1,1,1,25.29,5.36,8.087
1,3,5,31.77,3.73,3.338
2,3,3,58.58,8.9,17.072
2,3,1,16.69,7.96,13.657
3,3,2,36.65,6.19,29.581
3,2,4,21.36,4.81,32.196
2,2,2,10.1,4.79,10.933
2,2,2,35.42,4.66,11.103
1,1,2,21.88,6.44,6.212
2,2,1,57.06,7.86,17.24
3,3,2,22.42,2.67,19.911
2,2,1,36.87,6.82,13.247
1,1,3,23.57,6.4,8.409
1,2,1,21.24,4.4,4.825
1,3,1,24.8,1.21,2.644
1,1,1,13.75,5.96,8.312
2,1,3,31.65,0.49,5.287
2,2,2,32.78,9.64,18.881
1,3,1,15.38,6.19,7.727
2,2,2,25.45,2.29,9.935
1,2,2,5.68,7.21,9.495
1,1,4,16.57,5.79,7.685
1,1,1,17.79,5.84,4.81
1,3,1,50.4,5.49,5.023
2,1,4,10.19,7.8,8.424
2,1,2,40.25,7.37,17.59
2,1,2,26.01,4.16,4.087
1,1,1,63.0,7.2,12.848
2,1,4,26.36,3.29,5.528
1,2,4,15.31,5.08,6.004
1,1,2,19.16,2.16,2.954
1,2,1,15.35,1.91,1.929
2,1,1,55.45,0.92,5.278
3,3,1,51.7,6.41,45.019
1,1,2,10.02,8.51,11.011
2,1,2,12.98,5.59,10.408
1,1,2,20.22,4.06,4.781
1,3,1,32.9,6.07,10.421
2,2,1,35.89,8.55,15.515
2,2,5,8.14,6.3,10.245
2,1,1,10.76,8.8,13.893
2,1,4,22.52,1.25,3.083
1,3,2,20.68,0.97,1.981
3,1,1,44.86,1.15,21.631
3,2,2,33.55,6.55,34.363
1,3,5,33.91,3.66,4.777
1,2,3,35.18,0.78,2.253
1,1,1,15.89,8.0,8.922
2,1,1,10.82,8.41,11.658
3,1,2,37.86,3.56,24.226
2,3,1,69.32,6.28,16.858
1,3,1,4.94,8.8,8.173
1,1,4,24.85,8.37,11.498
1,3,2,39.63,7.68,7.061
1,1,3,30.91,1.93,3.402
1,1,2,34.01,3.75,5.286
1,1,1,28.9,0.76,1.745
1,3,1,34.33,4.34,7.537
1,1,3,25.92,5.74,6.993
2,1,2,25.37,8.12,20.918
1,1,2,37.91,1.24,1.974
1,1,1,15.5,1.28,1.227
1,1,1,58.77,3.53,4.224
3,1,1,26.26,3.49,30.971
2,3,1,18.43,8.96,23.245
2,3,4,14.94,7.72,17.747
2,1,3,55.13,3.91,13.69
2,3,4,20.81,0.51,3.545
2,3,4,61.16,3.03,7.867
1,3,2,34.67,9.69,19.021
1,1,1,47.59,3.98,6.086
1,3,2,29.51,0.17,0.962
1,2,1,61.85,3.41,8.068
1,1,3,20.38,4.65,3.883
1,2,3,26.18,9.75,8.711
1,1,2,54.53,6.07,4.531
1,2,1,20.65,9.23,11.068
1,2,1,29.05,0.12,1.889
1,1,1,27.85,4.11,5.458
1,1,1,38.43,9.86,7.336
1,3,4,14.37,5.56,6.629
2,1,1,45.48,1.7,5.331
1,3,4,24.58,4.88,4.144
1,2,2,49.17,2.03,2.521
1,1,2,7.82,5.07,7.213
1,2,1,25.2,4.38,6.237
1,3,1,19.82,8.9,12.642
1,3,2,30.19,5.47,11.54
1,1,2,30.28,5.07,6.064
3,1,2,27.23,3.17,26.272
2,1,1,42.39,3.23,6.957
1,2,1,41.92,9.2,10.526
1,1,1,29.98,4.13,5.419
2,1,3,26.82,8.9,12.168
1,1,2,6.86,4.27,5.348
3,3,1,56.33,7.05,27.236
1,1,3,22.61,9.2,12.962
1,2,1,24.44,8.81,8.771
1,1,3,32.37,6.3,7.067
3,2,2,35.63,5.64,39.468
3,2,3,40.28,0.23,43.466
2,3,1,5.69,8.76,15.609
1,2,3,60.66,1.5,2.835
2,1,3,5.85,3.53,3.977
1,1,1,24.31,7.32,9.704
1,1,1,25.04,5.09,8.358
2,1,3,45.77,0.33,3.02
3,3,2,82.93,1.18,65.11
1,1,2,24.84,7.43,9.246
1,3,1,40.53,5.24,9.179
1,1,1,45.81,5.94,5.933
1,3,3,34.6,1.04,2.373
1,3,1,26.27,1.59,2.364
2,2,1,18.4,3.39,7.597
1,1,1,39.16,0.72,1.28
2,3,3,16.69,6.17,9.64
1,3,1,23.87,0.26,1.373
1,1,2,47.82,6.79,8.338
1,3,2,23.34,2.24,2.818
1,3,1,24.81,5.53,6.036
1,1,1,34.98,2.99,2.661
2,1,1,14.07,1.82,3.372
3,1,1,58.4,8.28,24.455
1,1,4,7.47,4.34,3.544
1,3,3,14.08,6.86,11.031
3,3,3,65.64,3.92,42.346
1,1,3,14.91,0.57,1.314
2,2,1,44.8,9.31,19.488
3,2,3,25.83,5.67,25.586
2,1,2,11.14,0.79,3.441
1,2,3,20.59,9.21,6.387
2,2,5,38.24,7.93,9.946
1,1,1,28.21,7.01,6.332
1,1,2,36.94,6.35,4.157
3,3,1,44.59,4.64,39.961
1,1,4,42.53,9.23,9.108
2,1,1,26.77,4.06,10.524
1,3,1,42.04,7.39,12.074
1,3,4,35.71,8.65,16.074
2,2,1,11.04,6.02,15.529
2,1,2,33.54,4.77,8.988
1,2,2,29.39,1.47,2.583
2,2,2,29.12,6.76,10.947
1,1,1,41.8,3.47,6.312
3,1,1,34.58,9.89,21.753
2,1,2,51.6,9.39,13.783
2,2,2,41.11,2.78,9.924
1,3,4,40.38,5.75,6.527
1,2,3,15.33,2.17,2.085
3,1,2,13.09,6.67,20.604
1,1,1,37.91,9.7,9.807
1,2,4,33.17,0.81,2.379
2,1,1,27.23,2.94,8.84
2,1,4,24.14,6.14,6.813
2,3,4,19.22,0.99,5.062
2,3,5,29.73,6.23,7.289
3,3,1,15.96,8.14,25.755
1,1,1,57.93,4.84,6.153
2,3,2,30.69,1.54,6.915
2,2,2,19.68,3.6,6.777
2,2,1,43.54,1.72,11.445
1,1,2,41.5,8.87,8.875
1,1,2,11.17,5.65,5.422
1,1,1,71.98,7.3,5.783
2,3,1,36.83,5.61,12.049
1,2,2,31.87,9.72,13.905
2,3,1,51.71,9.66,10.101
2,2,2,30.46,4.86,7.977
1,1,3,14.02,1.05,1.244
2,1,4,24.66,7.37,10.861
1,1,3,10.39,6.85,8.195
1,3,2,5.75,5.07,5.996
1,1,4,22.58,1.74,1.512
1,1,2,2.13,8.31,8.674
2,2,3,26.61,1.13,3.821
1,3,1,12.01,2.49,3.513
1,2,3,8.44,6.08,8.353
1,1,1,9.15,4.76,3.313
2,2,1,24.48,8.39,9.635
1,1,2,42.77,8.41,7.282
1,2,1,18.05,1.46,2.291
3,2,1,16.1,5.68,34.495
1,1,3,18.16,0.71,1.823
1,1,2,53.79,7.73,8.946
1,1,3,29.87,3.18,2.806
2,1,3,43.63,7.98,4.345
2,2,2,14.33,5.89,14.688
1,1,5,48.22,6.28,6.025
2,1,1,13.66,8.73,14.958
2,2,1,44.14,1.97,10.492
2,2,1,14.88,5.47,10.784
3,3,3,40.15,0.46,17.326
2,3,1,15.49,7.54,13.185
1,1,2,47.47,3.83,6.234
1,1,2,37.91,1.46,2.902
3,2,3,9.26,3.11,27.472
1,2,3,18.28,8.84,9.633
1,1,1,36.49,1.45,2.834
3,3,1,23.78,0.23,18.238
2,2,2,30.34,6.51,16.145
2,1,4,24.52,5.27,5.731
2,2,1,26.09,5.22,14.206
1,1,3,20.78,0.13,0.835
2,3,1,1.21,5.2,9.768
3,1,1,16.07,5.49,22.841
1,2,1,55.46,3.7,6.125
1,2,3,28.09,8.6,8.805
2,1,3,2.43,0.17,2.338
1,2,2,36.06,9.95,12.486
1,1,3,69.56,4.11,5.179
1,1,2,27.13,1.13,1.892
1,1,1,62.38,4.33,6.873
1,3,3,18.48,4.36,6.356
2,3,1,57.48,2.34,8.7
2,1,4,32.65,6.88,7.668
2,3,3,29.48,7.25,10.817
1,3,3,32.07,9.0,9.251
1,1,2,47.37,8.42,5.714
1,3,3,19.94,8.77,8.666
2,1,1,32.7,5.3,7.454
3,3,2,52.26,2.06,27.484
1,2,1,58.78,4.97,7.797
3,3,2,15.19,0.57,11.277
1,1,2,43.21,9.34,10.7
1,1,1,50.78,6.13,9.206
2,3,1,59.41,8.86,19.118
1,2,2,32.06,1.79,2.411
3,2,4,36.87,1.58,41.746
1,2,2,43.82,0.24,1.202
2,2,2,15.97,5.19,11.009
1,1,4,42.19,7.54,13.932
1,1,3,45.56,9.01,8.389
1,1,3,20.23,4.24,4.5
3,1,2,57.4,5.75,31.202
1,3,2,41.27,2.31,3.932
2,1,1,20.91,2.68,11.692
1,1,3,41.89,4.98,6.187
1,1,1,18.72,9.41,10.109
1,3,3,49.67,2.86,4.435
2,1,4,25.06,0.19,1.555
1,1,2,46.16,5.09,8.606
1,3,1,23.02,5.31,11.097
2,1,1,31.82,1.12,9.474
1,2,2,31.35,3.73,5.483
1,1,1,54.53,2.2,2.432
1,2,1,16.32,6.0,6.33
1,1,1,6.54,8.69,9.233
2,1,2,31.47,6.84,9.372
1,1,2,1.64,7.69,7.39
2,2,1,13.08,7.77,11.752
1,3,2,33.37,0.15,0.836
3,1,2,23.81,5.07,14.138
3,2,2,42.06,2.98,40.815
1,1,4,15.68,7.1,10.112
1,2,1,9.99,8.16,10.387
1,3,2,16.66,2.17,4.382
2,1,1,26.15,9.28,16.933
1,1,1,53.77,8.97,13.566
2,2,2,12.56,7.99,10.009
1,3,2,47.83,9.02,7.591
1,2,2,1.15,0.25,1.174
2,1,4,19.06,2.89,4.786
2,2,3,31.1,0.99,4.556
2,1,1,13.41,9.97,18.544
2,3,2,46.17,4.05,14.909
2,3,2,55.14,9.26,11.675
1,3,2,17.45,5.83,6.177
3,3,2,10.92,8.62,21.79
2,3,4,23.81,2.52,4.463
2,1,2,6.19,1.21,5.206
3,3,3,29.46,1.32,14.886
1,1,2,62.72,7.52,9.316
2,1,3,29.12,4.35,3.287
2,1,1,13.87,2.79,9.182
1,1,1,25.29,7.26,8.144
2,1,2,37.66,2.68,8.139
1,2,2,28.31,8.65,10.643
1,1,1,66.96,0.9,2.553
1,1,2,3.52,3.28,3.265
2,1,4,30.94,2.95,4.011
2,2,4,38.92,9.15,7.732
1,2,1,50.1,4.69,11.753
1,2,2,42.69,6.19,11.469
1,2,4,22.8,8.7,13.204
1,2,5,9.31,7.33,7.396
1,1,1,24.18,4.12,5.842
1,2,1,9.17,4.36,4.76
2,1,1,34.0,9.0,18.2
1,1,2,13.43,7.35,7.721
1,3,3,77.9,1.04,2.313
2,1,1,13.53,7.49,8.751
1,3,2,40.8,1.93,2.766
2,1,1,20.92,8.08,8.813
1,2,1,14.06,5.7,4.793
1,1,2,64.0,6.86,6.792
1,3,2,6.01,6.21,7.508
1,3,1,33.35,3.33,3.941
3,1,1,28.71,8.98,20.948
2,1,1,39.88,9.72,35.448
2,2,4,22.04,6.69,9.657
1,1,4,19.77,2.28,3.746
3,1,2,24.49,3.56,11.014
1,3,5,26.02,0.31,0.387
1,2,2,40.89,4.58,9.264
3,1,1,17.24,8.31,26.18
1,1,2,15.9,6.56,8.889
1,1,4,54.97,2.89,4.387
1,3,2,33.86,0.22,0.715
1,1,5,56.36,3.04,3.983
2,1,2,27.06,0.77,5.328
1,1,4,37.42,7.47,4.787
3,3,3,66.04,9.34,35.615
1,1,3,54.05,2.39,3.931
2,2,5,19.57,3.31,5.065
2,1,1,11.42,6.32,12.122
2,3,2,59.11,1.19,5.912
1,1,1,53.02,7.1,3.995
1,3,4,21.55,5.26,6.446
2,3,2,15.58,9.82,17.604
2,1,1,41.82,1.1,8.393
1,1,2,20.15,0.85,2.277
1,3,1,41.3,1.42,1.582
2,1,2,5.77,5.11,7.968
1,3,1,22.22,5.89,9.155
1,3,5,11.02,4.37,5.621
3,1,2,54.08,6.04,25.763
1,1,5,23.79,8.23,13.168
1,1,1,16.62,8.75,11.071
2,2,1,37.6,1.66,12.976
1,1,4,27.64,4.25,3.341
1,2,2,20.21,1.1,1.991
1,2,1,17.03,3.49,3.968
1,3,4,23.13,6.8,7.288
1,1,1,36.68,4.98,5.235
2,1,1,26.63,0.89,6.39
1,1,3,20.47,1.87,2.015
1,1,3,4.11,6.27,6.441
2,1,2,24.83,1.85,6.134
1,3,1,40.32,7.38,5.796
1,1,1,15.02,8.19,8.548
1,1,1,28.81,3.21,4.15
1,2,2,3.03,8.45,8.672
1,2,1,25.64,2.46,3.298
1,1,2,20.43,8.55,9.869
2,1,4,67.75,5.68,7.391
3,1,5,29.92,1.15,11.549
2,1,3,4.81,8.99,10.402
1,1,1,33.38,4.06,5.188
2,1,2,17.86,0.12,3.69
1,2,4,69.8,3.86,6.574
1,3,1,18.11,4.37,4.908
3,1,1,25.59,6.83,45.042
2,1,1,61.75,3.41,11.667
1,3,2,11.0,7.75,6.873
3,2,5,24.77,9.92,32.222
1,2,2,48.73,2.67,3.768
1,3,2,28.42,0.24,1.278
1,2,2,19.94,8.07,10.023
1,2,4,34.26,4.34,5.581
3,1,1,11.26,5.54,23.722
1,3,2,13.89,6.14,5.17
1,2,4,12.99,3.81,3.882
2,1,4,44.61,8.78,9.695
2,2,1,20.63,8.27,12.85
3,1,1,19.7,8.42,36.043
3,2,4,45.84,3.86,35.234
3,1,4,22.33,7.94,20.456
2,2,1,16.17,6.65,12.52
1,1,1,32.82,1.33,4.037
3,2,1,42.19,3.39,33.904
1,2,2,30.65,4.12,6.749
1,1,1,9.9,8.21,10.833
1,1,1,24.14,3.91,5.704
1,1,3,14.29,5.63,5.628
2,2,1,22.81,8.81,11.589
3,3,5,22.33,8.07,22.08
1,1,2,36.23,3.23,4.055
1,2,2,30.46,2.03,3.033
1,3,4,63.52,8.11,7.946
2,2,1,61.24,3.4,19.395
1,1,1,52.02,5.69,6.362
1,1,2,19.32,2.06,2.124
2,3,2,15.91,4.39,15.236
1,1,2,59.65,3.42,7.386
1,1,5,69.54,1.88,2.281
1,2,5,23.49,7.03,12.29
1,1,1,27.52,7.0,5.322
2,2,1,11.0,0.55,4.932
1,3,2,33.02,6.85,6.749
1,3,5,7.99,7.23,10.406
2,2,1,39.29,7.59,12.463
2,3,1,39.18,1.91,9.558
1,3,1,14.75,4.21,4.072
2,3,5,18.39,4.81,7.536
1,3,1,30.84,0.18,1.236
1,3,2,24.35,5.77,5.563
2,1,1,58.53,0.67,7.731
1,1,2,52.97,6.03,5.173
1,1,1,21.28,9.92,7.848
2,2,2,50.53,1.84,8.258
2,3,1,15.95,2.33,5.073
3,3,1,35.29,9.74,24.1
2,3,1,39.6,1.25,11.188
1,3,3,47.38,3.86,4.513
2,2,3,32.01,4.86,9.709
1,1,1,64.74,5.21,5.916
2,2,1,21.37,7.89,12.457
1,1,2,23.92,3.08,1.922
1,2,1,24.32,1.84,4.012
1,2,3,12.15,3.66,7.405
2,1,1,30.34,2.07,5.073
1,2,2,19.85,5.91,7.228
1,2,2,12.68,7.24,8.872
2,2,4,22.57,4.8,7.957
2,3,3,46.54,9.38,11.741
1,1,1,19.4,3.03,4.077
1,3,1,6.04,4.86,4.284
3,1,2,39.24,1.59,25.178
1,1,1,14.88,1.35,1.801
1,1,1,19.4,0.29,0.563
3,3,5,37.51,7.83,15.689
1,3,1,9.5,6.07,6.428
1,1,3,14.68,8.97,11.663
1,2,1,11.89,1.55,3.738
1,3,1,9.41,7.03,9.441
1,3,1,15.46,4.32,5.748
2,1,1,6.14,9.04,14.657
1,1,1,8.13,1.6,1.965
2,1,5,25.35,6.94,10.32
2,3,2,46.23,8.42,19.774
2,1,1,24.42,3.65,5.773
1,2,1,33.89,2.83,3.404
2,3,5,59.73,9.75,11.785
1,1,1,45.23,6.67,4.77
2,2,1,8.88,6.19,15.956
1,3,3,31.79,5.57,5.479
2,1,2,45.65,0.85,2.956
1,1,1,9.77,8.52,5.418
2,1,2,25.84,2.49,8.516
1,2,1,26.23,9.32,13.999
1,1,2,16.94,5.09,4.665
2,1,1,22.19,3.85,8.731
1,1,4,46.8,9.03,6.677
2,2,2,15.13,8.69,13.775
2,3,1,16.45,1.73,5.078
2,2,2,23.03,9.81,11.404
2,2,1,11.45,0.68,8.116
2,3,4,13.76,2.71,6.038
3,2,1,22.45,5.31,32.38
1,2,1,18.25,1.0,2.638
1,1,3,23.23,5.55,6.3
2,1,1,12.22,5.62,7.464
1,1,1,20.73,0.75,1.131
1,2,3,12.46,0.91,2.199
1,3,3,10.16,8.24,9.139
1,1,1,44.54,5.46,5.872
1,1,2,24.36,8.34,8.435
2,3,2,51.95,9.69,22.593
2,3,4,32.49,3.97,8.833
2,2,2,50.87,2.1,9.931
1,1,2,22.0,1.13,3.139
2,2,3,41.59,4.43,10.384
2,1,1,35.09,1.82,6.734
1,2,2,4.59,0.78,2.13
1,2,2,36.45,1.0,1.383
1,3,2,11.53,0.75,1.423
3,1,2,37.92,8.09,24.722
1,3,1,56.77,8.72,4.435
1,1,2,41.4,6.17,7.642
1,1,2,10.22,4.04,3.073
1,3,4,16.53,5.31,11.428
1,1,1,32.49,4.08,6.082
2,1,4,28.38,4.05,5.075
1,1,1,17.94,0.78,2.556
2,1,3,9.74,4.58,9.215
1,1,2,45.09,1.97,3.408
1,2,2,57.07,4.02,6.755
2,1,4,28.14,9.47,10.978
2,3,2,35.09,6.75,10.627
2,2,1,29.93,2.89,11.335
1,3,2,17.29,7.3,13.541
1,3,2,18.02,7.43,10.036
2,2,3,45.64,9.0,26.627
1,1,1,47.24,2.7,3.908
2,3,1,34.49,1.11,5.399
1,1,1,52.81,5.89,12.654
1,1,2,37.58,6.44,12.939
2,2,2,31.01,6.07,8.994
2,1,3,16.38,1.67,4.214
2,2,1,27.38,1.0,10.363
2,3,2,10.57,6.04,8.739
1,2,5,13.55,5.88,6.31
2,1,1,3.61,5.37,11.503
3,1,2,45.03,3.82,24.458
1,1,5,7.11,9.69,9.615
1,1,1,17.24,2.1,3.136
3,2,2,68.64,1.34,74.005
1,2,1,29.16,1.34,1.28
3,2,1,16.96,5.96,59.909
1,2,3,29.57,8.59,10.401
2,1,1,53.47,3.79,12.825
2,1,4,8.37,8.77,14.176
2,2,2,21.17,7.98,10.469
2,1,1,14.61,1.05,2.808
1,1,1,35.82,4.06,6.599
2,2,3,29.81,5.99,15.001
3,1,1,19.74,9.1,21.172
3,1,1,53.46,4.4,49.394
3,1,1,11.51,7.88,19.585
2,1,2,23.42,9.22,11.004
2,2,1,14.65,7.14,12.992
1,1,4,40.37,6.09,4.738
2,3,1,65.98,0.7,8.086
2,1,1,9.43,5.08,9.252
1,1,2,12.42,3.14,4.894
1,1,1,17.79,1.07,1.822
2,3,3,17.49,2.43,5.439
1,2,4,41.62,6.52,5.544
1,2,2,18.27,0.3,1.365
1,3,4,12.91,1.93,2.055
2,1,3,17.25,6.44,7.227
3,2,1,55.04,4.51,38.719
2,2,1,59.53,4.87,17.247
3,3,2,13.37,1.94,22.369
2,1,5,11.99,0.3,2.002
1,3,3,61.08,5.05,9.465
1,2,2,34.73,4.86,8.209
1,3,1,44.03,9.13,7.902
1,1,3,35.69,0.52,1.776
1,1,2,18.24,1.96,1.503
1,1,4,17.03,2.27,3.396
3,3,3,25.01,1.35,19.659
2,1,1,48.23,7.13,10.642
1,2,2,36.88,3.17,4.043
3,1,2,14.95,8.37,24.464
3,1,2,62.33,3.59,25.898
2,1,2,28.57,4.96,9.915
2,2,4,7.1,7.04,6.848
3,1,3,19.46,8.93,19.518
2,3,1,36.67,0.78,6.801
2,2,1,44.76,7.22,15.266
1,3,1,54.29,0.32,1.198
1,2,2,19.61,5.13,6.169
1,2,2,23.3,5.47,7.479
1,2,2,10.94,6.22,7.952
1,1,2,26.1,5.73,5.915
1,2,3,56.95,2.48,5.007
1,3,1,61.2,8.38,8.63
1,1,2,63.38,4.27,4.794
1,1,3,19.22,6.24,8.434
2,2,1,33.73,4.97,9.018
2,3,1,45.32,5.19,11.539
2,1,2,47.27,4.48,5.845
1,3,1,24.37,0.57,1.898
2,1,2,29.14,4.4,8.324
1,1,4,26.53,9.62,14.36
1,3,1,14.17,7.74,12.077
1,1,4,18.17,6.98,7.606
3,2,1,31.47,1.28,23.793
3,3,2,20.77,4.27,20.746
2,1,1,48.23,7.63,10.372
2,1,3,8.02,0.59,4.783
1,3,5,19.7,1.29,1.977
2,2,1,15.41,3.86,11.815
1,3,4,48.81,7.39,13.726
1,3,3,38.42,2.19,3.65
3,2,5,48.55,3.74,29.18
3,1,2,17.63,3.35,22.719
1,1,2,6.44,5.47,4.036
1,1,4,38.44,5.28,4.146
1,1,3,18.4,7.33,8.274
1,3,3,13.13,2.3,3.754
1,3,1,19.84,7.54,8.608
2,3,1,55.98,8.76,16.866
1,3,2,13.37,0.59,0.888
1,1,1,12.14,3.98,6.109
1,2,2,33.5,1.91,5.145
2,1,4,24.01,4.79,5.017
1,2,2,2.7,7.79,5.997
1,3,4,26.33,5.05,7.055
2,3,1,41.35,1.75,9.939
2,3,1,69.74,1.31,3.032
1,1,1,11.25,7.82,9.556
2,2,5,49.3,0.33,4.667
1,1,2,9.39,9.72,9.047
2,2,4,21.4,0.55,3.165
1,1,1,15.88,2.36,3.251
3,3,1,8.44,3.92,21.203
3,1,3,30.99,7.32,19.576
2,2,2,56.03,8.41,34.615
3,3,2,34.93,1.54,39.57
1,1,2,8.14,6.45,8.907
2,2,2,46.51,3.02,8.103
1,3,3,34.92,9.1,8.393
1,3,1,19.99,5.93,6.634
1,1,1,22.88,2.46,4.187
2,2,1,18.55,1.75,5.755
2,1,2,32.39,9.64,10.674
2,1,3,13.18,8.73,11.772
1,1,2,39.35,4.11,4.438
3,2,5,32.04,1.87,15.504
2,1,2,17.96,7.76,11.346
2,2,2,21.96,2.44,5.799
1,1,2,42.8,8.62,8.896
1,1,4,52.69,9.6,6.223
2,2,1,49.74,5.41,18.204
3,1,2,12.6,6.11,13.345
1,1,2,22.79,0.96,1.018
1,1,5,10.18,5.72,5.067
1,1,1,45.48,5.1,3.68
1,1,1,22.95,6.08,6.261
2,3,2,14.31,7.25,9.768
1,2,2,39.75,4.34,6.383
1,1,1,49.2,3.56,3.97
2,1,2,25.76,2.17,5.878
1,3,2,33.38,1.92,2.634
1,1,1,10.34,8.56,15.784
2,1,2,26.12,1.44,3.256
1,1,1,20.15,1.03,1.146
3,2,3,46.44,7.16,38.147
2,2,1,28.03,6.78,9.678
3,1,2,8.38,8.23,21.027
1,1,2,60.2,0.68,2.617
2,2,1,24.82,3.73,11.023
1,1,3,39.3,3.21,4.794
2,1,2,34.05,1.82,4.412
1,3,1,18.3,1.66,2.13
1,1,4,27.66,9.28,12.237
1,1,4,28.51,1.38,1.204
2,2,3,51.31,5.57,13.536
2,2,2,38.82,0.51,6.371
1,1,2,24.09,9.41,8.229
2,1,1,49.45,0.76,5.216
2,1,1,35.99,0.96,4.465
1,1,2,33.25,0.97,1.885
1,1,3,11.01,8.2,9.015
2,1,2,16.92,6.52,7.484
2,1,4,13.43,9.49,15.468
2,1,1,9.1,1.72,6.872
2,1,1,32.48,2.2,6.49
2,2,2,8.86,4.3,11.813
1,2,3,41.81,7.58,8.688
3,3,1,1.2,6.49,22.018
1,2,1,17.47,2.07,3.84
2,2,3,12.41,7.94,12.371
2,1,2,27.18,8.63,12.296
2,2,1,55.5,9.86,19.06
1,2,2,44.04,2.79,5.61
1,3,4,30.35,5.13,5.549
1,3,2,23.55,2.55,3.379
2,1,3,18.63,2.37,6.091
1,3,1,25.07,5.5,10.581
1,2,2,51.95,0.43,1.9
3,2,1,3.06,1.48,45.606
1,1,5,7.66,4.76,6.54
1,1,1,52.0,4.7,6.654
1,3,4,20.6,6.77,8.986
2,1,2,17.83,1.74,7.235
1,2,2,27.62,8.36,9.065
2,1,2,55.32,7.23,6.266
1,1,1,30.94,1.87,1.741
1,2,1,61.24,3.7,4.273
1,2,1,36.38,9.76,13.477
1,3,3,36.86,8.94,9.539
2,2,3,2.94,1.51,8.715
1,2,5,28.28,8.16,11.365
1,3,1,34.45,1.65,2.734
1,2,3,4.33,5.06,5.945
1,2,1,10.66,7.73,8.253
1,3,2,3.02,8.59,8.748
1,2,1,28.96,1.95,3.357
3,2,4,67.35,1.9,24.489
1,2,2,31.26,7.05,5.385
1,2,2,23.52,8.39,9.119
2,2,1,35.63,7.7,15.648
1,2,2,25.89,9.77,10.372
2,2,1,83.19,0.43,13.563
2,1,2,31.68,0.63,5.808
2,1,2,33.54,9.95,16.289
3,1,1,6.1,4.31,19.415
2,1,1,63.42,7.29,10.758
1,1,1,27.87,1.58,1.818
3,1,2,29.72,3.79,24.145
1,1,1,51.96,9.96,8.172
1,3,1,11.81,7.77,11.82
2,2,1,35.97,8.26,18.577
2,2,1,19.48,4.74,10.4
3,1,2,25.41,1.67,13.831
1,1,2,18.73,9.56,11.238
2,1,1,61.39,0.11,5.688
1,1,2,41.73,8.97,8.498
2,1,2,59.22,2.25,6.06
2,2,1,4.73,9.89,16.588
1,1,5,46.12,1.11,1.293
2,2,2,40.33,0.34,7.312
1,2,2,8.43,0.64,2.131
1,1,2,33.58,3.17,3.236
3,3,2,8.13,8.42,21.203
2,2,1,27.48,5.31,19.775
1,1,1,10.7,2.96,3.436
1,2,3,41.88,2.45,4.597
1,2,4,26.83,0.67,1.46
1,2,5,29.26,9.22,9.038
1,3,2,19.71,5.33,7.588
1,1,4,30.84,8.06,11.979
1,1,3,37.63,1.87,1.791
2,3,2,71.8,9.34,7.861
1,2,4,54.51,2.41,4.541
2,3,5,21.18,1.73,5.793
3,2,2,19.49,5.77,31.91
1,2,3,4.39,1.12,1.885
2,2,3,16.13,7.26,11.997
1,1,2,38.71,9.34,13.047
1,1,2,32.36,5.94,7.748
2,1,1,37.94,7.27,8.598
1,1,5,20.21,4.13,3.256
1,2,1,49.0,4.98,3.996
2,2,1,21.65,1.91,8.356
1,3,1,9.88,4.03,6.905
2,1,1,19.45,5.73,5.078
2,1,1,22.79,3.44,5.41
1,1,1,24.82,6.57,9.361
2,2,4,50.69,4.55,7.979
1,1,2,26.32,5.59,7.354
1,1,5,36.2,0.34,0.625
3,2,4,17.08,8.77,21.343
1,1,2,28.37,1.58,2.562
2,2,1,13.41,7.89,10.314
1,1,1,21.43,7.34,7.727
1,1,5,11.8,4.76,4.924
2,3,2,35.54,0.75,8.981
2,1,3,49.57,5.67,7.638
1,1,5,53.45,1.76,1.904
2,3,1,42.02,8.33,17.023
1,1,4,45.56,5.43,6.683
1,1,3,33.95,4.29,3.932
2,1,2,26.99,7.0,8.518
2,2,4,62.63,9.99,12.569
1,2,2,7.9,5.29,5.929
2,2,1,35.88,9.01,18.276
1,3,1,37.58,0.37,1.117
3,1,3,15.06,5.25,15.02
2,1,3,27.35,1.88,6.9
1,3,1,30.8,8.46,8.941
1,1,1,3.89,3.66,5.046
3,3,1,56.08,5.05,42.764
2,3,2,19.37,8.41,12.1
1,3,2,11.26,9.41,12.582
1,1,3,19.64,1.67,2.025
1,2,1,10.85,2.12,3.41
2,3,1,26.31,6.47,7.898
3,1,1,66.52,9.23,26.648
2,2,4,19.25,2.98,5.275
1,1,2,38.12,4.16,3.321
2,1,1,28.96,1.83,7.859
1,3,1,52.04,9.08,7.985
1,3,1,43.19,8.49,8.926
1,1,3,54.83,5.92,8.895
1,1,2,27.97,1.46,3.125
1,2,3,11.05,6.13,6.73
1,1,1,14.25,5.7,6.1
1,2,2,33.85,4.0,3.625
2,2,2,13.09,1.88,4.657
1,1,1,29.15,9.77,13.768
1,2,1,26.2,5.73,6.837
1,1,1,9.24,4.96,6.354
1,1,3,20.94,2.03,2.819
1,3,2,15.31,7.81,6.8
2,1,2,11.52,9.62,10.209
1,1,2,13.91,8.84,10.551
1,2,1,59.35,8.94,12.409
2,1,3,20.04,3.04,7.349
1,1,3,16.92,2.16,2.21
2,3,1,15.95,8.45,10.214
1,1,4,36.88,1.92,2.542
3,1,1,13.49,1.46,23.741
1,1,2,32.12,4.18,7.305
1,2,2,40.92,9.44,7.864
2,1,3,31.51,8.87,11.922
1,3,1,43.75,3.41,6.788
2,1,1,9.79,5.41,10.123
1,2,4,16.19,3.03,2.631
1,3,4,35.89,6.28,9.008
2,2,3,12.37,3.65,6.873
2,2,1,23.17,4.72,12.012
1,1,2,24.76,9.13,10.938
1,1,2,31.86,8.85,11.766
2,1,1,26.17,4.15,7.578
2,1,1,27.41,4.37,8.706
2,1,4,4.6,3.33,5.444
2,2,1,50.09,6.12,15.79
1,1,1,22.23,9.13,13.987
2,3,1,39.73,0.57,6.715
1,2,2,21.18,3.66,3.764
1,1,3,18.64,9.93,11.097
2,1,1,19.29,1.95,4.89
2,2,3,16.18,6.68,13.952
1,1,1,34.71,1.35,2.619
2,1,1,28.13,2.29,6.808
1,2,1,38.65,8.9,7.083
1,2,2,33.98,7.55,9.379
2,1,5,40.62,9.77,8.59
2,1,3,24.36,2.49,3.929
1,1,1,22.69,4.08,4.54
1,1,5,14.73,3.49,4.378
1,1,2,14.65,2.91,3.72
1,2,2,51.41,9.08,9.006
3,2,4,14.33,1.22,20.23
1,1,3,19.13,9.74,15.044
2,3,3,23.95,0.99,3.814
1,2,1,24.83,7.83,5.574
1,1,1,25.95,0.51,1.208
1,3,4,44.94,3.21,2.882
2,2,2,24.76,4.7,11.096
3,2,3,49.69,0.89,20.222
1,1,3,41.13,1.32,1.071
1,3,4,41.4,6.37,5.681
1,1,1,36.82,1.2,2.718
1,1,1,31.01,9.31,8.619
1,3,1,26.45,1.7,3.244
3,3,1,16.68,7.27,28.097
1,2,2,22.08,8.08,5.906
2,1,2,12.66,3.79,6.675
2,1,1,13.28,9.35,16.867
1,3,2,23.04,4.25,5.453
1,2,1,31.31,3.16,6.236
2,3,2,26.81,7.17,11.781
1,1,2,25.59,3.51,5.754
1,3,1,36.16,7.39,9.146
2,1,2,8.92,2.43,3.719
1,1,2,15.87,2.46,2.424
2,3,2,20.28,3.65,10.002
1,1,2,49.55,6.75,6.06
1,2,1,29.97,9.27,10.634
1,2,3,20.22,7.71,9.417
1,3,5,43.42,3.61,4.026
1,1,1,18.55,4.32,4.481
1,1,1,23.32,5.17,6.607
1,2,3,27.6,0.82,1.788
1,3,3,17.2,5.02,6.999
2,3,1,9.37,4.77,7.061
1,1,2,20.07,6.03,5.82
1,2,4,30.79,8.35,14.852
1,1,1,36.99,9.28,16.401
1,1,2,34.1,8.87,9.306
1,1,3,12.82,5.5,4.663
1,1,1,7.76,9.43,12.825
1,1,4,43.0,9.82,21.238
2,1,5,40.46,1.16,2.252
2,1,3,18.59,1.43,5.075
1,3,2,23.55,6.12,7.994
2,1,2,10.65,8.0,8.887
2,3,2,22.29,6.17,13.071
2,3,1,12.54,4.93,7.292
1,1,1,19.18,6.28,6.308
1,2,1,60.68,3.09,4.85
1,1,1,40.77,7.04,5.557
1,1,3,20.87,9.29,9.697
2,2,4,51.62,9.29,10.375
1,2,1,21.44,8.19,8.37
1,1,2,5.7,6.02,8.772
1,3,2,49.66,3.87,6.495
1,2,2,30.24,5.11,7.552
1,1,2,30.8,2.76,4.533
1,1,1,13.22,5.7,8.988
1,3,1,10.1,9.25,6.911
1,3,1,42.37,5.93,7.749
1,2,5,23.01,5.1,4.481
3,2,5,29.7,5.14,18.522
2,2,2,38.42,0.54,4.942
1,1,2,24.23,6.25,11.984
1,3,2,21.19,5.18,3.706
2,2,2,19.22,7.29,13.259
3,2,1,39.83,2.57,65.216
1,2,1,40.46,4.28,5.695
1,2,1,43.67,7.96,4.185
2,1,5,22.14,4.55,11.347
1,2,3,31.31,9.4,18.218
2,1,2,58.69,5.31,7.279
1,1,3,59.71,6.6,11.028
1,1,2,65.63,1.14,2.627
2,1,2,18.52,4.3,5.203
2,3,3,46.0,2.91,10.524
1,1,1,7.6,1.19,1.647
2,1,1,17.62,7.95,11.56
2,2,2,33.31,8.61,18.11
1,3,1,8.16,8.38,10.379
3,2,2,30.07,3.24,37.239
1,3,3,40.14,0.87,1.211
1,2,3,43.12,5.7,2.986
2,2,1,33.41,9.24,13.131
1,1,1,51.4,4.99,8.04
2,1,5,20.07,7.1,6.596
1,1,4,27.41,7.38,7.616
1,2,1,26.92,4.9,6.686
1,2,4,33.62,6.69,7.392
2,2,4,37.63,8.25,19.342
2,2,1,10.64,1.37,6.431
1,2,1,62.62,2.94,4.959
1,1,4,14.21,5.97,6.789
1,1,3,5.69,5.46,6.17
1,2,2,3.11,4.37,3.94
2,1,5,22.63,3.74,8.164
2,3,4,16.42,7.63,13.407
1,1,1,23.54,7.15,6.24
1,1,2,26.19,2.35,3.452
2,2,4,46.54,8.87,12.76
1,1,1,52.84,9.71,14.373
1,2,1,50.95,5.07,11.262
2,1,4,7.75,7.52,6.758
1,1,3,46.65,7.04,13.724
1,2,1,23.6,1.0,3.485
1,1,1,38.09,7.99,6.63
2,2,3,11.28,2.43,4.037
1,1,1,29.84,1.92,2.698
2,2,1,19.38,0.25,6.956
1,1,4,11.46,2.82,2.585
1,1,3,34.44,3.59,3.26
2,2,2,30.41,3.96,11.912
1,2,2,15.42,5.14,6.192
1,3,2,10.07,4.99,4.863
1,3,1,4.15,3.91,5.57
2,2,5,16.88,6.18,9.608
1,1,2,25.4,8.46,15.387
2,2,2,49.39,0.66,17.674
1,2,2,14.92,4.91,6.358
1,3,2,37.74,0.3,1.2
1,2,1,35.24,4.95,6.507
1,1,2,14.75,0.61,1.023
2,3,2,43.2,2.67,8.908
1,2,3,59.0,3.1,3.465
3,1,3,69.99,4.11,33.752
1,2,1,26.09,9.91,9.292
1,2,2,46.3,7.47,6.966
1,2,1,25.49,8.55,8.647
2,3,2,51.19,9.14,12.863
1,1,4,35.02,2.98,3.875
1,1,3,12.75,0.81,1.443
3,1,1,6.3,2.5,18.293
2,3,3,17.0,9.46,13.605
1,1,1,15.26,7.34,9.021
2,2,1,15.11,6.06,9.874
1,2,1,20.99,9.75,11.285
1,3,1,27.04,4.38,4.978
1,1,2,11.06,8.07,7.336
2,1,1,29.17,5.28,11.539
1,3,2,36.56,8.36,16.132
2,2,1,13.51,8.62,19.206
2,1,2,64.31,1.21,9.455
1,1,1,9.8,4.31,5.358
1,3,1,23.14,3.63,4.829
2,3,2,33.74,6.55,12.213
1,2,1,19.28,4.08,5.955
1,1,1,33.56,7.65,11.7
1,2,3,6.76,3.9,4.539
2,1,1,11.89,3.7,7.22
1,3,3,39.37,2.71,4.96
1,1,1,42.38,4.85,4.742
1,1,3,22.58,6.3,6.018
1,1,1,34.73,6.32,6.082
3,1,5,31.28,4.88,13.266
1,1,1,52.69,8.79,13.65
2,2,5,1.14,2.44,8.265
2,1,1,14.52,3.23,5.509
1,2,3,31.17,4.87,3.967
2,1,1,24.85,4.55,7.022
3,1,1,52.78,6.08,32.141
2,2,1,74.2,2.18,14.083
2,2,1,44.14,2.49,12.052
1,1,2,29.8,6.53,6.969
2,3,2,20.99,9.52,17.198
1,1,2,17.33,7.4,8.819
2,1,2,24.3,7.11,5.338
1,1,1,56.67,4.38,3.76
1,2,2,26.87,2.22,3.118
2,1,3,48.67,6.76,6.437
2,1,1,49.74,7.86,14.852
1,1,3,39.33,2.92,4.637
2,1,1,14.76,0.9,4.498
3,1,2,7.7,9.62,22.266
2,2,3,8.18,9.1,13.084
2,2,2,15.08,8.94,11.958
2,1,2,20.55,3.72,6.607
2,1,1,16.59,4.72,6.2
1,1,2,3.4,2.45,2.744
1,3,2,54.31,6.98,6.411
2,2,5,33.58,9.64,10.913
3,1,3,0.45,1.4,20.725
1,3,1,29.31,6.16,6.584
1,1,2,16.86,4.91,6.066
1,1,2,18.82,0.36,0.938
2,3,3,31.14,3.58,5.425
2,2,1,8.83,8.51,15.241
1,2,3,12.12,2.74,2.664
1,2,2,31.82,9.88,11.802
1,3,1,11.4,7.96,9.386
2,1,1,31.15,2.69,6.122
