taskSize,taskType,priority,resourceLoad,actualTime
2,3,4,45.8,4.228
1,1,4,51.84,0.873
2,2,2,8.69,3.525
2,1,1,48.09,3.143
1,2,3,23.93,0.927
3,1,2,7.61,11.397
2,1,4,26.61,2.395
2,1,4,15.66,1.582
1,3,1,48.08,1.189
1,1,2,43.01,0.649
1,2,2,50.56,1.071
3,3,4,20.74,10.473
2,1,2,47.64,3.635
2,1,1,16.64,3.095
1,2,2,12.27,1.106
1,3,1,12.54,0.891
1,3,1,18.77,0.466
1,1,4,51.17,0.813
2,3,2,34.77,3.259
2,1,1,14.79,3.225
2,1,1,1.88,4.257
1,2,1,24.48,0.866
3,2,3,58.04,35.235
2,1,2,41.02,4.552
2,2,1,65.09,5.818
1,1,1,5.87,0.388
1,1,3,22.63,0.54
1,3,4,34.29,0.631
1,2,5,31.57,0.683
2,1,1,6.32,4.24
2,2,1,15.15,4.989
3,1,1,4.73,17.962
1,1,4,38.71,0.804
1,1,2,27.74,0.475
1,3,4,22.35,0.586
1,1,2,7.75,0.82
1,1,1,19.38,0.892
1,2,1,4.63,1.313
1,1,5,10.59,0.358
2,1,4,72.34,4.527
1,1,2,14.09,0.6
2,3,1,25.82,4.329
2,1,1,23.26,3.611
1,1,1,39.74,0.592
2,2,1,51.93,13.007
2,1,2,35.08,2.594
1,1,2,22.84,0.623
1,2,1,16.19,1.034
2,2,5,20.57,3.231
1,2,2,6.66,1.011
1,1,2,8.3,0.555
1,1,2,17.8,0.669
2,1,3,8.72,2.721
2,3,4,30.47,3.479
2,2,3,9.62,2.605
2,1,2,41.55,4.47
1,2,4,47.74,0.628
1,1,2,38.19,0.517
1,3,1,11.0,0.573
1,2,1,27.75,1.34
2,1,5,12.59,1.235
1,1,4,28.87,0.504
1,1,4,9.19,0.432
2,1,3,20.87,3.574
2,1,2,5.69,2.442
1,1,3,62.0,0.861
1,2,2,26.93,1.2
1,1,2,27.1,0.506
1,1,4,30.35,0.594
1,1,1,1.58,0.825
1,1,2,14.66,0.643
1,2,1,42.01,1.76
2,2,2,55.29,11.921
1,1,5,29.25,0.537
1,1,3,60.3,0.925
1,3,2,22.08,1.048
1,1,2,63.52,1.0
2,1,2,19.46,2.388
1,1,1,21.87,0.487
2,1,2,11.16,3.226
2,2,1,28.92,6.901
1,2,2,25.58,1.362
2,1,2,58.2,8.011
1,1,2,14.67,0.842
1,2,1,9.32,0.964
1,1,1,58.98,1.092
2,3,2,24.33,4.969
1,1,1,32.21,0.718
1,3,3,24.04,0.952
1,1,2,28.49,0.85
1,2,2,31.49,1.552
2,1,1,29.28,4.615
1,3,3,73.58,2.421
1,2,2,51.44,1.492
1,2,2,6.62,0.991
2,1,4,64.67,6.477
1,1,3,25.81,0.645
1,2,4,73.56,2.133
1,1,3,40.51,0.835
3,2,3,8.76,23.603
3,1,3,16.9,12.5
2,2,4,51.27,6.559
1,1,2,48.06,1.006
3,2,2,10.11,22.706
2,1,5,30.96,1.582
2,2,5,34.97,3.587
1,3,4,44.45,0.74
1,1,2,19.52,0.537
1,3,2,26.18,0.86
3,3,2,35.18,17.647
1,1,1,64.72,0.853
1,1,1,34.68,0.808
1,2,1,19.95,1.346
1,3,1,60.13,1.512
1,1,2,43.3,0.623
2,3,4,14.22,3.236
2,1,2,49.7,3.77
2,1,2,54.48,8.013
1,3,2,19.96,0.702
2,1,1,23.85,3.593
1,2,2,12.82,1.126
2,1,1,6.94,5.148
1,1,1,40.33,1.102
1,3,1,13.66,0.919
1,1,1,3.77,0.768
1,2,2,29.76,0.988
1,3,3,15.9,0.702
1,2,3,15.93,0.961
1,3,1,34.83,0.849
1,3,1,11.85,0.959
1,1,1,63.67,1.021
3,2,1,31.48,26.517
1,1,2,33.97,0.715
1,2,1,28.8,1.345
1,2,1,2.28,1.141
1,1,2,16.36,0.516
3,2,2,33.01,26.997
1,1,5,16.05,0.222
2,2,3,26.01,5.503
1,1,1,28.0,0.514
1,1,3,28.28,0.659
1,2,1,38.94,1.783
3,2,2,37.62,32.661
1,3,1,34.12,0.981
1,2,2,29.49,1.039
1,3,2,39.44,0.887
1,2,3,31.92,1.134
1,3,4,6.48,0.704
1,1,5,37.03,0.453
1,2,3,18.84,0.716
2,1,1,35.35,4.288
2,1,4,40.9,2.342
1,3,2,41.12,0.973
1,2,1,43.12,2.47
1,2,1,29.74,2.119
2,2,3,22.18,4.686
1,1,2,6.41,0.663
2,3,4,73.48,11.592
2,1,4,4.06,2.722
2,1,4,18.66,2.012
1,1,2,5.83,0.766
3,3,4,1.52,11.2
1,1,2,8.26,0.75
1,2,1,52.77,1.386
1,1,1,25.79,0.516
1,1,1,25.84,0.774
2,1,1,20.31,2.284
2,1,3,5.0,2.373
1,2,1,16.98,1.375
3,1,4,12.96,15.316
1,1,1,27.39,0.581
1,1,5,13.39,0.329
1,2,2,6.19,1.113
3,3,1,69.23,69.953
1,1,1,14.9,0.59
1,1,1,34.58,0.83
1,1,1,33.8,0.679
3,3,3,30.19,16.062
2,3,1,27.2,3.799
2,1,2,34.69,4.789
2,1,3,22.82,3.329
2,1,2,47.17,5.05
1,1,3,8.14,0.5
1,1,1,39.93,0.649
2,1,3,37.11,2.821
2,1,2,50.72,2.79
1,1,1,23.22,0.4
1,1,3,27.16,0.472
2,1,2,18.43,3.785
1,1,1,37.71,0.947
3,3,3,36.42,26.645
1,1,5,43.47,0.272
1,1,2,1.9,0.565
2,3,3,42.86,5.83
1,1,4,16.82,0.422
1,1,5,4.11,0.425
1,2,1,16.84,1.079
2,1,2,47.94,3.471
1,2,1,15.25,0.802
1,2,2,35.88,1.125
2,2,2,8.79,6.053
3,3,2,37.67,18.011
1,1,4,11.57,0.56
1,1,4,18.62,0.492
1,1,1,9.32,0.62
1,1,2,46.24,0.521
1,2,1,14.5,0.991
2,2,2,27.71,6.132
1,1,4,45.42,0.833
1,3,2,51.95,1.0
2,1,1,28.95,3.467
1,3,4,39.08,0.622
1,1,4,5.18,0.492
2,2,4,32.31,4.436
2,2,3,30.65,3.08
2,2,1,28.96,8.609
1,2,2,36.54,1.536
1,2,2,16.5,1.429
3,2,4,15.66,16.935
1,3,3,19.74,0.86
1,1,1,37.07,1.243
1,2,3,39.68,1.649
2,2,1,17.66,7.115
3,1,1,45.64,17.104
1,1,4,49.19,0.967
3,1,1,18.68,15.769
1,1,1,37.14,1.036
1,2,2,40.82,1.349
2,2,2,43.79,6.332
1,1,4,26.83,0.395
1,1,2,56.11,1.749
1,1,2,11.06,0.581
3,3,3,33.86,13.072
1,2,1,34.66,1.018
3,1,2,19.16,13.609
2,1,2,51.42,3.701
1,3,4,25.11,0.452
2,2,1,66.94,25.441
1,1,1,42.87,1.538
1,2,1,69.69,1.719
2,1,4,59.31,4.129
2,3,1,24.29,3.58
1,3,4,35.66,1.034
1,1,3,62.18,1.244
2,2,4,10.9,5.107
2,3,3,18.48,2.973
2,1,1,22.18,3.127
1,3,1,24.37,1.132
1,1,2,18.52,0.529
1,1,1,21.13,1.035
2,3,2,36.98,3.686
2,2,1,24.97,5.244
1,1,4,40.41,0.413
1,2,2,51.71,1.854
1,2,2,21.12,1.043
2,2,2,14.04,4.49
2,1,4,52.64,3.86
1,2,3,27.04,0.863
1,3,3,8.63,0.701
1,3,1,8.19,0.595
1,1,1,57.42,0.95
2,3,1,44.15,5.607
1,1,1,27.66,0.67
1,2,4,39.44,0.919
3,1,2,34.14,14.212
1,3,2,12.91,0.611
1,3,1,35.67,1.37
1,3,5,6.25,0.404
1,1,5,28.93,0.332
1,2,2,34.12,1.141
1,1,4,24.55,0.735
1,1,3,33.33,0.816
1,3,1,59.23,1.069
1,2,5,31.73,0.694
2,2,1,17.26,6.258
1,1,1,36.65,1.004
1,2,5,16.3,0.657
1,1,1,17.74,0.762
2,1,2,8.15,3.657
2,3,4,24.11,3.4
1,2,5,8.89,0.7
1,1,4,34.02,0.447
1,1,4,33.71,0.674
1,1,2,46.54,0.691
1,1,5,14.32,0.259
1,3,1,10.99,0.948
1,1,1,26.59,0.66
1,1,1,39.48,1.211
1,1,2,29.0,0.71
1,2,1,40.0,1.898
2,1,1,35.77,8.223
1,1,2,0.77,0.521
3,3,1,56.03,53.402
1,2,1,5.1,1.476
2,1,1,19.18,3.282
3,3,1,65.37,68.819
3,2,1,22.96,17.352
2,3,2,39.08,6.115
2,1,1,9.56,2.307
2,1,3,38.98,2.787
2,1,1,30.65,4.474
1,1,1,38.85,1.312
1,1,1,21.15,0.647
1,1,1,43.57,0.543
2,1,1,26.93,4.312
1,1,4,15.9,0.467
1,1,2,14.92,0.272
2,1,4,55.64,3.297
1,2,2,63.22,1.835
1,3,1,45.35,1.234
1,3,5,4.33,0.63
1,1,1,12.15,0.962
1,1,4,32.47,0.702
1,1,2,19.2,0.805
1,2,3,25.22,1.148
1,1,3,8.18,0.404
1,3,1,2.23,0.642
2,3,1,53.25,11.209
1,1,3,44.24,0.613
3,1,3,30.37,11.201
3,2,1,3.65,37.627
1,2,3,25.12,1.113
1,2,2,21.16,1.077
1,1,3,20.12,0.474
2,1,2,17.62,2.077
2,2,1,31.13,6.899
2,1,1,10.83,3.916
1,2,2,20.06,0.629
2,1,5,15.47,2.43
1,1,3,23.04,0.57
2,1,2,7.41,3.351
1,2,4,38.83,1.13
2,1,2,14.65,2.498
2,1,2,38.72,1.871
1,1,1,11.51,0.658
2,3,2,4.2,3.659
1,1,2,6.92,0.47
2,3,4,17.94,3.044
1,3,1,82.01,3.136
3,1,2,35.31,12.863
1,3,1,23.56,1.502
3,1,3,57.55,26.973
2,2,5,22.5,4.186
1,1,5,53.74,0.572
2,2,2,6.42,5.228
2,2,2,30.34,4.847
3,1,1,4.88,13.691
1,1,5,18.51,0.363
1,1,1,12.05,0.65
1,1,3,49.36,0.857
2,2,2,11.48,5.59
1,2,2,56.85,4.08
1,1,2,16.26,0.459
1,1,2,30.66,0.821
1,3,2,36.55,0.487
1,1,2,39.68,1.113
2,2,5,17.79,2.809
2,1,2,9.17,2.733
1,2,2,8.11,1.189
1,2,1,48.21,1.566
3,1,2,23.79,27.177
1,2,4,33.66,0.585
1,1,2,33.08,1.175
1,1,1,41.55,0.776
2,2,2,3.5,5.875
1,2,2,48.01,1.361
2,2,1,24.62,5.342
2,2,2,35.73,4.945
1,1,2,62.6,0.683
2,1,1,44.98,5.761
2,1,2,38.11,2.913
1,1,2,17.82,0.46
1,1,4,28.06,0.545
1,3,1,35.58,1.014
1,1,4,37.58,0.542
1,1,1,19.14,0.593
3,2,2,13.1,19.752
1,2,4,16.57,0.603
1,2,4,22.93,0.406
2,2,3,23.77,7.214
1,1,1,70.81,1.182
3,1,1,68.49,11.783
2,3,1,56.62,8.676
1,3,2,18.72,1.041
1,3,1,63.88,1.308
3,3,4,19.29,14.508
2,1,1,32.25,5.205
3,1,3,21.08,11.741
1,2,1,21.5,1.106
2,2,4,20.87,3.961
2,1,1,42.84,5.839
1,2,2,18.49,0.835
1,3,1,13.19,0.967
2,1,3,25.22,2.867
1,1,2,27.15,0.556
1,1,4,50.85,0.805
2,1,1,24.89,2.518
1,2,5,23.47,0.812
1,2,1,13.61,1.371
1,1,2,7.39,0.609
1,3,1,5.05,0.973
3,1,2,46.54,21.263
2,2,3,19.14,3.802
1,2,2,30.92,1.278
3,3,4,7.0,12.754
2,1,3,12.6,2.35
1,2,2,42.68,1.64
2,2,4,39.81,3.882
1,3,3,19.03,0.826
3,2,5,32.41,14.862
2,3,2,61.1,9.466
2,1,4,21.58,1.861
1,1,1,46.0,0.922
2,1,4,32.97,2.876
1,1,2,12.4,0.638
1,3,1,36.39,0.858
1,1,3,21.31,0.558
2,1,4,41.19,1.483
1,2,2,34.12,1.276
3,1,2,8.78,15.88
2,1,4,39.35,3.236
1,2,1,11.49,0.975
1,3,3,59.04,1.58
1,1,3,25.04,0.47
2,2,2,39.06,9.818
2,2,2,18.89,6.125
1,1,1,32.54,0.837
2,2,1,14.16,5.601
1,1,2,9.58,0.633
2,3,1,25.24,6.581
3,2,1,15.56,27.694
2,1,2,15.31,3.297
2,1,2,64.48,2.949
2,1,1,21.84,4.847
1,3,2,65.3,1.258
1,3,1,20.87,1.133
1,3,4,32.27,1.025
1,1,1,50.69,1.499
2,3,4,17.91,2.338
2,2,2,14.71,5.943
2,1,3,17.03,1.855
1,1,2,29.54,0.684
2,1,2,26.06,2.306
1,1,4,24.22,0.321
1,1,1,12.45,0.456
2,1,5,44.76,4.837
3,2,3,15.75,17.619
2,1,4,18.4,2.338
1,1,5,39.14,0.555
2,2,1,36.23,8.294
1,2,5,51.21,0.999
2,1,2,50.52,6.33
2,3,2,22.49,3.702
1,1,1,71.33,1.296
1,1,1,51.21,0.585
1,1,1,32.06,0.915
3,1,1,10.27,12.518
1,1,1,10.72,0.522
2,3,3,26.77,2.251
2,3,3,29.1,2.208
1,1,1,44.6,0.785
1,1,3,18.22,0.48
3,1,2,1.21,12.47
1,2,1,21.74,1.046
1,3,2,14.04,0.599
2,1,1,42.16,5.356
2,3,2,16.9,3.865
3,1,1,10.93,12.556
1,2,2,8.47,0.78
1,1,3,67.3,0.541
1,2,2,15.91,1.071
1,2,2,26.52,0.936
1,2,5,8.88,0.862
1,2,3,21.45,1.256
1,1,1,50.74,1.153
1,1,5,9.96,0.275
1,2,1,20.81,0.689
2,2,2,5.43,6.455
2,3,3,40.58,4.467
1,2,2,20.89,0.771
1,1,3,56.54,1.004
1,2,2,13.87,0.864
1,2,3,53.08,1.263
1,1,1,8.96,0.682
1,1,5,25.73,0.358
1,1,2,3.34,0.716
1,1,2,47.94,0.861
1,3,2,18.19,0.863
1,2,1,12.63,0.891
1,3,1,23.01,0.918
2,3,1,12.54,3.243
2,3,3,21.36,4.088
2,2,1,18.29,5.629
1,1,3,57.1,0.71
2,1,4,15.98,2.533
1,2,1,27.61,1.145
1,1,1,7.2,0.456
2,1,4,25.51,2.436
1,3,5,28.17,0.336
1,2,3,48.04,1.201
2,1,1,58.83,6.681
2,2,2,18.83,4.033
3,2,1,53.38,42.541
1,3,2,3.8,0.821
1,2,2,22.7,0.921
2,1,3,32.1,3.367
1,2,4,16.85,0.621
2,2,1,33.03,6.688
1,1,5,26.71,0.309
1,2,4,47.63,1.181
1,2,3,40.45,1.131
2,3,5,41.44,3.717
1,3,1,55.64,1.086
1,1,2,16.49,0.591
1,1,5,5.82,0.5
1,1,2,27.68,0.98
1,1,1,15.33,0.535
2,1,3,46.64,4.457
1,2,4,14.05,0.741
2,1,2,35.21,3.059
2,2,3,50.87,7.324
1,1,1,42.27,0.344
1,1,4,5.07,0.502
2,1,1,18.03,2.317
1,1,1,29.41,0.875
1,1,2,17.62,1.013
3,3,3,31.4,13.756
3,1,1,10.52,16.699
2,3,1,25.06,5.917
1,1,4,3.02,0.369
2,1,1,20.04,4.255
2,3,2,2.82,3.81
1,1,2,3.91,0.388
2,1,5,23.41,2.101
1,1,5,34.63,0.376
1,3,1,9.89,0.921
1,1,1,50.43,0.669
1,1,1,36.0,0.794
1,3,3,19.75,0.604
2,2,2,43.81,6.138
3,2,1,21.22,36.26
1,1,2,51.75,0.953
2,2,2,54.52,19.34
3,2,1,26.68,36.712
1,1,2,33.52,0.553
1,2,1,28.45,0.814
1,3,2,25.22,0.772
1,1,3,60.04,0.929
2,1,3,19.45,2.954
1,1,1,22.62,0.744
1,2,1,18.48,0.993
1,2,5,52.65,1.179
1,1,1,28.88,0.615
3,1,1,36.39,21.097
1,1,1,12.26,0.546
1,1,2,7.42,0.468
1,2,5,37.98,0.669
1,1,3,10.22,0.727
1,1,2,28.52,0.893
1,1,2,5.81,0.441
1,1,1,36.98,0.933
1,2,2,9.13,1.167
2,2,1,42.25,10.37
2,2,1,30.84,9.033
2,1,1,11.46,3.047
2,2,4,18.63,6.54
2,1,2,39.39,5.243
1,1,1,12.34,0.458
1,2,2,38.83,1.383
1,1,3,10.05,0.43
1,1,1,38.3,1.365
2,1,2,9.94,3.204
1,2,3,2.72,0.87
2,1,1,52.05,5.08
2,3,2,54.33,6.376
1,1,1,8.44,0.656
3,1,1,7.64,11.164
1,2,2,39.92,1.409
2,2,2,23.52,4.744
1,2,2,33.96,1.795
1,1,3,53.98,1.12
1,2,3,27.14,0.83
1,2,1,23.77,1.079
1,3,1,37.26,1.529
3,2,4,18.62,20.703
2,1,3,6.38,2.648
1,2,4,16.39,0.794
1,1,1,14.85,0.652
1,2,3,22.69,1.046
1,2,2,25.64,0.974
3,1,2,14.27,13.246
1,1,5,27.56,0.318
1,1,2,25.75,0.694
1,1,2,64.94,1.124
1,1,3,24.82,0.544
1,2,2,8.95,1.4
2,1,1,44.28,5.386
2,1,1,2.69,3.235
3,3,1,28.68,18.586
2,1,2,10.94,3.342
1,3,2,51.51,1.17
2,1,1,24.8,3.788
3,3,2,9.34,25.772
2,2,1,13.22,6.985
3,1,2,27.9,21.849
2,1,2,16.93,2.346
2,1,3,20.73,1.935
1,1,2,23.31,0.575
2,1,1,45.13,5.091
1,2,4,17.11,0.626
1,2,3,44.89,1.997
2,1,5,18.35,1.904
3,2,1,63.62,48.466
3,1,1,69.07,17.768
1,1,2,55.92,1.646
2,1,2,57.62,8.067
2,1,1,46.66,4.697
1,1,1,19.09,0.729
1,1,1,26.91,1.21
1,1,3,7.26,0.553
2,3,2,32.4,4.179
1,2,2,43.46,1.852
3,3,1,30.03,29.452
1,1,1,4.48,0.809
3,3,2,24.95,28.702
1,1,1,18.28,0.801
2,1,5,18.51,3.112
1,1,1,35.98,0.394
1,1,4,27.08,0.512
2,1,2,10.3,4.22
3,2,3,23.34,22.888
2,2,3,52.9,7.299
1,1,3,35.43,0.609
1,2,1,28.29,1.045
1,1,1,15.02,0.593
1,1,2,42.23,0.725
2,1,1,31.66,3.952
2,1,1,8.99,3.314
2,1,1,4.2,3.18
2,1,3,38.17,3.28
2,1,3,23.76,2.924
2,3,1,24.04,5.811
1,3,4,38.47,0.84
1,3,3,57.89,1.031
2,1,1,43.34,3.451
2,1,2,34.94,4.076
1,2,2,34.82,1.225
1,2,4,21.68,1.233
2,1,2,42.43,3.304
1,2,2,26.39,0.971
1,3,1,22.86,0.778
2,1,3,12.67,3.386
2,3,5,19.85,2.491
1,1,3,14.86,0.549
2,1,3,30.82,4.327
1,1,4,20.96,0.631
2,2,3,29.55,5.751
1,1,5,11.64,0.373
1,2,2,47.24,2.441
1,1,3,31.14,0.681
1,1,2,24.63,0.616
2,2,1,20.18,7.603
1,1,1,2.97,0.618
1,2,1,46.28,1.618
1,3,1,57.6,1.387
2,3,1,32.31,4.808
2,3,1,7.66,5.332
3,1,1,23.77,21.245
1,1,1,3.38,0.679
1,2,5,40.54,0.762
1,3,2,2.7,0.839
1,1,3,14.91,0.45
3,3,2,10.25,13.879
2,1,2,31.05,4.959
1,2,3,23.28,1.186
1,2,4,53.94,1.447
3,1,1,17.78,14.231
1,1,1,31.71,0.85
1,1,3,4.04,0.467
1,2,1,1.94,1.325
1,2,5,19.45,0.576
1,1,3,10.43,0.345
1,2,1,39.32,2.084
1,2,1,19.06,0.914
2,1,3,15.97,4.126
1,1,2,53.46,1.119
1,1,2,29.87,0.653
3,1,1,37.44,23.453
2,3,1,21.42,4.233
1,3,1,4.02,0.63
1,2,1,49.62,2.268
2,1,1,2.74,3.944
1,2,1,4.25,1.148
1,1,3,39.0,0.648
3,1,1,40.19,14.761
1,3,2,50.12,1.046
2,3,1,11.68,3.147
1,3,1,24.02,1.293
2,1,2,65.6,3.637
1,1,4,14.86,0.586
1,2,3,8.79,1.111
1,1,2,19.81,0.689
1,2,5,40.56,0.61
2,1,1,49.24,4.532
1,3,3,8.59,0.561
1,1,1,23.7,0.623
2,1,1,39.74,2.767
2,3,2,26.84,3.169
1,2,3,34.61,1.031
1,1,2,21.48,1.016
3,3,1,21.46,12.856
2,2,4,22.36,6.276
2,2,1,2.7,6.61
3,1,1,34.99,14.375
2,3,1,17.46,4.519
1,2,4,26.31,0.851
1,2,1,21.55,1.529
1,3,3,4.53,0.597
2,1,1,44.19,4.006
3,2,1,31.77,28.29
1,3,1,35.29,1.531
1,1,1,48.34,0.716
1,2,1,43.98,1.188
3,3,3,20.07,13.307
1,2,5,31.64,0.636
1,1,1,20.3,0.559
1,1,1,35.64,0.769
1,1,3,34.67,1.092
1,1,3,18.5,0.524
1,2,2,40.92,1.286
1,2,1,33.64,1.914
1,2,1,4.16,1.505
1,1,4,29.0,0.289
1,2,1,42.55,2.411
1,3,1,19.73,0.698
2,3,1,12.83,4.456
1,2,2,21.94,1.309
1,1,2,7.21,0.539
1,3,3,24.33,0.603
1,3,2,17.81,1.326
1,3,3,21.68,0.568
1,2,4,3.86,0.636
2,1,2,40.04,2.389
1,1,1,73.64,1.206
1,1,2,37.66,0.579
1,1,1,32.53,0.657
1,1,4,18.2,0.604
1,3,2,31.49,0.606
2,1,3,18.88,4.094
2,1,4,16.54,2.667
1,2,1,32.5,1.442
1,1,1,9.19,0.521
1,1,3,30.85,0.505
1,2,2,31.62,0.883
2,1,3,54.06,3.69
1,1,1,30.05,0.589
1,2,1,8.71,0.966
3,1,3,24.95,27.604
1,1,4,49.51,0.466
1,2,4,39.88,1.602
2,3,3,28.54,4.442
1,1,1,6.79,0.85
1,1,1,20.78,0.65
1,2,1,16.93,1.204
3,2,2,13.56,30.78
1,2,3,41.67,0.911
1,2,2,19.6,0.868
1,3,2,27.44,0.745
1,1,2,28.67,0.606
2,3,1,17.4,4.608
1,1,5,11.55,0.302
1,3,1,41.83,0.955
1,2,5,16.94,0.51
2,2,1,45.84,10.832
1,1,2,40.26,1.032
2,2,4,29.37,4.326
2,1,1,22.24,3.015
1,1,2,47.71,0.863
2,2,1,38.67,6.466
2,1,1,14.5,3.566
1,1,1,48.44,0.812
3,1,1,14.23,15.43
1,3,1,12.8,0.776
2,1,4,17.34,3.171
3,2,5,20.98,14.064
1,3,1,13.33,0.736
2,1,3,11.58,3.34
1,1,3,11.02,0.46
2,3,1,30.31,3.753
2,2,1,39.75,9.809
1,1,3,55.55,0.727
1,1,1,38.39,0.898
1,2,1,5.12,0.775
1,2,1,42.63,1.357
1,1,2,32.8,0.654
1,3,1,13.99,0.832
1,1,1,32.88,0.701
1,1,1,25.52,0.924
2,1,1,43.52,7.956
2,2,3,34.68,13.118
2,3,3,35.68,3.32
1,1,4,36.58,0.328
2,2,2,12.51,4.777
1,1,2,9.42,0.669
1,1,2,53.17,0.975
1,1,1,52.11,1.209
2,2,5,57.53,4.061
1,3,1,36.8,0.798
1,1,3,19.06,0.617
3,1,2,6.86,15.533
1,1,4,36.49,0.588
1,2,1,16.42,0.959
3,1,2,21.4,13.601
1,3,2,36.17,0.668
1,2,1,29.89,2.089
2,2,2,17.67,4.198
2,1,2,25.84,2.723
1,1,3,47.28,0.798
2,3,2,12.67,4.699
1,2,3,10.13,1.013
1,2,3,27.74,1.075
1,2,2,4.68,1.103
1,3,2,10.34,0.69
2,1,2,15.26,2.915
2,3,2,17.02,2.442
1,1,4,24.08,0.335
1,2,1,15.11,0.873
1,2,4,44.93,1.031
2,1,4,54.45,4.513
1,1,3,11.21,0.641
2,1,3,26.84,2.21
1,1,1,41.5,0.667
1,1,2,4.24,0.672
2,1,1,32.5,4.915
2,1,2,36.02,4.976
1,1,1,38.99,0.751
2,1,3,45.47,2.902
3,2,2,7.04,21.991
1,1,1,19.92,0.82
1,2,3,24.96,0.899
1,3,1,32.38,1.18
2,3,3,28.52,4.185
1,2,2,17.11,1.128
1,1,4,26.4,0.325
1,2,3,14.54,0.878
2,1,1,21.31,2.481
1,1,1,40.68,1.516
2,1,4,72.88,2.813
1,3,1,9.81,0.852
3,1,2,25.3,14.245
1,1,2,27.49,0.491
1,1,1,29.6,0.76
2,1,1,17.97,2.852
3,1,2,26.11,14.969
1,1,2,15.27,0.757
1,2,1,14.02,0.701
2,3,3,15.52,4.03
2,2,1,44.69,8.164
1,3,3,14.68,0.665
1,2,1,15.05,0.851
2,1,2,25.42,3.013
2,3,2,46.52,6.458
2,1,1,9.84,3.951
1,2,1,13.15,0.949
1,1,2,37.65,0.774
3,1,3,16.29,11.256
2,1,2,18.07,2.899
2,1,1,29.48,3.761
1,2,1,22.73,1.2
1,3,2,61.98,2.934
2,3,2,21.11,3.823
1,3,5,29.91,0.667
3,3,2,29.08,12.661
1,3,1,36.89,1.263
2,2,5,45.58,5.488
2,2,5,20.91,2.385
1,1,1,6.79,0.854
1,3,2,14.53,0.98
2,2,1,29.56,4.913
1,1,5,13.81,0.262
1,1,4,28.19,0.565
2,3,1,13.71,3.226
3,2,1,18.09,30.934
1,1,1,1.53,0.405
1,1,4,35.41,0.392
1,2,2,21.35,1.042
1,2,2,6.03,0.842
1,1,3,7.75,0.624
1,2,2,21.78,0.939
2,2,3,3.82,2.754
1,1,3,48.08,0.574
3,1,1,47.14,19.69
1,1,2,64.64,1.318
1,2,2,45.82,1.913
2,3,2,13.88,3.302
2,3,2,20.61,2.97
1,2,1,36.43,1.588
1,1,4,46.71,0.91
1,1,3,14.11,0.68
1,2,5,4.31,0.572
1,1,1,8.49,0.45
1,2,2,48.2,1.494
1,3,3,9.32,0.735
1,1,3,18.4,0.415
3,1,2,3.6,11.911
2,2,2,29.89,7.243
1,1,2,24.43,0.768
1,1,3,42.32,0.902
1,2,3,8.88,0.822
1,1,1,33.88,0.586
2,1,2,50.91,3.828
2,3,2,49.57,6.922
3,1,3,29.88,10.596
3,1,1,43.65,23.844
3,3,2,10.97,20.421
3,1,1,31.36,21.495
1,1,1,26.91,0.656
1,3,1,10.23,0.638
1,2,1,6.52,1.283
1,1,1,23.57,0.648
1,2,2,32.83,1.184
2,1,2,27.47,2.692
2,3,4,41.42,4.99
1,2,1,8.74,1.342
1,2,1,29.55,1.723
1,1,2,29.93,1.053
1,1,3,42.47,0.898
2,1,1,20.79,1.832
1,2,1,27.24,3.786
2,2,3,42.34,2.96
1,1,1,17.43,0.499
1,1,1,24.2,0.539
1,1,1,28.51,0.865
2,1,1,25.08,2.056
2,3,5,14.26,2.214
1,3,2,37.06,0.751
3,2,1,6.7,21.892
1,3,1,26.22,0.624
2,2,2,25.77,4.126
1,1,3,24.96,0.555
1,2,2,30.32,1.128
2,1,2,26.62,2.972
1,1,1,16.52,0.864
1,2,1,22.45,1.267
1,1,1,22.3,0.733
1,3,2,27.8,0.761
2,1,1,15.49,3.015
2,1,1,9.98,3.931
2,1,4,25.24,2.916
1,1,3,5.01,0.314
1,1,4,46.98,0.592
1,1,1,1.74,0.597
1,1,3,32.73,0.741
1,1,2,54.98,1.378
3,1,1,66.08,21.029
2,2,1,8.58,5.853
2,3,2,51.28,7.321
1,3,1,22.4,1.141
1,1,1,30.11,1.055
1,2,2,29.36,1.192
1,3,3,32.98,0.899
1,1,1,32.09,0.79
1,3,2,35.02,1.269
1,2,3,29.55,0.823
3,1,2,34.38,11.383
1,1,1,7.8,0.695
3,3,2,20.35,25.149
1,1,4,10.96,0.27
1,1,4,26.4,0.418
1,1,4,3.94,0.479
1,1,5,10.73,0.343
1,1,3,10.79,0.662
1,1,1,47.85,1.456
3,2,3,39.72,29.461
1,1,3,11.58,0.494
2,3,3,47.9,2.259
1,3,4,17.06,0.459
1,1,1,37.35,1.059
1,3,2,31.5,0.535
1,2,3,10.47,1.173
3,1,1,36.04,20.965
2,1,1,35.84,3.017
2,2,1,23.77,4.639
1,3,2,9.38,0.596
1,1,2,18.49,0.546
3,2,1,36.47,36.728
1,3,4,28.35,0.65
1,3,3,40.18,1.234
1,3,2,57.38,1.975
2,1,3,16.23,2.467
2,1,1,16.44,2.673
2,1,2,20.23,3.325
2,1,4,17.63,2.231
1,3,3,51.75,0.74
3,2,2,26.58,18.163
1,3,2,17.63,0.962
2,1,3,37.43,4.198
1,1,3,28.42,0.586
3,1,1,50.24,18.637
1,1,1,42.96,0.845
1,2,3,4.43,0.822
1,2,3,21.78,0.731
1,2,1,48.87,1.641
1,3,3,22.47,0.647
2,1,2,33.15,3.384
1,1,2,25.16,0.909
3,2,1,51.71,36.933
1,1,1,29.62,0.704
2,1,3,11.45,2.631
1,1,2,33.89,0.855
2,3,1,12.94,4.942
1,3,2,2.09,1.027
1,1,2,34.39,0.967
3,2,2,39.15,36.44
1,1,4,12.25,0.383
1,1,2,43.97,0.773
2,1,3,15.48,2.036
2,1,2,37.4,3.413
1,3,2,9.93,0.617
1,1,2,26.65,0.688
2,2,1,24.41,8.206
2,3,4,45.83,3.662
3,1,1,3.74,12.652
1,2,2,40.13,1.235
2,1,2,4.98,4.004
1,1,2,10.73,0.508
3,1,1,43.45,27.667
1,3,3,37.0,0.416
2,1,1,5.81,3.63
1,1,4,6.34,0.504
1,1,3,25.49,0.487
2,3,3,19.27,2.744
1,2,1,20.48,0.961
3,3,5,17.86,11.745
1,2,1,42.8,1.829
2,1,1,11.38,3.827
1,1,2,39.49,1.09
1,1,4,35.57,0.628
1,1,3,21.4,0.458
1,2,1,14.6,1.146
1,2,3,22.79,0.991
2,1,1,25.68,3.525
2,3,2,13.35,3.523
2,1,1,37.83,2.722
1,2,1,46.53,1.2
1,1,4,3.33,0.365
1,2,2,20.24,1.378
2,3,1,12.89,3.757
2,1,1,38.54,2.954
1,1,4,15.78,0.338
2,2,1,19.07,8.149
1,3,3,34.27,0.673
1,2,1,46.4,1.861
1,1,1,4.13,0.878
1,2,2,51.0,1.409
2,2,2,41.75,6.064
3,1,3,16.72,10.293
1,2,3,25.84,1.19
1,2,1,33.9,1.317
2,1,1,26.21,2.74
3,1,4,5.63,10.743
2,2,2,42.36,7.427
1,1,1,31.56,0.422
2,1,2,6.33,3.285
1,2,1,42.26,1.665
3,1,5,11.93,7.974
1,1,3,13.39,0.631
2,3,1,26.04,3.912
1,2,1,50.26,1.248
1,1,3,24.75,0.532
2,1,2,44.25,5.756
2,1,2,32.7,4.075
1,2,1,54.97,1.204
3,1,2,71.26,28.593
2,1,4,15.55,2.408
1,3,1,8.02,0.6
1,2,3,47.05,1.434
1,3,1,27.49,1.088
2,2,3,24.45,4.448
1,3,3,44.18,0.769
1,1,1,45.17,0.784
3,1,4,21.02,14.608
3,1,5,20.52,7.494
2,1,2,44.42,2.419
3,3,3,30.86,24.838
2,2,2,43.01,8.93
2,1,1,29.25,4.288
2,1,2,17.69,4.338
1,2,4,37.19,0.911
1,1,2,23.31,0.953
1,2,5,14.89,0.694
2,3,4,12.3,2.883
1,2,1,26.25,1.161
1,1,3,30.89,0.598
1,2,2,47.52,1.665
1,2,5,55.14,0.77
1,3,1,37.01,0.869
2,1,1,16.15,3.746
2,2,1,34.46,13.983
1,2,2,26.14,1.158
1,1,3,25.28,0.709
1,1,2,10.96,0.855
2,1,5,14.63,1.908
2,3,3,33.85,5.239
1,1,5,4.25,0.33
2,1,1,10.15,2.638
1,1,1,49.84,0.674
1,1,4,48.78,0.456
3,2,1,14.81,31.245
1,1,1,24.47,0.781
1,2,1,11.29,1.455
1,1,1,35.08,0.666
2,1,3,19.12,1.976
3,2,4,10.41,16.998
3,3,3,4.98,13.576
1,1,1,21.04,0.448
1,1,3,4.88,0.58
2,1,1,73.89,7.949
1,1,1,37.55,0.898
2,1,1,49.74,6.865
2,3,4,22.92,2.777
1,1,1,40.45,1.14
2,1,4,26.76,2.519
1,3,1,41.41,1.049
1,2,2,44.15,1.526
1,1,4,55.38,0.467
1,2,1,40.8,1.097
2,2,2,19.65,6.491
2,3,1,46.94,5.838
3,1,1,13.71,10.751
3,2,4,43.66,19.772
1,2,1,25.47,1.234
1,3,2,20.34,1.011
2,2,2,8.21,4.601
3,1,1,34.15,33.966
1,3,4,40.28,0.722
1,1,1,14.19,0.453
1,1,1,31.78,0.521
1,1,1,55.64,1.001
2,3,1,14.67,6.212
1,2,2,13.09,1.41
2,3,3,63.22,9.055
2,2,4,3.48,2.702
2,1,1,57.31,3.9
1,2,5,20.66,0.94
1,1,2,11.2,0.522
2,1,2,66.69,6.967
2,3,2,21.07,3.819
1,3,2,21.47,0.671
2,2,1,25.15,6.021
1,1,4,15.58,0.388
2,2,1,21.42,5.016
1,2,2,63.51,1.896
1,1,4,60.67,0.556
1,1,2,17.93,1.062
1,1,1,40.88,1.344
1,1,2,11.73,0.833
1,2,4,18.02,0.808
1,1,2,68.43,1.515
2,3,1,35.61,6.447
1,3,3,47.86,1.348
2,1,1,55.67,5.594
2,3,1,29.13,3.437
1,2,2,26.04,1.89
1,3,1,60.24,1.569
2,3,1,39.05,6.551
2,1,2,9.66,2.439
1,3,5,32.61,0.381
2,1,1,7.77,2.783
1,3,5,7.89,0.608
1,2,2,19.15,1.318
2,2,3,23.04,6.364
1,1,2,30.76,0.355
2,1,1,29.98,2.216
1,1,1,25.14,0.47
2,1,2,12.64,2.908
1,1,5,33.33,0.597
1,1,1,18.36,0.43
1,3,2,57.14,1.063
1,3,2,17.83,0.914
2,2,1,61.58,7.615
1,3,1,49.1,1.102
1,2,4,64.73,1.253
1,3,3,18.62,0.918
1,2,5,6.91,0.472
2,2,4,27.83,2.633
1,1,4,38.5,0.306
3,2,1,32.97,41.607
1,2,2,13.72,1.003
2,1,2,23.97,3.71
1,1,2,25.54,0.496
1,3,3,1.8,0.708
2,3,5,19.52,1.812
3,2,1,49.05,50.526
2,1,3,10.16,4.139
1,1,3,41.36,1.884
1,1,3,24.17,0.426
2,3,1,13.15,7.032
1,1,1,23.96,0.813
2,1,1,34.91,4.559
1,2,2,43.41,0.618
1,2,3,19.27,0.741
2,3,5,13.65,1.967
2,1,4,37.01,2.985
1,1,1,13.55,0.894
1,1,2,13.68,0.491
2,2,3,28.75,6.706
1,1,2,40.14,0.473
1,2,1,15.07,0.875
1,1,2,47.31,1.132
2,1,3,5.72,3.124
2,1,3,6.37,3.442
1,3,3,32.82,0.445
1,2,1,3.98,0.766
1,2,2,42.17,0.962
1,1,1,8.58,0.476
1,1,1,17.87,0.732
1,1,4,28.25,0.658
2,3,1,45.29,5.158
1,1,3,25.03,0.519
1,1,3,17.54,0.498
1,3,1,19.03,0.555
2,2,1,41.22,10.558
2,1,1,25.75,4.052
1,1,2,14.23,0.661
2,1,1,57.55,3.355
1,2,1,37.83,1.69
1,3,1,36.51,1.565
3,1,2,32.75,11.48
1,1,2,27.96,0.653
1,1,4,36.71,0.571
1,1,1,28.4,0.441
1,2,2,17.41,0.947
2,1,2,36.92,4.011
1,3,2,40.33,1.041
1,1,1,62.07,0.824
1,2,1,9.14,1.392
1,2,1,24.98,0.88
1,2,1,54.23,1.912
1,3,2,66.56,1.471
2,2,3,53.96,10.025
1,2,1,3.22,1.069
1,2,1,17.26,1.264
1,2,2,5.39,1.052
1,1,2,5.64,0.801
1,2,2,59.44,2.98
2,3,1,37.3,4.609
1,2,1,19.35,1.469
2,3,2,28.37,4.05
3,3,2,29.62,25.987
1,1,1,30.96,0.746
1,2,1,35.48,1.516
1,3,3,58.13,1.148
2,1,4,20.55,1.8
1,1,3,20.78,0.54
2,1,3,16.87,2.383
2,3,5,7.41,3.327
2,3,1,42.03,3.846
1,3,1,24.33,0.933
3,1,2,12.56,17.674
1,2,5,36.46,0.74
1,1,2,9.41,0.816
1,3,4,21.14,0.688
3,3,5,54.47,14.586
1,2,3,28.03,1.439
2,1,2,21.44,2.303
1,3,3,17.87,0.792
3,3,2,28.37,25.165
1,3,2,56.29,1.665
1,2,1,19.94,1.554
3,1,1,36.31,23.419
1,1,1,45.66,0.999
1,1,2,27.35,1.106
1,3,1,24.78,0.876
1,1,1,35.95,0.741
1,2,3,44.91,1.526
1,3,2,22.84,0.752
1,1,2,39.24,0.686
2,2,4,36.88,4.731
1,2,2,3.4,0.84
1,2,2,16.35,1.504
1,2,4,15.13,0.914
1,2,4,8.16,0.797
2,1,2,5.09,2.573
3,2,2,44.81,20.528
3,3,1,10.72,20.39
1,1,1,13.96,0.514
1,1,3,14.49,0.384
1,1,1,50.2,0.667
1,2,4,12.32,0.606
1,1,2,47.07,1.17
2,1,1,22.17,2.986
1,2,1,51.1,1.844
1,2,2,25.59,0.903
1,2,5,46.26,1.221
1,3,3,63.71,1.076
1,1,2,16.91,0.837
1,3,1,48.09,1.741
2,2,2,44.8,3.447
1,1,1,9.08,0.598
1,1,2,28.94,0.51
1,2,1,14.82,1.174
2,2,1,37.87,8.228
1,3,4,5.6,0.659
2,2,3,16.61,6.22
3,3,4,20.51,14.593
1,1,1,31.98,1.341
2,2,2,7.29,3.424
1,1,2,24.1,0.463
3,1,1,22.46,18.998
1,2,2,11.04,1.138
3,1,5,23.12,8.665
1,1,1,44.56,1.324
1,1,1,75.58,1.468
1,3,1,52.56,0.848
2,3,1,17.83,6.751
1,3,2,30.4,1.043
1,1,2,11.48,0.739
2,1,3,17.24,2.241
2,1,1,62.38,7.169
1,2,2,29.61,1.858
1,3,1,61.79,1.019
1,1,1,17.49,0.637
2,2,3,25.84,4.188
1,1,1,11.03,0.749
2,2,3,15.51,4.152
1,3,3,37.32,0.707
1,2,5,2.51,0.77
1,2,1,2.68,1.252
1,1,3,24.51,0.472
2,1,1,50.89,2.533
1,1,1,68.44,1.686
1,3,2,41.42,0.857
3,2,1,11.87,21.884
3,1,2,31.39,18.783
2,2,3,32.25,5.156
1,1,4,1.84,0.332
1,1,1,11.5,0.576
2,1,1,47.78,4.852
1,3,2,38.61,0.704
1,1,2,44.19,1.283
2,3,3,29.73,3.687
1,1,1,55.96,1.499
1,1,2,30.7,0.603
3,3,2,18.75,17.878
2,1,1,12.09,3.221
1,3,1,29.09,1.484
1,2,5,37.25,0.718
1,1,3,13.9,0.626
1,3,1,70.88,1.861
2,1,1,51.92,4.346
2,1,3,33.8,2.626
1,3,1,28.54,0.937
1,1,1,14.73,0.388
2,2,2,45.57,8.422
1,1,2,21.42,0.908
1,3,1,22.38,1.032
1,1,4,6.49,0.564
2,1,3,17.18,3.4
1,3,1,17.35,1.089
2,2,5,22.49,3.657
1,2,1,24.4,0.798
2,2,1,25.76,7.413
1,2,1,50.35,1.575
1,1,2,27.0,0.624
1,2,2,47.02,1.486
1,1,2,14.82,0.664
1,1,2,33.74,1.117
1,1,2,15.9,0.522
1,3,1,15.8,0.926
1,1,2,36.01,0.789
3,1,4,16.01,9.575
1,2,3,58.11,1.395
2,1,2,36.36,4.864
3,1,4,8.18,9.91
1,1,5,23.86,0.598
2,1,3,38.82,3.26
2,3,1,36.2,6.991
2,2,1,16.95,5.153
1,1,3,31.6,0.556
1,1,2,45.36,1.032
1,2,2,24.08,1.074
1,1,2,29.97,0.782
3,1,1,13.19,15.257
3,2,1,38.18,33.381
1,2,1,11.85,1.035
2,1,2,49.69,5.191
1,1,2,41.81,0.865
3,2,1,20.15,20.925
1,1,1,31.47,0.453
3,1,1,59.98,24.442
2,3,1,24.97,3.895
1,1,2,8.19,1.04
1,2,2,33.03,1.382
2,3,3,17.67,2.126
1,1,1,61.39,2.106
1,1,1,48.51,1.856
3,2,2,16.5,19.477
1,1,3,39.12,0.565
1,1,4,53.73,1.088
1,3,2,8.58,0.84
1,1,4,28.54,0.477
3,3,2,34.86,20.216
1,2,3,26.79,1.211
1,2,1,5.58,0.956
1,1,1,35.16,1.067
3,2,3,15.52,10.529
1,2,2,11.37,1.119
2,1,2,47.1,8.453
2,3,3,44.72,4.669
2,3,2,29.77,3.606
3,1,1,40.32,18.825
2,1,1,57.76,10.17
3,3,1,22.99,18.757
1,1,3,48.44,0.882
2,3,2,22.95,2.978
1,1,1,40.63,0.737
1,1,1,46.81,0.694
2,1,1,34.89,1.912
3,1,2,16.21,15.653
2,2,1,11.37,5.856
1,1,2,33.84,0.526
1,3,2,59.97,1.866
1,1,2,18.58,0.508
1,2,3,20.53,1.228
1,2,4,7.64,0.67
1,1,4,20.8,0.458
1,3,2,19.61,1.141
2,1,3,34.3,1.72
1,2,2,41.62,1.664
3,1,2,64.47,20.927
2,1,2,33.2,4.282
1,1,3,27.79,0.568
1,1,4,48.15,0.326
1,3,1,29.97,0.819
3,3,1,9.24,19.785
1,3,1,37.97,1.329
1,2,3,25.17,1.776
3,2,2,58.61,93.136
3,3,2,23.83,17.089
1,2,3,38.36,1.485
1,3,1,1.75,1.188
1,1,2,49.52,0.489
1,2,1,60.89,5.248
1,1,2,55.75,1.106
1,1,1,35.12,0.74
3,1,1,12.58,17.146
1,3,2,15.09,1.07
2,2,5,57.33,2.941
1,1,1,20.16,0.7
2,3,2,42.76,4.746
2,3,4,7.77,2.491
2,2,1,20.05,6.354
3,1,4,73.19,23.103
1,1,2,34.52,0.505
1,3,1,12.44,0.796
1,1,2,21.35,0.589
1,1,3,8.08,0.494
3,1,2,15.79,12.805
1,2,3,14.91,0.764
2,1,1,25.2,3.875
1,3,1,33.56,0.802
1,3,3,10.88,0.712
1,3,2,20.2,0.81
2,1,2,62.28,4.894
2,1,5,64.97,3.898
1,2,5,20.18,0.756
1,3,2,9.36,0.818
2,1,2,40.15,2.53
1,1,1,36.97,0.634
3,2,2,29.9,24.455
1,2,3,12.97,0.64
1,1,1,40.72,0.595
1,1,1,57.57,2.29
1,1,2,7.71,0.516
1,1,2,25.82,0.49
1,1,1,50.9,0.668
3,2,1,42.25,42.689
1,1,1,23.92,0.56
1,1,5,10.36,0.356
1,1,2,35.84,0.448
1,1,2,23.08,0.59
1,2,1,7.64,1.199
1,2,1,1.71,1.329
2,2,1,15.98,5.259
1,1,1,29.93,0.597
3,1,1,25.14,23.186
1,2,1,26.75,1.357
2,1,4,47.87,3.019
1,1,4,6.75,0.335
1,2,2,17.67,1.349
2,1,2,30.68,3.669
2,1,1,9.27,2.342
2,1,5,26.63,1.875
1,1,1,47.09,1.009
2,3,1,55.1,5.449
2,2,2,10.22,7.569
2,1,3,22.55,1.829
1,1,1,39.85,0.758
2,1,1,43.02,5.641
2,2,1,23.45,7.045
3,2,1,5.04,26.674
1,1,3,18.31,0.589
1,3,2,41.46,0.937
2,3,2,25.82,3.699
1,2,1,23.67,1.23
2,3,5,3.89,3.348
1,1,4,24.2,0.647
1,1,2,48.95,0.773
2,1,1,20.05,2.022
1,1,1,20.98,0.595
1,1,2,7.75,0.587
2,3,3,30.78,3.0
2,3,1,25.59,6.692
2,2,4,33.88,4.334
1,2,1,31.1,0.742
1,1,4,12.99,0.399
3,1,2,28.77,25.655
1,1,2,34.08,0.836
1,2,1,27.18,1.039
1,2,2,41.52,0.849
1,2,2,11.5,1.227
2,3,2,19.96,4.832
2,1,4,29.42,3.792
2,1,1,52.91,3.977
1,1,3,6.51,0.384
1,3,2,32.33,0.747
1,1,5,52.83,0.324
1,1,1,8.66,0.488
1,3,4,66.74,1.012
1,1,1,13.22,0.423
1,1,2,15.11,0.774
1,1,2,41.32,1.024
2,1,2,8.68,4.038
1,2,2,11.24,0.853
1,3,5,16.38,0.611
2,1,3,48.91,4.14
2,2,3,56.92,8.166
2,1,3,10.75,2.464
1,3,1,16.34,0.678
2,1,1,43.65,5.796
1,1,1,25.19,0.568
1,1,2,29.17,0.725
1,3,2,35.13,0.886
1,1,1,26.55,0.487
1,1,1,33.15,0.625
1,1,1,55.51,1.167
2,3,1,51.94,4.194
1,1,2,26.41,0.626
1,3,2,63.22,0.57
1,1,3,27.66,0.751
1,1,3,7.82,0.647
1,1,3,65.69,2.068
1,1,1,64.88,1.596
1,1,2,27.75,0.715
2,1,4,9.84,2.244
3,1,5,24.12,7.677
1,1,1,59.14,0.61
2,2,2,20.96,5.5
2,1,1,16.79,3.444
3,1,1,33.95,21.099
2,3,2,29.66,4.718
2,2,1,29.04,4.118
3,2,3,16.58,23.234
2,1,2,6.01,2.236
1,2,1,25.53,1.82
1,1,1,28.25,0.78
1,1,1,21.64,0.928
1,1,1,16.67,1.246
1,3,2,15.27,0.852
1,1,1,10.89,0.63
1,1,2,20.43,0.602
1,1,3,43.63,1.072
2,1,1,17.88,3.147
1,1,1,40.52,0.683
1,1,4,37.83,0.45
2,3,1,4.11,5.222
2,1,1,7.92,2.673
3,2,1,17.06,33.1
2,1,2,41.06,3.467
2,1,3,21.57,2.544
1,1,1,21.03,0.6
1,1,1,32.02,0.839
1,1,5,45.1,0.532
2,1,2,7.78,3.363
3,1,3,7.51,14.739
1,2,1,61.49,3.41
1,3,1,25.14,0.714
1,1,1,16.26,0.586
1,1,1,26.44,1.433
1,1,2,19.01,0.625
1,2,1,43.71,1.246
3,1,1,50.18,26.385
1,1,2,36.42,0.72
2,2,3,15.85,4.546
2,2,5,63.92,5.619
1,1,1,22.8,0.662
1,2,1,20.92,1.875
2,1,1,24.9,4.263
1,1,1,51.27,0.981
3,2,1,41.59,32.282
1,2,1,63.1,1.288
2,1,1,27.28,4.371
2,1,2,29.42,3.85
1,1,1,22.98,0.698
1,3,2,13.7,0.755
3,1,4,34.62,14.876
1,3,3,25.46,0.711
1,3,2,41.72,0.855
1,2,2,41.55,1.233
1,3,2,28.46,0.889
2,1,1,63.12,11.079
2,1,2,9.9,3.308
1,1,2,16.33,0.742
2,2,3,33.53,4.544
1,3,1,18.95,0.755
1,1,1,55.28,0.998
1,1,3,24.74,0.393
3,1,2,20.15,8.019
1,1,3,15.55,0.42
1,2,3,3.91,0.983
1,2,2,6.75,0.852
2,3,2,37.3,3.195
1,1,5,17.38,0.421
1,2,3,34.1,1.079
2,1,2,4.38,3.073
1,2,2,52.17,1.889
1,2,1,39.22,2.104
1,2,1,51.53,2.386
1,1,3,28.59,0.325
1,1,1,26.62,0.743
2,3,2,24.82,5.253
2,2,2,4.65,4.808
2,3,2,22.44,2.85
3,1,2,22.67,14.551
1,1,3,5.16,0.475
1,1,1,22.42,0.299
3,2,1,41.84,55.641
1,1,4,35.98,0.402
2,1,1,34.73,4.385
2,1,2,46.97,6.28
1,1,1,50.5,0.983
1,1,2,27.54,0.325
1,2,1,44.99,1.748
1,2,2,31.63,1.197
1,1,2,46.76,0.508
1,3,4,5.18,0.409
2,3,1,32.96,4.329
3,2,1,25.81,28.58
2,2,1,12.9,6.715
1,2,1,43.02,1.377
1,1,4,17.61,0.378
1,1,1,42.86,1.534
1,1,1,14.55,0.446
3,1,1,46.16,17.442
1,3,1,20.92,0.374
1,3,2,27.47,1.081
2,2,1,46.92,13.549
1,2,4,58.29,1.154
1,3,4,32.35,0.934
1,2,1,14.97,1.591
2,1,1,31.72,5.815
2,3,1,22.87,5.824
1,2,2,12.98,0.871
3,1,2,27.46,12.928
2,1,1,39.28,2.704
2,2,1,20.07,10.744
1,1,4,23.64,0.425
1,3,2,20.58,0.763
2,2,1,14.5,5.903
1,1,3,14.02,0.619
2,1,1,40.67,4.107
2,2,3,22.83,4.355
1,1,3,18.08,0.748
2,2,1,3.05,6.53
3,3,1,28.16,47.39
2,2,2,18.1,4.184
1,1,3,3.66,0.423
2,3,2,27.34,2.887
1,3,2,53.3,1.472
2,3,1,40.5,5.166
2,1,1,37.63,4.987
2,1,1,51.06,7.932
1,2,2,25.69,0.798
1,1,2,31.3,0.591
1,2,1,50.55,2.977
1,3,4,24.77,0.457
1,3,1,23.91,0.709
1,1,4,12.59,0.382
1,3,4,11.77,0.534
2,2,2,37.47,10.77
3,2,3,29.47,31.551
1,1,2,15.5,0.631
2,1,1,60.22,6.365
2,2,1,37.95,11.005
1,2,2,20.29,1.035
1,3,1,8.08,0.743
2,1,3,26.41,1.882
3,1,1,54.4,34.663
2,1,1,45.31,6.164
3,2,3,8.33,25.246
3,2,2,30.04,23.255
1,1,2,8.45,0.369
2,1,1,19.1,2.849
1,1,2,48.05,0.863
3,1,1,23.47,13.044
1,1,3,32.21,0.353
1,3,1,12.75,0.915
2,1,3,34.92,3.533
1,1,2,12.07,0.358
2,2,1,18.62,6.054
1,3,4,15.31,0.351
3,2,4,29.1,35.833
2,1,1,44.35,5.314
1,1,1,1.89,0.88
2,1,1,37.27,2.931
1,1,2,49.42,1.624
2,2,2,17.29,4.721
2,3,2,23.18,4.057
2,1,5,52.68,2.352
1,2,2,43.15,1.179
1,2,2,53.29,1.018
2,2,5,6.55,2.697
1,1,1,19.74,0.708
1,3,4,33.44,0.888
1,1,1,12.41,0.599
1,1,3,41.3,0.446
2,1,3,20.58,2.038
1,2,3,11.37,0.877
1,3,1,35.06,1.154
3,1,2,22.98,12.782
1,1,1,14.75,0.818
2,3,4,26.4,2.094
1,2,1,9.98,0.966
2,3,4,16.02,3.272
2,2,2,30.21,7.02
2,2,2,11.08,3.889
1,1,1,30.95,1.137
1,1,2,34.07,0.756
2,2,3,10.65,4.509
1,1,2,24.88,0.714
1,1,2,29.57,0.657
1,2,2,19.45,1.259
3,1,1,42.67,22.777
2,2,1,30.13,7.474
2,1,4,21.99,2.169
2,3,2,18.73,3.864
1,1,3,33.52,0.49
1,2,3,24.41,0.832
1,1,4,14.69,0.507
2,1,3,18.27,3.415
1,1,1,35.14,0.886
2,1,2,31.25,3.145
2,2,2,4.26,6.129
1,1,3,14.22,0.556
1,3,4,66.23,0.769
1,1,4,26.46,0.417
3,2,1,20.25,33.509
3,2,2,7.96,27.56
3,1,1,47.46,22.791
1,1,2,5.31,0.735
1,1,1,8.73,0.437
1,1,1,12.75,0.543
1,1,1,37.17,0.742
1,3,2,4.62,1.126
1,1,1,41.39,0.899
3,3,4,35.65,13.728
1,3,1,19.57,0.704
1,1,4,56.89,1.136
2,2,2,9.09,5.183
1,3,2,13.5,0.748
2,1,1,58.78,5.221
2,2,1,25.03,5.843
2,2,2,1.86,4.174
2,2,2,31.53,5.257
1,3,1,15.33,1.017
2,1,3,29.74,3.294
1,1,2,33.91,1.001
1,2,1,35.52,1.56
1,1,4,31.55,0.378
1,2,3,26.29,0.811
2,1,2,34.88,3.001
1,1,3,38.78,0.682
1,3,3,9.65,0.617
1,2,2,49.24,0.897
2,2,5,20.45,2.944
1,3,2,25.19,0.948
2,1,1,21.12,4.654
2,2,2,17.87,6.426
1,1,3,38.33,0.808
2,2,2,11.26,6.369
1,3,4,37.34,0.842
1,3,3,11.05,0.828
2,1,2,16.22,2.297
3,3,1,13.93,33.803
1,1,1,36.42,1.121
1,2,5,48.03,1.106
1,3,1,49.77,1.594
1,2,1,15.87,1.446
2,2,2,38.28,6.694
2,3,2,60.96,9.189
2,1,5,51.27,4.275
1,2,1,6.48,1.596
2,2,4,47.68,5.507
2,2,1,13.52,4.697
2,3,2,21.19,3.468
1,1,4,19.25,0.396
1,1,3,7.32,0.408
1,3,5,59.16,0.816
1,1,2,7.61,0.842
1,2,3,28.82,0.949
1,3,5,21.53,0.429
2,3,2,27.24,3.763
1,2,2,43.98,1.486
2,3,2,36.12,4.339
1,1,3,27.95,0.6
2,1,1,47.88,5.769
1,2,3,12.74,1.07
1,2,3,29.47,0.85
2,3,2,48.12,5.14
3,1,1,18.71,19.997
1,1,3,35.06,0.517
1,1,4,19.69,0.38
2,1,1,31.22,3.664
2,2,1,27.61,6.282
1,2,4,29.55,0.744
1,1,1,13.55,1.02
1,1,4,1.5,0.308
3,1,2,51.36,35.128
1,1,2,25.29,0.775
1,3,1,11.6,1.13
3,3,1,29.35,14.745
1,2,1,44.75,2.366
1,1,2,23.01,0.612
1,1,3,22.31,0.865
1,2,1,13.17,1.304
1,2,3,11.49,0.862
1,1,1,17.59,0.824
2,1,1,35.03,3.665
2,3,1,11.94,4.604
1,2,3,13.39,0.685
1,1,1,8.44,0.519
1,2,1,30.61,1.203
3,2,1,25.25,39.285
1,1,4,21.42,0.549
2,3,2,19.85,3.105
1,1,2,16.82,0.488
2,1,5,31.61,2.991
1,2,2,18.73,1.242
2,1,2,13.11,4.158
1,2,1,19.95,1.652
3,3,2,53.62,53.501
1,1,2,32.85,0.457
2,1,1,42.79,5.41
2,1,1,25.39,3.319
3,1,1,19.78,19.37
1,2,1,50.33,1.582
1,1,3,34.08,0.583
1,1,4,18.13,0.53
1,2,1,29.03,2.045
1,2,1,22.18,1.709
3,3,2,45.45,34.087
3,1,3,22.89,9.431
1,2,2,41.51,1.182
2,1,2,34.77,3.1
2,3,1,38.64,4.854
3,3,2,24.6,17.615
1,2,2,11.93,0.758
1,2,1,32.36,1.358
2,2,1,16.76,4.906
1,2,2,64.29,2.323
1,1,1,38.72,0.761
3,2,1,36.07,26.382
3,3,1,40.74,28.641
3,2,1,4.62,32.285
2,1,1,25.11,2.719
1,2,3,14.43,0.794
1,2,4,2.28,0.676
1,1,1,53.86,0.978
1,1,2,30.94,0.678
1,1,2,43.68,0.603
2,2,3,19.43,7.044
1,1,1,13.67,0.623
2,1,1,21.97,3.056
1,3,3,37.43,0.783
1,1,3,37.52,0.692
1,1,4,15.77,0.417
1,1,1,16.06,1.073
2,2,2,13.81,5.343
1,3,1,31.58,1.428
1,2,4,12.66,0.859
2,3,2,46.04,4.684
1,1,1,29.37,0.549
1,1,1,37.52,0.921
1,3,2,17.94,0.881
1,1,2,28.42,0.668
2,1,3,11.19,3.17
1,1,5,49.34,0.393
1,3,2,32.78,0.569
1,1,2,48.07,0.674
1,3,2,7.28,1.022
1,2,2,5.72,1.356
2,1,1,26.74,4.122
1,1,2,23.25,0.661
2,1,1,17.31,3.668
1,1,2,45.54,1.388
1,1,2,18.18,0.631
1,2,2,18.3,0.965
2,2,2,52.99,13.594
2,1,1,27.54,5.389
1,3,5,3.82,0.52
1,1,2,18.3,0.61
3,3,1,45.48,29.091
1,2,3,19.22,0.96
1,3,1,17.55,0.993
1,2,1,21.37,1.269
2,1,3,61.3,5.743
2,2,2,46.69,8.119
1,3,1,10.86,1.452
3,2,2,3.15,26.873
1,3,1,72.64,1.471
1,1,2,78.69,1.751
1,3,2,47.54,1.421
1,3,1,35.18,0.717
1,3,4,20.4,0.5
1,2,1,22.38,1.612
1,3,1,38.02,0.51
2,2,1,69.04,10.318
1,1,2,37.04,1.014
1,3,1,34.94,0.932
2,1,1,16.52,3.356
2,3,3,7.23,2.724
2,1,5,11.63,2.219
2,1,2,6.17,4.77
2,2,2,49.55,6.009
1,2,3,21.31,0.89
1,1,2,18.22,0.428
2,2,3,10.07,2.812
1,1,3,8.02,0.322
1,2,5,17.46,1.264
1,1,4,17.81,0.52
1,1,2,16.75,0.635
1,1,1,34.65,0.966
1,1,5,48.01,0.33
2,2,1,13.16,6.078
3,1,1,43.92,23.699
1,2,1,33.79,1.694
3,2,5,33.1,22.641
1,1,4,34.18,0.34
3,3,1,7.41,25.057
3,2,1,15.42,22.659
1,1,1,17.34,0.745
2,2,5,27.11,4.224
3,1,1,37.63,19.141
3,1,1,63.27,31.212
3,1,3,47.57,13.789
1,1,1,9.87,0.855
1,1,1,44.72,0.981
2,1,2,14.65,2.777
2,2,2,23.1,6.593
2,2,1,29.04,4.03
1,1,1,27.44,0.706
1,1,1,21.45,0.93
1,1,3,29.84,1.348
2,1,4,26.61,2.746
1,2,1,24.22,1.497
2,2,3,63.0,8.207
2,1,4,22.0,2.997
1,2,3,50.8,1.207
1,1,4,5.07,0.545
1,1,5,13.77,0.398
3,2,1,33.5,24.771
2,2,1,26.37,8.338
1,2,2,33.69,1.684
1,3,3,16.83,0.777
1,1,1,11.47,0.786
1,3,2,66.8,1.569
3,3,1,44.46,21.54
2,1,2,60.71,5.357
1,3,2,24.3,0.511
2,1,4,32.9,3.772
1,3,3,11.39,0.71
2,3,5,7.04,2.7
1,1,1,36.52,1.109
2,1,2,31.2,3.8
3,2,2,11.86,24.296
1,1,2,10.74,0.753
2,2,2,63.74,8.582
3,1,1,36.1,22.324
1,2,2,19.04,0.807
1,1,4,30.87,0.244
2,2,3,16.61,3.838
1,2,2,17.84,1.866
1,2,2,16.41,1.054
1,3,1,23.44,1.552
2,2,2,20.07,5.352
1,2,2,15.6,0.812
1,1,1,25.05,0.63
2,1,5,33.11,2.897
1,2,1,52.96,2.037
2,1,1,60.57,6.086
1,2,2,64.47,1.123
3,1,4,57.42,12.738
2,1,1,47.31,5.425
1,2,2,30.9,1.452
2,2,1,20.13,6.199
1,1,1,13.57,0.789
1,2,1,10.68,0.818
1,3,3,24.5,0.709
2,1,1,12.49,2.955
1,3,2,29.16,1.209
1,2,3,76.43,4.524
1,1,2,25.94,0.435
1,2,1,18.89,1.734
1,2,5,36.84,0.573
1,2,1,50.31,1.649
1,1,1,39.52,0.803
1,1,3,28.05,0.526
2,1,1,56.38,5.122
1,2,2,21.44,1.335
2,2,1,23.07,4.524
1,3,1,44.44,1.414
1,1,2,11.33,0.342
1,2,2,48.17,0.952
1,2,2,24.07,0.911
1,2,4,12.81,0.898
2,3,5,16.35,2.003
1,3,1,40.07,1.114
1,1,4,40.36,0.897
1,3,2,8.34,0.453
1,3,2,13.28,1.026
1,1,3,46.09,0.89
1,2,3,66.54,1.662
1,2,3,57.27,1.194
1,2,1,17.29,1.16
2,3,1,36.43,8.088
3,3,2,28.04,21.751
1,1,2,24.98,0.553
2,1,3,60.13,2.712
2,1,3,17.27,2.584
1,3,2,27.93,0.74
2,1,1,42.32,4.61
2,2,2,37.3,5.496
3,2,1,4.54,30.74
3,1,1,44.92,31.489
1,1,3,50.88,0.768
1,3,1,28.5,0.85
1,1,1,45.73,1.028
1,1,1,54.1,0.864
1,1,1,28.33,0.518
3,1,1,30.82,19.9
1,1,1,44.52,0.955
1,1,2,5.55,0.692
2,1,4,27.18,2.458
1,1,5,9.45,0.31
1,2,1,26.85,1.179
3,1,1,33.75,26.633
1,1,1,69.08,1.327
1,3,2,17.33,0.765
1,2,2,37.09,1.54
3,3,3,46.57,37.656
1,2,1,11.95,0.849
1,1,4,33.27,0.25
1,2,2,29.61,0.763
1,3,4,19.3,0.568
3,1,1,19.25,15.527
1,1,1,29.27,1.168
3,1,1,28.15,19.384
1,3,2,34.33,0.594
1,1,1,9.99,0.514
2,3,4,23.75,1.606
1,2,3,2.33,1.162
1,2,4,27.53,0.901
2,1,3,7.49,2.658
1,1,1,21.74,0.899
1,1,2,53.72,1.263
3,2,2,9.22,23.787
1,2,3,41.66,1.537
1,2,2,33.92,1.571
1,1,1,16.49,0.71
1,2,1,5.59,1.34
1,1,1,19.48,0.645
2,3,1,2.23,3.553
1,1,3,17.68,0.605
2,3,1,10.13,5.886
1,2,1,20.79,1.006
1,2,5,82.42,1.293
1,1,1,12.62,0.934
2,2,1,36.61,4.989
1,1,1,3.19,0.67
1,1,4,31.79,0.363
2,1,1,6.92,3.063
1,1,1,28.22,0.659
1,1,3,53.29,0.543
3,3,2,22.65,14.571
1,3,4,18.83,0.421
1,1,3,19.13,0.792
1,1,1,10.5,0.905
1,1,1,36.09,0.717
1,3,2,12.11,0.737
2,2,2,55.31,9.986
1,3,2,25.74,0.581
2,2,2,25.53,5.988
3,2,5,6.67,11.014
2,1,2,7.74,4.669
2,1,1,0.89,3.251
2,3,3,65.08,5.332
3,1,4,13.49,10.223
1,1,1,28.35,0.452
1,3,4,30.53,0.728
1,2,3,32.12,1.746
1,1,1,49.4,0.714
1,2,1,23.39,0.863
2,1,2,47.92,3.903
1,1,3,23.0,0.696
3,1,3,36.6,17.446
1,2,1,17.13,1.228
1,1,2,36.98,0.702
1,3,4,30.37,0.729
1,1,1,11.54,0.631
1,1,1,28.47,0.811
1,1,2,14.13,0.417
1,2,1,63.36,1.404
1,3,1,32.68,1.059
1,1,1,51.63,1.723
1,2,1,11.49,1.244
1,1,2,58.29,0.595
1,1,1,4.07,0.715
1,1,2,49.99,0.722
1,1,3,14.89,0.36
1,3,2,16.75,0.725
2,2,4,23.94,3.907
3,3,1,51.3,40.804
3,3,5,32.42,16.221
1,2,1,7.23,1.314
1,1,2,21.87,0.531
1,1,2,39.17,0.86
2,1,1,14.53,3.499
2,1,1,11.5,3.738
2,1,1,23.32,4.526
2,1,3,47.85,4.719
1,2,1,54.49,2.994
2,1,2,25.96,3.253
2,2,1,12.98,5.635
1,1,2,67.22,1.893
3,1,1,49.28,22.235
1,1,1,4.78,0.649
3,2,2,12.2,25.71
2,3,3,26.18,2.474
1,2,4,13.46,1.119
2,3,4,9.97,3.875
1,1,1,11.47,0.771
2,3,1,20.18,5.154
2,2,1,23.34,4.482
2,3,5,36.54,4.018
2,1,5,6.8,1.893
1,3,5,10.83,0.381
1,2,2,34.93,1.799
1,1,2,20.38,0.482
1,1,3,20.59,0.469
1,1,4,27.03,0.419
1,3,1,23.06,0.815
1,3,1,17.49,0.445
1,2,5,31.47,1.14
2,1,2,38.44,2.304
1,1,5,39.65,0.545
2,1,2,12.99,3.606
1,2,5,12.68,0.891
1,1,2,20.38,0.645
1,2,3,76.32,2.397
1,1,2,34.09,1.173
1,1,4,26.35,0.678
1,1,1,8.79,0.614
1,1,2,30.98,0.579
1,3,1,14.51,0.94
1,2,3,17.84,0.73
1,2,1,25.32,0.832
2,1,1,25.58,3.528
1,2,1,22.63,2.047
3,1,4,20.82,7.092
2,1,2,51.92,6.155
3,2,1,30.66,18.984
2,1,2,57.3,4.803
1,2,4,37.1,0.926
1,3,3,8.1,0.815
1,2,2,30.53,1.156
2,1,2,24.21,3.238
1,1,2,33.71,0.592
1,2,2,12.59,1.165
3,1,1,52.49,34.391
1,3,2,16.43,0.68
1,2,1,40.76,1.632
2,1,1,57.38,6.16
1,1,2,14.67,0.412
1,1,1,33.68,0.636
2,1,3,24.08,2.625
1,3,3,9.55,0.693
1,2,4,73.29,2.251
1,2,2,23.98,1.933
2,1,4,20.56,1.675
1,1,2,37.4,0.603
3,1,4,54.4,16.476
2,3,2,30.82,3.336
1,2,2,41.38,2.528
1,1,1,31.19,0.879
1,3,3,7.82,0.97
2,1,3,63.78,4.767
1,2,2,11.84,0.848
1,3,1,13.23,0.77
1,2,2,0.98,0.719
3,3,5,15.95,16.969
1,3,5,59.21,0.645
2,1,5,43.1,3.504
1,2,5,13.22,0.559
3,2,2,0.68,21.571
1,1,2,23.39,0.381
1,3,4,18.53,0.818
3,3,2,30.87,23.826
3,1,1,31.57,18.535
1,1,4,35.21,0.345
1,1,1,21.04,0.616
1,1,1,19.83,0.724
1,2,4,19.21,0.758
1,2,3,34.14,1.246
2,1,1,59.66,5.591
1,2,2,15.64,0.744
2,1,1,4.26,2.922
1,3,3,25.71,0.929
1,3,1,47.08,1.183
2,1,2,10.39,3.308
1,1,1,33.1,0.891
2,3,3,38.35,3.152
1,1,5,26.15,0.404
3,3,1,36.61,19.51
2,1,2,21.61,4.351
2,1,2,15.8,3.127
1,2,1,20.49,1.183
1,1,1,21.43,0.669
1,2,1,30.1,1.354
1,3,2,17.58,0.499
1,2,1,20.01,1.017
1,1,1,76.08,1.233
1,2,2,62.35,2.727
1,2,2,19.54,1.253
1,1,5,7.05,0.322
1,1,2,17.52,0.751
1,1,1,30.21,0.652
2,1,1,40.62,3.565
1,2,3,19.36,0.854
1,3,1,26.43,1.103
1,3,4,5.12,0.606
2,2,1,34.64,6.738
1,2,1,15.93,1.625
1,1,2,22.46,0.405
3,1,2,35.05,13.37
1,2,2,52.2,2.26
3,1,1,33.64,25.179
2,3,3,6.44,6.849
1,2,1,27.89,1.726
1,1,5,25.21,0.407
2,1,2,40.28,2.763
3,1,1,58.6,23.784
1,1,2,16.4,0.593
1,2,1,37.85,1.496
1,3,1,9.72,0.745
1,1,1,60.39,1.552
2,2,3,13.9,7.773
1,2,3,46.42,1.074
2,1,2,6.0,2.778
2,1,2,28.36,3.016
2,1,2,36.92,4.811
2,2,1,18.73,8.642
2,3,2,62.37,5.239
2,2,2,37.73,5.188
2,2,3,24.99,5.532
1,2,1,23.6,0.661
1,1,1,20.6,0.743
1,1,2,26.09,0.542
2,3,1,19.91,4.344
2,1,2,27.85,2.765
1,3,2,7.1,0.921
1,1,1,7.57,0.726
1,1,1,20.05,0.699
2,2,2,37.28,5.47
1,2,3,50.35,1.055
1,2,2,11.73,1.135
2,1,1,48.2,3.574
2,1,2,49.1,4.398
1,2,1,26.79,1.834
1,2,2,37.31,1.487
3,1,4,3.52,9.429
2,1,2,23.84,4.257
2,2,4,9.09,3.861
1,2,1,52.36,1.289
1,1,2,18.6,0.474
1,3,2,26.31,0.81
2,1,4,3.66,1.938
1,1,3,31.65,0.675
1,1,1,32.99,1.183
2,1,2,28.99,2.89
3,2,4,36.46,20.034
2,1,2,33.38,4.401
1,1,4,31.19,0.467
1,1,1,13.52,0.456
1,1,3,27.47,0.523
1,1,1,30.12,0.669
1,1,4,15.68,0.495
1,1,2,4.76,0.471
1,3,1,33.81,1.269
2,1,1,54.49,5.563
3,1,2,9.16,12.73
1,2,2,40.38,1.816
1,1,3,55.01,0.99
1,1,2,29.08,0.621
1,1,3,71.67,2.361
1,1,3,13.4,0.772
1,1,2,25.51,0.715
2,1,1,17.29,3.748
1,1,2,63.49,1.214
3,1,2,44.84,16.946
1,1,1,18.62,0.783
1,3,2,36.92,1.285
1,2,3,9.92,1.24
1,2,2,16.32,1.001
1,1,1,50.55,1.382
3,2,1,22.62,28.828
1,2,2,19.73,1.117
1,1,1,12.03,0.599
1,3,2,7.0,0.928
1,2,1,10.42,0.825
1,1,1,42.54,0.72
1,1,3,49.1,1.207
2,1,1,13.22,4.106
1,2,1,18.85,1.096
1,3,5,18.41,0.463
2,2,1,15.97,4.226
2,1,3,39.12,3.894
1,1,1,38.06,0.674
1,2,1,22.09,1.844
1,2,3,29.52,1.05
1,2,3,5.02,0.889
1,2,2,44.47,1.044
2,2,1,37.08,6.845
1,2,4,11.12,0.731
2,2,4,26.82,5.864
1,2,2,37.4,1.647
2,3,1,11.3,3.324
2,2,5,21.24,3.113
1,2,2,48.62,1.787
1,3,4,21.86,0.794
1,3,1,8.68,0.53
2,1,4,10.74,3.088
1,3,3,43.74,0.937
1,3,2,26.88,1.337
1,1,1,29.52,0.835
2,1,1,9.51,3.441
1,1,4,13.65,0.465
1,2,2,38.34,1.397
3,3,1,29.86,28.208
1,1,2,9.21,0.596
2,2,4,31.43,5.665
1,2,1,23.8,0.962
1,2,1,45.98,1.23
2,2,3,37.29,5.584
2,2,2,35.05,4.369
2,1,2,27.72,2.842
1,1,4,54.39,0.612
1,1,2,40.59,0.871
1,1,3,29.36,0.582
1,2,4,48.59,1.54
1,3,2,9.13,0.541
1,1,2,20.89,0.434
1,2,2,52.92,1.288
1,1,1,39.82,0.651
1,1,1,30.95,0.443
1,1,1,2.45,0.705
2,1,1,9.59,3.236
2,3,1,8.65,5.609
1,1,4,13.26,0.533
2,1,2,24.06,6.01
2,1,4,37.13,2.087
1,3,2,7.01,0.675
1,1,2,22.64,0.547
1,3,2,11.18,0.71
1,2,4,3.26,1.085
2,2,1,36.1,5.003
3,1,1,18.83,17.677
1,2,3,37.49,0.904
2,3,3,15.75,2.854
1,1,1,74.63,1.77
1,1,2,36.19,0.626
2,1,1,19.8,3.499
1,3,3,17.59,0.974
1,2,3,12.59,0.672
1,1,2,45.91,0.639
3,1,2,29.86,17.851
1,1,4,13.74,0.411
1,3,1,10.58,0.92
1,1,2,11.05,0.545
1,1,1,71.73,2.651
1,2,5,46.4,1.42
2,1,1,40.36,4.174
2,2,1,26.09,9.719
2,2,1,27.11,6.597
2,2,1,35.03,5.218
1,2,5,34.84,0.66
1,1,3,12.2,0.47
1,3,4,11.74,0.559
1,3,1,4.41,0.742
3,1,1,7.41,11.931
2,2,3,33.6,5.224
3,2,2,21.69,26.036
1,2,5,18.82,0.728
1,1,1,46.44,1.311
1,1,2,31.04,0.7
1,1,2,50.89,1.383
1,2,3,64.67,2.152
1,3,5,31.57,0.432
1,1,4,15.08,0.475
3,2,3,32.72,17.974
1,1,1,18.42,0.917
1,1,1,36.73,0.884
2,1,2,22.61,3.485
1,1,1,30.08,0.325
3,3,3,7.22,11.536
2,1,4,7.33,2.307
1,3,2,27.12,1.574
2,1,2,2.57,1.633
2,1,2,66.44,6.979
2,1,2,3.49,2.925
2,2,2,37.84,6.042
2,2,3,10.08,3.935
1,1,1,30.73,0.404
1,1,3,23.4,0.535
2,2,1,26.03,6.441
3,1,3,59.2,12.558
1,3,2,13.53,0.806
2,1,2,24.22,3.956
1,1,2,23.16,0.758
2,3,1,44.57,6.018
3,1,1,28.71,20.365
1,1,1,8.63,1.022
1,2,1,47.28,0.969
1,1,2,60.14,0.657
1,1,1,34.39,0.628
1,1,1,22.68,0.503
1,2,3,12.34,0.774
1,2,3,40.92,0.884
1,2,4,31.12,0.991
1,3,1,32.3,0.752
2,2,1,31.57,12.089
2,1,1,49.96,4.539
2,2,1,9.1,7.237
2,3,2,32.68,4.443
2,1,2,19.28,2.391
1,2,1,7.37,0.944
2,1,3,26.28,1.991
1,1,1,55.2,1.715
1,2,3,9.04,1.052
1,1,1,1.06,0.694
2,1,2,52.38,3.385
2,1,4,31.33,2.498
1,2,3,12.79,1.016
1,2,1,9.4,1.143
1,3,1,19.26,0.74
2,2,1,18.46,6.629
2,3,2,54.53,7.598
1,1,1,19.13,0.651
1,1,1,15.16,0.627
1,2,4,78.98,3.91
1,2,4,48.05,1.236
2,3,1,12.8,2.908
2,2,2,22.89,3.944
1,1,2,28.76,0.785
1,2,1,36.8,1.048
1,1,3,22.59,0.38
1,1,1,2.8,0.543
1,2,1,15.12,1.263
1,2,1,4.4,1.032
3,1,1,22.7,17.046
1,2,2,10.65,0.848
1,3,5,17.96,0.303
1,1,1,34.1,0.689
1,1,1,32.24,0.648
2,1,2,51.0,5.031
1,1,2,43.98,1.22
2,1,1,20.41,2.605
2,1,1,47.96,5.257
1,1,4,57.69,0.327
2,1,2,31.49,3.682
3,1,4,35.84,11.085
1,3,2,28.48,0.448
1,1,2,22.79,0.593
3,1,2,45.85,11.822
2,1,2,7.91,2.973
1,3,1,18.17,0.841
1,1,1,23.9,0.57
1,3,4,44.61,0.804
2,1,5,15.62,1.962
1,1,2,21.81,0.57
1,1,2,25.84,1.373
2,2,3,12.31,3.505
3,3,4,37.58,19.358
2,1,1,9.74,2.869
1,3,2,46.16,0.518
1,1,2,58.9,0.839
3,2,1,42.43,33.792
3,3,4,13.64,17.764
1,1,2,27.99,0.513
2,2,1,31.95,6.43
1,2,1,39.12,1.106
1,1,2,14.04,0.994
1,1,3,19.83,0.507
1,3,4,10.98,0.587
1,3,5,18.68,0.462
2,3,1,13.72,5.354
1,2,3,6.9,0.757
1,2,3,53.31,1.7
1,1,3,49.82,1.178
1,2,1,36.58,1.423
1,1,2,18.83,0.516
1,1,3,40.3,0.373
1,2,1,23.02,1.491
2,1,2,33.36,2.568
3,2,2,28.74,16.548
1,2,2,19.33,1.188
3,3,4,41.12,16.39
3,1,3,24.59,14.767
2,1,4,14.49,3.117
2,2,3,53.13,9.506
2,1,2,22.54,3.443
2,1,5,47.16,3.638
2,3,1,13.52,5.147
1,1,5,50.52,0.448
3,1,1,15.57,17.182
1,1,1,30.34,0.639
2,3,4,17.41,3.271
1,2,4,21.19,1.012
1,2,1,58.05,2.355
1,2,1,6.16,1.418
1,1,1,59.17,1.58
1,1,1,41.39,0.898
1,1,1,52.79,1.322
1,2,1,19.81,1.386
1,1,1,33.38,0.646
1,3,1,20.25,1.048
3,1,3,32.88,17.537
1,1,4,33.6,0.529
1,1,1,22.19,0.869
1,1,4,26.52,0.582
1,1,1,54.78,0.847
1,3,1,50.16,1.161
2,1,2,24.95,2.7
3,2,4,79.49,52.704
1,2,4,30.86,1.017
2,1,3,28.43,3.875
1,1,2,19.88,0.981
1,2,4,15.27,1.273
1,3,1,36.45,0.981
1,2,1,49.17,3.894
2,1,2,6.76,2.609
2,1,1,30.18,3.681
2,2,5,18.33,2.788
1,1,2,38.08,0.847
2,1,1,11.29,2.787
1,2,5,27.26,0.81
1,3,1,20.49,0.998
1,3,1,44.96,1.378
2,2,1,29.1,5.937
3,3,4,42.7,22.5
1,1,3,21.91,0.475
1,1,3,24.93,0.49
2,1,2,7.77,4.247
2,2,2,33.5,4.282
1,3,2,13.89,0.927
2,3,5,22.34,4.979
2,2,2,22.48,6.005
2,1,1,44.28,6.999
1,1,1,11.43,0.591
3,2,1,18.03,27.482
1,2,1,20.6,1.747
2,2,1,25.38,4.423
1,1,2,38.28,0.679
1,1,1,48.89,0.807
1,1,1,29.02,0.507
1,2,1,24.13,1.05
1,1,2,14.52,0.556
1,3,1,25.2,0.662
1,3,2,26.72,1.007
1,2,2,20.94,1.026
2,1,1,12.53,3.154
2,1,4,32.85,1.583
2,1,5,23.46,2.047
1,1,4,15.21,0.406
1,1,4,40.58,0.785
3,1,1,13.83,17.716
1,3,1,38.27,0.86
1,3,1,23.12,1.084
3,3,1,24.48,25.539
3,1,2,32.14,10.406
1,2,3,20.64,0.607
2,1,4,11.29,2.564
1,2,1,45.01,1.311
2,2,1,30.04,7.598
1,1,3,10.5,0.776
1,1,3,6.64,0.649
2,1,4,29.3,1.53
1,1,1,16.33,0.666
2,1,1,17.53,4.323
1,1,3,38.26,0.827
2,3,3,35.84,3.383
2,1,3,40.57,3.806
1,1,4,23.84,0.51
2,3,5,14.67,2.591
1,3,2,24.16,0.742
1,1,3,20.93,0.408
1,3,1,38.54,0.708
2,1,4,42.05,5.908
2,2,3,17.18,3.818
3,3,2,10.75,20.487
2,1,1,36.87,5.714
3,1,3,17.57,9.707
1,2,3,24.25,1.01
3,2,2,31.16,20.135
1,3,2,49.82,1.525
1,1,1,38.18,1.074
1,1,2,14.23,0.292
1,2,1,20.91,1.278
1,1,1,14.51,0.822
1,1,2,29.02,0.506
1,1,4,21.67,0.417
1,1,2,34.35,0.625
2,1,2,25.27,2.609
2,2,2,23.72,4.723
1,1,1,15.89,0.723
1,1,1,12.94,0.649
1,2,5,31.33,0.532
1,2,2,43.71,1.318
2,2,2,30.27,7.341
1,3,1,7.49,0.674
2,1,2,18.14,2.709
2,3,4,46.34,5.253
1,3,3,12.34,0.914
2,1,3,21.15,1.803
1,3,4,11.81,0.692
2,2,4,11.3,3.215
2,3,3,4.57,2.541
2,2,3,36.56,3.247
2,3,5,35.1,3.907
2,1,1,23.54,4.05
3,2,2,37.55,37.991
1,1,1,41.18,0.821
2,3,1,27.9,4.396
2,1,1,16.26,4.198
1,1,2,30.92,0.837
3,3,2,19.87,19.628
1,1,1,29.98,0.899
1,2,1,25.25,2.366
1,1,2,13.33,0.456
1,2,1,22.48,1.066
2,3,1,46.11,4.136
1,3,1,28.48,0.944
1,1,2,30.63,0.474
1,2,2,16.58,0.716
1,1,1,43.71,1.382
2,3,1,7.59,3.918
2,2,2,44.06,6.127
1,1,1,22.23,0.603
1,1,2,49.94,0.587
1,1,1,8.34,0.995
2,3,2,22.21,3.376
1,1,4,35.77,0.494
1,1,2,13.97,0.686
1,1,4,16.33,0.341
1,2,4,20.36,0.881
1,2,2,24.2,0.706
1,1,1,6.88,0.719
2,1,1,53.98,7.613
2,1,1,27.71,4.381
1,2,1,44.79,1.603
2,3,1,28.49,4.508
2,3,2,12.3,3.41
1,2,3,8.37,0.761
1,1,2,11.67,0.851
1,1,1,14.55,0.942
2,3,1,27.08,5.629
1,2,1,38.48,1.909
2,1,1,69.86,4.785
1,1,4,22.84,0.303
1,1,3,46.21,0.518
3,2,1,21.04,41.909
1,3,2,13.07,1.042
2,1,2,3.47,2.89
3,3,2,18.67,17.158
2,3,2,17.39,2.281
1,1,1,16.46,0.496
2,1,1,5.62,3.597
1,1,5,30.09,0.497
1,2,3,33.0,1.134
2,1,1,14.2,3.109
2,3,2,49.12,7.701
1,2,1,1.36,1.167
1,2,3,35.67,1.586
2,2,1,33.94,7.166
2,1,4,7.36,2.271
1,2,1,27.05,1.471
2,2,3,45.87,7.728
1,1,1,12.55,0.737
1,1,2,46.23,0.988
2,1,2,27.43,4.33
3,2,2,21.12,29.997
1,1,1,7.88,0.555
1,2,1,18.97,1.85
1,3,5,46.24,0.416
2,1,1,39.39,5.724
1,1,2,37.59,0.425
1,1,4,21.45,0.582
3,1,1,41.98,13.696
1,3,2,28.24,0.915
1,1,3,38.08,0.992
1,1,2,22.07,0.532
2,1,1,51.85,5.249
1,1,4,16.06,0.496
1,2,3,41.23,1.382
1,1,1,23.45,0.715
2,2,1,23.06,7.839
2,2,2,58.23,7.464
1,2,5,38.45,1.216
1,1,5,23.15,0.27
2,1,4,22.17,2.048
1,1,2,6.85,0.608
1,1,2,21.59,0.507
1,2,2,39.51,2.114
1,2,1,20.37,1.399
1,3,2,50.23,1.128
1,2,1,15.13,1.274
1,1,4,54.76,0.755
1,1,3,4.36,0.432
2,3,1,20.39,3.449
1,1,1,60.21,0.957
1,1,2,22.35,0.633
2,3,4,48.71,5.365
1,1,2,48.06,1.616
2,2,4,15.48,5.047
1,1,1,11.8,0.727
2,2,1,2.74,5.629
1,1,4,20.27,0.436
1,3,1,25.44,0.826
1,1,1,9.85,0.432
1,1,1,24.03,0.627
1,2,2,44.9,1.768
2,2,1,15.08,7.317
2,1,1,9.46,4.242
1,1,1,75.85,1.098
2,2,2,28.17,5.323
2,3,4,30.78,3.354
2,2,5,15.76,2.265
2,1,2,45.04,4.599
2,1,1,22.4,3.154
1,2,3,50.81,2.586
2,3,1,31.93,6.664
3,1,1,37.13,24.784
1,1,4,55.63,0.479
1,1,1,32.93,0.816
1,2,1,25.14,1.19
3,2,1,41.75,31.372
1,2,1,40.14,2.107
2,3,3,35.33,4.894
2,2,5,14.17,2.752
3,3,2,15.71,27.411
1,1,4,14.72,0.378
2,1,2,14.53,2.604
2,2,1,29.53,9.344
1,2,4,15.66,0.712
2,1,3,34.52,2.94
1,1,1,34.12,0.426
2,2,2,24.34,5.986
1,1,1,22.34,0.623
1,2,1,15.24,1.501
1,2,1,4.86,1.591
1,3,3,27.92,0.721
1,2,1,39.33,1.771
2,1,2,28.01,4.799
1,1,2,29.02,0.748
1,1,2,22.88,0.727
2,1,3,26.61,3.064
2,2,1,26.19,7.708
1,2,5,39.13,0.768
3,2,2,37.22,21.667
1,2,3,42.02,1.287
2,2,4,66.65,5.955
1,2,1,15.48,1.719
2,1,5,25.46,1.865
3,1,2,28.81,19.514
2,1,1,7.99,3.729
1,3,2,30.88,0.987
2,3,1,27.43,4.433
1,3,3,15.54,0.629
2,1,3,45.35,2.899
2,3,1,45.23,4.977
3,3,2,11.01,22.474
1,1,1,23.32,0.815
1,2,1,32.64,1.229
1,3,2,22.95,0.927
1,1,1,15.2,0.469
1,3,2,28.75,0.816
1,2,1,10.6,1.072
2,1,2,21.3,3.408
1,1,1,21.19,0.717
1,1,2,20.26,0.835
1,2,2,33.88,1.31
2,1,1,9.95,2.263
2,1,2,43.46,4.063
1,3,3,22.16,0.601
1,1,4,33.37,0.896
1,1,2,10.19,0.519
1,3,3,22.1,0.757
1,3,4,29.64,0.632
1,3,4,38.45,0.435
3,1,2,22.28,18.654
1,1,1,31.34,1.007
2,2,2,29.59,5.26
1,3,1,7.81,0.97
3,2,5,7.59,14.962
3,1,3,33.92,9.493
2,2,2,11.69,3.183
1,2,1,16.05,1.138
1,3,1,28.35,1.054
2,1,1,41.08,5.996
2,1,2,19.09,2.928
1,1,2,13.25,0.64
1,3,2,18.11,0.832
1,3,1,20.54,0.914
2,1,2,23.88,2.772
2,2,4,17.03,5.19
2,2,1,15.31,3.735
2,1,1,8.66,3.075
1,2,2,41.79,1.396
1,1,1,28.47,0.681
1,3,2,33.53,1.289
2,2,1,39.59,5.392
1,3,5,32.59,0.476
1,1,2,7.93,0.685
1,1,1,21.06,0.91
1,1,4,53.03,0.949
1,1,3,7.96,0.332
1,2,1,42.57,3.433
1,2,4,35.97,0.658
2,1,1,43.75,3.649
1,3,5,36.49,0.658
1,1,1,21.99,0.44
1,1,1,29.84,0.656
2,1,2,61.05,3.111
1,2,2,46.19,1.092
2,1,1,40.08,3.06
3,1,4,10.15,9.188
2,1,1,10.08,3.649
1,1,1,10.54,0.66
2,1,1,25.78,3.061
1,1,1,24.94,0.762
1,2,1,66.11,1.851
1,1,1,42.17,1.027
1,1,1,11.87,0.65
1,2,1,35.65,1.927
1,1,2,22.2,0.837
1,1,1,13.3,0.561
1,2,4,58.78,1.305
1,1,1,10.17,0.576
3,2,2,21.87,25.44
1,2,3,55.64,3.159
2,3,3,9.18,2.407
1,1,1,4.88,0.742
1,2,2,22.84,0.897
1,2,3,30.89,0.891
1,2,4,14.96,0.897
1,1,2,15.72,0.508
1,2,1,14.64,1.477
1,2,2,15.89,1.786
1,1,3,29.23,0.675
1,1,2,14.56,0.456
1,3,4,47.93,0.678
1,2,1,28.24,1.222
1,2,4,27.65,0.836
1,2,3,19.65,1.695
1,1,4,6.67,0.512
1,1,5,43.69,0.598
1,2,1,66.09,3.298
3,2,3,63.95,29.493
1,2,1,25.71,1.061
1,1,1,33.12,0.641
1,2,2,28.17,1.093
3,2,2,28.1,33.028
2,1,1,52.89,4.958
2,2,5,11.14,4.323
3,1,4,33.76,15.984
1,1,5,44.76,0.524
3,2,1,28.31,22.022
1,1,2,23.15,0.422
2,2,4,1.81,5.247
1,2,2,3.09,1.052
1,1,3,37.0,0.671
3,2,1,43.77,36.258
1,1,2,55.18,0.789
3,1,4,21.21,10.243
1,1,3,48.07,0.582
2,2,1,49.97,9.468
3,1,3,37.35,19.843
1,1,1,2.17,0.707
3,3,2,22.92,16.461
1,3,1,35.5,0.794
2,3,4,26.68,2.238
1,1,4,3.91,0.524
1,2,4,14.11,0.738
2,2,2,60.22,6.854
1,1,2,22.51,0.559
1,1,1,41.0,0.63
1,1,2,50.81,0.889
2,3,5,2.41,2.056
1,2,4,42.37,0.915
2,1,1,24.54,3.564
3,1,1,16.12,18.144
1,3,1,34.07,1.454
1,2,3,49.74,1.278
2,3,2,57.96,5.069
1,1,1,60.85,1.312
1,3,2,19.53,0.686
2,1,1,46.51,7.07
1,1,2,26.33,0.732
1,3,1,24.53,1.068
2,1,3,57.54,3.428
1,2,2,31.99,1.002
1,1,2,12.4,0.434
1,2,1,29.3,1.42
2,1,4,26.93,2.449
2,1,1,37.65,5.29
1,1,1,30.99,0.57
1,3,1,29.99,0.694
1,3,1,4.97,0.905
1,3,2,25.96,1.163
1,3,1,69.58,0.903
3,2,1,35.17,33.5
1,1,3,49.48,0.905
2,1,2,25.03,2.511
1,2,1,12.02,1.199
1,2,3,41.0,0.88
1,1,1,5.42,0.549
1,1,3,27.38,0.501
2,3,2,6.91,3.508
3,1,4,82.09,14.559
2,1,4,9.73,2.825
1,2,1,23.2,0.978
2,2,2,34.88,5.407
1,1,2,24.48,0.525
3,2,2,21.11,23.179
1,1,2,44.22,0.586
1,1,2,44.93,1.234
1,2,2,30.77,2.165
1,3,2,7.66,0.785
1,2,1,51.29,2.628
3,1,4,66.56,21.118
2,1,4,7.66,1.683
3,1,2,10.6,28.379
1,1,2,15.89,1.04
1,1,2,38.43,0.425
1,1,1,31.57,0.822
1,1,2,43.45,0.709
1,2,2,26.07,1.473
1,1,1,50.5,2.089
1,1,1,20.11,0.811
1,1,2,16.92,0.897
1,2,2,46.39,1.922
2,1,2,32.29,2.622
1,1,1,55.08,0.909
3,1,1,30.49,18.537
1,1,3,60.23,1.292
2,3,3,10.82,3.499
2,1,3,40.02,5.217
2,2,2,36.54,9.447
2,2,1,24.57,5.68
2,2,2,48.13,10.579
2,2,2,34.18,8.332
1,1,5,70.84,0.901
1,1,1,32.75,0.694
2,1,2,32.01,2.568
1,1,2,34.52,0.41
1,1,2,45.15,0.606
1,1,3,25.83,0.504
1,1,2,45.14,0.994
1,3,2,10.56,0.79
2,1,1,43.17,3.407
2,1,1,14.08,3.839
2,2,2,23.69,6.757
1,3,3,72.15,1.6
1,1,2,2.48,0.437
1,2,2,15.0,1.278
1,1,5,51.33,0.485
2,3,1,47.22,9.623
1,2,2,8.77,0.925
3,1,3,39.85,11.916
1,2,5,12.9,0.617
2,1,3,44.54,3.657
1,1,2,49.01,1.134
1,1,2,14.5,0.847
2,2,3,32.16,4.288
1,3,1,30.89,1.554
2,1,3,27.77,4.423
1,2,2,42.12,1.568
1,2,1,15.34,0.901
1,1,2,39.72,0.922
2,2,4,19.46,3.677
1,3,2,32.63,1.109
2,2,4,37.9,3.802
2,1,4,31.08,1.877
2,2,2,15.03,5.948
1,3,1,72.46,4.643
2,1,4,38.16,2.238
3,1,3,8.48,8.782
1,2,2,39.05,1.19
1,1,2,31.75,0.784
1,3,1,22.13,1.319
1,1,4,20.8,0.503
2,1,4,7.97,2.362
1,2,1,16.98,1.185
1,1,3,47.75,0.598
1,1,2,6.98,0.459
1,1,1,19.05,0.724
1,3,2,25.36,0.725
2,1,3,47.27,2.645
2,2,2,14.71,5.994
1,3,1,13.36,0.873
2,2,5,48.86,3.263
1,1,2,28.0,0.682
1,1,4,10.46,0.288
1,2,1,4.78,1.03
3,1,2,25.51,9.871
2,2,2,33.03,7.992
2,2,1,16.83,5.163
1,2,4,8.81,0.944
1,2,2,16.19,0.978
2,2,3,15.12,6.153
1,1,1,27.98,1.232
3,1,1,29.42,15.14
2,3,2,3.15,3.099
1,2,5,19.28,0.649
2,1,4,37.51,3.325
3,1,3,30.91,11.585
1,2,3,22.37,0.906
2,1,2,31.25,4.616
3,1,2,43.23,22.12
1,1,1,20.52,0.452
2,1,4,45.02,1.436
1,1,1,40.29,0.962
2,1,1,43.65,9.002
2,1,1,18.43,2.745
2,3,1,43.19,11.333
1,3,1,23.19,1.028
2,1,1,48.97,4.472
1,1,2,25.67,0.693
1,1,1,18.77,0.765
1,3,1,54.76,1.497
1,1,2,38.68,0.899
1,3,1,68.75,1.478
1,2,1,19.07,1.162
2,2,1,21.64,4.57
1,1,4,27.41,0.489
1,2,1,22.81,1.811
1,1,1,14.2,0.546
1,2,3,13.69,0.662
2,2,1,23.08,6.816
1,3,3,2.39,0.391
1,2,1,10.94,1.341
3,3,1,16.1,18.677
2,1,3,34.21,3.029
2,2,2,76.36,8.203
2,1,1,27.96,4.057
3,1,2,34.81,25.392
1,1,3,46.41,0.507
2,1,5,64.26,5.105
2,1,1,30.22,3.456
1,1,2,24.68,0.438
1,1,3,42.99,0.587
1,2,1,41.55,1.732
2,1,2,16.94,3.35
2,3,2,31.51,5.812
2,1,1,1.39,2.917
1,1,2,22.36,0.269
1,3,5,7.45,0.532
1,3,3,44.79,0.862
1,1,2,16.84,0.66
3,1,3,18.95,16.259
2,3,1,20.46,5.18
3,3,1,38.97,26.639
2,3,1,35.87,4.583
3,1,1,55.9,47.199
1,1,2,21.29,0.461
1,1,5,53.01,0.553
1,2,3,38.54,2.042
1,1,2,6.8,0.54
1,1,1,27.68,0.534
1,3,1,60.07,1.472
3,1,2,11.18,10.478
1,1,1,40.91,0.908
3,2,2,21.93,34.084
2,3,3,19.48,2.832
2,3,4,22.98,3.643
2,1,2,10.98,2.348
1,2,1,42.24,3.003
2,3,4,44.77,5.67
1,2,2,18.87,0.698
3,1,2,22.99,11.627
1,2,5,28.66,0.701
1,2,1,23.0,0.737
2,1,3,39.74,3.646
2,1,4,25.66,2.551
1,1,1,17.53,0.737
2,2,5,4.11,2.579
1,1,5,26.8,0.509
2,1,1,36.99,2.821
1,1,2,53.47,1.569
1,2,2,41.29,1.217
1,2,3,16.17,1.263
1,3,5,21.77,0.51
1,3,5,28.54,0.436
1,2,2,28.06,1.643
1,2,3,18.44,0.802
1,2,5,4.09,0.654
1,1,1,45.37,0.9
1,1,1,45.4,1.398
2,2,2,50.01,7.404
3,3,3,47.0,31.646
1,2,1,24.89,1.14
3,1,2,33.3,18.902
1,3,4,24.12,0.489
1,3,1,62.56,1.315
2,1,1,5.17,1.826
2,3,5,47.53,2.472
2,2,1,45.83,8.602
1,1,3,44.74,0.451
2,2,1,54.18,5.622
1,1,1,5.02,0.528
1,2,1,50.55,1.529
1,3,2,43.19,0.577
3,1,2,51.7,23.272
1,1,1,11.44,1.069
2,1,2,61.97,4.495
2,1,5,14.61,1.922
2,2,1,14.03,8.061
2,2,1,37.02,9.768
2,3,2,45.2,5.572
1,2,5,42.3,0.735
1,1,4,36.74,0.393
1,1,1,3.19,0.809
1,2,1,28.01,0.884
1,1,2,8.95,0.495
1,1,5,36.47,0.393
1,2,3,62.48,1.67
1,2,3,13.23,0.73
1,1,1,8.42,0.443
3,1,1,21.12,23.796
1,2,1,9.62,1.355
3,2,2,6.81,28.289
3,2,2,20.9,21.975
1,3,1,28.8,1.015
2,2,1,39.37,4.314
2,2,2,39.16,6.731
2,2,2,14.23,4.412
1,2,2,33.17,1.39
1,3,1,25.52,0.765
1,1,1,43.46,0.712
2,2,1,25.98,8.303
3,3,3,51.58,18.182
2,1,1,10.27,3.613
2,1,2,11.02,2.515
3,1,2,20.9,19.344
2,2,4,22.48,2.638
1,2,2,22.0,1.069
2,2,3,75.08,14.113
1,1,2,23.8,0.555
1,3,2,5.12,0.738
1,1,1,36.24,0.585
3,3,1,21.04,12.675
1,1,3,14.95,0.318
1,1,5,20.76,0.495
1,1,1,65.63,0.948
1,2,2,36.97,1.142
1,3,1,39.93,1.063
2,2,1,27.72,8.158
2,3,2,7.77,5.09
1,1,1,32.36,1.061
1,1,3,39.46,0.813
1,1,1,47.56,1.249
1,2,1,14.27,1.187
1,1,1,57.15,1.956
2,1,4,6.67,2.864
2,2,1,11.77,6.609
1,1,2,43.6,0.875
1,2,2,9.43,1.039
1,1,2,5.66,0.476
1,1,2,55.0,0.964
3,2,2,6.68,35.918
2,3,5,22.86,3.164
3,1,1,25.23,20.882
3,1,1,29.9,18.818
2,1,1,30.99,2.949
3,3,2,5.05,14.079
1,1,1,16.64,0.529
1,3,4,8.27,0.63
1,2,2,12.86,0.847
1,2,3,16.07,0.82
1,1,3,13.71,0.473
1,1,3,40.76,0.606
2,3,5,18.22,3.428
2,1,2,39.1,5.91
1,2,1,20.94,1.118
1,3,2,31.85,0.478
2,1,2,40.64,2.547
1,3,1,2.36,0.714
1,1,1,36.94,0.818
1,1,2,32.41,1.066
1,1,2,22.42,0.467
1,2,1,36.97,1.463
2,1,2,26.9,2.759
2,1,1,16.92,4.023
2,2,5,26.58,4.712
1,1,3,22.97,0.623
2,1,1,54.29,3.137
2,1,1,57.41,5.001
1,1,1,33.66,0.908
2,1,1,45.4,2.399
1,1,1,32.64,0.799
1,3,1,41.02,1.016
1,2,1,38.32,1.402
1,3,1,10.85,0.778
1,2,3,29.54,0.643
1,3,1,7.96,0.867
1,1,1,33.3,1.085
3,1,3,3.39,11.704
1,1,3,23.7,0.928
1,1,2,47.46,0.708
1,3,4,6.17,0.758
2,2,2,23.54,7.287
1,3,2,9.33,0.789
3,1,3,32.39,12.641
1,2,1,30.1,1.498
1,2,1,16.59,1.43
1,1,2,27.01,0.915
1,2,1,14.8,1.157
2,2,1,15.03,6.33
2,1,3,29.99,2.62
1,1,2,52.26,1.621
3,2,4,9.06,27.601
1,2,2,5.47,1.771
1,1,2,45.07,0.845
1,2,4,28.02,0.737
1,1,2,73.47,1.413
2,1,3,31.22,3.807
1,1,1,22.1,0.822
1,1,1,46.84,0.844
1,1,2,16.73,0.351
1,2,1,37.99,1.68
1,3,1,28.18,1.534
2,3,5,22.97,3.289
1,1,1,32.12,0.919
1,2,4,36.07,0.931
1,3,2,25.84,0.675
1,2,1,47.28,1.055
1,1,4,28.19,0.536
2,1,1,23.93,2.643
3,1,2,28.33,26.118
1,3,1,45.08,1.779
3,1,1,40.06,23.141
1,1,2,18.49,0.523
2,2,1,15.52,5.531
2,3,4,36.96,4.123
2,1,2,53.05,7.6
2,2,2,38.27,6.383
1,1,2,48.76,0.937
1,1,4,18.29,0.407
1,2,2,56.66,2.4
1,2,5,32.13,0.696
2,1,1,44.37,4.035
1,1,5,30.13,0.31
1,3,2,28.25,0.703
1,3,1,31.76,0.914
1,2,2,33.91,1.195
2,1,2,4.06,2.683
2,1,2,21.19,1.802
1,1,2,29.33,1.121
1,1,1,37.62,0.795
1,2,1,37.92,1.035
1,1,1,44.43,0.903
2,1,1,30.53,3.459
1,2,4,9.91,1.083
1,1,1,38.25,0.771
1,1,2,21.55,0.566
3,2,2,2.84,25.082
2,1,3,39.31,2.433
1,2,2,35.48,0.92
1,1,1,5.58,0.655
1,1,2,46.84,0.703
3,1,2,17.63,13.75
1,2,2,22.82,0.817
1,1,5,8.08,0.371
3,3,1,27.28,14.587
2,3,1,73.64,15.676
1,1,1,50.48,1.275
1,1,4,11.86,0.419
1,1,3,50.02,0.727
1,3,3,15.54,0.791
1,1,5,15.19,0.275
3,1,3,39.29,17.304
3,1,1,48.69,27.239
1,1,3,39.82,0.966
2,1,1,45.49,8.079
1,1,2,7.73,0.652
1,2,1,7.49,2.205
2,1,1,5.39,2.719
1,2,2,28.83,1.319
1,1,2,40.67,1.296
1,1,4,34.31,0.53
1,3,1,14.8,0.862
1,2,3,29.49,0.894
2,2,3,27.77,4.962
2,1,3,21.24,2.119
2,2,2,38.68,7.436
2,2,2,12.91,3.736
1,3,1,16.92,0.494
2,2,3,31.47,5.884
1,1,1,12.31,0.862
1,3,2,25.69,0.869
3,1,1,10.95,15.322
1,1,1,12.8,0.974
1,2,1,11.61,1.314
1,1,1,14.82,0.538
1,1,1,19.87,0.825
1,1,2,12.91,0.342
1,1,2,13.83,0.586
2,3,1,31.31,4.762
1,2,1,26.91,1.889
1,2,2,11.94,1.106
1,3,1,9.01,1.006
2,1,1,9.17,2.635
1,2,2,22.81,1.43
1,1,2,36.2,0.525
1,2,1,9.82,1.218
2,2,2,10.7,5.643
2,3,1,22.01,5.89
1,2,1,10.14,1.211
2,1,2,30.76,1.885
1,2,2,28.39,1.161
1,1,1,18.48,0.509
1,2,5,12.85,0.789
1,1,1,8.96,0.722
1,1,1,4.53,0.694
1,2,1,68.3,1.389
1,1,5,28.02,0.274
1,1,3,11.78,0.742
1,1,1,10.79,0.83
2,1,1,50.19,6.177
2,1,1,24.94,2.39
1,2,2,29.82,1.907
1,2,2,33.13,1.672
1,2,2,42.36,1.26
1,1,1,39.37,1.01
1,2,1,61.67,3.273
1,3,1,28.36,1.012
2,1,1,4.36,5.301
2,1,2,27.96,3.369
1,1,1,17.63,0.599
1,1,1,4.55,0.691
2,1,2,11.03,2.616
1,2,1,11.29,0.886
2,1,2,41.62,5.943
1,2,3,32.34,1.549
1,1,4,49.12,0.972
1,1,1,32.84,0.495
1,2,1,37.58,1.062
3,1,3,32.92,8.505
1,1,2,30.48,0.652
3,2,1,14.81,31.546
1,2,4,58.65,1.464
2,3,2,40.72,4.823
3,3,1,11.0,18.952
1,1,1,12.59,0.652
1,1,5,39.01,0.551
2,1,2,25.59,3.28
1,1,1,16.56,0.576
3,1,1,42.62,40.452
1,1,1,37.05,0.793
1,2,3,40.06,1.599
1,2,3,10.14,0.989
2,1,3,35.35,5.504
3,2,4,25.86,24.282
1,3,4,44.7,0.834
2,1,1,53.32,4.894
3,1,1,20.22,18.809
1,1,1,42.78,0.741
1,1,1,4.26,0.527
2,1,1,13.24,2.334
2,2,4,24.5,4.67
1,2,2,37.34,1.511
2,3,3,17.69,3.992
1,1,1,57.23,1.045
3,3,1,2.8,18.633
2,1,1,51.16,8.824
2,1,1,31.64,4.392
1,1,1,26.57,0.778
1,1,2,42.5,0.83
1,3,2,27.8,0.769
1,1,3,61.05,0.876
2,1,3,34.09,1.77
1,2,1,28.31,1.319
1,1,1,25.71,0.704
1,2,2,2.02,1.182
1,3,4,46.68,1.638
1,1,2,11.53,0.673
2,1,3,8.69,2.489
2,1,4,13.83,1.797
1,3,2,29.26,0.825
2,3,1,16.29,4.477
2,3,3,66.85,5.876
1,2,2,45.75,1.306
2,1,5,37.51,2.005
1,2,2,27.56,1.277
1,2,4,63.33,1.331
1,1,2,19.16,0.719
1,2,5,25.01,0.92
2,2,2,7.32,5.739
3,3,1,18.2,32.409
2,2,2,24.73,4.68
1,2,1,3.98,1.207
1,3,3,14.13,0.449
3,1,3,36.3,18.332
1,2,4,22.2,0.597
1,3,3,30.32,0.644
1,2,1,30.35,1.685
1,3,4,45.57,0.827
1,1,2,32.86,0.796
1,1,2,29.39,0.528
1,1,2,31.46,0.546
1,1,2,13.39,0.846
1,2,1,21.24,1.325
1,1,3,14.09,0.637
1,1,1,12.14,0.646
2,2,1,30.66,7.652
1,2,3,36.9,1.206
2,1,2,44.03,4.355
2,1,2,55.64,3.52
1,2,2,23.52,1.077
2,1,1,71.22,5.705
2,2,2,18.41,5.251
1,2,3,41.91,1.033
1,2,1,41.64,2.905
1,1,2,44.84,1.396
3,2,2,21.29,30.955
2,1,2,21.54,2.292
3,3,1,17.72,20.093
3,1,5,12.44,11.827
1,1,2,23.86,0.675
2,2,4,23.12,4.117
1,1,2,25.28,0.68
2,1,1,21.0,2.526
1,1,3,34.69,0.417
1,3,3,36.1,1.067
2,1,4,46.72,4.452
2,1,3,57.15,4.657
2,1,3,10.27,1.783
1,2,1,18.83,1.199
1,2,1,27.36,0.867
3,1,2,15.83,13.173
1,1,2,36.5,0.843
1,2,2,34.4,1.331
1,1,2,22.8,0.58
1,3,1,47.09,1.115
1,1,4,18.07,0.512
1,1,2,13.6,0.6
2,1,3,41.43,2.773
3,2,3,22.23,24.219
3,1,1,25.12,14.719
1,1,2,29.55,0.624
1,1,1,40.47,1.665
2,1,1,57.71,4.583
2,1,1,13.39,2.391
1,1,1,49.97,1.354
2,2,3,19.53,4.488
2,1,2,37.88,3.195
2,1,1,40.17,4.187
2,3,1,20.39,3.59
1,2,1,35.17,1.505
1,3,3,53.31,0.718
1,1,4,27.22,0.41
1,1,1,6.27,0.466
2,1,3,27.35,2.08
2,3,3,13.06,3.981
1,3,1,9.83,0.845
2,2,1,25.61,6.701
2,1,1,19.64,4.579
2,2,2,47.69,8.258
1,3,3,39.3,1.29
2,2,1,37.71,6.379
1,2,1,12.89,0.978
1,2,2,19.45,0.888
1,1,1,10.86,0.908
2,2,2,4.93,4.281
2,1,3,31.04,1.647
1,3,1,40.12,1.071
1,1,1,14.64,0.557
2,2,4,26.64,3.26
2,1,1,6.29,2.625
1,1,1,39.57,0.643
3,2,3,37.98,18.632
2,2,1,36.29,8.104
3,3,2,34.04,21.54
3,2,2,38.08,28.673
3,1,1,10.41,13.333
2,1,1,37.98,3.199
2,1,4,23.63,2.021
1,1,3,23.22,0.583
1,1,3,11.59,0.5
2,1,2,30.54,4.236
1,3,2,41.95,0.924
2,1,1,48.66,3.935
1,2,2,9.89,1.689
1,2,5,25.32,0.531
1,2,2,43.66,1.006
1,2,1,32.42,1.104
1,3,2,30.95,0.582
1,2,5,28.27,0.681
2,1,2,9.86,4.45
1,1,2,57.88,1.24
1,3,2,21.51,0.862
1,1,3,27.64,0.556
1,2,5,28.19,0.424
1,1,1,21.18,0.962
2,2,1,26.36,4.797
2,1,2,45.88,3.529
1,1,1,29.45,1.255
1,3,3,48.58,2.277
1,1,1,23.68,0.613
1,1,3,18.64,0.502
2,2,4,25.39,2.537
1,1,1,9.89,0.573
2,1,4,27.57,3.155
1,2,1,34.98,1.295
1,1,1,49.63,0.859
1,1,1,32.81,1.256
1,2,1,38.66,1.394
3,1,3,5.06,12.824
1,1,1,11.66,0.647
2,2,2,16.2,4.423
2,3,4,39.8,5.566
1,1,1,19.14,0.64
1,1,2,49.23,1.142
1,3,2,31.11,0.846
1,3,1,63.41,1.654
2,3,3,23.53,2.769
1,1,4,12.9,0.552
3,3,1,20.41,24.272
2,3,3,57.26,4.426
1,1,1,2.89,1.08
2,2,1,39.38,6.253
1,1,2,47.51,0.742
3,1,2,43.03,36.158
1,2,4,35.87,1.324
3,1,2,16.3,19.088
2,3,2,45.88,6.973
2,3,1,42.99,3.823
1,3,1,49.47,1.33
2,1,3,15.5,2.579
1,2,1,20.46,0.872
2,3,4,5.02,3.63
1,1,4,12.86,0.285
1,2,2,14.19,0.82
1,1,1,36.55,1.684
1,2,1,25.71,1.381
1,2,1,37.42,0.954
2,3,1,16.69,2.585
1,1,2,22.62,0.671
2,2,1,9.4,5.099
1,1,1,9.94,0.729
2,2,2,30.77,3.273
2,3,3,41.03,3.498
1,2,2,29.6,1.304
2,3,2,12.95,3.248
3,2,1,30.64,41.311
2,2,3,40.84,6.29
1,3,1,36.02,0.864
1,1,3,4.47,0.475
2,2,1,17.56,5.219
1,2,2,32.0,1.062
2,3,4,18.65,2.072
1,1,1,14.02,0.706
2,1,2,21.87,2.338
1,1,3,13.51,0.376
1,3,1,10.38,0.959
3,1,2,39.01,25.107
2,2,1,7.85,7.046
2,1,3,33.52,3.605
3,2,2,19.87,32.654
1,1,2,11.06,0.571
1,2,4,22.98,1.099
1,2,1,19.25,1.292
1,2,1,29.92,1.574
1,1,3,11.33,0.543
3,3,1,38.87,29.328
1,2,2,28.47,0.988
1,1,2,11.16,0.389
1,1,5,40.0,0.381
1,3,1,33.69,1.474
1,3,2,52.52,1.391
2,3,4,50.19,4.331
1,3,1,22.35,1.096
2,1,3,16.42,2.629
2,1,3,17.68,2.384
2,3,3,27.15,3.032
2,1,3,22.86,1.925
1,2,2,8.35,1.189
1,2,1,29.87,1.145
1,1,2,15.46,0.583
3,1,1,33.38,16.749
2,1,1,59.2,4.103
1,1,2,25.52,1.044
1,1,1,16.07,0.97
2,1,1,25.12,6.105
2,1,1,42.53,5.284
1,1,4,22.0,0.399
2,2,3,53.37,8.009
2,3,2,25.58,4.789
2,1,1,44.51,5.2
1,2,1,9.96,0.931
1,2,2,36.68,1.04
3,2,1,17.78,20.941
1,3,3,18.33,0.411
1,2,4,5.91,1.12
1,2,2,25.64,1.057
1,3,1,58.55,1.479
2,2,1,35.98,6.544
1,1,1,45.98,0.527
2,2,1,22.65,7.179
1,1,3,10.18,0.6
1,2,1,16.82,1.152
1,2,3,18.24,1.109
2,2,4,32.76,6.887
1,1,4,19.51,0.412
1,2,3,30.67,0.733
2,3,1,53.04,9.623
1,1,2,13.81,0.69
1,3,2,9.91,0.855
1,1,1,15.86,0.365
2,2,4,30.4,5.228
1,1,5,30.73,0.505
1,2,1,75.68,2.954
1,3,3,21.53,0.438
1,2,5,14.71,0.524
1,1,4,34.89,0.587
1,3,1,13.76,1.028
1,1,1,17.43,0.515
1,2,1,50.47,1.513
2,1,1,45.03,3.338
1,2,1,24.88,2.196
1,2,1,35.18,0.898
3,2,3,22.27,26.254
2,1,1,9.04,4.737
2,1,4,24.56,3.765
1,1,2,51.85,2.03
1,3,1,29.76,1.371
1,3,5,32.66,0.73
1,2,1,41.44,1.723
1,3,3,42.53,0.836
1,1,3,10.33,0.564
1,3,1,35.51,0.927
2,1,4,13.11,1.446
1,1,3,15.73,0.653
1,1,3,57.08,1.594
2,1,4,34.57,2.037
2,2,1,58.18,9.563
1,1,3,42.27,1.262
1,1,2,20.47,0.668
1,2,2,34.76,1.095
1,2,3,60.28,1.454
2,1,2,26.86,2.327
1,1,3,11.41,0.56
1,2,1,12.26,0.938
1,2,1,44.32,2.504
1,1,2,24.33,0.648
1,2,1,11.84,0.862
1,1,1,46.22,0.844
3,1,1,16.83,15.48
2,2,1,12.65,5.809
1,3,5,11.59,0.323
1,2,2,21.96,1.472
2,1,1,5.29,2.965
1,3,5,31.56,0.702
1,1,5,13.65,0.32
2,3,3,3.15,3.441
1,2,3,10.11,1.374
1,2,1,29.13,1.032
1,1,2,39.29,0.873
1,1,2,60.08,0.634
1,1,2,27.02,0.702
2,1,3,20.28,3.819
1,1,1,45.72,0.779
1,1,1,24.76,0.664
2,2,4,8.25,4.381
1,3,1,5.31,0.5
1,1,1,36.48,0.778
1,2,3,15.92,0.903
2,1,3,29.56,1.68
1,2,1,40.67,2.105
2,2,5,9.76,2.607
2,2,1,18.02,5.772
2,1,1,19.56,2.89
3,1,1,3.4,14.242
2,1,1,44.29,6.247
2,3,2,20.45,3.944
2,1,1,46.13,3.779
2,2,1,15.81,7.429
2,1,1,42.95,3.146
3,1,2,7.95,13.461
1,1,1,17.01,0.616
2,1,1,50.82,3.279
1,1,3,26.86,0.387
2,1,1,42.21,4.424
1,1,1,6.95,0.52
2,1,1,18.72,4.473
2,2,2,8.68,5.519
3,1,1,36.46,21.917
1,1,3,16.58,0.413
2,1,3,36.92,3.713
2,2,1,23.86,4.991
3,1,1,3.31,13.414
3,3,2,39.68,14.589
1,1,3,24.73,0.548
1,1,1,4.75,0.769
1,1,1,10.53,0.634
3,1,3,22.76,11.229
1,1,3,42.8,0.529
2,1,2,23.88,2.226
2,3,2,15.64,4.282
1,2,3,43.73,1.435
1,3,2,21.74,0.92
1,3,2,32.8,1.474
2,1,5,2.19,1.746
1,2,1,24.82,1.542
1,1,2,24.53,0.464
2,2,3,35.05,5.065
1,2,1,67.57,2.081
2,2,4,47.55,4.121
1,2,1,26.28,1.551
1,1,3,43.06,0.737
1,3,2,54.18,1.171
1,1,2,23.54,0.619
1,1,4,20.41,0.45
2,1,2,27.72,2.749
1,2,2,19.49,0.792
1,1,2,15.11,0.559
1,3,4,31.83,0.675
1,2,5,24.75,0.848
3,2,5,4.88,14.798
1,1,3,4.83,0.413
3,1,2,25.62,11.526
1,2,1,26.63,1.248
1,1,4,42.05,0.449
1,1,1,29.4,0.749
1,2,1,10.45,2.241
2,2,2,34.35,7.47
1,3,2,52.86,0.76
1,2,2,24.07,0.922
2,1,2,25.23,4.169
2,3,3,41.01,5.116
3,3,2,36.0,40.758
3,1,3,33.65,15.6
2,1,4,6.35,2.294
2,1,4,6.78,2.498
2,2,2,30.71,3.146
1,1,1,17.1,0.622
2,1,1,28.13,5.443
1,1,1,47.56,1.163
2,2,2,11.55,6.757
3,1,1,54.52,40.488
1,2,1,28.11,1.188
2,2,1,59.61,11.761
3,2,3,15.37,27.102
1,1,2,32.06,1.31
1,1,3,11.31,0.687
3,1,1,10.13,13.965
3,1,3,32.22,16.121
1,1,1,33.22,0.853
1,1,1,40.66,1.18
2,1,1,17.81,3.184
1,2,3,43.47,0.856
1,1,1,32.11,1.121
1,3,2,31.82,0.948
1,1,1,22.25,0.961
1,1,1,21.72,1.007
2,2,4,45.99,5.399
2,3,4,13.09,2.359
2,1,1,54.54,10.677
1,3,5,18.64,0.595
1,2,1,48.04,2.387
1,1,1,30.78,0.95
1,2,2,26.76,1.148
1,1,2,16.5,0.763
1,1,1,6.69,0.519
1,1,2,18.41,0.6
1,1,1,32.89,0.796
2,2,5,53.06,3.939
2,1,1,66.33,7.366
3,1,1,18.76,15.493
2,1,1,40.94,4.659
1,2,1,24.04,1.208
1,2,1,8.95,1.516
1,2,1,46.8,2.468
1,3,1,73.72,1.086
1,3,1,35.35,0.686
1,1,1,78.23,1.637
1,1,1,5.61,0.418
1,2,1,36.86,1.298
2,1,2,20.85,2.76
2,1,3,32.22,3.66
2,3,1,55.94,7.44
2,1,3,30.82,2.797
1,1,2,56.31,0.982
1,2,1,7.37,1.171
2,3,2,2.64,4.037
1,3,3,18.55,0.66
1,3,2,30.62,0.81
1,1,2,26.51,0.982
3,2,2,30.0,22.477
2,1,1,3.55,2.216
1,3,3,16.4,0.711
2,1,3,21.29,2.723
1,1,3,29.85,0.344
1,3,4,43.33,0.758
1,2,4,35.6,1.017
1,1,4,22.61,0.511
2,1,3,37.62,2.3
1,1,1,34.73,0.949
2,2,3,27.11,4.242
1,2,4,21.17,0.763
2,1,1,8.64,3.496
2,2,1,38.41,7.351
2,1,2,41.07,2.059
2,3,2,29.89,4.792
3,2,1,15.41,23.599
1,3,1,55.55,1.615
2,1,1,18.23,4.695
2,3,2,18.9,4.588
1,3,3,49.13,1.282
1,2,1,19.11,1.58
1,3,2,42.9,1.18
1,2,1,14.91,1.43
1,3,1,18.37,0.894
1,2,1,27.01,1.132
2,3,2,37.27,6.61
1,1,3,45.24,0.471
2,1,1,29.55,4.864
1,2,2,23.07,0.932
2,2,2,11.77,5.619
1,1,2,30.08,0.637
1,1,1,38.65,1.016
1,1,1,17.77,0.686
2,3,2,16.34,3.493
1,2,1,40.73,1.315
3,1,2,48.74,30.226
1,1,2,22.14,0.68
1,3,2,29.73,0.866
1,1,2,53.18,1.191
2,2,2,12.95,6.381
1,3,2,26.41,0.668
1,3,2,5.95,0.59
1,1,4,16.21,0.408
1,2,2,28.51,1.094
1,3,4,53.66,0.673
3,1,1,34.76,11.778
1,2,1,51.24,2.696
1,2,2,16.36,1.114
3,1,1,35.09,13.269
1,1,2,17.83,0.31
1,1,1,44.58,1.553
2,1,1,36.02,5.07
3,1,4,19.92,9.93
2,1,1,44.98,7.661
1,2,5,5.51,0.612
3,3,2,21.1,19.691
1,3,3,31.56,1.362
3,3,1,40.71,30.553
2,2,2,19.43,6.175
3,1,2,44.41,17.448
1,1,3,47.32,0.787
1,2,1,24.19,1.427
2,3,2,41.69,2.271
1,1,1,52.13,0.382
1,2,3,18.72,0.587
3,3,1,36.87,16.405
2,2,2,58.76,6.439
1,2,1,42.65,1.937
1,3,1,23.05,1.013
1,2,1,11.41,1.27
1,1,3,41.5,1.199
1,3,1,27.84,0.833
2,3,2,50.68,5.405
2,1,4,37.22,1.835
1,3,2,24.55,0.961
1,1,2,32.02,0.782
2,3,1,13.14,4.346
2,3,2,20.71,3.03
2,1,1,13.56,3.425
1,3,2,68.26,1.151
2,1,2,39.26,3.357
1,3,1,36.61,1.53
1,2,1,88.86,3.09
2,2,2,27.56,7.474
1,3,3,10.86,0.538
1,1,1,36.35,0.963
1,2,1,35.74,1.523
1,2,1,56.8,1.804
1,1,1,30.27,0.576
2,1,1,7.57,3.132
1,2,2,25.34,1.664
1,1,3,7.47,0.412
2,1,1,36.08,3.864
1,2,2,5.72,0.855
3,1,1,4.37,12.043
1,1,5,15.03,0.361
1,1,5,2.38,0.288
1,1,4,8.86,0.369
2,2,1,60.71,11.847
1,1,1,43.95,1.294
3,3,1,19.16,22.435
1,1,4,35.4,0.863
1,1,1,29.33,1.107
1,3,3,20.28,0.963
1,1,1,50.88,0.955
1,2,1,34.03,1.645
1,1,2,33.81,0.813
1,3,2,36.09,0.878
2,1,1,26.35,3.964
1,1,2,53.61,0.73
1,2,2,45.2,2.094
1,1,5,19.81,0.3
1,3,2,40.39,0.999
1,3,1,22.8,0.634
2,2,1,16.77,5.756
1,1,4,28.55,0.371
2,2,1,51.04,7.049
1,1,5,23.21,0.289
1,1,1,43.12,0.687
2,1,2,9.65,2.841
1,1,2,32.25,1.104
1,1,2,32.58,0.538
3,2,1,17.92,21.499
3,2,1,28.7,37.39
2,1,3,15.26,2.657
1,1,2,21.43,0.703
1,2,5,18.8,0.916
3,2,3,49.92,37.783
3,1,5,16.98,9.748
1,2,2,2.21,1.166
1,3,1,12.55,0.753
1,1,2,28.51,0.593
1,3,2,70.63,1.36
2,3,3,40.64,3.466
1,3,1,19.55,0.784
1,1,1,24.74,0.797
1,1,2,39.38,0.937
1,2,1,29.31,1.804
1,1,2,14.63,0.631
1,1,2,6.77,0.512
1,1,1,35.64,0.857
3,2,4,19.03,16.189
1,1,3,22.52,0.362
1,1,5,21.3,0.268
1,2,2,26.98,1.206
1,1,1,23.94,0.732
1,1,2,26.3,0.688
1,3,1,57.34,1.639
1,2,2,50.84,2.416
1,1,5,16.16,0.398
2,1,3,23.59,2.298
1,2,4,25.0,0.778
1,2,1,34.63,1.491
1,3,1,27.47,1.051
1,1,3,10.89,0.528
1,2,3,28.02,0.697
1,1,1,43.83,1.36
1,3,2,40.37,0.906
1,1,2,12.48,0.543
3,1,2,33.58,12.509
3,2,4,52.83,41.574
3,2,3,38.02,32.105
1,2,2,51.28,1.524
1,1,3,10.29,0.486
1,3,3,40.18,0.724
1,2,1,6.79,1.099
1,2,3,27.4,1.335
1,3,4,48.03,0.794
1,1,1,45.94,1.096
1,2,2,5.7,0.972
1,1,1,60.82,1.174
2,1,2,12.93,2.54
1,1,2,29.99,0.656
2,1,1,17.92,3.549
1,1,1,16.53,0.619
1,1,1,4.9,0.532
1,2,3,44.74,0.764
1,1,2,11.04,0.598
1,2,1,15.0,0.904
1,1,3,3.8,0.476
2,1,4,27.02,2.344
1,1,2,46.94,1.001
1,2,1,12.81,1.042
3,2,2,42.06,19.486
1,3,1,17.46,0.613
1,2,1,18.2,1.247
1,3,5,28.65,0.52
1,1,1,52.62,1.305
1,2,1,8.01,0.883
1,2,1,67.48,2.843
2,2,1,16.05,6.368
1,3,1,15.65,0.891
1,2,2,35.11,2.281
1,1,3,19.78,0.426
3,2,1,21.65,25.64
2,1,3,55.45,4.251
3,1,2,20.71,17.295
2,2,5,19.61,1.976
2,1,2,31.11,3.34
1,2,4,50.33,1.537
3,1,1,24.04,21.618
1,3,3,47.79,0.687
1,1,1,17.53,0.829
2,1,1,50.1,5.963
1,1,3,19.2,0.684
1,2,3,19.12,1.205
1,1,2,77.3,1.163
1,1,3,14.42,0.481
2,1,3,21.77,2.647
1,1,2,17.11,0.876
2,3,2,36.8,7.637
1,2,3,8.27,0.688
2,2,1,66.43,13.407
1,1,1,35.66,0.543
3,2,1,39.39,35.674
1,2,2,67.75,1.624
1,1,4,13.44,0.296
1,3,1,35.35,1.063
1,1,1,36.58,1.178
1,1,1,26.69,0.954
2,3,1,36.81,7.447
3,2,3,58.12,25.193
2,2,5,8.34,2.485
1,3,2,32.65,1.075
1,3,2,8.89,0.728
2,3,4,17.73,3.279
2,2,4,15.94,4.937
1,2,1,7.51,1.172
3,2,1,21.9,18.705
1,1,1,41.39,1.037
2,1,3,26.93,1.713
3,3,3,63.67,54.866
2,1,2,49.0,4.379
1,3,1,17.44,0.824
1,1,3,9.85,0.638
1,1,2,42.02,0.679
2,1,1,41.92,6.678
1,1,4,13.53,0.328
2,1,1,14.95,2.729
3,1,1,12.59,15.832
1,2,1,16.15,0.87
1,1,4,23.57,0.654
2,1,4,19.54,3.414
1,1,2,31.9,0.84
1,1,2,34.59,0.606
1,3,1,69.4,1.178
1,3,4,56.91,0.804
2,1,1,31.89,4.04
1,1,1,10.41,0.54
1,1,2,21.85,0.673
1,2,2,28.09,1.451
1,1,2,30.7,0.69
1,2,2,24.17,1.299
2,1,2,11.02,1.836
1,2,2,26.24,1.516
1,1,1,17.84,0.644
3,1,1,55.42,37.207
1,1,1,34.07,1.027
2,2,1,13.94,8.477
1,2,1,4.17,1.464
1,2,1,29.03,1.703
1,1,4,42.77,0.69
2,2,2,74.1,5.469
2,1,1,11.31,2.699
1,2,2,29.59,0.979
1,2,3,33.84,1.129
1,1,4,84.87,1.149
1,3,3,44.13,0.893
2,3,1,15.09,6.2
2,3,1,55.3,7.279
3,1,5,34.38,10.021
1,3,1,47.44,2.026
2,1,5,21.78,3.003
1,1,4,37.79,0.411
1,2,2,16.81,1.362
3,1,2,9.69,12.668
1,1,1,40.08,0.773
2,3,4,52.54,3.302
2,1,2,27.83,5.18
3,2,1,9.73,23.476
1,3,1,47.94,2.149
1,1,2,19.8,0.352
2,3,2,16.45,5.094
2,3,1,48.46,3.577
1,1,2,49.6,0.557
2,1,1,15.76,2.76
1,1,4,16.73,0.372
1,3,1,11.38,0.764
2,1,2,27.64,1.935
1,1,4,2.49,0.386
1,2,2,12.5,0.59
3,2,2,28.0,47.252
2,2,2,25.32,8.343
2,1,3,24.65,2.551
1,2,2,37.06,1.709
3,2,1,15.96,17.487
1,2,3,30.77,0.977
1,2,2,36.75,1.702
1,1,4,29.35,0.717
2,1,1,32.65,3.162
3,1,1,38.77,18.996
2,1,1,4.98,2.434
2,1,1,45.98,2.911
1,1,2,10.88,0.481
1,1,3,2.31,0.428
1,2,1,46.48,1.922
1,2,1,18.77,0.76
1,3,1,63.06,1.334
2,1,3,61.58,4.142
2,1,1,26.03,3.291
2,1,2,29.0,2.388
1,2,1,19.66,0.768
1,2,1,26.89,1.105
1,1,5,19.34,0.604
1,1,4,46.85,0.411
1,1,1,39.6,0.942
1,1,2,13.3,0.558
1,1,1,52.84,0.61
2,2,2,35.05,8.615
1,1,1,5.11,0.643
1,3,1,53.98,1.117
1,1,2,20.01,0.465
1,1,2,14.23,0.438
1,3,1,48.39,1.304
1,1,1,59.43,0.928
1,3,2,11.54,0.595
1,1,3,4.21,0.367
3,1,1,49.59,30.793
1,3,4,20.83,0.52
1,1,1,8.83,0.681
1,1,1,32.88,0.914
1,1,1,22.76,0.815
1,1,3,19.86,0.401
2,1,4,76.04,8.634
1,2,2,16.95,0.723
2,1,2,14.42,1.679
1,2,2,26.66,1.248
1,2,3,20.49,0.758
1,3,2,4.51,0.79
1,3,3,34.83,1.119
1,3,1,16.13,0.711
3,1,1,32.02,27.366
2,1,4,33.6,1.71
3,2,3,11.98,13.462
1,1,1,32.31,0.797
2,1,2,16.56,3.025
1,3,4,24.15,0.627
2,1,2,57.94,6.881
3,1,1,23.38,14.14
2,1,2,32.3,3.928
2,1,1,86.77,5.833
2,1,1,13.43,2.266
1,3,1,25.0,0.805
2,1,4,11.0,1.887
1,2,2,19.64,1.138
3,1,1,12.95,11.931
2,1,2,11.97,2.334
1,1,2,18.59,0.586
1,1,1,10.25,0.621
1,2,2,52.32,0.7
1,1,2,49.11,0.823
1,1,2,45.47,0.748
2,2,1,48.55,9.862
1,1,4,31.62,0.573
2,1,2,25.04,4.844
1,1,1,37.37,0.659
1,1,2,28.1,0.722
1,1,2,27.15,0.662
2,1,1,22.3,3.57
1,1,4,26.2,0.314
1,1,2,13.16,0.559
1,1,3,32.85,0.854
2,2,3,20.66,6.293
1,1,2,19.1,0.645
2,1,4,8.55,2.539
2,3,1,37.9,4.854
2,2,1,21.99,5.341
1,1,1,48.83,0.964
1,2,1,26.0,2.842
1,3,3,22.4,0.536
1,2,1,35.57,1.139
2,2,1,11.63,5.952
1,2,1,27.45,1.162
1,3,3,19.28,0.62
1,1,4,15.91,0.409
1,2,1,32.0,2.39
1,1,1,27.46,0.846
2,1,1,18.72,3.269
1,1,2,19.44,0.426
3,2,2,43.24,63.31
2,1,3,44.78,2.362
1,2,3,52.78,1.59
1,3,1,13.36,0.846
1,1,1,18.35,0.729
1,1,1,36.58,0.713
1,1,1,47.27,0.855
2,2,3,58.42,9.951
2,1,2,41.63,4.811
1,2,2,43.37,1.171
1,2,2,44.65,1.479
1,1,4,51.26,0.562
3,2,2,39.64,28.325
1,1,1,10.6,0.749
2,1,4,39.42,2.968
2,3,2,43.32,5.645
1,1,1,17.57,0.688
1,1,1,60.07,0.508
1,1,2,2.14,0.691
2,2,2,1.62,5.324
1,2,2,25.22,1.794
2,1,1,30.88,3.914
2,1,2,8.64,3.774
2,2,1,22.01,7.853
1,1,2,11.15,0.48
1,1,5,20.05,0.406
2,3,4,36.01,5.564
1,2,1,4.4,1.164
2,1,2,23.72,2.784
1,1,4,21.01,0.551
1,1,2,24.99,0.558
2,2,1,56.34,17.974
1,1,1,43.72,0.758
1,2,1,23.36,1.172
1,1,4,21.89,0.629
1,1,1,24.31,1.195
2,2,1,56.6,10.348
1,2,1,58.55,2.603
1,2,3,40.7,1.831
1,1,1,7.6,0.527
3,1,1,24.83,12.409
1,1,4,27.66,0.333
3,1,1,32.67,23.896
2,1,1,34.05,3.956
1,2,2,13.2,1.03
2,3,1,23.92,3.96
2,3,2,48.95,7.702
1,2,4,15.45,0.686
1,3,4,29.53,0.737
2,1,3,16.95,3.483
2,3,4,30.33,1.826
2,1,4,31.72,1.577
3,1,1,16.69,13.32
1,1,2,38.62,1.219
2,1,1,44.33,3.452
2,2,1,56.73,9.444
1,1,1,37.05,0.982
1,3,2,33.13,0.973
1,3,1,36.68,1.819
2,2,1,6.49,5.335
1,1,1,18.08,0.434
2,2,3,44.98,6.628
1,1,3,53.58,0.468
1,1,1,31.26,1.201
2,1,4,59.94,3.411
1,1,1,13.6,0.757
2,1,1,6.86,3.694
1,1,1,38.22,0.711
3,1,2,28.59,13.336
1,2,4,25.15,0.735
3,3,1,25.26,32.307
2,3,2,70.7,10.224
1,1,3,39.4,0.56
1,3,2,36.1,1.01
1,2,4,5.98,0.604
1,1,2,27.1,0.516
2,1,1,7.39,2.298
1,1,1,23.15,0.737
1,1,2,7.55,0.421
1,3,1,13.78,0.972
1,1,2,28.72,0.925
2,1,3,29.82,1.775
1,2,1,21.83,1.586
2,2,2,34.42,4.806
3,2,3,22.55,21.105
1,1,2,19.46,0.646
1,2,1,27.39,1.505
1,1,3,19.68,0.387
1,2,4,37.5,0.644
1,3,2,49.75,0.976
3,2,1,15.63,34.441
2,1,2,18.69,3.772
1,3,5,28.83,0.815
2,1,3,51.99,5.689
1,2,3,32.91,0.535
2,2,2,31.93,4.922
1,1,1,23.27,0.603
2,1,1,9.87,3.693
3,2,2,46.4,52.742
2,1,1,46.09,6.547
2,1,4,43.08,3.755
1,2,1,31.28,0.784
2,2,2,44.66,9.599
1,3,2,15.51,0.679
2,3,1,17.08,4.353
1,3,4,21.21,0.648
1,1,1,16.21,0.699
1,1,3,12.58,0.349
1,2,2,22.53,1.311
2,3,1,34.11,3.143
2,2,1,32.44,5.651
3,2,1,41.79,45.495
1,3,1,20.98,0.975
3,1,2,34.7,21.251
1,2,1,18.19,1.053
1,1,5,40.75,0.468
2,2,1,29.54,5.736
1,1,5,10.37,0.351
1,1,4,57.12,0.382
1,1,2,25.46,0.644
1,2,2,5.1,0.952
2,2,2,37.33,6.976
1,3,1,30.33,1.033
1,3,5,25.75,0.59
1,1,4,10.53,0.462
1,1,1,13.32,1.085
2,1,1,28.26,2.788
3,1,2,7.14,19.566
2,2,1,21.54,5.82
2,2,2,2.76,7.21
1,1,1,24.15,0.778
2,2,1,13.77,5.954
1,3,1,30.92,1.253
1,1,2,28.86,0.601
2,3,2,17.59,4.047
1,1,2,41.1,1.13
2,1,2,68.2,7.055
2,1,3,30.27,2.855
3,1,1,36.29,10.887
1,1,1,76.94,0.774
1,1,4,25.81,0.466
2,1,1,18.93,3.251
1,2,3,12.63,1.028
1,1,1,72.98,1.669
2,1,1,14.82,2.324
3,2,4,21.5,23.851
2,2,1,18.87,8.485
1,2,1,45.79,2.015
1,2,1,62.23,1.811
1,3,1,21.72,1.277
1,1,2,43.43,0.595
1,2,2,38.98,1.304
1,1,3,50.19,0.879
1,3,4,18.59,0.411
1,1,4,1.04,0.272
1,3,3,65.32,1.26
1,3,3,43.56,0.544
1,1,1,10.64,0.719
2,1,3,46.9,3.834
1,1,1,21.7,0.87
2,1,4,32.15,2.66
1,1,4,57.99,0.802
1,2,3,10.77,0.998
1,1,3,44.58,0.708
1,1,4,27.18,0.879
1,1,3,36.6,0.546
2,1,2,20.5,2.993
3,1,5,17.18,12.253
1,2,2,14.6,1.125
1,1,4,25.78,0.368
2,3,3,19.03,6.136
1,2,4,49.51,1.12
1,3,1,35.24,1.187
2,1,1,38.39,3.718
1,1,1,14.89,0.511
2,1,3,63.22,3.885
1,1,2,21.28,0.414
1,3,1,46.37,1.327
1,2,1,49.01,1.735
2,3,3,54.6,6.821
1,3,2,22.94,0.974
2,1,2,28.26,2.81
2,1,1,64.19,5.502
2,1,2,25.17,3.234
1,2,4,43.66,2.401
1,2,4,15.66,0.823
1,1,4,58.59,0.766
1,3,4,59.0,0.837
3,2,1,51.45,29.671
1,3,2,12.25,0.998
2,1,2,43.26,2.859
1,2,1,22.66,1.327
1,2,3,13.24,0.668
1,1,2,19.6,0.666
2,1,2,42.37,2.971
1,1,5,46.41,0.649
1,1,3,45.63,0.658
2,2,1,33.66,7.164
1,3,1,40.86,1.226
1,3,3,20.32,0.753
1,1,1,60.45,1.549
1,2,1,23.89,1.079
1,1,2,19.13,0.586
1,1,2,33.15,0.464
2,3,2,49.76,2.895
1,3,3,24.81,0.563
1,3,2,31.71,0.793
1,1,4,13.29,0.394
1,2,2,14.59,0.756
1,1,2,15.87,0.402
1,2,3,22.52,1.111
1,1,1,41.8,1.158
1,1,5,38.89,0.42
3,3,1,14.02,16.579
2,1,1,38.66,4.969
1,3,1,28.3,0.826
1,1,3,13.0,0.583
1,3,1,35.45,0.518
2,3,1,20.46,3.799
1,1,1,22.58,0.63
1,1,1,33.6,0.979
1,3,1,18.15,1.078
1,1,2,20.62,0.518
1,1,1,4.39,0.649
2,1,4,8.06,2.098
3,1,1,34.52,21.005
1,1,1,24.27,0.696
1,1,1,64.72,1.955
1,1,2,53.06,0.789
1,3,3,8.98,0.681
1,1,1,19.09,0.561
1,1,1,29.39,0.719
2,3,1,38.94,5.806
3,2,4,2.84,19.987
2,1,2,11.5,4.747
2,1,3,11.11,2.687
1,1,4,26.0,0.58
1,3,2,50.77,1.296
1,3,2,15.12,0.786
1,1,4,35.68,0.571
1,1,1,44.95,0.872
2,2,1,41.73,6.062
1,3,2,21.52,0.768
1,1,1,24.06,0.749
1,3,3,57.49,1.487
3,3,1,60.45,36.043
1,2,4,15.31,0.991
1,2,3,21.47,0.887
1,2,3,3.88,1.198
2,3,2,10.31,4.205
3,2,4,36.98,28.493
1,3,4,7.21,0.511
3,3,1,13.45,25.146
1,2,1,27.08,1.334
2,1,4,28.94,3.056
1,1,1,26.65,0.878
1,1,2,17.16,0.71
2,1,3,46.34,2.82
1,2,1,25.0,1.288
1,2,1,10.9,0.996
2,1,3,6.72,2.414
3,2,3,43.15,32.837
1,1,1,38.82,0.553
2,3,1,29.52,4.864
2,2,4,40.17,2.344
1,1,1,29.12,0.933
2,3,2,19.19,5.374
1,1,2,16.27,0.46
2,1,2,42.03,5.145
1,1,2,28.94,0.562
1,1,1,24.81,0.742
1,3,3,12.9,0.876
1,3,2,31.34,1.094
2,2,2,8.13,3.73
3,1,4,13.51,8.61
1,1,2,68.79,1.346
1,1,2,59.58,0.8
1,1,3,2.55,0.618
1,3,4,45.19,1.263
1,1,1,43.72,0.925
2,1,1,37.28,6.546
2,2,3,39.95,4.248
1,2,2,23.24,1.091
1,3,1,34.73,1.518
2,3,2,1.18,3.654
1,1,2,18.73,0.761
1,3,1,20.31,0.859
1,3,1,58.98,1.446
1,3,2,29.7,0.749
1,3,3,48.56,0.595
2,2,4,33.99,5.875
1,1,1,24.46,1.047
1,3,1,16.35,0.599
1,1,3,22.68,0.644
2,3,2,33.05,4.502
1,2,4,49.9,1.036
1,1,4,52.87,0.697
1,3,1,41.7,1.292
1,1,1,31.09,0.632
1,1,2,22.48,0.656
2,2,2,31.04,9.425
1,1,1,24.14,0.656
1,3,1,30.09,1.063
1,3,2,21.49,0.674
2,1,1,7.55,4.52
2,2,1,4.15,5.557
2,1,4,24.08,1.998
1,2,2,31.03,1.129
2,1,4,11.89,2.262
2,1,1,9.37,2.454
1,3,1,65.02,1.332
1,1,3,7.31,0.527
2,3,2,58.44,7.948
1,1,4,10.64,0.417
2,3,3,42.02,4.788
1,2,1,21.72,1.609
1,2,4,29.57,0.824
1,1,1,16.48,0.873
2,2,1,51.78,7.979
2,2,1,23.3,6.784
1,2,5,54.23,0.922
1,3,2,21.49,0.612
1,2,2,3.45,0.85
1,1,2,23.24,0.73
3,3,1,20.78,22.54
1,2,2,18.64,0.856
1,2,2,5.04,0.826
1,3,2,22.13,0.987
3,1,2,21.44,14.782
1,1,2,42.45,0.796
2,1,3,51.46,4.993
1,2,2,31.79,1.594
1,1,3,14.78,0.563
2,2,2,32.46,4.662
1,1,4,51.56,0.374
2,2,1,7.29,4.832
1,1,3,22.67,0.442
2,1,1,31.94,5.91
2,2,4,18.14,5.696
2,2,3,13.88,4.1
1,2,1,30.44,1.352
2,2,3,47.17,3.915
3,1,1,22.3,14.711
1,2,2,15.2,1.504
1,1,4,34.22,0.378
2,1,1,30.45,2.79
1,3,1,24.24,0.809
2,3,1,25.92,3.84
2,1,2,17.5,3.424
1,1,3,17.66,0.408
1,2,1,25.15,1.644
1,3,1,18.48,0.769
1,1,2,56.11,1.049
2,2,1,73.58,9.177
1,1,3,49.96,0.477
1,1,1,14.88,0.669
2,1,3,25.46,2.856
1,2,1,24.29,0.875
2,2,2,19.94,5.281
1,2,4,47.54,1.612
1,1,2,20.13,0.454
1,1,1,2.66,0.83
2,2,1,13.21,7.224
2,2,2,33.61,9.707
2,1,2,23.95,2.144
3,2,4,35.09,24.032
2,1,4,11.05,2.34
2,3,2,28.15,3.334
1,2,1,28.72,1.006
3,1,2,8.11,14.123
2,3,1,23.17,3.595
2,1,1,61.07,4.87
1,1,4,20.62,0.444
1,2,1,15.93,0.951
2,3,3,14.31,3.616
1,1,1,25.91,0.751
1,1,1,33.63,0.77
3,3,2,42.07,15.014
1,1,1,22.7,0.63
1,3,3,43.8,1.083
1,1,5,26.88,0.325
1,3,2,29.61,1.136
2,1,1,18.63,3.075
3,3,3,55.3,17.606
3,2,1,43.92,37.492
2,3,2,46.16,2.687
2,1,1,34.78,4.993
1,1,4,12.58,0.41
2,1,1,34.9,3.806
1,3,1,19.77,0.843
1,1,1,19.45,0.704
3,2,2,10.7,36.451
2,1,1,38.07,3.85
1,2,2,16.27,0.949
2,2,4,4.69,5.404
1,1,2,16.21,0.766
1,2,2,26.05,1.046
1,1,2,17.89,0.478
1,3,3,36.88,0.624
1,3,2,46.61,1.123
1,1,2,16.29,0.724
1,1,1,32.75,0.926
1,2,2,29.82,0.824
3,3,2,33.35,27.473
2,3,2,17.79,3.674
2,1,2,5.31,3.163
1,1,4,47.84,0.542
2,1,5,19.11,1.472
2,1,2,53.7,6.413
1,3,1,35.85,0.86
1,3,1,16.8,1.004
1,1,2,47.22,0.807
1,1,1,30.97,0.671
1,2,1,52.07,1.456
1,1,3,37.91,0.577
1,2,1,26.12,1.035
2,2,1,25.92,6.703
1,2,5,20.2,0.674
1,1,2,51.07,0.669
2,2,3,32.11,4.95
1,2,2,10.59,1.116
1,2,2,38.06,1.989
1,2,2,29.24,1.208
1,3,1,34.05,1.34
1,1,5,20.33,0.4
1,1,4,13.61,0.494
1,1,1,39.2,0.613
3,2,3,45.59,31.55
3,1,1,17.94,13.289
1,2,3,41.0,0.955
1,1,3,29.97,0.387
1,3,2,58.02,3.276
2,2,3,18.07,5.132
2,1,3,57.39,3.261
1,1,2,19.41,0.367
1,1,1,65.12,0.991
1,3,2,10.85,0.782
2,3,3,8.47,3.1
2,2,1,36.16,8.327
1,1,4,36.53,0.451
1,3,2,33.68,0.77
1,1,1,28.92,0.719
2,2,4,8.79,3.438
3,2,2,52.99,48.042
1,1,1,34.3,0.955
1,1,1,44.36,0.689
1,1,1,10.53,0.928
1,3,4,20.28,0.533
2,2,1,29.96,4.255
1,3,2,12.35,0.612
2,2,1,44.58,5.143
1,1,2,28.93,0.58
1,1,2,29.82,0.776
1,2,1,50.02,1.097
1,1,1,9.63,0.457
1,1,3,18.02,0.46
2,1,1,10.03,3.967
1,2,3,68.41,2.692
1,2,2,57.5,2.09
1,1,5,7.96,0.459
1,3,5,51.82,1.136
2,3,4,64.53,6.288
3,2,2,53.0,23.652
1,1,1,36.51,0.807
2,2,2,17.61,3.975
2,2,2,31.42,5.216
3,1,1,44.25,27.135
1,2,2,30.76,1.114
1,3,3,21.65,0.629
1,1,2,39.34,0.513
2,1,3,18.42,1.876
2,1,4,5.79,2.969
1,2,3,10.96,0.814
1,2,2,28.5,0.856
2,1,2,28.43,2.867
2,1,2,17.15,3.576
1,3,1,48.87,1.472
2,3,1,19.62,6.548
1,3,2,12.89,1.08
1,1,5,10.55,0.233
1,3,1,15.99,0.82
2,1,3,14.82,3.643
3,2,2,19.78,38.869
1,1,2,21.27,0.577
1,3,2,37.2,1.055
1,1,1,37.24,0.789
1,3,4,22.62,0.507
1,3,1,28.58,1.729
1,3,1,35.91,1.144
1,1,1,34.81,0.614
1,1,2,14.09,0.531
1,1,2,63.29,1.16
2,1,1,67.04,4.672
1,1,5,32.9,0.519
2,2,2,14.81,4.347
3,3,4,19.75,14.893
1,3,2,11.4,0.777
1,1,1,29.88,1.012
1,1,3,13.38,0.432
1,2,2,33.27,1.274
1,3,2,59.09,0.857
1,1,2,57.14,2.012
1,1,4,6.34,0.406
1,1,1,50.24,1.236
1,2,2,15.35,0.902
2,1,1,43.19,3.399
1,3,1,12.2,0.708
1,3,2,7.23,0.694
2,3,3,28.03,2.791
1,2,1,21.86,0.962
2,3,1,7.58,3.84
1,1,2,11.59,0.728
1,1,1,12.63,0.473
3,1,2,38.6,12.726
1,2,1,3.76,0.826
1,1,3,20.6,0.29
3,2,1,40.05,40.052
2,3,2,11.52,3.693
2,1,1,7.11,2.415
1,1,2,59.9,1.798
1,3,1,31.94,1.211
2,3,1,20.53,4.137
1,1,1,21.83,0.534
1,1,5,5.06,0.381
2,1,3,16.76,1.825
1,1,1,12.8,0.598
1,1,2,32.59,0.853
1,1,3,38.62,0.411
1,2,3,35.2,0.681
2,1,3,33.92,2.647
2,1,5,64.66,3.163
1,1,3,67.79,1.221
1,1,1,41.53,1.49
1,2,2,9.79,0.957
1,2,2,29.42,1.428
1,3,5,29.16,0.386
3,1,2,13.18,18.098
1,1,4,31.23,0.824
1,2,1,15.41,1.519
3,1,2,10.49,14.415
1,2,1,17.45,1.136
3,2,3,45.6,15.446
1,1,3,61.44,0.854
1,1,1,12.95,0.448
3,1,2,60.73,22.443
1,1,3,27.97,0.633
1,1,5,22.46,0.395
1,1,1,23.21,0.439
2,2,2,14.63,5.598
1,1,3,37.64,0.564
1,1,1,47.33,0.779
2,1,1,26.71,5.361
2,1,1,20.14,2.833
1,1,3,26.11,0.496
1,3,1,46.02,0.809
1,1,1,15.03,0.861
1,3,3,38.15,1.021
1,3,3,29.5,0.854
1,1,1,40.46,1.225
1,1,3,15.49,0.748
1,1,2,45.3,0.681
2,3,1,7.58,4.112
1,3,4,59.65,0.791
3,2,2,46.46,38.155
3,3,2,14.05,14.201
1,2,5,8.57,0.742
3,2,1,25.55,28.1
2,3,3,36.78,4.122
1,1,4,42.64,0.631
2,1,1,33.72,4.134
1,2,2,27.1,0.675
2,2,2,16.66,7.81
1,1,2,32.48,0.428
1,1,2,29.9,0.721
1,1,2,13.19,0.42
3,1,2,14.35,9.698
1,1,1,37.56,0.668
1,1,4,51.37,0.583
1,1,1,6.92,0.953
1,1,2,14.86,0.657
2,1,2,6.77,3.499
2,3,1,42.66,2.325
1,2,1,24.38,1.644
1,1,1,31.82,0.92
1,2,2,39.1,1.734
1,1,3,25.5,0.421
2,2,1,5.12,7.492
2,3,5,25.08,3.471
1,1,2,42.82,1.115
1,1,4,5.59,0.41
1,2,3,21.15,1.253
1,1,1,11.52,0.708
1,3,2,37.21,0.997
2,3,5,44.26,1.4
1,1,1,22.87,0.793
3,2,5,26.69,14.631
1,3,4,28.86,0.516
1,3,1,49.38,1.768
1,1,2,17.04,0.657
1,1,2,58.46,1.006
1,1,2,7.36,0.999
1,2,1,45.99,1.875
2,1,3,9.09,2.861
1,1,1,46.31,0.961
2,1,1,26.08,3.3
2,1,1,26.51,3.344
1,1,1,28.2,0.535
1,1,3,31.75,0.584
1,1,2,12.89,0.853
1,2,1,13.35,1.293
2,1,5,39.76,2.143
3,1,1,43.24,15.263
1,1,4,35.45,0.426
1,1,2,12.99,0.46
2,1,3,41.21,3.247
2,2,4,29.43,6.036
1,2,4,31.8,0.947
2,1,2,13.04,3.296
1,3,1,42.07,0.937
1,2,5,18.18,0.832
1,3,1,18.5,0.755
1,1,1,12.94,0.508
2,2,2,24.58,10.894
1,2,3,6.71,0.78
1,2,2,31.46,1.371
1,2,3,13.39,0.803
1,1,1,17.1,0.974
1,1,3,39.75,0.732
1,3,2,9.52,0.627
2,1,1,24.54,2.927
1,2,1,38.09,2.025
2,1,2,25.48,1.877
1,1,3,29.81,0.51
2,2,3,35.87,8.788
2,2,2,20.93,5.864
1,1,1,10.51,0.621
1,1,2,46.11,0.965
3,1,2,46.01,23.002
1,2,1,26.43,1.542
2,1,2,30.31,2.961
1,1,2,23.26,0.599
1,1,2,19.04,0.596
1,2,1,23.73,1.246
2,1,1,53.12,4.674
1,1,2,32.23,0.508
2,1,3,9.93,2.404
2,1,1,42.65,3.974
1,1,1,17.75,0.616
1,2,2,31.36,0.933
1,1,2,22.11,0.524
1,2,2,38.02,1.513
2,1,2,25.85,4.614
1,2,2,30.9,1.093
1,1,1,9.26,0.345
2,3,1,30.55,9.475
1,1,3,44.54,0.669
1,1,2,23.52,0.575
1,1,1,24.85,0.676
1,1,4,49.66,0.477
2,1,1,36.36,5.653
1,3,2,24.06,0.51
1,1,1,16.86,0.837
1,3,2,41.96,0.713
1,1,1,0.3,0.545
2,2,5,61.56,5.213
1,2,3,37.11,0.896
2,1,1,34.05,2.322
2,1,4,4.84,1.649
1,1,5,28.66,0.325
2,1,1,11.55,2.472
1,2,2,10.8,1.206
3,1,2,42.82,36.804
1,2,3,17.45,0.84
1,1,1,22.43,0.798
1,3,1,14.86,1.075
1,3,5,2.11,0.431
2,1,2,48.56,3.949
1,3,1,38.63,1.008
1,1,2,47.1,1.135
1,1,3,56.44,0.741
2,3,1,3.86,3.375
2,1,2,28.42,2.403
1,2,3,18.08,0.724
1,1,2,38.52,0.828
1,3,3,28.26,0.686
2,1,2,45.36,4.623
2,1,1,18.27,3.136
1,1,4,36.45,0.611
2,2,2,21.43,6.527
1,2,2,31.23,0.893
2,2,1,36.47,4.743
1,1,1,2.79,0.425
1,1,1,14.56,0.613
1,2,1,21.96,1.574
1,1,1,33.31,0.619
3,1,2,21.17,13.406
1,1,4,39.0,0.429
2,2,5,8.02,2.561
2,1,4,32.33,1.646
2,1,1,37.34,3.784
3,3,3,28.0,11.451
1,1,3,53.15,1.365
1,1,5,35.98,0.421
1,1,4,16.14,0.367
1,3,1,30.96,1.044
2,3,4,43.13,3.831
1,2,1,40.02,0.88
1,2,2,37.14,1.991
1,2,3,28.96,1.297
1,3,2,19.37,0.914
2,3,2,19.92,4.14
1,1,3,16.72,0.432
2,1,2,10.34,2.773
2,1,3,49.49,4.819
2,2,1,18.67,7.236
1,1,1,15.21,0.65
2,1,2,36.36,2.199
1,3,2,16.5,0.861
1,1,1,14.52,0.56
2,1,4,64.22,4.337
2,1,1,41.71,3.372
1,3,1,31.43,0.671
2,2,3,36.35,4.373
1,2,1,40.25,1.264
1,1,2,10.91,0.509
3,2,5,44.75,28.524
1,2,2,15.25,1.185
2,2,1,35.81,5.354
1,2,4,56.06,1.767
2,1,2,41.85,4.01
2,2,1,66.16,14.887
2,2,1,17.71,4.327
1,1,2,42.86,0.88
2,1,4,41.76,2.046
1,1,2,42.02,1.392
3,3,2,58.01,18.238
1,1,2,13.71,0.755
1,2,1,30.29,1.71
2,1,2,34.25,2.998
1,3,1,10.34,1.083
1,3,4,11.26,0.788
2,1,1,39.96,4.454
1,1,1,52.11,0.54
1,2,2,7.03,0.982
1,2,2,21.47,1.288
1,2,3,32.69,1.146
1,1,1,13.17,0.631
1,2,1,34.13,1.555
1,2,2,38.22,1.213
1,1,2,20.95,0.486
1,1,5,10.67,0.36
2,3,1,6.99,4.802
2,1,4,21.18,1.537
1,1,1,20.88,0.617
1,3,3,50.57,1.591
2,2,3,22.01,4.061
1,2,1,26.41,1.579
1,2,1,30.59,1.4
1,1,2,24.17,0.752
1,2,2,16.27,1.22
2,1,4,44.56,5.14
3,3,2,26.0,22.748
3,1,1,34.07,27.002
1,1,4,16.18,0.672
1,1,2,17.19,0.863
1,1,1,29.46,1.157
1,1,5,49.94,0.72
1,2,2,35.82,0.976
2,2,1,65.44,18.722
1,1,3,10.1,0.569
3,3,5,34.24,11.922
1,3,1,54.43,1.588
1,1,1,18.92,0.859
2,1,2,14.01,2.807
2,2,2,37.78,5.68
1,1,3,16.7,0.827
1,1,4,17.94,0.69
1,2,1,51.75,1.882
1,2,1,7.03,1.207
1,2,1,9.11,1.513
1,3,1,27.11,1.242
2,2,1,17.98,4.807
1,1,3,20.64,0.488
2,1,3,39.37,3.445
2,2,2,52.73,4.132
1,2,2,21.06,1.414
1,2,3,25.61,1.116
1,2,2,40.15,0.947
2,2,1,24.5,8.986
2,3,2,38.17,5.784
2,1,1,2.82,3.258
1,1,1,57.79,0.827
1,3,3,42.23,0.696
1,3,2,46.57,2.116
1,1,2,16.19,0.51
2,1,2,53.52,5.56
1,2,2,37.04,1.396
1,1,2,29.55,0.682
1,1,1,26.06,0.53
1,1,1,51.16,2.036
2,2,2,35.66,7.748
1,1,3,26.71,0.492
3,1,2,24.81,12.546
2,1,2,41.57,4.181
2,2,2,11.98,4.867
2,3,1,19.64,4.631
2,2,1,23.91,7.58
2,1,4,11.04,1.565
1,3,1,20.68,1.789
1,3,1,33.89,0.679
1,1,1,26.08,0.673
1,3,2,7.69,0.562
1,1,5,38.87,0.639
2,1,1,42.42,7.016
1,2,2,66.89,2.666
1,2,4,52.09,1.043
2,3,2,63.84,6.104
1,1,1,26.86,0.896
2,2,4,35.21,7.274
1,2,1,28.6,1.387
2,1,5,12.78,1.171
2,2,1,36.04,5.648
1,1,4,31.88,0.421
1,1,4,16.58,0.468
1,1,3,9.43,0.635
1,3,3,14.22,0.721
1,2,4,29.62,0.958
3,2,2,44.81,27.256
1,1,4,18.77,0.392
2,2,2,2.68,6.118
1,2,1,51.99,2.158
3,3,1,25.91,35.073
1,2,3,4.39,0.864
1,1,2,23.62,0.843
1,3,3,45.8,0.955
1,2,2,28.78,1.724
2,1,1,11.85,2.831
1,2,2,48.41,1.413
1,1,2,45.78,0.653
1,2,2,14.31,1.34
2,1,1,39.32,3.322
1,2,1,36.81,0.83
1,1,1,65.62,1.251
1,3,2,10.84,0.591
1,1,2,22.51,0.505
1,1,2,31.86,0.873
3,1,2,46.91,39.276
1,1,3,10.8,0.434
2,2,4,29.55,5.877
1,1,2,17.82,0.688
1,1,4,16.9,0.46
1,3,1,35.68,0.636
1,2,2,20.58,1.096
1,2,4,16.54,0.495
1,1,5,45.33,0.392
1,3,1,19.17,0.815
3,1,2,5.85,10.615
1,1,1,27.77,0.505
1,1,1,21.65,0.681
1,2,2,29.27,1.104
1,1,5,21.25,0.482
2,3,4,10.0,3.28
1,1,1,3.18,0.761
1,2,1,30.64,1.576
1,1,2,8.14,1.034
1,3,1,52.52,0.968
3,1,2,37.43,18.404
1,1,1,11.23,0.91
2,1,1,11.68,2.404
1,1,1,26.1,0.678
3,1,1,19.43,14.519
1,1,3,57.07,1.123
1,2,3,40.35,1.356
2,1,1,39.17,7.164
1,1,1,41.35,0.95
1,1,2,38.57,0.507
3,1,1,16.16,23.251
1,3,2,36.18,0.549
2,1,2,39.88,6.233
2,2,2,30.46,6.698
2,1,4,27.45,2.407
2,1,2,19.33,4.196
1,3,4,45.79,0.818
1,2,1,35.11,3.3
1,2,4,47.32,2.065
2,1,1,49.59,7.12
2,2,1,21.9,4.762
1,3,1,15.28,0.809
1,1,1,27.42,0.842
1,1,2,27.22,0.614
1,3,2,37.04,0.431
2,1,2,15.38,2.209
1,1,5,18.65,0.345
2,1,2,19.35,3.885
2,1,1,9.69,4.199
3,1,2,56.43,36.557
1,1,3,22.35,0.641
3,1,1,47.59,26.198
2,1,3,14.19,3.563
2,2,1,73.52,8.965
1,2,2,46.44,1.664
1,2,1,42.22,1.579
2,1,1,28.27,3.439
1,1,2,41.75,0.996
1,3,1,25.7,0.872
1,2,1,24.22,0.81
1,3,1,24.01,0.773
1,3,4,15.21,0.56
1,1,2,27.46,0.693
1,1,3,33.28,0.459
3,1,2,30.11,12.069
3,1,1,15.47,10.156
1,2,2,3.93,1.062
1,1,1,11.87,0.584
1,3,2,34.2,0.726
1,2,2,25.55,0.836
2,3,5,30.82,2.343
1,2,2,13.49,1.27
1,1,3,61.01,0.354
1,1,1,30.98,0.831
1,2,1,7.94,1.198
2,1,1,10.42,3.347
2,3,4,76.27,7.032
1,1,1,33.06,1.223
1,2,4,14.72,0.869
3,1,3,30.23,17.09
1,2,1,18.68,1.331
2,2,3,43.74,6.294
2,1,2,51.39,5.763
1,3,2,34.4,0.862
2,2,4,14.1,4.019
1,1,1,31.13,0.917
2,3,1,18.33,4.312
1,3,1,18.45,0.816
1,1,2,28.1,0.439
1,1,1,48.61,0.905
1,3,3,18.74,0.679
1,2,1,22.69,1.34
1,1,2,27.13,0.901
1,1,5,30.66,0.403
1,2,5,31.34,0.616
1,1,3,27.05,0.683
3,1,2,49.77,22.705
3,1,1,22.43,21.51
1,1,2,31.81,0.728
1,2,1,18.17,1.121
2,2,3,42.66,7.801
2,2,1,46.23,9.416
1,1,4,44.24,0.441
2,1,1,31.65,4.844
1,2,2,15.47,1.661
1,2,1,52.44,2.707
2,1,4,31.88,4.585
2,2,3,39.83,4.033
2,1,2,22.34,2.848
1,1,1,48.9,1.003
1,2,2,13.5,0.862
1,1,3,45.52,0.699
1,1,4,26.13,0.583
1,3,2,27.89,0.797
1,1,1,12.17,0.817
1,2,5,32.97,0.573
2,1,2,13.72,2.386
1,3,1,23.25,1.232
1,1,5,42.04,0.638
2,3,4,31.29,2.58
1,1,1,42.27,0.725
2,3,1,22.77,3.191
1,2,1,32.58,0.859
1,1,2,21.11,0.521
2,2,1,29.87,5.0
1,1,5,9.65,0.336
2,1,1,46.88,4.627
2,1,4,7.93,1.913
1,2,3,57.22,1.116
2,1,5,13.66,0.908
2,2,1,33.15,7.202
3,2,1,12.57,29.384
1,1,4,16.78,0.357
1,1,1,34.68,0.937
2,2,1,26.11,13.138
1,1,1,36.22,1.074
1,1,2,7.68,0.729
1,1,3,21.42,0.514
1,1,3,34.93,0.639
1,2,1,23.25,1.0
1,1,2,38.13,0.762
1,3,3,43.73,1.425
1,2,1,32.67,1.659
3,3,1,12.72,26.512
1,2,1,5.07,0.933
1,1,2,15.35,0.565
1,1,5,59.44,1.228
1,1,5,31.52,0.34
3,2,3,32.4,35.198
3,2,1,47.96,30.822
1,1,5,26.96,0.407
1,2,3,13.96,1.024
1,1,5,40.78,0.455
1,2,5,33.43,0.452
1,1,1,13.51,0.684
1,1,1,2.06,0.521
1,1,2,10.8,0.551
1,3,4,31.28,0.634
1,2,1,30.78,2.127
1,1,2,42.82,0.833
1,2,1,17.13,1.488
1,1,2,15.6,0.559
1,1,2,42.92,0.881
1,2,1,12.03,1.027
1,1,5,57.09,0.471
1,2,1,8.37,1.407
2,1,1,73.34,9.051
3,2,2,30.19,24.678
1,1,1,19.36,1.24
1,1,1,72.26,1.66
2,1,1,27.16,5.92
2,2,3,26.25,5.874
1,3,1,16.3,1.171
1,1,3,25.7,0.533
1,1,1,37.83,0.47
1,2,4,17.96,0.872
1,1,2,7.34,0.546
1,1,1,15.2,0.736
1,1,2,16.7,0.772
1,1,1,33.35,0.663
1,2,1,38.48,1.36
2,1,1,19.4,3.764
1,1,2,6.75,0.591
1,1,1,18.17,1.193
1,1,2,22.2,0.75
2,3,2,24.23,1.903
1,1,3,41.94,0.584
1,3,1,16.24,0.714
1,3,5,27.51,0.381
2,1,2,37.17,2.987
2,3,1,14.4,6.463
2,1,1,17.03,2.63
2,1,2,2.31,2.488
1,2,2,14.78,1.099
1,1,1,47.91,1.392
1,2,1,39.38,1.724
2,3,1,21.78,6.249
1,3,4,28.66,0.597
1,2,1,21.04,1.212
2,2,2,28.62,6.44
1,2,2,46.28,2.191
1,1,1,39.61,0.588
1,1,2,40.44,0.606
2,2,2,52.63,3.371
3,1,2,50.61,19.877
1,2,3,30.57,1.61
3,1,1,17.03,21.426
2,2,1,39.39,10.466
2,2,1,41.86,5.994
2,1,2,10.98,3.044
1,3,2,18.53,0.979
2,2,3,47.5,5.252
1,2,1,36.89,1.637
2,1,1,2.36,2.985
1,1,2,25.7,0.88
2,3,2,44.12,4.346
3,1,3,17.93,9.888
1,1,1,11.16,0.83
3,2,1,27.12,34.057
1,1,4,30.33,0.341
1,3,1,42.43,1.36
1,1,2,31.05,0.638
2,2,1,52.18,7.963
1,1,1,7.5,0.519
1,1,5,46.37,0.445
2,2,1,18.57,6.898
1,1,3,40.4,0.602
1,1,2,53.38,1.711
2,1,3,23.86,3.187
2,1,1,46.13,4.549
2,3,2,42.17,4.91
1,2,1,43.0,2.5
3,1,2,63.89,22.185
1,1,1,12.58,0.743
1,2,1,32.95,1.176
1,1,5,62.2,0.846
1,1,1,59.08,1.909
2,3,1,24.81,6.977
2,2,1,30.5,11.571
1,1,2,32.81,0.635
1,1,1,28.24,0.744
2,2,3,59.78,5.37
3,2,1,23.87,23.911
1,1,1,61.39,1.521
1,2,2,34.18,0.873
1,3,2,12.6,0.618
1,1,1,5.47,0.505
1,2,1,10.25,1.08
1,3,2,36.76,1.057
2,2,4,13.85,4.379
1,3,1,37.35,1.635
1,1,1,38.8,1.148
1,2,4,51.83,0.998
3,1,1,7.07,10.225
1,1,1,27.35,0.961
1,2,2,31.49,1.429
1,2,1,33.51,0.919
2,1,1,36.29,2.445
2,1,1,36.95,2.767
1,1,3,17.17,0.549
1,3,1,19.03,0.629
1,2,2,39.93,1.04
2,1,1,42.05,4.484
3,1,1,7.5,15.315
1,3,1,28.75,1.018
1,2,1,7.81,1.071
2,2,2,15.49,5.956
2,2,3,6.24,4.391
1,1,2,40.9,0.536
1,1,1,21.56,0.523
1,1,1,49.04,0.766
2,1,3,28.76,2.793
2,2,1,12.48,4.523
2,2,1,50.73,9.567
2,3,2,32.44,3.258
1,1,2,50.14,1.036
1,2,2,31.38,1.505
1,3,1,19.25,0.679
2,1,5,44.78,1.931
1,1,4,15.49,0.469
1,3,2,17.62,0.87
1,1,1,29.22,0.445
2,2,3,20.44,4.061
2,1,2,2.97,3.105
2,1,3,8.31,2.897
1,3,1,13.09,0.632
3,1,2,19.84,16.423
2,1,1,39.36,5.694
2,1,2,35.38,3.081
2,1,1,26.94,4.387
3,1,1,35.4,17.453
3,2,4,3.17,20.45
1,1,3,30.44,1.045
1,1,2,46.46,0.661
1,1,2,10.57,0.577
2,2,1,21.62,4.123
2,1,3,11.86,1.322
1,3,1,15.56,0.713
1,3,1,20.75,1.357
3,1,2,6.22,16.697
2,1,4,22.79,2.127
3,2,4,34.47,12.898
1,1,4,17.05,0.326
2,3,1,20.14,6.041
2,3,4,23.93,2.446
1,2,1,19.6,0.626
1,1,3,30.98,0.477
3,1,2,13.35,17.123
1,1,1,3.47,0.452
1,1,3,18.75,0.335
2,2,1,35.44,6.067
2,1,1,3.29,3.101
1,2,1,2.4,1.398
2,2,3,16.63,3.834
1,1,1,24.3,1.059
2,2,1,27.41,8.624
1,3,2,13.95,0.769
2,1,2,35.64,3.452
2,2,1,11.35,5.728
1,1,3,61.66,0.787
1,2,1,26.25,1.205
2,3,1,21.39,4.864
1,2,2,13.17,1.139
1,1,1,8.66,0.868
1,1,3,35.9,0.555
3,3,2,29.4,15.893
1,2,2,24.49,1.024
1,1,1,16.26,0.634
3,2,3,13.63,15.018
1,1,2,24.15,0.586
1,3,5,18.47,0.397
1,1,4,5.03,0.437
1,1,2,15.49,0.607
1,1,3,26.23,0.835
2,1,1,37.09,5.284
1,2,3,32.52,0.955
2,2,1,37.02,9.742
1,2,1,10.28,1.216
1,1,1,23.64,0.636
1,2,1,17.65,1.145
1,3,2,21.99,0.815
2,2,2,44.59,5.399
1,2,3,4.75,1.052
1,1,1,3.53,0.491
1,3,1,14.28,0.903
2,1,3,19.7,4.242
1,3,1,22.67,0.821
2,1,2,41.96,5.68
1,1,2,13.3,0.678
1,1,2,46.1,0.962
2,3,4,38.71,3.814
1,2,3,6.6,0.837
1,1,1,22.0,0.708
3,3,3,10.85,15.022
1,1,1,11.61,0.749
1,3,1,12.69,1.126
1,3,1,18.59,1.327
1,2,1,15.11,1.392
2,1,4,32.92,3.581
1,3,1,40.39,1.211
3,2,1,8.0,25.187
2,1,2,8.88,3.331
3,2,2,45.67,40.21
2,1,3,17.24,2.074
3,1,4,26.02,7.306
2,2,3,10.62,3.945
1,2,1,17.34,1.302
1,2,2,3.67,1.052
2,2,2,9.31,4.826
1,3,2,19.21,0.708
2,1,1,40.83,2.734
1,1,1,40.5,0.84
2,1,1,38.79,7.026
1,3,5,64.06,0.995
3,1,2,23.37,10.361
1,1,2,12.62,0.718
1,3,1,25.17,0.898
2,2,1,11.06,7.404
2,1,2,16.66,2.201
2,3,3,21.31,2.838
3,1,2,10.85,13.124
1,2,1,30.54,2.229
2,1,3,60.35,5.463
1,2,2,27.01,0.936
1,1,2,30.42,0.806
1,3,1,68.15,1.904
1,2,5,30.2,0.863
1,1,1,15.75,0.784
2,3,4,30.65,3.714
1,2,1,29.36,1.163
3,1,1,24.25,16.744
1,1,2,40.1,0.637
1,1,1,42.83,0.385
2,2,4,49.13,10.268
1,3,2,8.54,0.738
1,1,2,29.66,0.675
2,1,2,14.84,2.64
1,2,2,29.94,0.849
1,3,2,15.07,0.55
2,1,4,10.06,1.781
1,1,2,47.58,0.872
2,3,2,73.35,5.537
2,3,1,15.98,4.103
1,2,2,38.68,1.171
1,2,2,19.32,1.217
1,1,1,18.47,0.425
2,3,2,53.86,6.73
1,2,3,44.92,1.334
3,2,3,10.54,20.676
1,3,4,9.64,0.474
2,3,2,3.99,2.685
1,1,1,6.83,0.663
1,1,2,33.76,0.484
1,1,1,6.07,0.935
1,3,2,47.68,1.06
3,2,4,30.82,31.808
1,2,1,6.1,1.585
1,1,3,34.01,0.381
1,1,1,21.16,0.676
1,1,3,41.63,0.283
2,3,1,44.58,4.807
3,1,1,10.04,13.695
2,3,3,11.46,3.488
1,1,2,24.72,0.904
1,1,4,29.99,0.53
2,1,1,29.24,3.713
1,1,2,20.52,0.714
2,2,2,50.7,14.451
1,1,1,24.17,0.978
1,2,1,42.41,1.417
2,1,3,40.37,4.732
1,3,2,20.82,0.514
3,1,5,34.95,10.521
1,2,1,59.88,2.004
1,3,1,19.49,1.169
1,3,1,20.1,1.318
1,2,4,13.76,0.861
1,2,3,16.3,1.226
1,2,5,37.54,0.796
2,2,4,61.13,8.74
2,3,1,7.0,2.773
1,2,4,10.65,0.744
1,2,3,28.74,1.342
1,3,1,9.0,0.8
2,1,2,24.58,2.317
1,2,2,16.79,1.571
1,1,1,51.47,0.933
1,1,1,50.27,0.583
1,2,3,56.28,1.0
1,1,1,42.21,0.735
1,1,1,30.37,1.037
3,3,4,55.54,43.973
1,1,4,21.24,0.22
1,2,1,22.16,1.482
1,1,1,47.23,0.648
1,3,1,37.09,0.808
1,1,2,8.07,0.709
1,3,1,24.19,0.947
1,1,2,51.72,1.275
2,1,1,16.97,3.256
1,1,2,2.96,0.519
3,1,1,7.16,14.645
1,3,1,53.53,0.616
1,2,1,17.83,1.357
3,1,2,32.85,9.979
2,2,2,29.97,9.395
1,1,2,38.73,1.116
2,2,1,29.92,5.933
1,2,1,45.44,1.376
1,2,1,10.35,0.637
2,3,1,45.34,8.666
2,2,3,15.87,4.362
1,1,5,47.63,0.576
2,1,2,60.41,4.86
1,3,1,30.26,1.019
1,1,2,27.29,0.621
3,1,4,5.27,11.78
1,2,4,37.71,0.814
1,1,3,24.56,0.305
1,1,4,24.73,0.7
1,3,4,10.84,0.412
1,1,1,12.85,0.652
3,2,2,14.82,19.778
2,1,2,21.36,4.699
2,2,2,54.8,12.168
1,2,2,14.28,1.075
1,1,3,42.42,0.517
1,3,3,58.35,1.132
1,2,2,41.75,1.083
1,3,2,27.26,0.649
2,1,2,10.73,3.494
2,2,2,14.07,4.611
1,3,2,4.08,0.832
1,2,3,23.23,0.991
2,3,1,49.86,7.282
1,1,2,40.18,0.478
3,2,4,63.02,43.358
1,2,1,14.83,1.082
1,1,1,19.66,0.563
1,2,3,57.51,2.046
3,1,3,51.97,16.499
1,3,2,16.89,0.731
2,2,1,23.33,4.673
1,3,1,18.37,0.774
1,2,3,4.95,1.523
2,3,3,63.05,7.703
1,1,1,7.82,0.833
1,2,1,22.31,1.316
1,1,1,11.8,0.659
2,2,1,18.75,8.32
1,1,1,23.05,0.729
1,2,2,46.16,1.291
3,1,1,2.36,15.21
2,3,2,55.14,5.4
2,3,2,34.73,2.732
2,2,1,39.66,12.985
2,1,1,48.96,4.676
1,2,3,21.52,0.686
1,2,1,43.57,1.469
2,1,4,34.42,2.083
2,2,1,28.77,5.394
3,3,2,39.97,25.203
1,1,2,13.06,0.776
1,1,3,33.46,0.629
1,3,2,18.07,0.807
2,1,1,40.96,5.894
1,3,3,6.55,0.53
2,2,4,32.5,3.705
1,1,3,33.25,0.377
1,3,1,31.32,1.003
1,1,1,27.87,0.629
2,1,1,31.78,5.278
3,1,3,7.16,12.822
1,3,1,33.84,1.151
1,1,2,58.53,1.185
1,1,3,42.29,0.748
1,1,2,37.2,0.926
1,2,2,27.89,1.42
2,1,1,23.63,2.807
3,1,2,29.31,19.163
1,2,2,41.2,0.786
1,2,2,40.01,1.145
1,2,2,31.9,0.742
1,2,2,11.37,0.932
1,2,1,37.62,1.295
2,3,2,26.07,4.446
1,2,2,27.94,1.478
2,2,2,61.87,7.185
1,1,1,30.77,0.922
2,3,5,39.47,3.167
2,3,4,37.91,3.552
1,2,3,22.44,0.974
1,1,1,55.78,0.636
2,1,2,17.14,2.54
2,3,2,14.43,3.751
1,1,3,36.64,0.888
1,2,2,25.79,1.157
1,1,2,36.49,0.558
2,1,3,15.44,2.71
2,1,2,44.6,2.839
1,2,3,7.77,0.918
2,1,2,51.35,4.597
2,1,2,5.46,2.582
2,2,1,19.15,5.951
1,2,3,7.04,1.028
1,2,2,30.93,0.989
1,3,3,64.8,1.192
1,1,1,13.66,0.738
1,2,1,52.49,3.808
1,1,1,37.74,0.77
1,1,2,14.05,0.443
2,3,3,11.77,2.474
1,1,2,28.04,0.963
2,2,2,25.58,4.867
1,1,1,22.31,0.461
1,1,5,54.24,0.669
1,2,1,6.38,1.073
2,2,1,39.18,9.248
2,2,3,36.51,4.295
1,1,1,59.16,1.021
2,1,1,53.75,4.081
1,2,1,24.19,1.387
1,1,1,1.69,0.723
1,1,2,56.46,1.145
1,3,2,1.36,0.836
1,1,1,9.46,0.676
2,1,3,26.59,1.627
1,3,3,14.72,0.533
1,3,2,23.74,0.782
1,1,4,19.29,0.39
1,3,1,40.91,1.001
1,1,1,21.68,1.242
3,2,3,19.58,51.908
2,1,1,59.87,5.034
1,3,5,34.77,0.852
2,2,1,25.05,6.036
1,1,1,10.86,0.904
1,1,2,39.71,1.091
1,1,1,13.08,0.732
1,1,2,7.45,0.563
1,1,3,21.84,0.739
2,1,1,10.28,2.395
1,2,1,14.36,1.622
2,2,2,8.9,3.378
2,1,2,45.74,5.765
2,1,2,21.94,4.659
2,1,2,42.25,3.334
2,1,4,25.4,2.987
1,1,1,32.73,0.576
1,1,2,13.78,0.517
1,1,2,20.4,0.619
3,1,1,4.19,12.629
1,1,1,42.13,0.406
1,3,2,54.84,1.162
2,3,1,32.15,2.486
1,1,2,26.94,0.582
2,2,4,20.05,5.239
1,2,3,36.49,1.167
1,1,1,17.37,1.12
1,3,1,73.51,3.653
1,1,1,26.13,0.657
1,1,1,21.58,0.715
1,3,1,28.61,1.167
1,1,1,53.02,1.277
2,2,5,11.02,3.293
2,3,5,74.89,4.142
1,1,1,37.44,1.155
1,3,1,32.95,0.642
1,1,4,8.8,0.286
2,2,3,12.08,4.838
2,1,3,3.63,2.257
1,2,2,14.46,0.617
1,1,2,46.8,1.077
3,2,1,54.01,28.447
2,2,4,33.13,2.783
1,1,4,27.7,0.568
2,3,1,39.58,5.538
1,3,1,23.17,1.097
1,2,2,9.98,0.994
2,2,5,12.77,4.062
1,1,2,33.34,0.716
1,1,4,42.57,0.687
3,1,2,27.54,18.114
2,1,2,20.47,2.989
1,1,3,46.74,0.655
2,1,5,18.52,1.635
2,2,3,9.99,4.153
1,1,4,47.92,0.445
3,1,1,44.09,31.891
2,2,1,24.06,5.718
1,1,1,7.3,0.531
1,1,1,47.26,0.756
2,3,3,43.99,3.003
3,1,1,56.42,21.615
1,1,1,45.65,0.85
1,2,4,17.61,0.738
2,2,4,23.13,4.164
1,2,1,16.63,1.542
1,2,2,20.39,1.179
2,2,1,19.06,6.302
2,1,1,40.73,5.615
2,1,2,36.59,2.842
2,2,2,11.9,4.721
1,1,4,29.57,0.4
3,2,2,5.71,13.953
1,3,3,53.43,1.087
1,2,1,46.79,1.098
2,1,1,23.26,3.68
2,2,3,20.08,4.295
2,3,1,44.28,4.861
1,1,1,23.37,0.643
3,2,4,30.5,23.649
2,1,1,20.52,4.078
2,3,2,25.77,3.645
3,1,1,29.57,22.93
1,2,1,11.23,1.578
2,2,5,17.81,3.926
2,1,2,28.13,3.397
2,3,4,33.21,3.508
2,3,2,19.97,3.807
2,1,3,53.99,6.829
1,1,1,30.13,0.781
1,2,1,37.34,1.533
3,1,1,7.26,38.691
3,1,1,10.61,18.074
3,1,2,6.97,14.945
1,1,1,44.44,0.726
1,2,2,28.66,2.175
2,1,1,38.86,3.914
2,1,1,24.74,3.977
1,3,2,22.97,1.127
2,1,4,69.65,5.202
1,1,3,41.46,0.459
1,2,1,50.72,1.181
1,3,5,24.07,0.376
1,3,1,24.62,0.995
1,1,1,37.09,0.781
3,2,1,47.03,26.104
2,2,1,11.13,5.996
3,2,4,20.6,18.828
1,1,3,5.44,0.259
1,1,2,51.04,1.394
1,3,2,20.13,0.743
2,2,1,35.75,2.976
1,1,1,49.63,0.874
2,2,2,40.99,8.506
2,1,1,30.28,3.583
2,3,2,52.07,5.329
1,1,3,12.98,0.486
1,1,1,42.18,1.059
1,2,2,21.14,0.963
1,1,2,6.8,0.553
2,1,2,51.44,2.301
1,1,1,44.09,1.197
2,2,2,38.06,4.292
1,3,2,14.92,0.721
3,2,1,30.5,34.373
3,2,2,49.26,24.783
1,3,4,6.1,0.614
2,3,2,9.61,3.605
1,1,5,10.2,0.273
2,1,4,37.57,2.092
2,2,5,26.11,4.343
2,3,1,1.59,5.391
2,3,4,39.45,2.415
1,1,2,14.55,0.735
2,3,1,18.4,4.886
2,1,2,13.4,3.077
1,2,3,9.43,0.911
1,3,2,23.33,0.96
2,1,3,15.04,2.125
2,2,3,14.55,4.083
1,1,2,22.5,0.69
3,3,2,19.74,21.864
2,1,3,16.58,2.577
1,2,1,69.02,1.925
1,1,3,12.24,0.537
2,1,1,45.58,4.062
2,1,2,35.73,4.647
1,1,1,28.91,0.687
1,1,5,42.59,0.8
2,1,5,23.94,1.449
2,3,1,19.53,4.617
2,1,2,62.6,4.4
1,2,1,34.54,1.431
2,2,5,15.87,3.664
1,3,5,24.48,0.621
1,1,2,23.17,0.764
2,1,1,29.18,3.664
2,1,2,45.86,2.801
1,1,3,56.35,0.698
2,2,4,45.8,7.204
1,2,2,20.34,1.135
1,2,2,30.84,1.234
1,3,2,18.11,0.79
1,3,1,6.08,0.893
2,1,1,55.62,6.409
2,2,4,15.62,3.612
2,1,2,24.68,3.336
1,3,2,23.03,0.791
1,2,3,20.09,1.517
1,2,1,36.87,1.659
2,2,1,7.08,4.901
1,2,5,7.26,0.687
1,2,3,17.1,1.002
2,3,3,6.92,2.799
2,1,1,25.67,2.365
1,2,1,21.27,1.856
1,1,5,37.94,0.463
2,1,2,66.36,4.623
1,1,1,13.29,0.601
1,1,3,15.13,0.541
2,1,1,44.36,5.911
1,1,1,22.97,0.667
1,2,1,37.27,1.599
1,2,1,9.33,1.253
1,1,3,15.37,0.46
1,2,1,19.23,1.115
1,3,1,33.88,1.243
1,1,2,58.47,1.225
1,1,5,27.65,0.429
2,3,1,12.98,6.206
3,1,3,18.25,13.087
1,3,5,21.25,0.479
1,3,1,48.42,0.991
2,1,1,33.01,3.905
3,1,1,10.26,11.952
2,3,2,16.3,3.396
1,1,5,15.74,0.216
1,1,3,31.43,0.795
1,1,2,11.55,0.488
2,2,4,3.4,4.515
1,2,2,23.13,1.399
1,3,5,21.66,0.609
1,1,1,27.16,0.612
1,2,3,12.12,1.11
2,2,1,19.19,7.928
1,1,1,33.26,0.607
2,3,2,18.73,3.067
2,1,3,23.28,2.228
2,1,1,34.64,2.703
1,1,3,52.54,0.831
2,2,4,40.83,3.003
2,2,1,23.32,9.621
1,3,1,11.73,0.775
1,2,3,18.85,0.862
2,3,1,33.45,4.499
1,2,1,28.89,1.411
1,3,2,17.06,1.085
1,3,2,22.63,1.018
1,1,1,17.54,0.501
1,1,2,13.36,0.889
2,3,1,25.37,6.366
1,1,1,65.21,2.138
2,2,1,12.21,6.312
1,1,2,10.97,0.599
1,1,1,47.24,1.219
1,1,2,17.02,0.332
2,1,2,14.92,2.897
3,2,2,39.77,27.137
1,3,1,22.07,0.462
1,2,4,39.46,1.14
1,2,4,46.98,2.2
1,1,1,8.62,0.64
2,1,2,48.62,5.566
1,1,2,63.35,1.236
3,2,2,24.18,35.511
1,2,2,14.12,1.269
1,1,2,11.42,0.711
2,2,2,27.57,6.649
1,1,2,58.98,0.562
2,3,1,39.67,6.487
1,1,2,34.79,1.08
2,3,1,9.19,4.866
1,2,1,21.0,1.398
1,3,2,27.28,1.094
2,2,2,6.73,7.674
1,2,1,43.24,1.441
1,1,5,29.9,0.417
2,1,4,14.71,2.733
1,1,1,22.77,0.636
2,3,4,32.01,4.5
2,2,1,37.99,7.316
2,2,3,19.2,3.532
1,1,1,22.24,0.681
1,1,1,40.96,1.136
3,1,3,34.09,11.46
1,1,2,10.0,0.534
1,2,1,15.67,1.212
1,1,4,27.59,0.333
1,2,2,51.87,1.12
1,1,2,25.67,0.63
2,1,3,43.71,3.773
2,2,1,14.98,5.341
2,2,1,74.69,13.13
1,1,5,6.11,0.327
1,3,1,54.79,2.23
1,1,2,9.88,0.67
2,2,1,11.28,4.728
1,2,1,16.82,1.21
1,1,1,30.72,0.892
1,1,4,5.75,0.493
2,1,3,15.37,2.947
2,1,2,11.91,3.723
2,1,3,15.06,2.639
1,2,2,15.4,0.82
3,1,5,25.28,8.267
1,1,1,25.49,1.099
1,1,5,11.44,0.396
1,2,4,20.04,0.916
1,1,4,27.79,0.722
1,2,1,27.13,1.563
1,1,1,32.06,0.646
1,1,3,24.16,0.531
2,3,2,19.66,5.344
2,2,3,8.5,4.998
2,2,2,2.54,5.125
1,3,1,24.75,0.566
1,3,1,20.58,0.753
2,3,4,18.03,3.044
1,1,1,25.07,0.451
1,1,2,12.81,0.463
1,3,3,20.55,0.733
2,2,4,89.34,32.316
1,2,1,15.68,0.954
2,2,1,39.11,8.551
1,2,1,16.77,1.581
1,2,4,28.58,0.655
1,1,2,10.4,0.826
1,1,1,18.5,0.807
1,1,2,44.12,0.861
2,3,3,39.73,2.965
1,1,1,31.49,0.733
1,3,2,11.76,0.615
2,2,2,31.52,5.131
1,3,1,33.29,1.01
1,3,2,52.31,0.696
1,1,2,28.86,0.638
1,2,2,30.49,2.185
1,2,3,35.67,1.077
2,1,1,3.75,3.969
1,1,1,33.17,0.65
2,2,2,21.65,3.607
1,3,1,9.01,0.743
2,1,4,17.42,2.337
2,1,2,46.2,5.546
1,3,2,11.86,0.833
1,1,3,31.01,0.356
1,3,4,11.03,0.526
3,1,2,17.84,14.896
3,1,2,41.41,29.615
1,1,1,61.6,1.506
2,1,2,45.99,2.595
1,1,2,21.54,0.42
1,2,1,13.88,1.475
2,1,3,26.02,2.617
1,3,1,29.86,0.555
1,1,3,26.09,0.81
2,2,1,33.1,7.435
1,2,3,33.25,1.45
2,1,4,42.91,3.346
1,2,1,26.81,0.951
1,1,3,29.11,0.532
1,3,1,29.87,0.614
3,1,2,26.39,11.957
1,1,2,29.8,0.531
1,2,5,30.06,0.623
2,1,1,45.51,2.945
3,3,1,24.61,32.273
3,1,4,16.47,9.216
1,1,1,43.73,0.734
1,1,3,38.33,0.513
1,1,5,31.75,0.339
2,2,4,45.75,6.544
2,2,1,56.3,9.034
2,2,1,11.91,5.879
1,1,4,18.74,0.549
1,3,4,20.55,0.659
1,2,1,66.07,4.776
1,2,2,15.92,1.346
1,1,1,34.68,0.649
1,1,2,11.03,0.473
2,1,3,41.24,1.19
2,3,1,38.56,9.136
2,2,1,13.63,8.729
2,1,1,44.91,3.979
2,2,5,5.94,3.62
2,1,1,19.12,4.715
1,1,1,20.86,0.451
2,2,1,52.83,6.805
1,1,2,26.78,0.427
1,2,5,31.79,0.844
1,2,4,34.2,0.862
2,1,2,1.25,2.944
2,2,1,44.25,5.579
3,1,1,15.26,12.101
3,3,1,30.02,21.684
2,1,3,20.9,3.116
1,1,2,14.33,0.643
2,1,2,22.71,3.373
2,1,4,48.5,2.269
2,1,1,9.76,3.188
1,1,1,24.96,1.081
1,3,2,12.17,1.097
3,1,4,20.7,8.628
1,1,2,31.09,0.848
1,1,5,14.17,0.268
1,2,1,33.06,1.917
1,2,1,35.9,1.046
1,3,1,18.33,0.9
3,2,1,25.28,30.4
2,2,1,9.8,8.066
3,1,2,29.91,11.371
1,3,2,47.49,0.849
1,1,1,8.18,0.594
1,2,5,18.11,0.807
1,3,1,60.89,1.779
1,1,5,22.69,0.465
2,1,1,16.9,4.742
3,1,1,16.05,17.159
1,3,3,13.68,0.768
1,1,1,19.78,0.439
1,1,2,23.54,0.337
1,2,3,53.22,2.373
1,2,3,18.72,1.483
1,2,4,19.52,0.959
1,2,1,22.54,1.262
1,3,2,39.07,0.983
2,1,2,44.76,2.464
1,1,1,70.7,1.767
1,2,3,19.0,0.747
1,1,2,38.61,0.393
1,2,1,35.79,1.723
1,3,5,4.66,0.367
2,1,1,27.04,4.287
2,1,4,17.12,3.891
2,3,2,37.28,3.318
1,1,2,17.1,0.625
1,1,4,58.48,0.816
1,1,3,29.22,0.814
1,1,1,16.57,0.51
2,1,1,38.91,5.156
1,1,2,51.41,1.052
1,1,2,26.48,0.823
1,1,2,18.01,0.71
1,2,2,31.53,1.453
3,2,2,54.1,43.413
1,3,1,27.36,0.556
1,3,2,11.2,0.559
1,1,2,35.4,0.537
2,1,5,18.86,2.965
1,2,2,32.8,0.646
2,1,1,46.35,5.16
1,1,5,53.07,0.44
1,1,1,16.84,0.528
2,1,2,34.77,3.874
1,1,3,27.91,0.485
1,3,2,25.48,0.788
1,2,4,15.27,0.821
1,1,1,28.5,0.564
1,2,3,26.91,1.023
2,2,1,12.07,8.447
1,1,3,7.89,0.71
1,2,2,9.03,0.87
1,1,1,33.27,0.695
2,2,2,14.98,6.546
1,1,2,18.24,0.615
1,1,1,1.98,0.664
2,2,2,49.79,9.93
2,2,3,23.47,7.172
3,1,1,42.9,23.909
1,3,3,36.34,1.124
1,3,4,11.26,0.634
1,2,4,36.94,0.704
2,2,1,25.47,7.677
1,2,5,8.89,0.574
1,1,1,7.76,0.536
1,1,3,43.04,0.803
2,3,2,60.57,4.147
2,1,4,22.67,2.312
1,3,1,62.54,1.937
3,1,4,23.04,10.578
3,1,2,13.15,24.055
1,1,2,8.1,0.618
1,1,2,14.07,0.355
2,2,1,51.56,7.1
1,1,4,14.49,0.409
1,3,1,44.12,1.96
1,2,2,31.71,1.453
3,1,2,29.16,17.54
1,2,2,8.09,0.956
2,3,2,19.17,3.881
1,1,1,8.94,0.527
1,1,2,4.21,0.946
2,1,4,58.93,4.098
1,3,2,28.4,0.526
1,3,3,39.27,1.105
1,3,1,27.07,0.861
2,1,3,19.63,2.656
1,3,4,53.04,0.876
1,1,1,20.6,0.434
1,2,1,20.84,0.647
1,3,1,41.53,0.878
1,1,2,59.71,1.293
1,3,1,10.32,0.887
1,1,1,16.63,0.665
1,3,4,14.33,0.383
2,2,1,34.23,7.791
2,1,1,35.6,3.026
1,2,3,56.71,2.091
1,1,1,60.07,1.198
1,1,1,9.47,0.652
3,1,2,5.75,12.035
1,3,1,15.98,0.863
1,3,1,54.18,2.784
1,2,3,43.45,1.905
1,1,3,24.71,0.469
1,1,4,46.17,0.483
1,1,1,8.97,0.499
2,1,1,9.13,3.038
2,3,1,38.81,5.168
2,1,2,5.4,1.967
2,1,1,9.06,3.475
1,1,2,11.96,0.494
3,3,3,32.84,16.965
2,1,5,12.24,1.549
2,2,2,2.43,4.25
2,1,2,38.72,3.429
1,2,1,46.62,1.379
1,2,4,31.55,0.684
1,1,1,28.12,0.713
1,1,1,17.61,0.591
1,1,1,39.54,1.045
1,3,3,20.45,0.657
1,2,3,52.8,1.468
3,3,1,70.13,50.592
2,1,1,54.58,3.276
1,2,3,38.59,0.643
1,2,3,32.86,1.14
1,1,2,7.99,0.463
2,1,1,42.82,6.049
2,1,1,16.16,4.203
2,1,1,21.71,4.551
1,3,4,30.55,0.671
1,3,3,36.84,0.736
2,3,1,45.59,3.464
3,1,2,51.32,26.614
1,1,1,48.59,1.391
1,1,1,27.94,0.611
1,3,4,18.96,0.537
1,1,3,27.42,0.755
3,1,1,22.64,14.887
2,2,1,12.59,6.852
1,1,3,23.56,0.507
1,2,2,11.37,1.053
1,2,1,19.18,1.44
1,2,1,32.89,1.771
1,3,4,34.6,0.489
2,1,1,49.72,4.163
2,1,2,43.62,3.681
1,1,1,54.13,1.202
2,2,3,12.13,4.593
2,1,3,34.51,4.821
1,2,2,42.71,3.06
2,1,1,31.24,4.596
2,2,2,22.36,3.434
2,3,2,52.13,7.088
1,1,2,28.5,0.573
1,3,1,16.07,0.754
1,2,1,61.65,1.969
1,1,1,32.91,1.229
1,1,2,29.66,0.636
2,2,1,24.37,4.557
1,2,2,77.93,3.344
1,2,1,37.74,3.594
3,1,4,43.04,21.183
1,1,1,74.48,1.4
1,2,1,1.83,0.922
1,3,2,45.63,0.782
1,1,3,31.61,0.657
1,2,1,38.56,1.3
2,1,1,35.71,4.955
1,1,1,13.18,0.69
1,2,2,10.49,1.724
1,3,1,6.14,0.526
2,2,1,66.18,12.311
1,2,5,16.38,0.53
2,1,1,47.74,5.164
1,1,1,4.62,0.461
1,2,2,40.9,1.128
1,2,1,44.89,2.038
1,1,1,47.47,1.209
1,3,2,51.97,1.156
2,3,1,18.78,3.131
1,1,2,42.06,1.02
1,1,3,42.82,0.732
1,1,2,40.77,0.908
1,3,3,30.81,0.694
1,1,1,43.54,0.885
1,1,2,23.24,0.512
1,3,3,10.39,0.562
1,1,2,5.64,0.747
1,3,1,15.38,1.069
1,3,1,42.82,0.624
1,1,1,24.47,0.634
1,2,1,35.12,1.664
3,2,4,38.41,35.614
1,2,2,3.0,1.258
2,2,1,13.09,5.197
1,2,2,10.59,0.957
1,3,2,19.5,0.564
1,2,3,19.3,1.057
1,3,1,5.48,0.991
2,2,2,21.43,5.758
2,3,4,10.35,4.805
1,1,3,12.0,0.475
2,1,1,6.7,1.821
1,1,3,35.04,0.535
1,1,1,51.09,1.186
2,3,1,19.3,6.922
1,1,1,3.35,0.52
1,1,5,12.85,0.332
3,2,1,47.33,37.888
3,3,2,17.52,18.136
2,1,2,25.19,2.866
1,3,1,21.32,0.906
2,1,1,24.18,4.273
1,1,1,22.72,0.802
1,1,2,25.99,0.631
1,3,1,49.7,1.373
3,1,1,23.24,23.231
3,1,1,35.85,25.058
2,1,1,12.72,2.64
1,2,1,19.59,1.818
1,1,1,32.73,0.69
1,1,2,6.45,0.544
2,1,1,19.69,3.01
1,2,1,22.73,1.013
1,1,3,10.9,0.481
2,2,1,22.99,5.747
1,3,4,7.38,0.448
2,2,1,36.82,9.736
1,3,5,41.41,0.58
2,1,2,51.5,4.411
1,2,2,17.87,1.026
1,1,1,38.63,0.47
1,1,1,50.52,1.086
1,1,3,26.64,0.613
1,2,1,17.67,1.074
1,2,2,18.03,1.102
1,2,3,41.73,1.339
2,1,1,12.95,3.071
1,1,1,18.58,0.552
2,1,1,45.59,6.197
2,2,2,27.78,5.906
1,1,4,29.42,0.797
2,2,1,6.49,4.184
1,2,3,46.89,1.378
1,1,1,5.73,0.501
1,1,2,27.27,0.816
2,2,1,33.25,7.0
1,2,4,42.75,0.639
1,1,2,20.49,0.514
3,1,2,12.97,13.883
1,3,4,24.47,0.413
2,1,4,52.32,2.83
2,1,2,36.32,6.098
3,2,1,20.98,54.275
3,1,5,40.24,18.427
3,1,4,16.83,15.475
1,3,1,21.99,0.93
2,3,2,11.93,4.541
2,1,1,30.19,5.338
2,2,1,20.96,4.708
1,1,2,20.48,0.464
3,2,2,61.92,60.383
1,2,1,15.2,0.875
1,2,2,43.44,1.868
1,1,1,17.88,0.753
1,1,2,52.39,1.218
2,2,3,11.39,6.062
1,2,2,33.9,0.905
2,3,2,21.3,5.461
2,1,2,24.52,5.008
1,3,1,27.37,1.021
2,1,5,17.33,1.712
1,1,3,27.39,0.452
2,3,2,28.95,3.699
3,2,2,9.21,21.493
1,1,2,52.03,0.806
2,2,2,36.23,6.591
1,1,1,13.49,0.443
1,3,2,69.21,1.609
2,2,1,44.87,10.576
1,2,2,59.37,3.019
2,1,1,21.31,4.361
1,1,4,22.48,0.461
1,2,1,8.06,1.256
2,1,4,32.09,2.399
1,1,2,14.14,0.586
1,2,3,32.4,0.776
1,2,4,24.47,0.513
2,1,1,11.95,4.508
1,2,1,23.81,0.999
1,3,4,28.11,0.465
1,1,1,22.89,0.576
1,1,1,30.31,0.855
3,1,2,19.29,17.819
1,1,1,1.29,0.503
1,2,1,35.6,1.044
2,1,2,2.1,2.052
1,2,4,25.31,0.636
1,2,1,68.63,5.877
1,1,4,62.31,0.869
1,1,2,34.86,0.531
2,1,3,26.81,2.981
2,1,4,40.3,3.267
3,1,2,35.47,11.848
2,1,4,4.7,1.546
1,1,1,14.59,0.668
1,2,4,23.81,0.628
2,1,4,17.58,2.648
3,1,2,41.45,29.317
2,1,2,8.13,2.981
1,1,3,5.5,0.726
2,2,5,15.37,4.272
2,1,2,66.14,4.923
3,2,2,28.83,27.023
2,1,1,43.16,3.538
1,1,1,44.06,1.322
1,3,1,26.63,1.024
1,1,2,14.72,0.48
1,1,1,62.75,1.014
3,2,3,28.58,27.824
1,2,4,34.54,0.943
1,1,1,33.53,0.93
1,2,1,53.69,2.057
2,1,4,47.12,4.753
1,3,5,13.73,0.333
1,1,3,18.97,0.776
2,1,1,14.28,3.197
1,1,2,18.73,0.575
1,2,3,63.06,2.582
1,1,2,26.26,0.676
1,2,1,35.22,1.449
2,2,1,16.97,6.884
2,1,1,13.1,3.702
1,2,3,74.42,1.838
3,2,1,40.78,67.628
2,3,1,12.71,5.327
1,1,3,30.67,0.615
1,2,3,29.31,1.317
1,3,1,47.18,0.982
2,1,2,28.66,2.246
1,2,1,17.28,1.647
1,1,3,52.17,0.462
2,3,1,60.58,10.25
2,2,1,38.2,7.522
2,3,2,31.83,3.628
2,2,1,41.46,5.929
1,1,3,26.09,0.445
2,2,3,28.01,5.092
1,2,1,38.6,1.296
1,2,2,11.89,0.851
3,1,1,11.08,16.829
1,1,2,18.52,0.652
1,2,1,32.81,1.262
2,1,4,59.11,2.424
1,2,2,18.64,1.27
1,3,5,62.02,0.884
2,1,1,42.47,4.316
2,1,1,40.88,3.672
2,3,1,29.22,3.059
1,1,5,38.7,0.403
1,3,2,19.96,1.07
2,1,1,36.56,3.752
1,1,4,18.08,0.345
1,1,2,11.2,0.627
1,1,1,14.19,0.663
1,3,1,11.21,0.995
1,2,3,13.54,0.771
2,1,2,33.96,2.637
3,1,1,37.35,20.063
1,2,1,10.53,1.144
2,1,1,31.1,4.493
1,1,2,24.94,0.474
1,2,1,23.0,1.185
2,1,1,30.03,2.966
1,1,3,43.6,0.661
3,1,5,25.95,7.56
1,1,1,25.08,0.665
1,1,3,43.83,0.802
1,1,2,45.24,1.061
1,1,2,0.49,0.442
2,3,1,23.08,6.189
2,1,5,39.88,3.049
1,2,1,32.57,0.762
1,1,5,24.73,0.225
2,1,3,30.73,3.73
2,1,3,39.49,1.846
1,2,1,34.02,1.893
1,1,2,20.66,0.932
1,1,3,23.59,0.961
1,2,4,45.12,1.054
1,1,1,12.68,0.456
1,3,2,35.62,0.499
1,1,1,8.46,0.635
1,3,3,38.31,0.546
1,2,3,41.79,1.086
3,1,3,47.13,6.354
1,1,1,11.0,0.903
1,3,1,26.19,1.089
1,1,3,42.79,1.163
1,1,1,10.0,0.731
2,1,2,50.98,2.718
1,1,2,16.94,0.714
1,2,2,17.83,1.044
3,1,2,9.71,14.18
2,3,4,46.96,2.83
2,1,2,29.47,3.141
1,2,3,27.24,1.017
1,3,5,20.81,0.41
2,1,2,61.64,4.985
1,2,2,24.52,1.626
2,1,2,19.13,3.421
2,1,1,1.6,3.292
1,1,1,33.05,0.699
1,1,2,44.73,0.673
1,1,1,31.05,0.989
1,1,1,39.12,0.636
2,1,3,24.61,2.163
2,3,1,18.21,3.761
1,3,1,19.6,1.474
2,2,2,3.86,4.281
1,1,1,44.12,1.291
2,3,1,36.46,4.91
1,3,3,12.57,0.467
2,2,1,8.64,5.178
2,2,2,30.46,6.282
1,1,2,38.55,1.107
1,3,2,46.33,0.699
2,1,3,19.89,3.418
1,2,1,17.35,1.539
2,1,3,11.26,3.574
3,1,4,4.77,8.31
2,3,3,46.56,5.668
1,2,1,23.39,2.14
2,2,1,32.82,7.719
3,1,4,31.51,11.832
1,1,1,12.25,0.801
1,1,2,62.34,1.086
1,3,4,11.96,0.574
2,1,1,13.42,2.609
1,1,1,13.51,0.701
1,1,1,54.22,0.791
1,1,5,21.59,0.409
2,1,2,21.0,2.792
1,2,4,33.91,0.571
2,3,2,28.47,5.189
2,1,3,23.09,3.089
3,1,3,28.52,11.452
2,3,1,34.13,6.584
1,1,1,23.72,0.815
2,2,1,20.22,6.981
1,1,1,44.52,0.719
3,1,1,15.55,14.667
1,1,3,8.19,0.409
2,1,2,14.32,2.683
2,1,1,35.97,4.455
1,1,4,25.2,0.349
2,1,2,7.38,3.601
1,3,4,13.47,1.064
1,1,1,53.69,1.042
1,1,1,34.34,0.686
1,1,4,6.25,0.354
1,1,1,37.5,1.26
3,1,2,9.15,12.096
1,1,1,46.85,1.164
1,2,4,35.33,0.872
2,1,1,43.06,4.803
2,1,1,17.37,4.16
1,2,2,46.15,1.309
3,1,5,22.28,7.167
1,2,1,26.69,0.959
1,3,1,37.43,0.823
1,1,3,22.75,0.629
2,1,1,41.77,4.137
1,2,1,29.23,1.416
1,2,3,31.48,1.671
2,3,1,64.9,20.28
1,2,2,5.29,0.716
1,1,1,47.51,0.652
2,3,3,46.18,3.632
2,1,2,48.54,6.427
1,1,2,11.79,0.629
1,3,3,38.81,1.015
3,2,2,58.75,56.381
1,1,1,29.09,0.594
1,1,2,14.73,0.663
1,1,1,64.39,1.343
1,2,3,26.31,0.774
3,3,4,52.08,33.666
1,2,1,11.29,1.594
1,2,2,53.42,2.363
1,2,1,12.8,1.196
1,1,1,22.24,0.649
1,1,1,37.86,0.844
3,1,1,7.16,17.448
2,1,4,24.07,2.034
1,1,2,14.67,0.639
1,3,5,36.83,0.402
1,1,1,7.64,0.817
1,1,3,29.34,0.442
1,3,1,15.56,0.98
1,2,1,16.56,1.597
2,1,2,40.97,2.77
2,1,2,27.7,4.217
1,2,2,14.05,0.935
3,1,4,14.04,9.496
1,1,2,12.13,0.685
1,2,4,38.75,1.133
2,1,1,26.91,4.708
1,2,4,32.54,0.74
1,1,1,21.42,0.565
2,3,2,30.46,4.712
1,3,2,27.42,1.418
2,1,4,27.25,2.053
1,1,1,6.04,0.809
2,1,1,43.06,3.545
1,2,4,42.06,1.456
1,1,1,21.43,0.48
1,2,3,31.59,1.162
2,3,1,3.16,5.071
1,1,1,52.62,0.758
2,1,3,27.64,4.244
1,1,1,24.3,0.556
1,1,1,19.15,0.883
1,3,1,25.16,0.824
1,1,2,43.47,0.586
3,2,1,6.48,25.033
1,1,1,7.97,0.911
2,1,4,24.03,2.516
1,1,1,41.49,1.086
1,3,1,31.12,0.984
2,3,2,28.89,4.653
2,1,1,15.62,3.622
2,2,3,3.42,5.847
1,1,3,18.79,0.522
2,1,5,12.82,1.882
2,1,3,31.98,2.59
1,1,3,35.25,0.653
2,2,1,27.61,6.042
1,1,1,9.96,0.798
2,2,2,35.52,6.424
3,3,3,8.37,16.809
3,1,1,25.86,11.217
2,2,4,9.37,4.564
2,3,2,48.19,5.793
2,1,1,24.27,3.134
1,1,3,6.14,0.758
1,1,1,21.73,0.572
1,1,1,26.51,0.588
1,3,1,14.38,1.011
3,1,2,50.58,9.391
2,1,3,17.04,2.111
1,1,1,27.59,0.526
1,1,1,13.68,0.628
2,3,2,10.69,3.651
1,2,2,5.29,0.963
2,2,2,16.65,5.052
3,1,2,34.23,12.929
1,3,1,53.64,1.582
1,3,4,18.36,0.558
1,3,4,47.19,0.861
1,3,2,14.3,0.535
1,2,1,29.07,1.832
1,2,1,27.4,0.675
1,1,2,8.99,0.634
1,1,3,37.13,0.768
1,2,2,23.73,1.423
2,1,4,16.33,2.653
1,2,1,19.98,1.133
2,2,1,20.35,6.361
1,2,2,32.66,1.108
1,1,1,7.85,0.91
1,3,2,34.25,0.683
2,1,3,4.68,2.181
1,2,1,11.01,1.045
1,1,2,37.69,0.62
1,3,4,24.01,0.702
3,2,1,21.91,47.516
1,3,3,2.25,0.876
1,1,2,39.94,0.619
2,3,1,18.5,4.679
1,1,1,34.26,0.614
1,1,1,5.41,0.586
2,1,3,6.89,3.298
1,2,2,13.87,0.626
1,3,1,14.82,0.833
1,2,2,34.96,1.851
1,1,2,10.18,0.729
3,1,2,59.94,24.797
2,1,2,10.27,4.607
1,1,1,25.79,0.443
1,2,2,63.43,1.136
2,1,1,26.54,3.948
2,2,1,34.57,10.872
1,1,2,2.74,0.988
2,1,1,29.55,3.061
1,1,1,42.75,0.927
2,1,3,27.94,2.872
1,2,3,55.13,1.189
1,2,4,7.57,0.6
2,3,3,46.66,10.324
2,1,1,30.62,4.163
1,1,1,76.12,1.8
1,1,2,57.31,1.772
2,3,3,48.92,5.759
1,2,1,59.9,2.509
1,3,3,24.75,0.636
2,1,3,19.06,1.897
1,2,2,46.17,1.559
1,2,1,3.52,1.412
1,1,2,35.66,0.873
3,1,1,11.33,20.372
1,1,1,43.97,0.924
2,1,1,57.14,2.786
3,1,1,10.61,17.583
2,2,1,6.48,6.303
1,1,2,27.54,0.784
1,2,1,15.9,1.684
1,1,3,16.27,0.613
1,1,4,8.4,0.433
3,2,1,28.76,37.072
2,1,3,8.62,1.861
1,1,4,22.45,0.439
1,2,1,25.04,1.144
2,1,1,15.67,2.739
1,1,2,20.49,0.428
2,1,1,28.09,4.742
1,2,5,26.42,0.435
2,2,3,14.88,3.643
2,1,1,3.84,2.801
1,2,2,19.21,0.91
1,2,1,46.69,2.022
2,3,2,28.54,6.147
1,1,3,24.36,0.812
1,2,2,48.76,1.339
1,1,1,31.95,0.689
1,1,2,24.22,0.707
2,2,1,42.96,6.539
1,1,1,33.74,0.493
1,1,1,60.76,1.209
2,2,1,54.94,18.259
1,1,5,34.83,0.716
1,3,2,6.29,0.663
2,3,1,59.51,8.171
2,1,3,19.2,2.808
1,3,1,10.02,0.655
2,2,2,31.39,5.301
1,2,3,43.08,1.211
1,1,2,28.03,0.834
3,3,1,12.58,15.662
2,2,4,53.76,4.49
1,3,2,8.83,1.072
1,2,4,35.33,0.747
1,1,1,51.74,1.091
1,3,2,10.16,1.011
2,1,2,34.46,2.282
2,3,1,39.5,7.414
1,1,2,36.29,1.378
1,1,2,36.43,0.625
1,3,1,47.8,0.902
1,1,2,16.04,0.431
2,3,3,44.13,3.974
1,1,5,50.61,0.402
1,2,1,41.96,2.016
2,2,4,25.39,4.149
3,1,2,20.19,18.14
1,3,1,20.16,0.868
1,1,2,20.1,0.759
1,3,2,16.93,1.118
1,3,4,7.28,0.585
1,2,3,47.59,2.182
2,3,5,31.0,2.895
1,2,1,24.53,1.314
1,3,1,33.57,0.848
2,2,3,17.76,4.182
1,2,4,29.68,1.043
2,3,3,16.73,4.222
2,1,1,13.71,2.698
2,1,1,43.49,4.173
2,3,1,22.61,4.595
2,2,2,19.18,3.341
2,1,1,24.31,3.667
1,1,5,36.92,0.523
1,2,1,42.15,1.035
1,1,1,8.6,0.701
1,2,2,8.92,0.708
1,1,4,41.25,0.924
1,1,1,32.59,0.737
1,3,2,35.32,0.648
1,1,1,37.31,1.229
1,3,1,27.72,1.08
2,2,1,12.37,6.256
1,3,3,19.73,0.794
2,2,4,18.97,5.253
1,1,2,24.3,0.598
2,1,3,20.02,2.546
2,3,2,25.6,2.785
1,2,1,21.14,1.087
3,1,4,32.28,19.72
1,3,4,14.26,0.502
1,1,2,23.54,0.507
2,1,1,20.01,2.404
1,1,1,22.48,0.585
1,3,1,10.94,0.919
1,1,4,3.81,0.534
1,3,1,15.93,1.421
1,1,5,36.7,0.452
1,1,4,38.03,1.084
1,1,3,40.37,0.752
2,3,4,9.47,2.995
1,1,2,17.88,0.648
1,3,2,39.32,1.073
2,1,1,16.54,4.488
1,3,1,2.93,0.827
1,1,2,44.14,0.666
2,2,2,17.03,5.307
3,1,4,9.57,9.542
1,1,1,25.38,0.789
1,3,1,31.65,1.396
2,1,3,5.46,2.906
2,3,1,35.44,6.069
1,2,1,8.29,1.856
1,2,3,17.29,0.93
1,1,1,43.06,0.92
1,3,2,32.17,1.107
3,3,1,37.89,20.017
2,3,2,17.91,3.994
1,1,4,33.57,0.43
2,1,1,29.16,3.633
2,3,3,14.1,3.296
1,2,5,46.29,1.323
2,1,1,33.4,6.06
1,1,1,45.12,1.788
1,1,3,28.38,0.55
1,2,2,44.02,1.451
1,1,4,2.88,0.279
3,1,4,26.09,11.875
1,1,5,20.89,0.351
1,1,1,11.92,0.604
1,1,5,42.27,0.556
1,1,1,6.41,0.558
1,2,2,25.07,1.059
2,3,1,24.03,5.418
1,1,1,35.52,0.576
1,3,3,24.17,0.628
2,2,1,78.66,15.705
1,3,3,11.27,0.704
2,1,1,29.37,2.447
1,2,4,27.86,0.783
1,2,4,3.32,0.807
2,3,4,41.68,2.728
2,1,3,40.37,2.647
2,1,1,12.66,3.424
1,3,2,27.79,1.03
1,1,1,31.36,0.639
2,3,1,39.38,6.972
1,1,1,25.44,0.51
2,1,4,45.64,3.68
1,1,3,30.93,0.648
2,2,2,52.9,13.72
1,2,1,42.98,1.454
1,3,2,12.23,1.231
1,2,5,41.9,0.619
1,2,1,54.85,1.36
2,2,1,18.0,5.145
1,1,3,22.74,0.527
1,2,2,29.84,1.672
2,3,2,24.35,3.216
2,3,2,4.22,3.173
1,1,1,34.65,0.766
3,1,1,10.38,12.705
1,2,2,11.61,1.046
2,2,2,30.73,4.0
1,1,1,10.42,0.471
1,3,4,18.57,0.573
1,1,2,33.36,0.75
1,1,4,79.26,0.797
1,2,2,32.41,1.055
1,2,3,57.1,1.047
2,3,2,53.25,7.976
1,1,1,13.02,0.533
1,1,1,28.56,0.768
3,3,1,58.0,21.615
2,1,2,37.83,3.042
3,1,2,46.53,20.627
1,2,1,70.21,2.234
1,3,2,17.57,1.03
1,3,1,71.55,1.679
1,3,5,45.02,0.565
1,1,3,26.34,0.722
2,3,5,6.15,1.935
2,1,4,14.93,2.035
2,1,3,20.29,2.776
1,1,1,11.54,0.981
2,1,3,45.81,5.433
1,1,2,17.67,0.565
3,3,2,32.52,39.475
1,3,3,1.01,0.636
1,1,2,36.8,0.938
1,1,2,22.31,0.527
2,1,2,19.86,2.007
3,2,3,11.57,21.523
2,3,2,36.48,3.958
2,2,3,54.04,6.244
3,1,2,41.29,10.737
2,3,1,16.1,3.483
1,2,2,20.0,0.853
2,2,5,46.37,5.536
1,1,1,12.15,0.563
1,2,2,10.2,0.913
1,1,2,28.87,0.855
1,1,2,9.61,0.569
3,2,3,26.75,20.138
3,1,1,15.12,15.905
1,2,4,37.47,0.686
2,2,2,41.8,5.59
1,1,3,6.55,0.759
1,1,1,29.98,1.128
1,3,4,22.59,0.778
1,1,2,40.48,0.752
1,1,2,19.93,0.62
1,1,1,39.9,1.868
1,1,4,15.63,0.381
1,1,4,43.05,0.293
3,2,2,8.29,34.036
1,2,2,16.86,0.819
1,1,2,24.42,0.562
1,1,2,13.15,0.599
1,3,3,47.12,0.668
1,3,1,24.74,2.113
1,1,2,28.02,0.654
2,2,3,22.27,8.515
1,3,2,13.23,1.228
2,3,4,28.64,3.317
1,1,3,33.0,0.676
1,2,1,24.13,1.729
1,2,2,46.74,1.991
1,2,2,14.86,1.102
1,3,1,54.82,0.637
1,1,3,50.16,0.503
1,1,3,23.35,0.475
2,2,3,21.9,5.031
1,3,2,5.99,0.664
1,3,3,57.89,1.511
2,1,1,3.66,4.04
1,3,3,8.33,0.595
2,1,3,14.78,1.679
3,3,1,3.4,16.042
3,2,2,49.29,47.501
1,1,1,59.47,1.066
1,1,1,11.98,0.631
2,1,2,21.48,2.965
2,1,2,20.22,3.356
2,1,2,12.76,2.195
1,3,3,30.44,0.587
1,1,2,18.9,0.702
1,3,1,21.32,1.088
1,1,1,38.95,0.739
1,2,2,49.15,1.576
3,2,4,8.72,16.429
1,1,1,46.36,0.631
2,1,2,39.72,3.843
3,2,1,46.72,44.004
1,1,1,16.9,0.816
1,1,2,23.61,0.624
2,2,2,25.97,4.973
1,1,2,27.9,0.594
1,1,1,15.78,0.625
2,1,1,20.71,3.275
2,2,1,15.36,6.246
2,3,3,38.4,3.155
3,1,1,32.93,25.873
1,2,1,23.16,1.062
2,1,1,5.09,2.563
2,3,2,43.41,3.451
2,3,4,29.28,1.937
2,1,2,42.55,3.214
2,1,3,6.49,2.264
2,2,1,25.77,6.557
1,2,5,43.98,0.779
2,2,1,18.39,7.993
1,1,1,21.86,0.445
1,1,4,18.56,0.442
2,1,4,66.75,4.296
2,2,2,5.09,3.728
1,2,1,19.87,1.112
1,1,1,57.12,0.537
1,3,2,29.94,0.834
1,3,1,19.12,0.594
1,3,2,21.02,0.892
3,2,2,12.4,21.002
1,2,1,43.08,1.83
3,2,1,59.93,33.38
1,1,2,28.47,0.706
2,2,3,36.36,4.719
1,2,2,27.73,1.235
2,2,2,12.13,4.343
2,2,1,41.2,8.992
2,1,1,24.76,3.848
3,2,4,4.48,27.932
1,1,3,53.5,0.721
1,3,4,17.56,0.544
1,3,2,22.68,1.477
2,2,1,53.77,11.127
1,1,3,12.42,0.702
1,1,2,19.26,0.669
1,3,1,24.45,0.947
1,1,3,24.32,0.277
2,3,2,34.98,4.377
2,1,1,7.17,3.203
2,3,1,15.28,5.115
2,1,1,22.5,3.083
2,2,1,14.65,5.956
1,1,1,15.55,0.708
3,3,3,35.26,14.405
1,2,3,11.45,1.271
2,2,1,21.73,5.372
2,1,5,45.78,3.05
1,2,3,23.81,0.618
1,1,3,46.28,0.635
1,1,1,50.35,1.483
1,1,1,25.69,0.659
3,2,3,19.82,24.771
1,3,1,19.29,1.373
1,1,2,17.66,0.346
1,3,2,7.04,0.738
1,1,4,25.91,0.442
1,2,3,37.73,1.573
1,2,2,49.55,1.706
1,3,4,35.02,0.62
1,1,4,29.26,0.416
1,2,4,45.87,0.908
1,2,1,7.31,1.273
2,3,2,59.49,9.043
1,3,3,55.66,1.462
1,1,2,27.23,0.751
3,3,3,22.14,19.119
1,3,2,30.57,0.703
1,1,1,43.61,0.718
2,2,2,34.77,6.066
1,1,1,45.51,0.681
2,1,3,8.95,1.378
2,1,1,44.42,8.429
3,1,4,17.58,9.403
3,2,1,18.56,31.877
1,3,2,62.05,1.445
2,1,3,46.85,3.61
1,1,4,25.79,0.481
2,1,2,37.38,3.162
1,2,1,29.85,1.577
1,1,2,21.28,0.476
1,2,2,23.88,0.779
1,1,1,28.82,0.685
1,2,1,33.77,2.045
1,2,4,7.52,0.763
3,3,2,34.48,20.199
1,2,1,6.28,1.283
2,3,3,78.95,7.667
2,1,2,25.12,2.537
2,2,1,18.91,7.261
1,1,2,4.43,0.791
2,3,1,28.46,6.378
2,2,3,21.25,6.197
2,2,2,39.45,10.308
3,3,1,12.12,19.188
1,1,1,25.17,0.681
1,1,3,27.18,0.546
2,1,1,29.65,4.181
1,1,1,22.16,0.664
2,2,3,13.77,5.402
1,1,5,49.84,0.657
1,1,1,1.28,0.559
1,1,1,35.66,0.702
1,1,1,23.33,0.678
3,1,1,54.87,27.474
1,2,1,14.25,1.571
2,1,1,22.77,2.714
1,3,1,50.04,1.434
3,1,1,19.83,17.545
1,1,2,21.13,0.5
1,1,1,39.69,0.555
1,1,1,70.95,1.394
1,3,1,10.55,0.711
3,2,4,32.06,14.424
3,1,1,23.21,14.938
1,3,1,13.15,0.974
1,2,1,20.59,1.009
1,2,3,22.19,0.982
1,1,2,46.53,0.957
1,1,1,60.51,1.731
1,1,1,45.35,1.637
2,1,2,26.08,3.966
2,3,1,24.58,5.193
1,1,4,15.31,0.585
1,1,1,26.9,0.822
1,2,1,15.13,1.51
1,2,2,25.45,1.5
1,2,1,49.9,2.33
2,1,2,29.43,4.428
1,1,3,21.84,0.548
2,1,3,7.54,2.04
2,2,2,34.77,10.425
3,1,1,53.68,20.19
2,3,2,19.31,4.836
1,1,3,23.64,0.419
1,3,1,14.91,0.625
1,3,1,38.04,0.683
3,2,2,2.75,25.693
3,2,1,9.2,33.57
1,1,1,25.41,0.678
1,1,1,15.09,0.568
1,2,2,37.63,1.539
1,1,2,25.13,0.72
3,2,2,41.15,26.633
1,1,1,18.99,0.692
1,1,1,16.26,0.647
1,1,1,47.42,1.082
1,3,1,38.14,1.497
1,2,3,39.02,0.805
2,2,1,23.71,4.915
1,2,1,53.15,2.393
1,3,1,33.94,1.325
1,1,3,53.82,0.578
1,3,2,26.42,0.94
1,1,1,8.97,0.617
1,2,1,10.67,1.435
1,3,1,20.03,0.57
1,3,2,30.16,0.699
2,2,1,25.42,4.997
2,2,2,85.06,17.839
3,1,3,34.35,18.466
1,1,3,18.16,0.35
2,2,1,23.99,6.124
2,2,2,19.1,4.477
1,1,5,25.27,0.669
1,1,2,19.68,0.505
1,2,2,14.78,0.932
2,1,2,22.96,4.284
1,1,1,16.55,0.728
1,2,1,37.96,1.935
3,1,1,35.1,21.745
1,3,3,4.38,0.323
3,2,2,14.03,24.32
2,1,2,29.35,3.753
2,1,1,11.29,2.321
2,1,2,28.29,3.292
1,3,3,32.6,0.609
2,1,5,18.41,1.684
2,2,1,17.59,8.289
2,2,1,22.06,6.204
1,1,1,38.02,0.705
1,1,2,21.62,0.602
1,1,3,31.65,0.518
1,3,1,57.5,2.658
1,3,4,42.76,0.769
2,3,4,70.96,4.759
2,1,1,22.05,4.139
2,2,1,14.34,4.456
1,2,2,66.64,2.31
1,3,2,30.19,1.132
1,2,2,19.13,0.782
1,1,2,50.06,0.997
1,1,3,13.1,0.492
1,3,4,57.43,1.232
1,2,1,12.66,0.95
1,1,2,13.85,0.573
1,3,4,13.24,0.603
1,2,3,8.24,0.935
1,1,1,41.33,1.282
2,1,1,46.14,3.183
1,1,2,35.7,0.655
1,2,2,49.99,1.592
1,2,1,48.38,2.769
3,3,1,42.44,31.755
1,1,4,8.51,0.491
2,1,1,24.97,2.832
1,1,3,4.91,0.426
2,1,3,23.66,2.798
2,2,2,41.09,5.958
1,2,3,19.2,1.134
2,3,2,16.56,3.263
1,2,2,13.89,0.933
2,1,1,23.74,4.526
1,1,1,62.48,1.29
1,2,3,12.78,0.968
3,2,2,41.18,27.269
2,1,2,8.6,1.999
1,3,2,43.53,0.972
3,3,2,48.47,40.881
1,2,3,40.91,1.244
1,1,2,50.96,0.979
2,1,2,32.36,3.859
1,2,1,40.54,1.516
1,1,3,54.53,1.097
2,1,1,11.84,4.122
1,2,4,34.72,1.1
1,1,1,5.76,0.508
1,1,2,1.97,0.508
2,1,3,26.69,2.381
1,1,4,26.83,0.399
1,1,3,36.81,0.494
2,3,3,7.28,3.461
1,1,1,41.74,0.873
1,1,1,32.01,0.626
2,1,1,22.04,2.089
2,1,1,47.16,7.253
1,1,3,26.48,0.576
2,1,5,42.36,1.842
2,3,1,32.5,4.958
1,3,3,8.0,0.704
2,1,3,5.56,3.111
2,1,1,18.19,2.774
2,2,3,32.98,3.824
1,2,5,2.59,0.634
2,1,1,35.08,3.334
3,3,2,29.28,30.796
1,1,1,14.7,0.719
2,3,3,38.62,4.175
2,3,2,40.53,6.31
2,3,2,34.96,4.741
3,1,1,6.36,17.14
1,1,3,41.52,0.75
1,1,1,10.6,0.787
1,2,4,34.36,1.402
1,1,2,68.63,1.467
1,1,2,15.49,0.857
2,1,2,39.12,3.267
3,1,3,19.36,16.629
1,3,1,45.06,1.897
2,3,1,15.62,5.063
1,1,2,26.68,0.728
1,1,2,9.91,0.485
1,2,1,23.59,1.356
1,1,1,26.15,0.649
1,1,1,13.14,0.691
2,1,3,25.94,2.48
2,1,1,15.95,3.364
1,1,4,46.0,0.57
1,2,1,33.31,1.128
1,3,1,16.65,1.032
3,3,1,28.98,31.664
3,2,3,3.58,24.547
1,1,2,40.94,0.523
1,3,3,31.53,0.726
1,2,1,29.01,1.774
2,2,1,25.42,6.282
1,1,1,11.38,0.747
1,2,1,14.62,0.898
1,2,1,6.65,1.577
1,2,2,33.24,1.462
1,1,1,36.08,0.718
1,1,4,55.46,0.641
2,2,2,20.37,4.602
1,1,3,26.53,0.644
1,1,2,19.76,0.75
1,1,2,13.93,0.554
1,3,3,65.8,0.889
2,1,1,47.73,4.806
3,1,1,41.38,24.997
1,3,4,22.72,0.553
2,1,1,43.93,4.604
2,1,4,15.61,2.273
2,1,1,62.99,12.575
1,3,2,21.1,0.821
1,1,3,49.58,0.94
1,1,3,49.33,0.857
3,1,3,23.21,18.143
2,2,1,5.89,4.532
1,2,4,11.56,0.631
1,1,2,44.23,0.695
1,2,1,22.07,1.284
1,2,4,34.92,0.778
2,2,3,7.54,4.952
1,1,2,35.19,1.12
2,3,2,33.14,5.839
2,2,3,33.56,4.237
2,2,3,21.25,3.709
2,1,2,14.57,2.898
1,1,1,54.22,1.488
2,2,3,24.2,3.765
2,2,3,11.98,3.039
1,1,1,35.61,0.823
1,2,1,36.79,1.297
1,1,3,51.76,1.17
1,2,4,3.88,0.987
1,1,1,30.76,0.663
1,1,2,30.47,0.815
2,1,1,18.74,2.259
1,1,3,4.07,0.495
1,2,3,24.03,1.108
1,1,1,26.74,0.446
1,1,3,15.66,0.638
3,1,1,10.38,23.15
1,1,2,29.32,0.654
1,1,4,25.54,0.513
1,3,4,39.47,0.511
1,1,2,60.39,1.31
2,2,3,19.81,5.087
2,1,1,47.71,3.634
1,1,1,18.62,0.498
2,1,1,24.82,4.3
1,1,2,47.53,1.017
2,1,2,19.16,2.767
1,1,1,13.17,0.661
1,2,2,34.18,1.254
2,1,1,29.54,2.775
2,2,1,33.29,6.273
1,1,2,25.18,0.827
3,3,1,31.31,20.333
2,1,1,25.47,4.443
1,1,2,38.83,0.745
2,1,2,52.31,5.589
2,3,1,28.3,2.421
1,2,1,28.17,1.002
1,1,1,22.25,0.761
2,1,4,34.33,2.781
2,2,1,48.36,10.288
1,3,5,8.62,0.492
1,1,3,27.7,0.721
1,1,5,26.82,0.273
3,1,4,24.26,10.473
2,1,3,21.63,2.812
1,1,1,34.08,0.782
2,1,1,45.95,4.144
2,1,2,29.84,3.661
1,2,1,57.03,3.95
1,1,2,33.15,0.698
1,1,1,22.04,0.713
1,3,2,27.98,1.009
1,1,3,32.74,0.448
2,1,3,4.42,2.582
3,1,1,21.19,15.341
1,1,3,11.72,0.495
2,1,2,44.57,3.312
3,1,1,12.45,13.573
1,1,1,69.73,1.376
1,2,1,13.0,1.053
2,3,1,23.07,2.853
2,1,3,44.21,4.037
1,2,1,23.58,1.114
2,3,2,49.14,4.445
2,1,1,13.34,2.798
2,1,3,13.74,2.552
2,1,1,31.56,2.899
1,2,2,51.21,1.672
1,3,2,4.06,0.9
1,3,1,40.89,1.013
3,2,1,28.49,28.861
3,1,5,13.08,11.004
2,1,1,14.78,7.195
1,1,3,15.28,0.443
1,1,3,23.36,0.504
1,3,1,30.4,1.4
1,1,4,14.71,0.517
1,2,1,11.32,1.444
2,1,2,43.8,3.024
1,2,1,13.01,1.103
2,2,2,64.62,9.865
3,1,2,73.37,30.553
2,2,1,18.74,6.204
1,1,3,18.64,0.57
3,2,1,25.19,23.131
2,1,1,47.87,2.652
1,2,3,28.28,1.373
2,2,1,12.2,6.386
2,1,5,30.85,3.459
1,2,4,19.49,0.542
1,3,1,21.86,0.811
1,1,2,22.83,0.526
1,1,2,8.86,0.749
2,1,1,32.15,3.7
1,2,4,24.22,0.646
1,2,1,14.89,1.69
1,2,1,14.48,1.408
1,1,5,52.64,0.654
1,3,1,52.84,0.865
2,1,1,15.87,2.309
1,2,2,20.8,0.901
1,3,1,23.71,1.068
2,1,4,28.45,1.785
3,1,2,18.59,12.424
1,3,2,14.08,0.935
1,1,2,18.37,0.508
1,2,4,19.47,0.544
1,1,3,17.49,0.495
1,2,1,9.26,1.044
3,1,3,18.32,13.114
2,2,2,12.37,5.093
1,1,4,16.82,0.606
3,1,5,69.22,23.873
1,3,4,34.6,0.669
1,2,2,27.5,1.368
1,2,3,15.76,0.821
1,1,2,29.08,0.773
2,1,3,14.75,1.691
1,3,1,14.35,0.824
2,2,2,45.1,9.969
1,2,4,30.96,0.779
3,1,4,23.93,12.18
2,2,4,28.22,4.224
1,2,1,52.99,2.071
1,1,2,21.26,0.556
3,1,2,11.29,17.458
1,1,1,25.3,1.07
1,3,1,13.53,0.779
2,3,1,20.2,2.267
1,1,2,9.09,0.502
1,3,2,23.35,0.482
1,2,3,55.26,1.155
1,3,1,41.96,1.585
1,2,2,30.48,1.377
1,1,1,32.34,0.763
1,3,2,33.16,0.784
1,3,3,45.56,1.012
1,2,4,25.61,0.609
3,1,1,20.96,17.592
1,2,1,9.32,1.627
1,1,4,60.56,0.327
1,3,2,11.08,0.731
2,3,3,73.56,5.908
1,1,2,46.07,1.255
1,1,1,36.05,0.761
2,1,1,36.52,3.182
1,3,1,9.0,0.727
2,2,1,35.71,7.955
2,1,2,37.52,3.565
2,3,2,36.87,5.882
1,3,1,46.42,1.931
1,3,2,60.82,1.256
1,2,2,76.6,3.173
2,3,3,17.4,3.879
3,1,1,51.32,15.54
3,1,3,10.85,8.749
1,2,3,62.45,1.401
2,1,4,7.8,2.257
1,1,1,21.61,0.569
2,1,3,27.98,5.21
1,1,1,50.65,0.694
1,1,2,14.03,0.554
1,3,2,7.57,0.793
3,1,1,32.78,23.349
1,2,2,8.21,1.029
1,3,1,9.06,0.767
1,3,1,50.19,0.997
1,1,2,14.47,0.493
3,2,2,29.36,15.026
1,3,4,32.7,0.876
1,3,3,4.37,0.528
2,1,3,31.01,3.648
1,2,3,23.57,0.88
1,2,1,34.62,1.342
1,1,1,24.43,0.717
1,2,2,38.7,1.768
1,1,2,22.64,0.701
1,1,3,41.12,0.594
1,1,2,19.99,0.33
2,1,1,30.03,3.319
2,1,1,14.18,3.311
2,3,3,2.02,3.12
1,1,4,12.52,0.395
1,1,5,34.99,0.326
3,2,3,32.57,24.61
2,2,3,38.95,4.576
1,2,1,10.68,1.505
1,3,2,11.92,0.858
1,2,2,53.27,1.115
1,2,3,24.77,0.924
1,1,1,14.29,0.59
1,2,2,27.16,0.553
3,2,1,10.84,29.607
1,1,2,32.82,0.95
1,1,4,46.9,0.678
1,1,2,23.1,0.615
2,1,2,53.6,2.762
2,1,1,12.06,3.573
1,2,4,14.48,1.186
1,3,1,7.08,1.031
2,1,1,20.82,4.983
2,1,4,34.06,1.958
1,1,3,22.41,0.553
2,2,1,10.82,7.673
1,1,2,40.63,0.785
1,3,3,56.3,0.984
1,1,5,26.53,0.628
1,3,3,6.86,0.654
1,1,1,37.13,0.869
1,2,3,13.82,0.998
2,1,3,23.14,2.812
1,2,1,67.46,2.452
3,3,4,35.95,20.158
1,3,1,27.69,1.462
1,3,1,11.04,0.822
3,1,4,36.41,10.598
2,1,2,15.61,2.181
2,3,3,7.75,2.651
2,3,2,26.55,4.501
1,1,2,12.99,0.454
1,1,5,24.04,0.405
1,1,2,31.18,0.819
1,1,4,18.48,0.261
1,1,4,32.98,0.642
1,3,2,23.19,0.847
3,1,5,33.82,8.084
2,1,3,60.34,9.27
2,1,1,49.95,6.05
2,1,2,46.1,5.467
1,3,2,48.92,1.488
1,1,1,14.0,0.481
2,3,2,25.16,4.141
2,1,3,15.28,3.291
1,3,2,17.49,0.758
1,1,4,24.72,0.399
1,2,2,15.98,0.731
1,2,1,27.43,1.422
1,1,3,50.86,0.7
1,2,1,13.45,0.966
2,2,2,66.37,11.909
3,1,3,26.65,20.734
1,2,4,32.79,0.943
2,2,1,64.98,13.214
2,2,4,44.11,4.243
1,1,2,28.94,0.381
2,2,1,15.45,4.396
1,3,1,16.27,0.745
1,2,1,36.75,2.239
1,1,2,55.46,0.62
3,1,1,30.72,19.802
3,1,1,51.32,24.995
1,1,2,25.38,0.66
1,1,4,21.08,0.461
1,1,4,55.53,0.522
2,3,2,52.75,7.36
1,3,4,48.28,0.746
1,1,1,15.32,0.578
2,1,3,47.47,2.504
1,2,2,40.2,1.89
1,1,1,15.75,0.483
1,1,1,17.93,0.751
1,3,1,9.65,0.735
1,2,1,62.31,2.7
1,3,2,22.53,0.975
1,2,3,19.6,0.695
3,2,2,40.69,25.301
1,2,2,20.67,1.026
3,2,1,30.1,25.679
1,1,2,16.77,0.86
2,1,5,26.96,1.866
1,2,4,25.26,0.693
2,1,1,12.28,4.361
1,3,2,26.19,1.298
1,2,2,1.11,1.474
1,3,2,24.17,0.998
1,1,2,9.25,0.64
3,1,1,31.4,14.866
3,1,1,31.93,16.443
2,1,3,22.46,2.967
1,1,2,47.54,1.192
2,1,1,9.44,2.237
2,3,2,27.13,3.064
1,1,2,44.99,0.932
1,3,1,26.67,1.001
2,1,5,3.83,1.715
1,1,1,46.32,1.055
1,3,2,8.83,0.54
2,2,1,20.96,6.355
1,1,3,40.95,0.738
1,1,1,19.99,0.658
1,1,3,26.31,0.37
2,2,1,24.26,6.118
3,2,2,27.59,31.597
2,3,3,6.8,2.533
2,1,5,32.66,2.111
1,1,1,21.59,0.548
2,1,3,14.07,2.683
1,3,1,28.85,1.312
1,3,1,27.14,0.851
2,1,3,68.51,5.866
2,1,1,55.19,9.067
1,3,3,27.06,0.75
2,1,4,56.78,4.227
2,3,2,32.62,5.13
1,3,1,44.12,1.814
1,2,1,30.65,1.446
1,2,1,8.85,0.84
1,1,2,45.82,1.085
1,1,2,17.58,0.394
1,3,2,48.85,1.492
1,1,1,48.51,1.095
1,1,1,20.15,0.815
2,3,1,8.48,5.675
2,1,4,38.18,2.731
1,2,1,5.37,1.16
1,2,1,45.42,2.219
1,1,1,35.28,0.93
1,1,2,40.15,0.478
1,1,1,10.44,0.687
1,1,1,19.31,0.64
1,1,2,69.5,1.658
3,3,1,37.26,21.706
1,3,2,25.93,0.839
2,1,3,14.55,2.397
1,2,3,44.99,1.417
1,1,1,28.49,0.842
3,1,1,47.75,16.326
1,3,4,53.78,1.089
2,1,3,22.17,3.803
3,3,1,10.09,17.111
1,1,3,8.53,0.582
1,2,1,22.16,1.467
1,3,1,54.72,0.733
1,2,2,35.26,1.032
1,2,2,31.15,0.846
1,1,2,22.4,0.716
2,2,3,27.49,4.159
2,1,1,38.62,4.51
1,1,1,27.91,0.628
1,1,2,32.0,1.157
2,2,5,52.29,6.736
3,2,2,3.47,21.332
1,1,1,20.63,0.644
1,2,3,19.98,0.762
2,1,2,32.97,3.785
2,2,1,15.43,4.56
3,3,1,35.79,18.008
1,1,4,26.88,0.492
1,2,4,23.29,0.982
1,3,3,6.68,0.797
1,2,1,26.7,1.729
2,3,2,36.35,3.785
1,1,1,14.07,0.786
2,1,1,16.15,4.254
3,2,3,15.48,16.23
3,1,3,45.99,27.248
2,1,4,16.66,2.611
3,1,4,28.91,9.85
1,2,3,20.58,1.488
1,2,2,13.99,1.057
1,2,1,14.82,0.773
3,3,1,13.23,17.375
3,2,1,24.04,29.442
1,3,1,15.09,0.875
1,1,1,24.78,0.657
1,3,1,36.72,0.887
1,3,5,22.7,0.486
2,3,3,6.45,3.579
1,3,1,27.2,1.017
2,3,1,53.52,6.291
1,1,3,37.64,0.631
1,3,1,26.77,1.24
1,1,4,30.49,0.403
3,3,5,49.8,12.767
2,2,3,25.41,4.793
1,1,1,56.06,0.879
1,1,3,6.35,0.56
3,1,1,15.62,16.193
2,2,2,24.33,6.471
2,2,1,40.73,10.931
2,1,2,34.06,3.398
2,1,1,12.5,2.48
1,1,3,30.65,0.488
2,1,2,63.78,5.492
1,2,2,64.24,1.533
1,2,2,39.9,1.162
3,1,1,29.77,15.738
3,2,1,21.43,20.686
1,3,1,14.42,1.264
1,3,2,22.73,0.592
2,1,1,20.7,3.621
3,3,2,6.87,17.023
2,1,3,20.23,2.351
1,1,4,20.41,0.477
1,1,1,18.93,0.955
2,1,2,4.31,4.658
2,3,1,13.7,3.293
2,3,2,51.36,4.447
2,1,1,45.21,5.2
1,1,1,32.2,0.493
1,1,2,7.85,0.543
2,3,1,41.69,5.528
1,1,2,59.62,1.462
2,1,2,35.39,4.462
2,3,2,10.33,3.024
2,1,1,40.2,1.875
1,1,4,30.81,0.523
2,3,1,52.82,6.981
1,1,1,14.88,0.578
1,1,2,10.5,0.565
1,1,2,27.73,0.653
1,1,1,34.41,0.57
3,3,1,31.21,20.38
3,2,3,21.14,14.081
1,2,2,38.79,1.019
2,1,1,20.13,4.793
1,1,3,2.61,0.366
2,3,1,25.19,3.593
2,1,3,22.62,2.556
1,1,1,11.61,0.799
1,1,1,20.64,0.823
1,2,2,9.05,1.018
1,3,4,37.49,0.596
3,1,4,28.63,8.957
1,1,2,48.96,0.92
1,3,2,15.44,0.859
1,1,2,8.37,0.616
3,1,1,33.04,23.164
1,1,1,32.13,0.795
2,1,3,9.06,2.697
2,1,4,20.46,1.614
1,3,3,54.08,0.901
1,1,1,6.28,0.579
1,1,1,19.5,0.683
1,2,2,14.17,1.135
2,3,5,17.51,2.541
2,2,1,19.38,8.956
1,1,1,32.67,0.585
1,1,1,23.55,0.695
1,1,4,15.01,0.516
1,2,2,63.39,1.998
2,1,1,18.99,2.637
2,2,2,21.38,5.734
2,2,1,21.69,4.206
1,1,3,51.69,1.02
1,3,2,29.05,0.944
1,2,2,58.51,2.043
3,1,3,29.28,15.724
2,2,1,34.36,9.147
3,2,1,18.76,41.466
1,2,1,19.04,1.61
1,1,1,35.43,1.39
2,2,1,43.42,8.222
1,1,3,16.91,0.352
2,1,3,38.63,4.842
1,1,1,60.05,1.384
3,3,1,28.82,25.243
1,1,1,10.96,0.654
3,2,4,4.03,17.671
1,1,1,29.68,0.63
1,3,3,22.65,0.696
1,1,1,5.53,0.613
1,1,1,53.72,0.68
3,1,2,30.16,12.869
3,1,2,17.74,13.358
3,2,2,18.49,31.544
3,2,1,22.95,26.382
2,3,1,44.98,6.377
1,1,1,12.88,0.485
2,2,2,7.99,6.672
1,1,1,4.07,0.527
2,3,5,47.34,3.4
1,1,1,63.84,1.441
2,3,2,9.79,4.193
1,1,2,39.37,0.509
1,2,2,25.78,0.812
1,2,2,10.45,1.182
1,2,1,13.07,1.142
1,3,1,28.81,0.907
1,2,2,44.23,1.902
1,1,1,13.02,0.641
1,1,2,41.04,0.715
1,1,2,59.56,1.171
2,1,1,6.28,3.543
1,1,2,58.87,0.757
1,2,5,4.46,0.672
1,3,1,29.1,1.362
1,1,4,32.81,0.321
1,3,1,25.23,0.967
2,3,2,20.48,4.288
1,2,1,3.99,1.042
1,2,1,30.06,1.35
1,2,1,19.03,1.353
1,1,1,21.9,1.087
1,3,1,7.92,0.991
2,1,2,57.68,4.078
1,1,4,32.12,0.692
2,2,4,8.4,3.879
1,1,4,19.25,0.57
1,1,2,50.84,0.68
1,1,1,33.95,0.59
1,1,2,60.7,0.783
1,1,2,28.12,0.664
2,1,5,47.21,2.485
2,1,2,14.39,2.733
1,2,3,31.49,0.719
1,1,5,28.25,0.44
2,2,2,31.1,4.304
1,3,4,8.95,0.447
1,2,5,77.58,1.811
2,1,3,15.86,3.994
1,2,3,45.42,1.568
1,1,1,38.69,0.888
1,3,2,39.54,1.091
2,1,5,4.2,1.579
1,1,1,15.03,0.661
2,1,1,42.23,4.725
1,3,3,30.13,0.531
1,1,1,47.58,0.848
1,1,3,43.21,0.764
2,1,2,46.82,2.062
1,3,2,32.64,1.073
2,1,1,5.82,3.934
1,3,1,21.12,0.764
1,3,2,24.04,0.505
1,2,1,12.95,1.201
1,1,2,15.05,0.601
1,3,2,19.78,0.767
2,1,1,47.02,5.769
3,1,1,14.64,25.494
2,2,1,37.67,10.974
1,2,2,40.58,1.109
1,3,3,18.7,0.597
2,3,1,31.54,5.635
1,1,1,31.16,0.68
2,1,4,13.84,2.695
2,3,1,30.25,7.929
1,1,4,43.99,0.44
3,2,1,37.73,42.254
2,1,2,7.77,3.133
1,1,4,13.49,0.471
3,2,4,13.98,18.682
1,2,2,36.14,0.52
1,3,5,9.69,0.527
1,3,5,17.26,0.443
1,2,1,16.06,1.849
1,1,1,64.08,1.141
3,2,3,16.13,13.917
1,1,2,23.92,0.499
1,1,2,12.22,0.585
2,3,1,25.92,4.893
1,2,1,19.95,1.363
2,1,2,17.94,2.296
1,2,1,58.65,2.271
3,1,2,18.73,15.113
2,1,2,35.8,5.313
1,2,2,27.59,1.109
1,1,2,18.64,0.883
1,2,3,11.99,0.775
3,3,1,45.65,16.37
2,1,1,35.03,4.41
1,1,2,41.08,0.984
1,2,3,7.11,0.812
2,2,3,21.04,2.995
1,3,1,31.61,0.982
2,3,3,34.53,3.199
2,1,1,36.02,2.836
1,2,2,13.61,1.296
1,1,1,11.31,0.689
1,1,1,26.82,0.574
1,1,4,24.16,0.508
3,1,2,47.85,18.242
2,2,1,33.28,6.126
2,2,1,26.97,4.932
1,1,1,30.38,0.552
1,3,1,15.96,0.628
2,3,2,25.55,5.34
1,2,1,45.67,1.355
1,1,1,5.83,0.794
1,1,2,22.34,0.789
2,1,2,10.86,1.978
2,1,1,27.52,2.524
1,3,5,61.07,0.986
2,1,3,53.89,4.469
1,1,2,33.86,0.574
1,1,2,10.19,0.607
1,2,2,40.46,1.786
2,3,2,55.5,7.558
1,1,1,31.68,0.569
1,3,3,14.38,0.704
1,1,5,27.3,0.298
2,1,2,48.04,5.168
2,2,5,19.7,3.546
1,2,1,20.63,1.245
3,1,1,35.44,19.333
1,1,4,23.24,0.438
1,2,2,5.05,0.922
1,2,2,38.41,1.295
2,2,1,24.26,7.829
1,1,2,13.22,0.634
1,2,1,26.48,1.357
1,3,3,8.35,0.506
1,3,1,6.95,0.932
2,1,4,53.8,3.247
3,1,4,17.99,8.47
1,2,2,36.26,1.669
2,1,2,14.01,3.832
1,3,2,47.1,0.837
1,1,2,18.26,0.533
1,1,4,28.59,0.498
3,3,1,10.66,18.977
1,1,1,46.03,1.018
2,1,2,22.76,3.639
1,3,5,9.77,0.455
2,1,1,33.46,5.278
1,1,3,24.35,0.825
3,1,4,35.56,13.397
2,1,2,34.71,6.265
1,1,2,26.71,0.476
2,1,3,48.27,4.594
2,1,3,32.84,2.652
1,3,1,39.59,0.949
1,2,5,57.26,1.272
2,2,2,31.59,5.396
2,2,1,5.03,6.005
1,2,2,55.35,2.539
2,2,1,10.79,4.319
1,3,2,30.12,0.742
1,2,3,13.69,0.76
1,2,2,19.06,0.93
1,1,1,22.23,0.509
1,2,2,27.48,0.914
1,1,1,21.09,0.629
1,2,1,35.53,1.745
1,3,1,15.81,1.252
2,1,5,25.47,1.681
1,1,1,8.8,0.441
2,3,2,27.91,4.34
1,1,1,13.06,0.752
1,2,1,31.37,1.592
1,1,1,54.96,0.885
2,2,3,24.85,3.065
1,3,2,47.96,1.101
1,2,2,28.43,1.073
2,1,1,78.17,6.236
2,2,1,57.94,12.443
2,1,1,22.04,4.105
1,1,5,25.0,0.41
1,2,2,33.82,0.901
1,3,1,5.14,0.782
2,2,4,32.33,6.319
1,2,2,13.04,1.232
1,1,4,1.46,0.634
1,1,1,81.24,1.871
1,1,1,19.92,0.846
2,3,4,26.22,2.367
1,1,2,28.27,0.555
1,3,2,9.7,0.714
1,1,1,37.96,1.033
1,1,5,56.21,0.645
1,1,4,23.66,0.318
1,3,2,21.51,0.542
2,1,2,21.4,3.234
2,1,2,27.22,3.791
3,1,1,25.85,12.125
3,1,1,66.63,21.186
1,1,1,86.83,2.101
1,3,1,14.57,0.693
1,3,2,20.99,1.058
2,2,3,24.58,6.811
1,3,1,25.75,1.358
1,1,2,15.41,0.579
1,3,1,7.44,0.711
1,1,2,39.77,0.533
2,1,2,16.25,3.848
2,1,2,23.67,3.884
1,3,1,12.47,0.684
3,1,1,28.11,17.724
1,1,1,31.09,0.527
1,1,3,21.16,0.668
1,1,2,5.51,0.49
2,2,3,17.6,4.115
1,2,1,8.97,1.263
1,3,3,18.78,0.553
3,2,1,20.81,27.553
1,1,3,18.4,0.585
1,2,1,9.17,1.221
2,3,1,16.13,3.987
3,1,2,25.36,18.553
2,1,1,38.31,6.904
3,2,3,5.57,22.58
1,2,1,49.22,1.948
2,3,3,26.68,4.618
2,1,4,18.96,2.451
1,2,2,33.39,1.595
1,2,2,14.16,1.079
3,2,3,40.27,18.34
1,1,2,13.59,0.461
1,3,2,16.06,0.847
2,1,2,16.35,3.145
3,1,1,35.69,19.664
3,2,1,44.4,31.74
2,1,1,44.92,5.242
1,1,2,13.13,0.404
3,3,1,4.38,22.182
1,2,5,10.03,0.763
2,3,1,32.86,9.866
1,1,3,13.99,0.737
2,1,3,29.85,5.427
1,1,5,46.53,0.506
2,1,1,11.07,3.881
1,1,3,15.47,0.388
1,3,2,51.7,1.077
1,1,1,1.5,0.652
1,2,2,53.08,1.363
2,2,2,33.61,4.703
1,1,1,25.99,0.546
1,1,2,10.7,0.681
1,2,1,43.04,0.785
1,1,2,13.07,0.587
2,1,2,35.87,3.399
1,2,1,10.2,1.574
1,1,1,25.95,0.835
1,1,2,27.21,0.651
1,2,1,29.68,1.482
2,1,1,13.32,4.383
1,2,5,2.49,0.66
1,1,2,39.7,0.789
2,2,3,22.26,4.906
1,2,2,56.46,2.526
1,3,1,7.84,0.652
1,2,2,10.95,1.264
3,2,1,2.33,23.875
1,2,1,24.65,1.971
1,1,1,10.04,0.659
3,1,2,55.94,17.288
2,2,1,35.98,6.747
2,2,1,25.52,7.109
2,3,2,22.49,3.213
1,2,2,27.6,1.256
2,1,2,10.38,5.651
2,1,4,23.5,2.855
1,1,5,19.44,0.362
1,3,3,35.42,0.484
1,1,2,40.15,0.542
3,3,1,40.78,38.85
1,1,2,59.05,1.559
1,3,3,8.81,0.703
2,1,1,43.87,2.79
2,3,2,39.97,4.167
1,2,2,23.0,0.885
2,1,3,10.85,2.53
1,2,1,24.83,1.481
2,1,3,20.95,1.35
1,1,1,9.41,0.428
1,1,2,42.55,0.972
2,1,1,7.52,3.582
1,1,2,7.5,0.508
1,2,2,16.05,0.944
1,3,3,54.54,1.083
2,1,2,21.77,2.931
2,2,2,12.08,4.756
2,1,2,9.43,2.095
3,1,2,13.32,19.249
3,1,3,14.27,11.002
1,3,3,30.33,0.703
1,1,2,30.14,0.88
2,1,3,54.81,3.788
3,2,1,27.47,50.648
3,1,4,15.33,8.685
2,1,1,28.22,3.858
1,1,1,26.46,1.182
3,1,2,15.23,14.716
3,1,1,18.74,17.027
2,1,3,78.31,6.299
2,3,2,66.45,6.288
1,3,5,57.53,1.195
3,1,1,35.46,16.442
1,1,1,28.55,0.636
2,3,1,25.73,2.742
1,2,1,9.93,0.969
1,2,1,40.1,1.444
1,2,5,35.36,1.172
1,1,2,14.42,0.344
1,1,1,14.1,0.639
3,1,2,37.42,16.615
1,1,2,48.04,0.862
2,3,3,36.26,4.048
1,1,1,17.39,0.795
1,1,3,22.71,0.457
2,3,4,24.03,2.618
2,3,5,19.16,2.427
1,1,2,18.0,0.639
2,1,1,2.48,4.098
2,2,1,6.98,5.902
1,1,3,8.0,0.527
3,3,1,29.23,24.061
2,1,3,48.18,2.108
2,1,2,63.22,5.357
1,2,3,39.81,1.564
1,2,2,14.45,1.183
1,3,1,43.85,0.989
2,2,2,25.36,4.927
2,1,1,45.52,5.483
1,2,1,36.81,1.092
2,1,2,18.86,3.426
1,1,2,11.98,0.708
1,1,1,28.16,1.013
3,1,1,17.92,18.954
1,1,1,31.99,1.393
1,2,5,11.28,0.703
1,1,3,13.77,0.484
1,1,1,18.51,0.721
2,1,3,5.09,2.097
3,2,2,18.44,30.885
1,1,1,45.73,0.981
1,1,1,13.85,0.679
1,3,1,4.14,0.685
1,2,2,11.86,1.17
1,3,2,17.55,0.54
1,3,3,4.34,0.737
2,1,1,35.54,5.172
1,3,1,29.51,1.332
1,2,2,49.64,1.285
1,1,3,13.3,0.386
2,3,1,10.53,5.634
1,1,4,35.05,0.515
1,1,3,14.45,0.592
2,1,1,3.15,2.831
1,3,3,41.59,0.727
3,3,1,34.16,14.437
1,1,1,15.58,0.68
2,2,4,13.28,3.983
3,1,1,19.76,24.283
1,3,1,52.76,2.407
2,1,1,15.19,3.051
1,1,2,47.25,0.835
2,2,4,42.5,4.558
3,2,1,27.09,36.828
2,1,2,24.3,3.875
3,2,1,14.79,39.413
1,2,3,38.5,1.475
1,1,3,56.59,2.095
1,1,2,56.43,1.784
2,1,1,78.36,13.736
2,2,1,16.81,6.448
2,2,1,21.14,4.558
1,1,2,14.53,0.521
1,2,1,58.31,1.675
2,1,1,36.51,3.379
3,1,1,18.14,16.747
1,2,2,18.69,0.978
1,1,3,16.8,0.536
1,3,2,33.09,0.613
1,3,3,2.34,0.563
3,1,1,25.19,12.974
1,1,1,5.63,0.848
1,1,1,16.14,0.88
1,1,1,39.16,1.097
1,3,1,42.8,1.816
3,1,2,16.33,14.697
1,1,1,22.5,0.875
1,2,2,11.57,1.363
1,2,2,37.31,1.096
3,2,1,19.59,42.118
3,2,4,9.78,7.982
1,2,1,38.73,1.488
2,1,1,32.06,3.083
1,1,4,16.59,0.272
1,2,1,71.3,1.287
1,2,2,7.89,1.029
2,1,2,18.17,4.784
3,3,1,44.21,19.447
1,2,1,54.01,1.857
1,1,1,29.57,0.961
1,3,2,27.25,0.695
1,2,2,24.05,0.685
1,3,3,12.07,0.526
1,2,2,13.95,1.138
3,2,1,40.25,28.376
1,1,2,16.61,0.428
2,1,2,3.61,2.738
1,2,2,40.98,1.038
1,3,3,14.64,0.557
1,3,4,8.58,0.523
3,1,1,79.12,55.035
1,2,2,39.16,1.227
1,1,3,25.07,0.739
2,2,1,23.76,8.383
2,1,2,20.55,2.985
2,2,4,20.8,2.442
1,2,3,43.31,1.716
1,3,1,16.25,0.913
2,2,2,14.31,6.301
2,1,1,18.69,1.385
2,2,4,41.19,4.063
1,2,2,11.39,0.763
1,1,1,21.37,0.621
3,1,2,16.86,18.982
2,3,5,27.52,1.351
1,1,2,2.26,0.394
3,1,1,9.79,14.752
1,2,4,23.98,0.686
1,1,1,28.74,0.878
1,2,1,34.18,2.093
2,1,3,42.76,8.027
1,1,3,35.19,0.687
1,1,4,5.35,0.584
2,2,2,50.34,4.702
1,1,3,27.01,0.563
3,1,1,11.82,14.733
1,2,1,4.32,0.92
1,2,1,37.35,1.155
2,1,1,41.06,3.852
2,2,1,49.57,8.551
1,1,3,7.49,0.397
2,1,2,33.14,3.582
3,1,2,25.16,21.085
2,2,1,56.89,7.943
2,3,3,33.73,3.471
1,1,1,34.72,0.564
1,1,1,38.34,1.321
1,3,4,26.62,0.738
1,1,1,30.91,1.04
2,3,1,52.29,5.245
1,2,1,10.97,1.143
1,3,1,25.32,0.774
1,2,3,14.79,1.12
1,1,3,26.95,0.576
1,2,2,10.1,1.277
2,1,2,44.3,2.063
1,2,1,38.61,2.696
1,1,1,49.38,1.68
1,2,2,30.25,1.067
2,1,3,0.79,1.997
1,1,4,22.45,0.639
1,1,2,36.39,0.793
1,1,1,51.21,1.309
1,1,1,48.49,0.719
2,1,2,52.84,4.739
2,3,1,5.93,4.218
3,2,2,9.32,33.329
2,2,4,22.35,4.888
1,2,4,4.67,0.695
1,1,2,72.63,1.16
1,2,2,13.81,0.85
1,2,1,11.98,1.387
1,1,1,27.45,0.756
1,2,1,18.31,0.81
1,3,2,22.31,0.601
1,1,1,45.72,1.207
2,1,1,6.18,2.426
2,2,4,12.53,2.955
3,1,1,14.11,16.793
1,1,2,17.86,0.751
1,1,1,74.59,1.941
3,1,1,37.8,15.019
2,2,2,31.44,10.308
1,3,1,22.42,1.105
1,2,1,27.67,1.717
1,3,2,29.31,0.547
2,1,1,8.97,2.645
2,1,1,7.88,3.128
1,1,2,15.85,0.406
1,1,1,14.41,0.375
1,2,2,52.05,1.388
1,3,1,15.82,0.986
2,1,1,11.3,3.75
1,3,1,18.21,1.088
1,2,2,21.71,1.614
1,1,1,22.85,0.706
3,2,3,37.58,23.444
1,1,2,15.34,0.605
1,2,2,4.31,1.142
2,2,1,33.21,5.78
2,2,2,28.01,5.849
2,2,3,56.27,8.445
2,2,4,20.86,4.494
1,1,1,3.78,0.676
3,3,2,43.53,35.896
3,1,2,10.27,8.636
1,2,2,4.64,0.721
2,2,1,50.47,10.783
1,1,3,16.51,0.499
1,1,2,30.64,0.633
1,1,5,33.36,0.357
1,1,3,18.77,0.541
3,2,1,4.6,24.55
1,3,3,16.33,0.443
1,1,1,17.94,0.735
1,3,1,11.43,0.824
1,2,2,10.16,1.403
1,2,1,31.98,1.349
1,3,5,3.16,0.531
2,2,1,24.01,4.607
3,1,4,44.01,31.855
1,2,1,22.84,1.226
3,2,2,19.38,30.193
2,3,1,31.1,3.312
2,2,3,44.68,5.169
1,3,5,24.16,0.674
1,1,2,34.5,0.562
2,2,2,27.04,4.727
1,2,4,38.91,0.654
1,1,1,74.8,1.961
2,2,3,34.28,6.418
1,2,1,66.89,3.936
2,2,1,28.55,7.204
1,2,2,6.54,0.949
3,2,2,3.78,28.627
1,3,1,20.1,0.871
1,1,1,6.83,0.539
2,1,1,25.89,2.484
1,3,1,10.38,0.693
3,1,3,60.03,30.574
2,3,5,43.83,4.005
1,2,1,18.47,0.862
1,1,1,15.39,0.797
3,2,1,10.6,36.249
2,2,3,56.47,11.167
2,1,4,20.65,2.372
1,1,1,52.48,0.91
3,2,1,38.19,41.69
1,2,3,38.18,0.882
2,1,3,32.35,2.052
1,1,2,37.94,0.473
1,2,2,38.07,1.208
3,2,1,23.16,31.813
3,2,3,21.26,24.353
1,3,1,14.49,0.839
3,2,3,7.74,22.43
1,2,2,40.62,1.413
1,2,5,17.27,0.765
1,2,1,25.83,1.081
1,3,1,9.66,0.837
1,1,2,18.76,0.812
1,2,1,40.09,1.727
1,1,5,16.3,0.312
2,2,1,58.15,12.023
2,2,2,15.35,4.665
2,1,1,41.2,4.308
1,2,2,10.68,0.975
2,2,1,12.48,4.546
1,3,3,9.38,0.778
2,3,2,15.42,3.563
1,2,2,10.42,0.939
1,1,2,9.27,0.564
1,3,1,29.72,1.156
2,2,1,15.94,4.816
3,3,2,22.02,22.872
2,2,1,21.18,8.589
3,3,1,11.05,25.346
3,2,4,39.8,22.093
1,1,1,30.99,1.111
2,1,1,44.32,2.103
1,1,2,10.7,0.875
1,1,1,16.31,0.687
1,1,2,18.13,0.638
3,2,3,17.29,32.296
2,2,3,12.42,3.59
1,3,2,9.01,0.692
1,3,5,30.7,0.641
1,1,1,47.89,0.918
2,2,4,44.1,5.967
3,3,1,45.19,31.345
1,2,2,12.88,0.735
1,1,1,33.51,0.729
1,3,1,19.31,0.989
1,2,2,20.34,0.987
1,2,1,55.41,3.483
1,1,1,13.21,0.61
1,3,1,16.29,0.933
1,3,1,41.82,1.506
3,3,2,22.14,16.673
1,1,5,28.42,0.453
1,1,2,23.85,0.49
2,3,1,38.03,3.444
3,3,2,3.24,11.78
1,3,1,53.06,1.721
1,2,2,26.06,1.697
2,1,1,28.77,4.193
1,2,1,41.6,1.546
2,1,2,14.08,3.375
1,1,1,61.88,2.244
1,1,2,17.36,0.635
1,1,1,18.63,0.922
2,2,1,9.13,6.314
1,3,3,32.0,0.538
1,1,1,29.99,0.69
1,3,1,35.54,0.927
2,1,1,18.42,2.31
1,3,4,26.96,0.534
2,1,2,50.52,1.989
2,1,2,46.72,3.142
1,2,3,42.89,0.66
3,1,5,17.78,7.42
2,2,2,31.32,10.368
1,2,3,12.64,1.116
1,1,1,21.51,0.613
1,2,1,18.65,1.257
1,2,2,14.91,0.803
1,1,1,23.12,0.552
3,2,1,25.93,55.147
2,3,1,67.52,7.847
1,1,2,28.75,0.502
1,1,1,24.68,0.611
1,1,1,28.44,0.973
1,2,2,17.03,1.291
1,3,2,21.66,0.588
3,3,2,45.43,24.17
2,2,1,8.77,6.981
1,1,2,23.89,0.451
2,2,2,37.15,4.84
1,1,2,8.91,0.518
2,1,1,24.97,2.704
1,1,2,52.3,0.791
1,2,2,32.41,1.366
2,3,1,34.52,4.124
1,2,1,41.8,1.449
1,1,1,66.1,1.689
1,1,4,10.57,0.455
2,2,3,69.58,3.193
2,1,1,19.97,4.402
1,1,4,61.37,1.092
1,3,3,29.31,0.552
2,2,2,5.14,5.974
1,3,5,17.74,0.441
1,3,2,26.2,0.895
2,2,2,26.19,4.811
1,1,2,20.66,0.705
2,2,4,48.37,5.396
1,1,4,33.55,0.542
2,1,2,40.97,3.357
1,2,4,22.51,0.808
1,1,1,23.75,0.729
1,1,2,46.34,0.923
3,1,3,36.95,22.045
2,3,1,17.71,5.411
2,2,3,16.19,3.76
1,1,2,25.39,0.44
1,2,2,25.1,0.623
2,1,4,18.8,2.666
2,1,2,31.41,2.491
1,1,1,49.33,0.712
2,2,5,23.26,3.429
1,1,4,53.27,0.415
1,1,1,13.75,0.806
3,1,1,68.95,28.102
1,3,1,49.71,1.077
1,1,1,47.65,0.752
1,2,1,8.07,1.019
3,1,2,41.76,15.888
1,2,1,2.73,0.765
2,1,2,60.33,4.6
1,1,2,24.54,0.65
1,1,2,47.78,1.874
1,2,1,11.16,1.637
1,1,2,4.32,0.59
1,1,3,35.62,0.57
1,2,2,46.35,0.886
2,3,4,51.69,4.66
1,3,2,24.2,0.483
2,3,5,41.38,2.433
2,1,2,36.03,2.54
1,2,3,8.32,0.961
1,2,4,42.28,0.641
1,1,1,30.11,0.785
1,1,3,55.68,0.612
1,1,3,7.28,0.509
1,3,1,40.28,1.054
1,2,2,20.58,1.539
1,1,3,7.7,0.545
3,2,1,28.08,36.126
1,2,1,20.97,1.598
1,1,1,32.95,0.79
1,1,1,61.61,0.458
2,2,2,19.02,6.063
1,1,1,24.9,0.781
1,1,1,7.71,0.741
2,2,1,22.07,6.611
1,1,4,21.58,0.316
1,2,1,40.7,2.34
1,1,2,35.73,0.509
2,3,1,10.86,4.513
3,1,2,8.31,12.042
2,2,1,24.17,6.0
1,1,2,42.63,0.818
1,1,2,37.52,0.73
1,1,2,42.93,0.596
2,1,2,25.4,2.84
3,1,1,23.32,20.38
2,2,1,60.63,15.137
1,2,1,18.41,1.289
2,3,3,25.02,4.028
2,2,5,16.99,2.308
2,1,3,29.64,4.143
2,3,2,36.43,4.608
1,1,1,45.65,1.232
2,1,1,8.87,3.603
1,1,1,27.5,0.501
1,1,1,30.51,0.691
2,2,2,10.5,6.09
3,1,2,12.53,17.602
2,1,3,15.33,1.852
1,1,2,1.57,0.816
1,1,1,16.66,0.654
1,2,1,38.59,0.766
2,1,1,1.86,2.619
2,1,4,44.09,2.661
3,3,1,17.27,12.578
1,2,1,30.74,1.431
1,3,2,26.15,0.737
2,1,2,48.45,4.948
1,2,1,19.02,1.603
3,1,1,22.19,17.429
1,2,4,2.75,0.7
1,2,5,6.11,0.569
1,1,1,18.33,0.73
2,1,1,20.61,3.962
2,1,1,3.75,2.28
2,1,5,43.16,1.212
2,2,1,11.98,8.983
1,1,3,12.83,0.572
2,2,2,9.39,5.328
3,2,2,73.87,91.989
1,1,5,13.26,0.199
2,1,1,45.4,4.269
1,1,3,58.05,0.761
1,1,3,43.33,0.822
1,3,2,41.25,0.805
2,3,3,49.21,3.235
1,1,3,38.06,0.866
1,1,1,18.27,0.608
2,2,1,10.57,8.01
1,3,1,19.01,0.715
2,2,1,39.68,9.127
3,2,2,59.58,50.03
1,1,1,9.01,0.599
1,3,1,14.29,0.765
3,2,3,26.36,24.722
1,1,2,43.12,0.669
1,1,3,39.91,0.556
3,1,3,8.15,14.091
2,1,1,32.35,3.319
2,3,2,54.48,9.694
1,2,1,35.87,1.101
3,1,4,22.67,7.906
2,1,1,14.59,2.376
2,1,1,24.31,4.605
2,2,1,4.53,5.316
2,3,2,68.51,7.929
1,1,1,35.26,1.56
1,1,1,5.04,0.944
1,1,3,73.91,3.412
1,2,2,11.04,1.671
1,2,1,27.08,1.376
1,1,3,54.77,1.311
2,3,1,55.65,6.112
1,2,3,20.8,1.471
1,1,4,37.8,0.648
1,1,1,13.88,0.499
1,2,3,42.86,1.161
2,3,1,8.2,3.884
1,2,1,58.58,2.473
1,3,2,24.53,0.829
2,1,1,14.78,4.351
1,1,1,53.54,1.257
1,1,2,45.22,0.84
2,1,1,22.32,3.871
1,2,1,25.92,1.48
2,3,1,59.02,5.594
2,1,2,5.58,3.184
3,1,2,30.47,21.71
1,2,2,28.68,1.185
2,2,5,54.99,7.726
2,1,1,24.84,3.659
1,2,1,73.49,5.782
3,2,1,65.55,66.218
1,2,1,21.76,1.257
2,3,2,36.78,7.153
2,2,4,45.09,7.481
1,3,1,44.06,1.228
1,3,2,21.55,0.857
3,2,1,21.5,36.326
1,1,3,31.51,0.466
1,1,5,24.79,0.371
1,2,1,47.98,1.702
2,1,1,4.0,3.137
1,3,1,50.98,2.354
1,1,2,45.4,1.043
2,2,1,26.93,9.942
1,1,3,21.43,0.777
1,2,1,56.16,1.685
1,2,4,28.5,0.89
3,1,4,33.3,10.256
2,1,1,32.23,2.525
1,1,3,23.29,0.551
1,1,1,13.06,1.125
1,1,2,13.84,0.401
3,1,5,41.5,14.149
1,3,2,53.14,0.762
1,1,1,31.71,0.709
3,1,1,30.91,17.443
1,1,1,15.4,0.599
1,2,4,24.49,0.793
1,1,2,40.24,0.698
2,1,2,4.21,3.254
1,1,1,35.13,1.018
3,1,5,9.0,6.703
1,2,1,13.73,0.853
1,3,2,44.34,1.272
2,3,1,15.17,5.821
2,2,4,18.17,4.758
2,1,1,39.56,7.998
2,1,1,42.68,5.671
1,2,1,33.8,1.236
2,3,2,12.79,3.456
1,3,3,15.14,0.723
1,3,1,36.2,0.747
3,2,5,37.24,24.443
2,1,4,30.75,1.637
1,3,1,37.48,1.602
1,1,1,22.3,0.617
3,1,1,35.11,26.891
1,3,4,80.03,1.324
1,2,1,6.05,1.506
1,1,1,5.11,0.838
1,2,1,40.44,2.427
1,2,2,9.18,0.976
3,1,3,8.52,14.208
1,2,1,26.45,1.998
1,1,2,23.58,0.476
2,1,2,12.53,4.106
1,1,1,52.69,0.756
2,2,2,10.14,4.474
2,1,1,3.27,2.817
2,2,1,16.28,7.953
2,3,5,39.78,3.499
2,1,1,67.41,11.281
2,2,4,33.44,4.382
2,1,2,60.93,6.459
1,1,3,30.99,0.334
2,2,5,26.45,2.885
2,3,3,18.16,2.57
1,3,2,49.23,1.858
2,3,3,3.99,3.657
1,1,3,12.35,0.58
1,1,2,42.69,1.258
2,3,1,52.99,3.55
1,3,1,21.53,0.978
1,1,3,7.23,0.536
1,1,4,34.27,0.804
2,2,1,18.87,8.33
1,2,4,20.25,0.737
2,2,2,39.93,5.354
2,1,2,33.88,3.006
2,1,1,32.18,6.36
3,3,1,34.78,30.293
2,1,3,6.13,2.884
1,3,1,4.55,0.887
3,3,4,3.44,14.912
1,3,2,53.77,0.643
1,1,2,9.59,0.786
1,2,2,44.92,1.828
2,2,2,19.62,4.131
1,1,5,5.59,0.357
1,1,1,73.25,0.963
1,1,3,41.26,1.21
1,1,3,44.53,0.72
1,1,2,13.14,0.859
2,1,3,72.94,5.733
1,2,1,58.44,1.651
1,3,1,29.33,1.339
1,2,1,29.6,0.993
1,3,2,42.02,0.709
2,1,2,47.72,5.312
1,2,1,36.97,0.593
1,1,1,26.72,0.734
2,1,5,30.19,1.538
1,2,1,20.67,1.051
1,3,1,6.01,0.622
2,1,1,37.44,5.641
2,2,2,24.9,5.966
2,1,1,38.56,4.017
1,2,1,14.34,1.469
1,1,3,13.14,0.673
1,1,4,20.44,0.226
1,1,5,31.04,0.49
1,1,2,28.97,0.488
3,2,2,42.66,51.401
2,2,1,23.46,5.4
1,3,2,48.8,0.755
1,3,2,21.84,0.844
2,1,2,14.88,2.181
1,2,1,9.71,1.6
1,1,3,39.12,0.538
1,1,4,41.0,0.652
2,3,1,8.1,5.051
2,3,2,22.89,3.239
1,1,1,50.6,1.296
1,3,1,13.52,1.162
2,2,1,25.75,9.683
1,1,2,34.01,0.789
2,2,1,22.47,7.374
1,1,1,22.77,0.761
2,1,2,10.27,3.234
3,2,4,28.65,21.808
2,3,1,18.08,5.17
1,2,1,39.69,1.391
2,1,1,51.39,5.594
1,1,2,39.39,1.37
1,1,1,43.51,0.912
1,1,1,2.2,0.582
3,1,1,17.38,17.66
1,2,1,20.44,2.65
2,2,1,35.08,6.711
1,2,1,17.38,1.457
1,2,5,22.48,0.392
1,1,1,34.61,0.793
2,3,2,37.11,6.744
1,3,2,25.56,0.904
1,1,1,10.37,0.717
1,1,2,29.07,0.833
1,3,2,27.96,1.084
1,2,5,6.25,0.544
1,3,1,34.9,1.162
1,1,1,23.57,0.658
3,2,3,49.88,22.825
1,2,5,18.93,0.854
1,2,1,46.36,3.472
1,1,2,28.57,0.701
1,2,1,29.77,1.842
2,1,4,42.14,2.742
1,1,1,13.1,0.687
1,3,1,2.59,1.081
2,1,1,66.74,7.749
1,1,2,36.01,0.964
3,1,1,36.55,21.444
3,2,2,9.78,25.856
1,1,2,40.01,0.942
1,3,3,29.54,0.871
1,2,3,12.56,1.157
1,3,1,62.65,3.833
1,1,2,40.11,0.564
1,2,1,49.07,3.407
1,3,2,15.15,0.649
1,3,1,44.68,1.527
1,2,4,51.24,1.023
3,3,3,21.07,11.109
3,1,2,15.22,9.475
1,1,2,30.1,0.824
2,1,2,31.88,3.347
1,1,2,30.35,0.627
2,3,3,26.77,2.846
1,1,3,40.58,0.859
2,1,1,25.04,2.902
1,1,1,17.08,0.573
1,2,3,8.38,0.565
3,1,1,42.99,21.748
1,3,2,26.26,1.094
1,3,1,62.65,1.456
2,1,1,35.99,4.025
2,1,2,11.99,2.307
2,1,3,30.76,3.719
2,1,1,45.73,3.233
2,1,1,14.67,3.614
1,2,2,28.12,1.366
2,1,3,12.85,3.089
2,1,2,9.06,2.649
2,3,2,36.07,2.925
1,2,1,4.32,1.774
1,2,5,38.98,1.242
2,2,3,40.86,9.921
1,3,1,40.05,1.02
1,2,1,19.76,0.919
2,1,2,5.93,3.257
1,1,2,58.79,1.178
1,2,2,26.34,1.077
1,1,1,25.44,0.602
1,3,4,38.29,0.684
2,1,1,39.27,5.034
1,2,1,37.47,1.224
1,3,1,2.9,0.743
1,1,3,31.32,0.486
1,1,4,20.82,0.421
1,1,1,26.55,0.704
1,3,1,59.05,2.594
1,2,3,39.29,1.668
1,3,3,45.42,0.643
1,1,2,21.81,0.61
1,2,1,71.8,1.855
1,2,2,23.22,1.557
1,1,2,0.98,0.68
1,3,1,17.05,0.757
1,3,1,39.96,0.667
1,2,2,25.54,1.426
2,1,1,51.36,6.965
1,1,4,19.33,0.541
2,1,2,24.42,2.916
2,1,2,10.54,3.529
1,2,5,30.49,0.438
1,1,1,72.99,1.151
1,1,3,15.08,0.703
1,1,1,17.86,0.818
1,1,4,31.6,0.306
1,1,3,18.54,0.801
2,1,1,16.42,3.496
1,2,1,25.98,1.346
2,1,2,36.46,4.22
2,1,1,65.92,5.702
1,1,5,23.26,0.226
3,1,3,17.8,12.576
3,1,4,14.63,10.035
1,3,1,68.42,1.57
1,1,3,12.28,0.52
1,3,1,39.2,1.175
1,3,2,25.32,0.983
1,3,1,6.3,1.019
1,3,3,12.16,0.682
1,3,5,18.77,0.369
2,1,2,35.49,3.293
1,1,1,40.64,1.042
1,2,2,52.12,2.005
1,2,2,33.31,1.189
2,2,3,2.61,6.145
2,1,1,23.63,2.826
1,1,2,32.85,0.524
2,2,2,8.06,5.394
1,2,1,25.52,1.422
2,1,2,34.39,2.433
1,1,4,20.88,0.359
1,3,2,42.14,0.665
2,3,3,19.88,3.681
2,1,2,25.5,2.724
2,2,4,40.86,4.696
1,1,1,20.68,0.592
2,1,2,12.42,3.072
1,1,2,28.87,0.45
2,1,1,68.67,8.546
2,1,3,23.18,2.172
1,1,4,12.58,0.228
1,2,2,22.97,0.936
1,1,2,52.97,0.998
1,2,2,40.03,1.416
1,1,4,45.98,0.573
1,3,1,47.26,1.285
1,2,1,6.91,0.97
1,3,1,31.54,1.511
1,1,5,23.16,0.262
2,1,1,19.44,3.133
1,1,2,36.86,0.685
1,3,3,13.01,0.898
2,2,2,23.16,7.13
3,3,1,42.02,20.251
1,2,2,57.67,1.641
1,1,2,7.99,0.512
1,1,2,30.8,0.499
3,1,2,32.41,24.059
2,1,1,31.05,3.876
2,2,1,14.01,4.034
2,2,4,31.05,6.343
1,2,3,4.64,0.699
1,1,3,12.47,0.474
2,1,2,42.4,2.969
2,1,2,31.9,2.688
1,2,3,26.34,0.718
1,1,1,7.61,0.609
1,1,3,6.33,0.422
3,3,4,42.86,12.011
1,1,3,2.21,0.438
2,2,5,30.98,2.959
1,2,2,33.66,1.213
2,2,4,13.36,3.868
2,2,2,8.06,4.321
1,2,3,22.15,1.049
2,3,1,50.99,5.029
2,1,1,38.69,4.081
2,1,3,17.69,2.396
1,2,2,17.74,0.979
2,1,1,11.24,4.089
1,1,1,55.95,1.185
1,1,1,32.77,0.681
1,2,1,21.23,1.357
2,3,5,21.71,2.878
1,1,2,56.74,0.922
1,1,5,60.65,0.867
1,1,1,28.24,0.628
1,3,2,38.0,0.95
1,1,2,29.89,0.781
1,1,3,65.99,0.708
2,1,1,21.99,3.907
1,1,2,6.83,0.599
1,2,1,24.87,1.19
2,1,3,10.01,1.736
3,2,2,12.93,21.056
2,1,1,44.86,6.642
2,2,1,55.33,6.717
3,1,1,50.72,23.324
1,1,1,56.34,0.913
3,3,1,11.57,14.19
3,3,4,35.63,10.19
1,1,2,56.09,1.433
2,2,1,13.9,6.409
2,2,1,45.33,8.63
2,2,1,29.41,3.802
2,2,3,3.49,3.998
1,2,1,12.34,1.598
1,2,3,2.42,0.819
2,2,3,20.88,5.707
2,2,3,23.37,3.993
2,1,2,34.66,4.448
2,3,1,48.9,7.524
2,1,2,2.71,3.889
3,2,2,14.86,28.407
1,2,1,29.46,0.751
3,2,5,43.99,19.038
1,1,3,16.74,0.603
1,1,1,37.25,1.001
1,1,2,14.68,0.514
1,3,2,34.62,0.492
1,1,4,21.93,0.446
1,3,2,36.03,1.117
2,3,1,13.62,3.483
2,3,2,48.33,5.495
1,1,2,18.88,0.656
2,1,2,12.28,2.717
1,2,2,25.47,1.565
1,1,4,37.67,0.742
1,3,1,25.3,0.622
1,2,1,47.41,1.5
2,3,2,31.12,4.827
1,3,2,45.54,0.892
2,3,3,18.12,4.165
1,1,2,54.77,1.09
2,3,1,41.9,6.073
3,1,2,35.68,12.568
1,2,2,40.22,0.712
1,2,2,30.73,1.058
1,1,1,19.21,0.53
1,1,3,21.53,0.599
1,2,3,4.86,0.873
1,1,3,25.24,0.67
2,2,2,25.24,6.829
3,1,2,61.39,16.519
1,1,3,20.73,0.517
1,2,1,4.47,0.862
1,1,1,61.67,1.1
1,2,1,33.28,1.458
2,2,5,9.69,4.493
1,3,2,11.84,0.758
1,3,1,17.19,0.578
1,2,5,19.99,0.466
1,2,4,15.82,0.448
1,2,1,6.63,1.017
1,1,1,33.1,0.816
2,2,1,13.14,5.803
1,1,3,16.73,0.457
2,1,2,52.93,2.598
1,1,2,9.69,0.532
2,1,2,7.09,3.344
1,3,4,35.18,0.75
1,1,4,9.48,0.529
2,1,2,32.5,2.873
2,1,1,69.22,6.914
1,2,2,40.79,0.963
1,1,2,15.04,0.631
2,2,1,22.92,7.229
3,3,1,18.73,18.211
2,2,3,3.83,5.837
1,1,1,55.94,0.677
1,2,3,5.29,0.604
1,1,1,8.57,0.733
1,2,2,34.77,1.14
1,3,2,34.33,0.835
2,3,3,29.68,3.74
1,3,3,8.52,0.911
2,1,1,2.95,2.777
2,3,1,14.65,3.831
2,1,2,13.91,3.271
1,1,5,12.28,0.353
1,2,1,48.36,1.289
1,2,1,27.41,1.77
1,2,2,29.34,1.835
1,3,5,40.98,0.576
1,3,2,41.19,1.735
1,2,3,2.98,0.722
1,2,2,31.92,1.228
3,1,2,26.01,11.227
2,1,2,35.91,2.621
1,1,2,45.71,0.812
3,1,1,24.18,22.028
1,3,1,16.0,0.824
1,2,4,69.16,0.781
2,2,2,15.59,3.973
1,1,1,25.19,0.524
1,2,1,54.92,2.947
1,2,4,41.97,0.772
1,1,3,21.89,0.577
2,1,2,11.52,3.238
1,2,4,30.02,0.708
1,1,1,9.02,0.561
1,2,5,3.41,0.488
1,3,2,2.13,0.702
1,1,1,62.24,1.326
2,1,1,19.28,4.062
2,2,1,16.88,3.979
1,1,1,12.37,0.708
2,2,2,37.96,9.285
1,1,1,36.5,0.698
1,1,2,5.78,0.504
1,2,4,37.9,0.973
1,3,3,1.39,0.501
2,1,5,36.65,2.019
3,1,3,8.55,11.465
1,1,2,49.96,0.625
1,1,1,51.31,0.937
2,1,5,35.78,2.443
1,1,2,14.38,0.467
1,3,1,17.02,0.765
3,3,3,22.43,18.852
2,2,3,43.95,4.963
3,3,2,6.34,11.984
1,2,2,35.63,0.827
1,3,4,60.69,0.743
1,3,1,24.13,0.887
3,2,4,5.86,16.591
1,1,3,34.23,0.355
1,2,1,29.75,1.18
1,3,1,50.44,0.929
2,1,1,31.42,4.753
2,1,4,21.39,1.88
2,1,2,3.3,1.99
1,2,1,24.56,1.269
2,3,2,26.15,3.385
1,1,1,15.89,0.635
1,1,4,64.04,0.709
1,1,1,39.02,0.936
1,3,1,39.67,1.448
1,1,2,24.89,0.742
3,3,1,14.07,21.583
1,1,4,11.23,0.49
1,1,2,10.92,0.611
2,1,2,39.03,3.357
2,1,1,40.53,4.138
1,3,2,43.98,0.614
2,1,1,39.36,3.025
1,2,4,16.49,1.037
1,3,2,32.24,0.865
2,2,4,24.67,4.74
1,3,1,10.15,1.533
1,1,2,69.49,1.021
1,2,2,12.05,1.421
1,2,2,36.81,0.925
1,3,1,24.81,1.058
3,2,2,31.73,25.094
1,2,5,42.41,0.71
2,1,1,21.73,2.965
1,2,2,25.43,0.838
2,3,1,50.1,6.131
1,1,1,26.4,0.832
1,1,1,29.38,0.825
1,1,1,65.04,1.472
1,3,1,37.94,0.803
3,1,2,22.36,18.134
2,1,4,38.13,2.29
2,3,4,50.4,4.662
1,1,1,33.5,0.821
1,3,1,14.68,0.882
2,2,4,55.09,3.317
2,2,2,5.02,4.089
1,1,2,37.84,0.812
2,1,1,22.51,4.608
1,1,5,48.11,0.313
3,1,5,52.4,14.17
1,2,4,7.97,0.961
1,1,2,35.35,0.705
2,3,3,17.59,3.833
1,2,1,28.18,0.867
1,1,1,12.9,0.426
1,2,1,38.97,1.312
1,1,2,50.21,0.437
3,1,1,15.01,20.971
2,1,4,27.37,1.585
1,1,5,15.36,0.273
3,2,2,15.06,23.605
2,1,2,54.37,5.784
2,1,3,50.41,6.871
1,3,2,41.74,1.049
1,1,2,1.06,0.586
1,1,3,7.5,0.381
1,1,1,48.76,1.199
2,2,3,30.08,8.321
1,2,1,26.66,1.984
1,1,2,48.31,1.095
2,1,1,26.62,2.913
1,2,5,39.71,0.673
1,1,3,38.4,0.688
2,1,1,7.6,3.105
2,2,1,9.76,3.971
1,2,1,33.65,1.801
3,1,2,7.71,15.644
2,2,3,67.07,10.258
2,1,2,25.0,3.175
1,1,3,47.47,1.012
2,3,1,8.97,4.072
2,1,3,5.58,2.427
1,2,3,41.91,1.55
3,1,3,53.22,15.965
3,3,1,23.27,31.71
1,2,1,28.22,1.774
2,1,2,38.43,3.122
1,1,3,23.88,0.54
2,2,1,25.35,12.637
2,3,1,32.26,4.21
1,2,1,7.58,1.446
1,2,1,13.33,0.981
1,3,4,16.03,0.841
3,1,1,16.2,13.414
1,1,1,29.66,0.567
2,3,1,11.3,7.426
1,3,1,23.83,0.891
1,1,1,32.87,0.84
3,1,1,39.93,16.693
1,1,1,31.56,0.886
1,2,1,20.61,1.144
1,2,1,20.44,1.363
1,2,3,33.49,1.291
1,3,2,20.38,0.796
1,1,1,33.51,0.875
2,3,2,26.07,3.08
1,1,4,10.48,0.59
1,1,1,6.44,0.736
1,3,2,6.2,1.003
1,3,1,49.08,1.416
3,3,1,51.58,31.985
1,3,2,6.09,0.614
1,1,3,33.55,0.501
1,1,3,16.96,0.559
3,1,1,25.01,12.56
2,1,2,15.59,2.352
2,3,1,6.28,3.892
3,2,2,30.93,21.834
2,1,3,25.88,2.319
3,2,1,33.71,32.032
1,2,2,12.55,1.009
2,1,1,22.03,5.004
2,3,3,19.42,2.363
3,2,1,51.98,30.304
1,2,1,47.13,0.763
2,1,4,9.21,2.079
1,2,1,21.56,1.163
2,1,2,34.17,2.654
1,2,1,45.46,1.748
1,1,5,38.3,0.37
2,1,3,14.76,2.883
1,1,1,31.77,0.658
1,3,3,62.58,0.734
1,1,1,13.37,0.462
2,1,1,21.26,3.89
2,2,3,43.96,3.462
2,3,1,11.08,3.91
1,2,1,23.61,1.168
2,3,2,18.86,3.986
2,3,2,6.18,3.115
1,3,3,51.91,1.382
1,1,1,12.3,0.677
1,1,1,22.95,0.393
1,1,4,38.18,0.532
1,3,2,16.67,0.649
1,3,2,1.99,0.664
1,1,2,12.18,0.874
1,2,2,62.97,1.495
1,1,2,20.38,0.554
2,3,1,7.11,4.059
1,1,2,24.26,0.706
1,2,2,39.41,1.642
2,2,3,17.23,3.071
1,1,5,15.42,0.298
1,3,1,51.52,1.5
1,1,3,22.91,0.53
1,2,2,69.54,2.573
1,1,2,26.96,0.549
1,1,1,51.05,2.245
1,1,3,9.64,0.594
1,2,2,25.21,1.358
3,2,3,7.04,21.905
1,1,4,33.57,0.389
1,3,1,44.72,1.21
1,1,2,58.55,1.339
2,2,2,6.81,7.65
2,3,3,21.71,4.229
2,3,1,24.74,4.422
1,2,3,26.67,0.649
1,1,4,17.22,0.499
2,2,2,50.03,7.451
1,2,1,4.21,1.047
3,2,5,27.31,33.824
1,2,2,13.83,0.875
1,3,2,24.39,0.696
1,2,1,33.61,1.861
1,3,3,29.13,0.583
2,3,1,40.94,4.81
1,2,1,34.07,2.117
1,1,2,39.16,0.345
2,2,1,15.56,8.884
2,2,2,40.96,8.233
2,2,2,31.35,8.63
3,1,3,29.55,13.951
2,1,2,13.42,2.574
1,2,3,41.0,1.486
2,2,2,29.11,5.525
3,3,1,42.1,35.042
1,1,1,14.12,0.865
2,1,2,39.99,2.718
1,2,1,31.98,1.259
2,3,3,58.18,4.903
1,1,2,42.4,0.801
2,1,1,30.12,3.858
1,3,1,14.55,0.484
1,1,2,68.01,1.243
1,1,1,7.72,0.483
2,3,2,24.22,6.276
1,3,5,11.62,0.512
2,1,2,15.06,2.76
1,3,5,30.24,0.554
1,3,2,27.39,1.09
1,3,1,34.85,1.27
3,1,1,25.4,8.292
1,2,1,58.34,2.858
2,1,1,30.43,3.316
1,1,1,21.77,0.756
2,2,1,12.02,5.46
1,1,1,14.06,0.918
1,1,3,20.08,0.947
1,2,1,30.37,1.219
1,1,4,39.21,0.55
1,3,2,28.34,0.868
1,3,4,7.7,0.433
1,1,1,22.07,1.047
3,2,1,31.48,39.676
1,3,3,30.33,0.823
3,2,4,52.88,34.477
1,2,4,33.01,0.599
1,1,5,45.23,0.687
1,3,1,2.72,1.177
1,1,1,37.73,0.577
1,3,4,25.7,0.596
2,1,5,5.09,2.183
2,2,2,48.96,5.936
1,2,2,13.67,1.297
1,1,2,25.8,0.645
1,3,3,11.97,0.659
2,1,2,19.79,3.729
1,1,1,24.5,0.657
1,3,1,30.49,1.079
1,1,2,8.51,0.655
1,1,3,20.31,0.547
2,1,5,13.2,2.71
1,1,1,24.3,0.704
1,3,1,23.38,0.678
3,2,1,5.9,25.731
3,1,1,50.54,26.84
1,2,1,12.23,1.151
1,2,1,37.37,2.134
2,3,3,9.27,3.165
1,2,3,22.74,0.738
1,1,2,5.5,0.355
1,3,1,21.78,0.896
1,1,1,28.69,0.705
3,3,1,46.28,32.429
2,1,1,36.79,5.134
3,2,5,20.75,18.085
2,1,2,20.12,1.323
2,3,2,28.44,3.945
2,1,3,28.29,3.229
2,3,1,25.81,4.442
1,3,4,44.0,1.102
1,1,5,13.57,0.337
1,1,2,7.8,0.672
1,3,1,9.99,0.718
1,2,4,10.81,0.852
1,3,2,26.51,0.66
1,2,4,34.12,0.585
1,2,2,57.01,3.122
1,1,1,4.27,0.48
1,2,1,48.23,2.012
1,3,1,31.6,0.852
3,2,1,27.44,39.817
1,3,3,22.61,0.647
1,1,2,26.24,0.544
1,3,2,17.3,0.954
2,2,3,13.7,4.083
2,1,1,16.97,3.753
1,2,1,28.18,2.364
1,2,3,37.24,1.006
2,3,3,21.32,1.431
3,2,2,24.33,41.031
1,1,1,42.53,0.686
1,3,1,22.66,1.04
1,1,1,27.59,0.602
1,2,1,48.66,1.839
2,2,5,58.89,8.579
3,1,2,21.26,15.237
3,1,1,10.26,11.254
2,2,2,7.15,4.838
1,3,2,18.71,0.584
3,3,1,9.42,30.442
1,3,1,61.39,1.351
1,1,2,45.83,0.582
2,1,3,32.26,2.74
1,1,2,45.72,1.254
2,3,2,29.66,3.694
3,1,1,19.19,19.018
2,2,1,26.48,6.668
2,3,1,50.49,3.708
1,2,3,13.91,0.853
1,1,2,39.24,0.644
2,1,3,21.08,3.163
1,2,4,16.08,0.691
3,1,1,16.14,24.184
1,2,2,14.23,1.162
1,1,1,30.31,0.802
1,3,1,32.48,1.193
2,3,1,11.83,4.134
2,2,2,46.88,4.403
3,1,3,74.82,22.311
1,1,4,7.43,0.354
1,1,1,0.29,0.646
1,3,4,36.12,0.505
1,1,2,46.63,0.869
1,1,1,46.62,1.334
1,2,1,30.25,1.069
1,3,4,15.26,0.428
1,1,2,29.95,0.509
2,2,1,4.6,6.034
2,3,1,38.05,5.623
1,1,3,15.48,0.669
1,3,3,7.35,0.597
2,1,1,8.16,2.937
2,2,3,17.0,3.539
2,1,1,22.73,3.431
1,1,1,56.16,0.722
1,2,2,32.44,0.864
3,1,3,9.79,9.921
1,2,4,71.21,1.762
1,1,3,17.65,0.362
3,2,1,68.18,72.524
1,1,1,25.24,0.732
2,2,3,12.39,3.95
2,1,2,9.69,2.892
1,2,1,16.66,0.748
2,1,1,42.77,4.883
1,1,1,27.79,0.595
2,1,3,40.96,1.989
3,2,1,34.01,18.955
2,1,3,62.97,5.032
1,2,2,9.13,1.063
2,1,1,47.62,4.14
3,3,1,12.56,19.003
2,1,1,14.75,2.518
2,1,1,25.23,4.05
1,2,3,3.92,1.397
2,1,1,46.35,2.452
1,2,4,46.63,1.673
1,2,1,9.84,1.227
3,2,2,8.31,26.801
3,1,1,64.89,39.672
3,1,1,29.16,23.387
1,1,1,7.38,0.628
1,1,2,28.14,0.785
1,2,2,54.13,1.492
1,2,2,14.64,1.301
2,3,1,22.16,3.699
1,2,1,24.82,1.281
1,2,1,58.87,2.548
1,2,4,53.47,1.091
1,1,2,18.24,0.565
2,1,2,20.54,7.111
2,1,1,26.48,3.052
1,1,3,28.84,0.55
1,3,1,29.72,0.934
1,3,1,47.98,0.925
1,1,1,33.97,0.589
3,1,5,58.38,13.014
2,3,2,37.4,6.173
1,2,2,47.93,1.551
2,1,3,11.77,2.279
1,3,2,28.24,1.042
1,2,1,23.53,1.117
1,1,2,4.65,0.516
1,2,1,32.91,1.069
1,3,1,1.34,0.799
2,2,1,42.72,7.349
3,2,1,40.6,23.06
1,1,2,7.41,0.867
2,2,2,21.72,3.867
1,2,3,23.62,1.247
1,1,1,12.46,0.497
1,1,1,33.73,0.775
1,2,4,28.95,0.718
1,2,5,6.32,0.642
3,3,3,40.68,20.816
2,3,5,6.96,2.106
1,2,1,15.7,1.261
2,3,3,16.69,4.258
1,2,1,21.46,1.084
2,1,1,29.58,3.912
1,1,1,17.29,0.622
1,1,4,50.02,0.579
2,1,1,10.67,4.134
1,1,1,12.46,0.81
1,2,1,15.29,1.311
1,3,4,49.81,0.954
1,2,3,16.74,0.963
1,3,1,12.82,0.939
2,1,1,49.17,4.285
2,1,1,22.61,2.956
1,1,2,6.66,0.532
1,2,5,48.08,1.133
2,1,1,14.94,5.417
2,1,1,3.33,4.345
2,1,2,57.83,5.415
1,2,2,43.43,1.961
1,3,2,10.38,0.825
1,1,4,49.92,1.295
1,1,3,42.2,0.891
1,1,2,10.8,0.566
1,2,4,18.42,1.088
2,1,1,37.04,5.673
1,1,2,18.04,1.046
2,1,2,13.19,3.344
1,1,2,30.8,0.68
1,1,2,46.2,0.709
2,2,1,23.01,6.339
2,3,1,66.08,9.497
1,3,1,4.01,0.65
2,1,3,20.4,1.936
1,3,2,26.13,0.658
1,2,4,21.76,0.594
2,1,1,49.47,5.244
2,1,1,56.93,7.186
1,1,2,15.96,0.383
3,3,3,60.35,37.327
2,3,1,23.94,4.326
2,1,1,14.62,3.02
1,2,1,24.86,2.46
1,1,1,29.71,1.004
1,2,1,4.62,1.323
2,1,4,25.37,2.583
1,1,5,24.8,0.519
2,2,3,51.66,6.226
1,1,2,1.29,0.465
2,1,1,4.85,2.825
2,3,1,26.41,4.465
2,1,1,26.78,2.835
2,1,1,24.42,3.353
2,1,2,11.51,3.455
1,2,1,26.15,1.944
2,1,4,29.31,2.568
3,3,1,7.95,13.513
1,1,1,13.54,0.431
1,2,4,46.76,0.988
3,1,4,6.8,9.149
1,1,1,41.43,0.604
1,1,3,8.58,0.512
1,1,1,4.14,0.542
1,2,1,45.27,1.042
1,3,1,15.08,1.131
1,3,2,64.25,1.257
3,2,1,7.69,38.084
1,1,1,22.02,0.648
1,1,1,30.77,0.78
2,1,1,6.62,3.409
2,1,1,69.35,7.19
1,2,5,5.85,0.639
1,2,1,16.85,1.071
2,2,3,24.71,4.727
2,1,3,52.57,4.846
1,1,2,34.29,0.797
1,3,4,30.27,0.7
2,1,2,28.66,3.629
2,3,4,23.99,3.023
1,1,2,33.7,0.448
2,1,1,13.36,3.031
2,2,1,50.11,16.758
2,1,1,10.73,3.589
2,3,4,17.13,3.819
2,1,4,15.1,2.364
1,1,1,25.99,1.033
1,1,1,32.32,0.488
2,1,1,15.62,2.954
2,2,2,14.83,8.05
1,1,1,35.97,1.08
1,2,1,38.28,1.193
2,1,4,31.47,3.221
2,3,2,34.88,5.745
1,2,3,9.02,0.697
1,3,1,25.64,0.798
1,1,2,21.46,0.429
3,2,2,71.96,40.061
2,2,3,23.62,3.678
1,1,4,19.8,0.37
1,1,1,42.87,1.013
2,2,2,16.92,6.474
1,1,2,24.64,0.702
3,1,2,35.28,24.874
1,2,2,17.12,1.438
1,1,1,10.64,0.516
1,1,1,27.89,0.838
1,1,4,16.81,0.463
2,1,2,36.12,6.083
2,3,3,20.01,3.739
1,3,2,33.53,0.713
1,1,4,36.75,0.371
2,1,2,2.46,2.818
2,3,4,48.43,5.555
1,2,2,10.45,1.15
1,1,2,13.87,0.502
1,3,1,18.87,0.773
1,3,1,50.95,0.909
2,1,1,8.38,2.624
1,3,1,18.0,1.012
1,2,2,15.3,0.865
2,3,2,37.56,5.466
1,1,4,25.49,0.586
1,1,2,23.87,0.495
1,2,1,42.11,1.192
3,1,5,5.31,8.965
2,2,1,62.68,5.858
1,2,1,29.69,1.224
2,1,5,12.76,2.458
1,3,2,29.91,0.678
1,1,1,6.47,0.974
1,3,2,5.34,0.923
1,2,1,52.26,1.489
1,1,2,36.81,0.404
3,3,2,61.77,17.681
1,1,2,51.22,0.998
2,1,1,22.55,2.656
2,1,1,31.2,4.112
1,2,2,9.86,0.992
1,3,2,3.82,0.793
1,2,1,34.33,1.679
1,1,2,28.3,0.652
1,3,5,27.97,0.735
3,2,1,14.94,30.476
2,2,1,23.53,6.623
1,2,2,60.76,1.492
1,1,2,28.59,0.572
1,2,2,11.71,1.367
3,1,1,16.3,13.341
1,1,2,51.09,1.481
1,1,1,21.26,0.803
2,3,3,41.65,4.676
1,3,1,13.26,0.774
1,1,5,31.78,0.586
2,1,1,29.87,4.589
1,1,4,24.23,0.488
1,1,1,6.27,0.593
1,2,2,36.38,0.545
1,2,4,28.27,0.831
3,1,1,44.98,17.206
1,1,1,0.4,0.67
2,2,1,10.22,6.969
1,1,5,15.45,0.317
2,2,2,19.4,4.528
3,2,2,14.4,28.125
1,2,1,7.17,1.708
3,2,4,26.4,14.415
2,3,1,3.67,8.001
2,2,2,37.13,5.384
1,3,2,40.19,1.488
2,2,1,23.15,7.327
1,1,2,4.53,0.465
3,1,2,16.86,13.011
3,1,2,64.09,16.407
1,2,3,16.5,0.733
3,2,1,11.33,22.404
2,1,4,54.48,3.091
1,1,5,24.0,0.266
1,1,1,45.83,0.743
1,1,4,35.23,0.515
1,2,2,11.92,1.502
1,1,2,56.79,0.668
3,1,5,33.85,8.848
1,2,1,29.14,1.104
2,3,4,19.51,2.267
2,3,2,4.09,4.574
2,1,3,32.26,2.49
1,1,4,22.86,0.267
1,3,1,37.96,0.829
2,3,2,18.22,4.432
1,2,2,57.49,1.506
1,2,1,46.2,1.73
2,2,1,3.03,8.089
1,2,2,24.01,1.098
1,3,2,41.66,0.464
1,2,2,40.67,1.181
1,2,2,12.28,0.719
2,3,4,8.0,1.817
1,3,3,44.35,0.688
3,1,1,48.62,26.582
2,3,1,46.25,4.379
1,1,2,13.88,0.553
1,1,1,22.59,0.931
1,1,4,10.72,0.452
3,1,3,25.39,10.146
2,1,4,25.59,3.068
1,3,1,11.18,0.911
1,1,1,34.44,0.624
1,3,2,41.79,1.111
1,1,3,21.8,0.418
1,1,2,24.21,0.766
1,1,1,35.76,0.617
2,2,2,49.84,7.406
1,3,2,21.41,1.075
1,1,3,27.93,0.45
2,1,2,17.29,2.525
3,3,2,23.97,18.669
1,2,2,31.45,1.567
3,1,2,42.52,20.318
1,1,2,11.92,0.546
2,2,5,35.25,4.505
1,1,1,8.8,0.742
2,2,4,32.76,5.166
1,3,2,10.57,1.072
3,1,2,31.34,25.608
3,2,3,17.14,21.531
1,3,2,26.13,0.874
1,1,2,22.11,0.712
1,1,3,50.34,1.605
1,2,2,28.04,1.107
2,2,5,50.53,3.826
2,1,4,12.25,2.533
1,3,2,31.86,0.639
1,1,3,67.58,0.538
3,1,2,51.62,25.913
1,1,2,32.14,0.743
2,3,1,35.63,7.926
1,1,4,38.65,0.451
1,2,2,39.03,1.784
1,3,2,47.87,1.274
1,1,1,10.08,0.805
2,1,1,9.03,2.985
1,3,1,39.44,1.048
2,1,1,32.21,2.844
2,1,2,62.71,13.873
1,2,2,18.64,1.994
1,2,1,49.94,2.177
2,1,2,54.76,1.965
2,3,2,48.15,13.932
1,2,1,45.99,2.604
1,1,3,15.95,0.656
2,1,4,8.47,2.312
1,2,2,14.94,0.987
2,1,3,70.04,5.247
1,1,5,21.63,0.426
2,1,5,74.3,6.052
1,2,2,17.87,1.348
2,1,1,13.11,2.52
1,1,1,16.22,0.667
1,2,2,42.08,1.132
1,3,4,18.56,0.572
2,1,3,6.76,2.085
1,2,3,38.85,0.897
1,1,1,25.04,0.642
2,1,3,16.72,1.959
1,1,2,20.98,0.472
1,3,3,41.71,1.019
2,1,1,23.75,3.876
2,3,3,39.15,3.923
2,1,1,25.27,3.938
1,2,1,48.78,2.629
1,2,5,58.9,0.832
2,2,3,11.33,6.04
1,3,2,26.15,0.73
2,3,2,6.21,3.98
1,3,1,14.29,0.927
3,1,4,24.35,13.483
2,2,2,8.03,4.351
1,3,2,21.61,0.953
1,1,2,57.45,0.574
1,1,1,4.01,0.875
1,1,2,50.8,0.933
2,2,1,19.99,5.447
1,1,4,69.78,0.366
1,1,1,30.39,0.787
1,1,2,19.88,0.535
2,2,2,12.63,3.526
1,1,1,46.02,0.82
1,3,5,22.19,0.456
3,2,2,14.33,29.742
1,1,2,12.33,0.588
1,2,3,18.94,0.996
3,1,3,62.43,31.162
1,2,1,17.41,1.341
3,3,2,57.0,47.798
2,2,3,10.02,3.37
2,1,1,21.7,3.873
1,1,2,22.91,0.397
1,2,3,40.97,1.277
1,1,3,17.99,0.314
1,2,2,48.53,1.617
1,1,1,36.54,0.851
1,3,1,42.41,0.802
2,1,3,43.29,3.896
1,2,5,29.05,0.459
2,1,2,51.79,2.55
3,1,4,4.25,7.211
2,1,2,6.71,3.735
2,2,1,60.35,17.437
2,3,1,44.08,6.445
1,1,3,15.87,0.407
1,3,2,42.59,1.091
3,1,4,26.31,10.279
2,3,1,51.67,4.654
2,1,4,31.26,2.122
3,2,3,44.52,26.754
1,2,4,63.27,1.757
1,1,3,56.75,0.649
2,3,2,17.1,4.247
1,3,3,33.25,0.672
1,1,2,30.86,0.775
2,1,4,15.97,2.32
2,1,3,54.49,4.201
1,1,2,5.79,0.627
2,2,4,5.32,2.842
1,1,2,27.3,0.467
2,1,1,21.16,4.629
1,1,1,35.39,0.628
2,3,1,27.9,2.986
1,1,4,20.87,0.564
1,2,3,28.36,1.096
1,2,2,32.31,1.645
1,1,1,53.08,1.012
1,2,2,26.92,1.444
2,1,4,20.91,2.937
2,2,1,22.01,5.35
1,1,2,14.8,0.938
2,1,5,8.24,2.266
2,3,2,21.51,4.088
2,1,3,43.37,2.922
1,1,1,52.82,1.293
1,1,2,12.33,0.703
3,2,1,38.31,34.302
1,2,1,8.71,1.373
1,1,3,48.61,0.886
2,2,5,50.56,5.958
1,3,2,63.65,0.991
2,2,1,15.34,6.404
1,3,3,65.94,0.844
2,1,2,30.51,3.178
3,1,2,5.55,15.094
3,2,1,13.66,26.193
3,2,2,15.96,21.29
2,2,3,16.23,5.6
1,3,2,17.78,0.52
3,2,1,4.83,34.798
3,1,1,44.14,29.088
1,2,3,42.24,1.413
1,1,2,22.23,0.549
1,1,1,42.61,1.011
1,1,1,77.05,1.565
2,2,1,15.94,6.597
1,2,1,25.85,1.126
1,3,1,13.39,0.675
1,1,2,57.51,1.409
1,1,4,11.97,0.449
3,1,5,35.9,10.671
1,3,1,28.57,1.135
1,1,1,31.78,1.683
1,1,2,11.96,0.662
2,1,1,41.63,4.998
2,3,2,26.45,2.872
1,1,2,56.42,1.325
1,1,2,27.9,0.622
1,2,4,51.1,1.405
1,2,1,32.26,1.153
2,2,3,42.06,6.299
1,1,2,21.76,0.857
1,1,3,46.44,0.487
1,1,1,8.35,1.02
1,3,1,35.64,0.855
1,1,2,51.16,1.105
1,1,1,47.08,1.175
1,1,4,28.68,0.444
1,1,5,39.04,0.508
1,1,3,1.42,0.476
3,3,3,61.97,30.187
1,3,4,19.87,0.571
1,1,4,25.26,0.385
1,3,3,31.96,0.468
2,1,2,26.01,4.24
3,1,4,52.73,24.154
2,1,1,71.01,13.872
2,1,2,42.6,3.151
2,1,1,16.89,6.388
1,2,2,19.15,1.292
2,3,3,16.8,2.454
2,3,2,43.69,3.456
1,1,1,44.93,0.732
1,2,1,13.44,0.993
1,3,1,56.22,0.829
1,1,1,13.27,0.616
2,2,1,4.98,6.986
1,2,2,42.78,1.051
2,1,1,33.08,3.132
3,2,2,48.66,41.927
1,2,2,17.28,1.571
1,1,4,19.7,0.526
2,3,2,35.03,2.102
2,1,2,19.97,2.399
1,3,2,66.36,1.091
1,2,3,17.73,0.712
2,1,1,53.49,5.926
3,1,4,17.84,9.611
1,2,1,20.23,1.009
1,1,2,6.54,0.562
3,1,2,34.85,21.318
1,2,2,46.03,1.856
1,3,1,17.88,1.204
1,1,2,18.21,0.726
1,1,2,44.72,0.559
1,2,2,25.6,1.024
2,2,1,10.73,4.382
2,1,2,40.6,4.594
1,2,1,25.27,1.141
1,1,1,44.98,1.086
1,1,2,11.3,0.632
2,1,1,7.91,3.194
2,2,1,62.99,7.659
2,1,2,28.54,2.983
2,2,1,54.51,5.473
2,1,1,11.66,2.733
2,1,1,33.16,3.944
1,3,2,14.0,0.901
3,3,2,7.95,17.776
2,2,1,26.14,7.263
1,2,2,20.84,1.288
1,2,1,17.03,0.946
2,1,2,4.5,2.519
1,2,1,26.25,1.026
2,1,3,12.08,3.181
1,3,1,32.76,1.042
1,1,2,6.75,0.522
1,2,1,13.86,1.515
2,1,1,9.45,2.389
1,1,4,5.44,0.408
2,1,3,37.05,3.166
1,1,1,30.8,0.729
1,2,1,6.27,1.354
1,2,5,58.48,0.854
1,1,3,47.74,0.602
2,1,1,47.51,4.877
2,2,1,9.99,3.905
1,1,2,39.72,1.012
1,3,2,21.7,0.951
2,2,4,10.82,3.162
2,2,2,17.4,3.956
1,3,5,15.88,0.357
2,1,1,36.34,7.435
1,2,1,21.94,1.026
1,2,2,36.11,1.077
2,2,4,18.79,4.669
2,2,4,8.67,3.819
2,3,2,26.39,5.902
1,1,1,2.23,0.679
1,3,1,36.89,0.588
2,2,3,53.57,7.632
1,2,2,26.28,0.942
1,1,2,20.49,0.616
2,1,1,17.63,3.98
1,3,2,17.91,0.909
1,3,3,44.99,1.441
1,2,3,58.08,2.181
3,1,2,36.71,21.92
1,1,3,59.06,1.323
1,1,2,19.27,0.624
1,1,2,30.72,0.623
1,3,3,41.82,0.859
1,1,4,56.2,0.601
2,1,1,18.63,2.473
1,2,3,43.61,1.011
1,2,1,39.42,1.106
1,2,2,17.84,0.999
1,1,2,13.34,0.92
1,1,5,37.82,0.495
2,2,1,75.24,19.401
2,2,1,28.38,3.886
2,3,2,34.78,2.463
1,2,1,24.21,1.182
2,2,1,28.42,7.171
2,3,5,27.94,1.62
1,1,1,66.14,1.732
1,1,2,17.26,0.602
2,1,2,21.98,3.228
1,3,2,25.71,0.566
1,1,2,41.75,0.454
2,2,3,35.31,4.773
1,1,1,20.16,0.594
3,2,3,9.96,19.694
1,1,1,52.89,1.198
1,1,2,28.01,0.505
1,1,1,23.31,0.649
1,1,1,20.91,0.77
2,1,2,37.65,3.931
2,1,1,11.72,2.918
3,1,1,18.05,17.222
1,1,1,22.85,0.662
1,3,3,9.66,0.521
1,1,3,14.33,0.68
1,1,1,6.3,0.735
3,1,3,40.32,12.257
1,1,2,20.54,0.444
1,2,1,41.87,1.24
1,3,4,12.54,0.551
2,1,2,44.89,3.105
1,2,1,30.25,1.348
2,2,2,45.61,8.496
2,2,3,22.52,5.273
2,3,1,22.83,7.009
1,1,1,10.27,0.724
1,1,1,14.2,0.738
1,1,1,13.55,0.649
2,2,5,45.0,2.88
3,1,3,31.8,12.876
1,3,2,50.72,1.335
1,1,2,7.53,0.561
1,3,1,17.64,0.608
2,1,1,24.73,2.907
1,3,1,28.65,0.454
1,1,2,37.91,1.079
2,2,1,30.47,13.588
1,2,3,41.4,2.06
1,1,2,7.94,0.843
1,3,5,4.95,0.505
1,2,1,32.97,1.443
2,1,5,26.01,2.622
1,2,2,71.21,2.535
1,1,3,61.56,1.178
1,2,1,25.71,2.09
1,1,3,31.76,0.595
2,2,1,49.87,12.67
2,2,1,31.58,5.821
1,3,2,26.46,0.603
1,1,1,17.74,0.68
1,1,2,38.01,0.488
1,1,1,52.24,0.942
1,2,2,26.21,0.907
3,1,2,23.04,14.801
1,3,2,6.24,0.968
1,3,2,13.5,0.869
1,3,3,2.06,0.751
2,1,2,25.15,4.325
1,1,1,55.61,1.471
3,1,1,56.67,26.116
1,3,2,36.37,1.057
2,2,1,18.02,5.018
2,1,2,7.06,2.338
1,1,1,12.08,0.618
1,3,1,32.38,1.055
1,1,1,28.91,0.638
2,2,2,21.58,4.629
2,2,5,25.53,5.538
1,1,1,16.06,0.658
1,1,1,42.8,0.758
1,3,2,5.52,1.319
1,1,4,5.01,0.466
2,2,1,35.14,6.892
1,3,1,1.22,1.222
1,1,1,45.97,1.345
2,1,3,56.61,4.987
2,2,5,38.18,3.605
2,1,1,30.76,3.267
1,1,3,10.04,0.541
3,1,1,59.76,31.31
1,3,4,55.35,0.958
1,2,2,7.29,1.631
1,1,3,14.49,0.559
2,1,3,56.7,4.253
1,3,1,6.3,1.072
2,3,2,27.07,4.956
2,1,2,41.75,4.906
2,2,2,38.98,7.306
2,1,1,12.13,1.888
3,1,2,41.17,16.744
1,3,1,11.78,0.827
1,2,1,40.88,1.412
2,1,1,19.34,2.573
1,1,1,17.6,0.842
1,1,1,31.62,0.92
2,3,1,27.22,4.763
1,1,1,35.92,1.774
2,2,1,17.95,6.05
1,2,1,27.45,1.886
2,2,1,32.6,6.319
1,2,1,5.92,1.209
2,2,1,24.57,6.542
2,1,3,22.68,3.827
1,1,1,18.86,0.612
1,3,2,47.99,1.219
1,1,1,34.23,1.021
1,1,2,10.21,0.774
1,1,1,32.07,0.843
1,1,2,24.74,0.552
2,1,5,26.81,2.663
1,1,3,52.95,1.481
1,1,1,11.35,0.572
1,2,1,36.95,2.053
1,3,2,23.95,0.762
1,2,3,1.69,0.835
3,3,1,23.49,15.035
2,1,4,17.54,3.152
1,1,1,36.01,0.747
2,1,1,3.01,3.357
1,2,2,40.5,1.271
1,3,5,6.1,0.45
2,1,4,29.73,2.629
1,2,3,40.55,1.374
1,2,1,6.19,1.245
2,1,3,19.6,3.182
1,1,1,63.44,0.915
1,1,3,24.46,0.519
1,1,3,18.86,0.589
2,3,2,19.45,4.17
2,1,1,47.39,6.017
3,3,2,57.44,47.212
1,2,3,39.68,1.662
2,1,5,37.56,2.309
1,1,3,31.77,0.552
1,2,2,29.33,0.684
1,2,1,25.05,0.664
2,2,3,21.83,5.924
1,1,1,28.92,0.426
2,3,3,22.62,3.773
1,1,1,32.73,0.479
1,2,2,42.03,1.204
3,1,3,23.47,15.732
2,2,1,40.76,6.633
1,1,4,13.16,0.462
2,1,1,41.73,2.292
1,1,1,38.43,0.843
2,3,1,53.7,16.311
1,1,2,38.13,0.812
1,1,2,41.28,0.65
1,1,4,50.37,0.581
1,1,1,10.56,0.403
1,3,1,25.74,1.308
1,1,2,37.17,1.091
3,3,3,35.57,17.783
1,1,1,24.97,0.604
1,1,1,32.38,0.598
1,2,4,9.79,0.604
2,1,1,22.66,2.565
1,3,5,12.31,0.534
1,1,2,20.74,0.479
2,1,3,24.91,2.8
1,1,4,46.05,1.05
3,1,4,21.82,11.8
1,2,1,58.75,1.545
2,1,1,23.97,3.592
1,1,3,31.83,0.728
2,1,2,19.73,2.679
2,1,2,42.65,2.565
1,1,2,19.68,0.597
1,1,3,39.78,0.408
1,1,5,70.14,0.732
1,2,3,40.3,1.431
3,2,5,39.95,19.739
1,3,1,5.48,0.717
2,2,2,25.72,7.624
3,1,1,71.46,36.07
2,1,5,12.32,1.015
2,2,2,48.02,8.583
1,1,1,50.4,1.316
1,2,2,35.98,1.41
1,1,3,30.56,0.702
1,2,1,17.98,0.944
1,2,2,24.02,1.061
1,1,4,19.64,0.494
1,1,2,37.89,0.788
1,1,1,31.45,0.654
1,1,1,14.55,0.601
1,1,1,33.13,0.765
1,1,1,40.8,1.174
1,1,2,9.9,0.635
2,3,2,30.34,4.97
2,2,2,15.3,5.182
1,3,4,40.16,0.466
1,3,1,11.45,1.005
1,2,2,33.99,1.468
1,2,1,30.92,1.337
1,1,1,24.08,0.46
3,2,2,26.92,27.948
1,2,1,39.02,1.074
1,2,1,8.39,1.479
2,1,4,40.05,3.052
1,2,3,24.92,0.793
1,2,4,45.21,1.059
1,1,1,24.82,0.637
3,2,4,10.98,23.565
1,1,3,53.48,0.574
2,2,1,15.49,4.748
2,2,2,7.84,5.559
1,2,1,42.42,1.047
2,2,2,7.95,3.234
1,1,1,43.59,0.75
1,2,1,29.89,1.89
1,3,4,39.56,0.682
3,1,3,14.52,12.401
1,2,1,27.79,1.497
1,1,3,21.65,0.392
3,1,1,17.0,13.794
1,1,5,30.7,0.348
2,2,1,8.94,6.099
2,1,2,11.11,2.35
1,2,1,5.67,1.356
2,1,2,16.86,2.773
2,1,1,26.49,3.334
1,3,4,31.16,0.781
3,1,2,2.34,13.8
3,1,1,23.62,23.732
2,1,1,43.68,3.933
2,1,1,25.64,3.229
1,2,1,21.36,1.623
1,1,1,36.8,0.61
1,2,5,30.41,0.573
1,1,2,17.93,0.335
2,2,2,34.47,5.163
2,1,2,49.41,2.438
1,1,2,11.94,0.791
1,2,2,24.63,1.085
2,1,3,21.88,4.147
1,1,2,27.57,0.723
3,3,1,63.45,22.614
2,3,1,7.81,3.268
1,1,1,32.08,0.561
1,3,1,9.77,1.06
2,2,1,0.72,7.563
1,3,2,29.88,1.23
2,3,1,19.44,2.955
1,1,2,21.25,0.514
1,3,5,42.72,1.223
1,1,1,38.78,0.633
2,1,1,7.13,3.119
3,1,2,32.43,15.52
2,1,1,56.36,2.761
1,1,1,19.38,0.695
2,1,5,7.38,1.988
1,3,1,2.37,0.998
1,2,1,10.79,0.789
3,1,1,17.19,13.675
1,2,3,11.72,0.847
3,3,2,22.33,22.486
1,1,1,23.63,0.689
1,1,3,19.86,0.514
1,3,3,49.97,0.812
3,2,2,31.87,32.564
1,1,1,39.88,0.811
2,1,2,25.8,3.135
1,3,3,11.9,0.714
2,2,4,18.18,3.171
1,3,2,50.54,1.542
1,2,1,21.16,1.506
2,1,2,48.41,2.819
2,3,2,65.82,6.873
1,1,2,35.42,0.721
1,2,3,16.93,0.965
1,1,2,40.23,0.773
3,3,4,64.01,33.442
2,2,1,44.38,10.431
2,1,1,47.26,3.958
2,2,1,28.56,5.149
2,3,3,58.16,7.41
1,3,3,16.64,0.414
1,1,4,6.19,0.277
2,1,3,20.53,2.3
1,1,2,49.93,1.338
1,1,3,22.4,0.643
2,3,1,27.44,6.853
2,2,1,33.34,7.044
2,2,4,51.99,5.799
1,2,1,19.18,1.187
3,1,1,22.34,16.312
1,1,2,36.51,0.707
1,3,1,17.58,0.94
3,1,2,27.94,23.821
2,2,3,25.08,4.437
3,1,1,54.43,25.99
2,1,1,6.89,3.923
2,1,1,25.64,4.308
1,1,2,43.87,0.738
1,2,5,43.57,1.04
3,3,1,13.05,21.456
2,1,2,27.38,2.6
1,3,2,38.46,0.728
1,1,2,16.5,0.432
1,2,3,7.64,0.981
1,2,1,12.25,2.065
2,1,1,9.0,2.954
1,1,2,56.63,0.639
1,1,4,43.93,0.25
3,1,2,12.46,20.094
1,3,2,60.99,1.202
1,1,1,43.92,0.901
1,1,5,31.1,0.514
1,2,2,38.77,1.24
1,1,5,4.49,0.377
1,1,2,6.74,0.485
1,1,5,51.05,0.379
1,3,2,21.63,1.084
1,3,1,41.27,1.039
1,3,1,46.7,1.39
3,1,1,22.07,13.783
1,1,3,23.48,0.632
1,3,3,41.79,1.226
2,3,4,41.85,3.539
1,1,1,78.52,2.028
1,2,3,39.16,1.475
2,1,2,15.23,3.271
1,1,1,14.0,0.748
1,1,2,18.67,0.428
2,3,1,39.94,6.223
2,3,2,21.84,3.51
1,1,3,44.81,0.917
1,1,3,7.31,0.419
1,1,1,73.62,1.03
2,1,2,34.51,6.042
1,1,2,22.98,0.673
1,1,1,16.47,0.4
1,3,1,16.67,0.934
3,3,3,16.27,15.037
1,3,1,36.48,1.175
1,2,2,64.67,2.787
1,2,1,40.3,1.932
2,2,1,66.64,15.448
1,2,2,27.31,1.179
2,1,4,24.2,2.993
1,1,2,33.37,0.622
1,2,2,16.11,1.095
1,2,1,7.75,0.999
1,1,2,70.84,0.953
1,2,2,42.79,1.568
2,3,2,25.07,3.76
1,1,4,32.61,0.583
2,1,3,36.05,3.482
1,3,2,16.73,0.66
1,1,5,18.51,0.281
1,1,3,47.68,1.623
1,2,5,13.86,0.474
1,3,3,42.55,0.672
3,1,4,12.76,11.072
3,1,1,24.38,15.721
2,1,1,13.72,3.768
2,2,3,25.39,5.358
1,3,1,25.95,0.866
1,3,1,21.42,1.128
1,3,2,40.13,0.64
2,1,1,21.38,4.375
1,2,3,8.96,0.923
1,2,1,10.99,1.492
2,1,1,33.0,3.354
1,2,1,9.5,1.464
2,1,5,15.29,1.852
1,2,1,11.58,1.459
2,2,1,2.42,7.74
2,1,1,29.9,4.371
2,2,4,15.26,4.096
1,1,1,13.17,0.449
1,1,4,28.95,0.461
1,1,1,3.53,0.523
1,3,1,36.32,1.199
1,1,1,16.43,0.733
1,3,1,21.77,1.038
1,1,4,21.96,0.709
1,1,2,17.24,0.572
3,1,2,29.71,21.728
1,1,1,42.19,1.029
1,3,1,65.29,1.583
1,1,2,43.36,0.537
1,2,1,31.65,1.343
3,2,4,28.49,24.883
1,1,2,8.36,0.624
2,1,1,6.35,3.367
2,1,1,10.77,1.863
2,2,1,14.15,4.885
2,3,1,16.28,4.382
2,2,1,6.06,8.648
1,1,2,11.63,0.504
1,2,2,55.27,1.989
2,2,1,54.01,9.369
1,1,2,11.35,0.54
1,1,4,11.43,0.636
1,1,2,20.45,0.476
1,2,2,58.7,1.842
1,2,1,66.28,4.418
1,2,2,12.08,0.701
1,3,4,3.01,0.85
1,3,3,6.41,0.923
1,1,2,23.45,0.641
2,1,2,15.19,3.498
1,1,4,44.23,0.383
2,2,1,13.75,7.195
1,1,1,4.76,0.473
1,3,1,41.58,1.033
2,1,3,36.01,3.443
2,2,2,38.85,8.318
2,3,3,38.12,2.256
2,1,2,20.34,2.199
2,3,3,36.44,4.603
2,3,3,24.33,4.238
2,1,4,37.07,3.504
2,1,1,3.12,2.77
1,3,1,30.39,1.14
1,3,2,11.82,0.74
1,1,1,61.54,1.257
1,1,1,43.97,1.013
2,1,2,63.81,4.129
1,1,4,48.28,0.899
1,2,1,16.66,1.582
2,2,5,40.06,5.503
1,2,4,24.5,0.707
2,3,2,47.03,4.203
1,1,2,5.95,0.98
1,1,3,50.35,0.976
1,1,1,36.14,0.803
1,2,1,20.96,0.813
1,2,1,63.39,2.108
1,3,1,43.51,1.164
1,1,1,32.31,1.052
1,3,3,20.61,0.677
2,2,1,12.71,6.058
1,1,2,28.45,0.719
1,3,2,21.81,0.559
1,1,2,19.49,0.349
3,2,3,10.62,15.963
2,2,1,42.44,10.454
3,2,5,18.51,12.203
3,2,1,42.71,43.809
1,3,4,13.29,0.463
2,2,2,17.11,9.036
1,1,1,34.58,0.692
2,3,3,29.88,3.003
1,1,1,8.57,0.73
1,1,1,18.18,0.843
3,3,4,6.12,13.078
2,1,1,14.3,3.133
3,1,5,67.09,33.331
1,3,4,28.62,0.601
1,1,1,7.31,0.903
1,2,2,12.02,1.695
1,1,2,17.62,0.598
1,1,3,11.0,0.316
1,2,3,41.65,1.136
2,3,1,35.72,6.601
1,2,3,23.6,0.821
2,1,1,33.66,6.902
2,1,4,27.22,2.415
2,1,3,33.45,2.433
1,3,2,42.08,1.443
1,2,4,16.81,0.779
1,1,2,40.74,1.045
2,1,4,21.5,3.018
1,2,2,13.06,1.193
1,3,1,27.7,1.148
3,2,2,47.84,35.484
2,2,1,39.8,4.703
2,2,1,23.44,6.911
1,1,5,43.83,0.325
3,2,5,38.38,35.957
1,1,2,62.05,0.747
1,1,1,16.97,0.754
2,1,4,27.39,3.992
2,2,1,39.5,8.0
1,3,5,46.18,1.051
1,1,2,27.03,0.814
1,1,1,43.29,1.075
2,3,3,7.83,2.69
2,3,4,30.86,2.76
1,1,3,16.95,0.439
1,2,3,18.13,0.922
2,1,1,50.78,4.709
2,2,1,4.78,8.218
1,2,4,36.15,0.672
1,2,2,38.39,1.821
3,1,2,33.1,15.645
1,1,3,14.1,0.468
1,1,1,37.37,0.727
2,1,1,33.21,2.365
1,3,3,12.96,0.781
2,1,5,5.3,1.703
2,1,5,28.2,1.382
1,2,1,20.98,1.361
1,1,2,53.69,0.976
2,1,1,23.21,3.951
1,1,2,19.54,0.807
1,3,2,36.29,0.817
1,3,1,10.68,0.702
1,1,5,23.2,0.429
3,1,1,10.62,17.941
2,2,4,36.11,4.096
2,2,5,16.42,2.801
1,1,5,30.57,0.448
1,1,3,4.46,0.527
3,1,3,12.29,13.649
1,1,1,14.21,0.673
2,1,1,18.92,3.501
1,1,5,18.03,0.381
1,1,1,25.09,0.79
1,1,2,22.77,0.459
1,1,1,19.15,0.789
1,1,1,33.19,0.791
1,1,1,40.6,0.868
1,2,3,18.02,1.202
1,1,2,15.77,0.564
2,2,2,18.79,4.983
1,2,2,55.65,1.64
2,3,1,39.65,3.572
1,3,3,13.1,0.677
1,1,1,61.56,1.046
1,3,1,31.3,1.034
3,3,2,36.17,17.151
2,1,1,3.71,2.676
3,1,2,34.94,21.719
1,1,1,36.12,0.809
2,3,2,7.11,3.223
2,2,1,52.67,10.845
3,1,2,40.3,16.876
1,3,5,30.38,0.626
3,3,3,17.42,15.808
1,2,1,43.76,1.095
2,1,1,54.43,6.794
1,1,4,32.75,0.588
1,2,1,8.14,1.444
1,2,3,17.4,0.799
2,2,1,6.38,6.977
1,2,1,27.72,0.966
1,1,5,9.54,0.334
1,2,4,8.09,1.363
2,1,1,41.5,3.558
1,3,2,13.64,0.778
2,1,2,24.27,2.404
1,1,1,59.04,1.244
2,1,3,18.52,2.699
2,3,3,22.96,3.598
2,3,5,33.75,1.749
2,2,1,41.53,9.628
1,1,1,17.85,0.491
1,2,1,25.67,0.82
2,2,2,42.39,7.36
1,1,5,13.22,0.437
1,1,3,6.3,0.616
2,1,4,6.89,1.837
1,1,5,27.35,0.602
1,1,3,26.4,0.34
3,1,2,10.48,18.661
1,2,1,39.22,2.887
1,2,1,2.03,1.597
1,3,2,18.87,0.922
1,1,4,27.23,0.505
2,1,2,16.74,3.042
2,1,2,32.23,3.249
1,2,2,42.01,1.328
1,1,3,24.92,0.559
1,3,2,25.49,0.837
1,1,2,57.52,1.164
2,2,2,38.83,14.252
2,1,1,17.33,3.97
1,1,1,19.84,0.915
2,2,1,35.08,9.043
2,1,5,18.49,1.664
1,1,2,62.15,0.822
2,2,1,9.7,6.089
2,1,2,23.72,4.974
1,2,1,42.47,1.791
1,2,3,3.23,1.045
2,3,2,51.71,3.61
3,2,2,34.0,20.941
1,1,3,17.04,0.457
1,2,2,46.5,1.943
2,2,1,11.42,6.976
1,1,1,40.69,1.097
1,2,4,35.22,0.791
1,1,1,0.74,0.526
3,2,3,14.35,31.106
2,1,4,34.17,3.876
3,1,2,49.55,19.542
1,1,1,32.16,0.552
1,1,2,19.58,0.437
1,3,1,16.0,0.795
1,2,1,48.0,3.524
1,1,2,25.8,0.678
2,1,1,44.71,4.527
2,3,1,11.04,4.241
2,2,2,28.12,7.53
1,1,2,11.74,0.612
1,2,4,20.39,0.794
1,1,2,29.12,0.549
1,1,1,48.45,0.968
1,1,1,27.05,0.827
1,2,3,5.42,0.844
3,1,2,25.15,17.297
1,1,1,26.23,0.416
1,3,2,20.25,0.654
1,1,1,23.68,0.959
2,1,1,13.78,3.206
1,1,1,44.09,0.885
1,1,1,21.87,0.562
1,2,2,13.58,1.153
1,2,5,51.13,0.773
2,1,2,37.19,2.932
1,1,5,21.85,0.367
1,2,2,41.69,0.985
2,3,2,13.39,3.816
1,1,3,24.36,0.86
2,2,1,37.2,8.484
1,3,4,34.98,1.256
2,1,1,21.9,3.776
1,2,3,27.44,0.787
1,2,2,19.48,1.11
1,1,3,8.91,0.44
3,3,5,24.93,11.499
1,2,3,55.27,1.793
3,1,1,18.58,16.714
3,2,4,52.41,21.153
1,1,1,20.49,0.584
1,1,2,25.02,0.402
1,3,1,30.44,1.452
3,2,2,49.99,50.93
2,1,2,30.29,2.159
1,3,3,55.16,1.414
1,1,1,40.2,0.792
2,1,5,47.25,4.198
1,1,1,10.08,0.415
1,3,2,12.34,1.298
1,1,4,32.55,0.734
1,1,2,23.23,0.825
2,2,1,14.96,8.772
2,2,2,18.84,3.761
1,1,1,13.17,0.816
1,3,1,49.03,1.007
2,1,1,30.1,6.174
1,1,3,14.05,0.369
1,3,1,42.8,2.12
1,1,3,37.81,0.644
2,3,2,4.06,2.628
3,3,3,55.78,51.114
2,2,1,31.02,9.255
1,1,2,28.8,0.667
2,1,4,8.35,2.426
1,1,2,10.25,0.55
2,1,3,37.78,2.34
1,2,3,20.41,0.753
1,1,2,42.14,0.614
1,1,2,20.05,0.385
1,1,1,37.28,0.691
1,1,2,19.38,0.491
1,1,2,26.99,0.398
2,2,1,20.0,5.854
2,1,2,32.82,2.175
1,1,2,18.58,0.402
1,2,1,32.93,1.666
1,2,1,60.7,2.583
1,3,4,19.2,0.511
1,3,1,41.12,0.779
2,1,3,23.9,3.414
3,1,2,10.6,13.054
1,3,1,23.98,0.852
2,2,5,19.69,3.489
2,3,1,31.5,5.615
1,1,2,3.58,0.432
2,3,1,7.0,4.732
1,3,2,36.79,1.478
1,1,3,37.7,0.987
3,1,4,25.27,20.368
2,1,2,6.1,2.521
1,1,3,43.99,0.574
1,1,2,19.96,0.633
3,1,2,30.36,14.61
1,3,1,13.98,0.534
3,1,2,11.57,13.286
2,3,4,42.48,3.14
1,1,1,29.47,0.735
2,3,1,32.84,3.424
2,1,1,24.96,4.756
2,1,5,16.49,2.181
1,3,1,30.23,1.38
1,1,5,30.42,0.553
1,1,5,25.13,0.456
2,1,4,13.33,2.005
2,2,2,27.85,6.943
2,2,2,13.53,3.85
1,1,1,28.04,0.76
1,3,1,22.2,0.891
1,1,1,55.18,0.481
2,3,1,17.68,4.95
1,2,2,7.77,1.112
2,1,2,23.5,4.117
1,2,3,36.7,1.281
1,2,5,47.89,0.882
3,2,2,56.21,29.653
1,2,1,27.26,1.454
1,2,1,39.94,2.315
2,2,3,16.36,4.993
1,1,1,41.02,0.994
3,2,1,14.68,20.278
3,1,2,25.56,11.446
2,3,3,52.18,5.433
1,3,3,39.37,0.482
1,1,1,21.87,0.411
2,2,4,61.09,6.417
1,2,2,29.06,1.098
3,2,2,25.6,29.882
2,1,3,58.86,7.32
1,2,2,44.19,2.401
1,1,3,57.31,0.766
2,3,1,31.65,4.998
1,1,1,7.41,0.697
1,1,1,52.41,1.308
2,2,2,20.07,6.344
1,1,3,68.4,1.605
1,1,5,41.93,0.289
2,2,1,20.11,5.245
2,1,2,36.91,3.587
1,1,4,17.3,0.627
3,2,3,34.86,25.052
3,1,2,19.92,11.135
1,1,1,29.11,0.686
1,1,2,45.35,0.534
2,1,1,9.03,3.651
1,2,2,11.45,1.151
2,1,1,3.11,3.698
1,3,2,31.68,1.116
1,1,2,33.17,0.494
1,3,1,32.13,1.177
1,1,1,20.7,1.055
3,2,2,21.5,16.34
1,2,1,25.0,1.222
3,1,1,26.58,22.268
1,1,3,19.43,0.618
2,2,1,14.63,3.3
3,1,1,50.36,24.666
1,1,2,6.9,0.414
1,2,3,37.44,1.088
2,2,2,6.66,7.073
2,2,4,11.44,3.45
1,2,3,27.05,0.725
1,3,2,21.94,0.672
2,2,1,10.58,5.285
1,2,4,6.43,0.993
2,1,5,27.1,1.948
1,1,2,13.01,0.673
1,2,3,26.78,0.807
2,2,2,28.25,8.654
1,1,2,8.77,0.498
3,2,2,27.91,25.936
1,1,5,48.61,0.761
1,2,1,56.51,2.644
1,1,2,34.05,0.679
1,2,1,32.34,0.88
2,3,4,54.24,4.895
2,2,5,38.05,4.455
2,2,2,8.4,3.598
1,1,2,26.17,0.713
1,1,3,36.89,0.975
1,3,1,25.51,0.61
2,3,2,26.58,2.942
1,3,1,12.4,0.769
1,3,1,23.8,0.766
1,1,1,25.79,0.867
1,2,3,29.21,0.818
2,1,2,44.67,3.886
2,2,4,16.9,3.394
3,2,2,18.75,34.134
1,2,1,10.73,0.955
1,1,1,35.8,0.929
1,3,1,42.2,1.075
2,2,2,50.08,8.64
2,3,2,22.21,4.623
1,1,1,51.39,1.108
2,1,2,50.25,8.103
1,3,2,38.09,0.897
1,3,1,8.27,0.747
1,1,1,25.95,0.834
1,1,2,40.93,1.082
2,1,2,20.57,2.833
2,3,2,25.48,6.279
2,1,2,9.42,3.424
2,1,3,38.52,3.085
2,1,2,58.5,7.073
1,1,3,10.66,0.535
1,1,1,50.54,0.33
1,3,1,44.77,1.37
3,3,1,34.33,15.3
3,1,3,63.63,32.753
2,3,4,11.32,2.357
1,2,1,28.74,1.798
1,2,2,47.81,1.985
2,1,2,26.87,3.509
1,2,4,23.92,0.823
1,3,1,12.43,0.664
1,3,2,58.11,1.089
1,2,3,51.77,1.351
2,1,1,5.99,3.878
3,1,1,52.17,21.114
2,2,1,33.2,5.758
1,1,3,54.79,0.742
1,1,1,8.94,0.834
3,2,1,34.91,39.298
1,3,1,22.89,1.166
1,2,2,21.93,0.926
2,2,2,13.95,3.946
1,1,1,35.06,0.578
1,2,4,20.29,0.679
2,3,1,13.88,3.673
2,1,1,13.26,4.481
1,3,2,38.84,0.728
1,1,4,17.06,0.316
3,2,4,18.22,18.518
2,3,3,29.48,2.355
2,3,2,21.33,3.822
1,1,2,0.65,0.697
3,1,3,15.25,9.296
2,3,2,39.52,3.871
1,1,1,30.13,0.585
1,1,4,32.21,0.544
2,1,3,29.98,2.31
2,2,5,16.07,3.851
2,2,1,30.98,7.498
3,1,1,60.08,34.789
2,2,1,23.83,6.825
1,2,2,43.75,2.095
1,2,1,29.27,1.458
2,1,3,12.74,3.411
1,2,4,21.12,1.128
1,2,1,35.63,1.291
2,1,4,25.41,2.852
1,2,1,19.89,1.025
2,2,2,66.24,9.816
1,1,1,41.03,1.073
1,2,1,79.26,2.218
1,1,3,15.6,0.623
2,1,1,46.59,4.253
2,3,3,36.98,3.524
1,1,1,47.11,0.74
1,3,1,30.25,0.709
1,2,3,27.04,1.181
2,1,1,27.09,4.75
3,1,1,35.64,30.95
2,1,1,38.9,4.726
1,2,3,37.75,1.48
2,1,2,19.6,2.641
1,2,2,38.61,1.325
1,3,2,48.09,1.28
1,3,1,62.81,3.334
1,3,1,28.61,0.877
1,2,1,58.5,1.148
2,1,1,6.0,2.515
1,1,1,41.02,1.304
2,1,2,58.7,4.765
3,3,2,21.65,19.785
1,3,2,38.67,1.647
1,1,3,32.87,0.594
2,1,1,31.04,3.178
1,1,1,4.59,0.568
1,1,2,17.26,0.895
1,1,1,66.87,1.286
2,3,1,15.85,5.742
2,2,3,25.84,4.275
2,2,3,18.67,4.056
2,1,1,17.55,3.698
1,1,1,29.05,0.656
2,1,1,22.04,3.944
2,1,1,20.14,2.871
1,1,4,7.82,0.352
3,2,1,24.02,33.6
2,2,5,11.28,3.431
1,2,1,1.87,1.259
1,3,1,45.85,1.325
1,3,1,35.69,0.804
2,3,2,31.28,3.055
1,1,2,9.97,0.581
1,1,2,11.9,0.525
2,2,1,2.73,6.074
2,3,5,27.2,2.066
2,3,1,13.67,6.125
2,2,2,47.05,7.316
1,3,2,3.4,0.748
1,1,1,21.56,0.915
2,1,3,49.2,3.747
1,1,1,19.76,0.97
1,1,1,13.64,0.673
3,2,2,13.7,17.01
1,1,2,14.61,0.73
2,2,3,40.55,10.747
2,2,2,17.6,4.742
2,3,1,38.17,4.575
1,3,1,20.27,1.052
1,2,2,6.8,1.126
1,2,4,27.99,0.877
2,2,2,25.01,7.133
1,1,1,66.26,1.257
1,2,4,39.21,0.779
2,3,4,20.16,3.19
1,1,2,15.78,0.74
1,1,2,5.76,0.591
1,1,5,43.67,0.447
1,1,1,5.79,0.734
1,2,3,4.73,0.981
1,3,1,61.52,1.389
3,1,1,20.01,15.89
3,1,1,51.76,35.991
2,2,1,11.37,6.26
2,3,1,9.83,4.766
2,1,2,45.71,5.898
2,2,3,32.22,4.785
1,1,3,46.55,1.19
1,1,1,33.93,0.686
2,1,2,31.85,3.693
3,1,1,59.87,23.363
1,1,2,25.95,0.467
1,1,5,31.55,0.335
1,1,2,1.74,0.605
1,3,2,41.93,0.954
2,3,4,39.29,4.423
1,3,2,38.22,0.529
3,1,2,33.38,25.649
2,1,1,54.75,7.021
1,1,3,23.61,0.557
2,1,2,32.04,2.326
2,3,4,30.1,3.986
1,2,2,57.15,2.226
1,1,1,8.74,0.848
2,1,3,46.57,2.704
1,2,1,27.67,1.132
1,3,1,14.71,1.038
1,2,2,36.15,0.729
1,1,2,24.31,0.661
2,2,2,26.03,4.003
1,2,2,4.74,1.062
2,2,2,26.3,7.793
1,1,2,36.07,0.683
2,2,1,10.19,4.703
1,1,4,30.86,0.631
3,1,1,12.5,19.944
3,2,2,29.68,35.772
1,3,4,8.39,0.589
2,3,1,47.9,3.274
1,2,2,7.68,1.146
2,2,1,16.98,9.889
2,1,3,19.66,2.081
1,3,2,48.33,1.066
1,1,4,17.97,0.365
1,2,1,7.51,1.082
2,2,4,21.09,4.848
2,3,2,10.74,5.481
1,2,5,42.04,0.814
1,1,1,55.44,0.995
1,3,2,18.59,0.553
1,1,2,22.17,0.702
1,1,3,9.71,0.36
1,1,1,21.18,1.201
2,1,3,3.29,2.439
1,3,1,23.64,1.435
2,1,1,27.83,3.629
1,3,1,6.79,0.636
1,1,1,55.96,1.051
2,1,2,16.17,2.713
1,2,1,19.3,1.595
1,1,1,15.68,0.528
3,1,4,17.44,10.811
2,1,1,21.59,3.069
2,1,1,66.2,4.783
1,2,2,8.16,0.936
1,1,1,21.45,1.113
1,2,2,14.44,1.223
3,2,2,62.73,33.314
2,2,1,14.99,3.576
1,2,1,25.05,1.103
3,1,1,17.94,14.95
1,3,1,23.08,0.706
1,1,2,28.92,0.685
1,2,1,8.52,1.346
1,1,1,12.04,0.655
3,3,1,31.23,29.218
2,2,5,48.04,4.112
1,1,4,45.53,0.963
1,3,3,12.14,0.811
1,1,3,22.49,0.445
1,3,4,26.95,0.88
1,2,1,46.08,2.014
1,1,4,13.62,0.469
1,2,2,10.91,0.857
1,2,1,51.61,2.225
1,1,2,23.6,0.777
3,3,3,18.1,16.123
1,1,3,11.76,0.613
1,1,2,20.4,0.38
1,1,2,47.93,1.346
2,3,2,52.15,3.068
1,1,1,27.07,1.077
1,3,3,35.77,0.513
2,2,2,45.8,7.419
2,2,1,14.46,5.135
1,1,1,39.63,1.17
1,1,1,19.49,0.925
3,1,2,36.6,19.371
1,2,1,25.2,1.549
1,1,1,42.08,1.002
1,1,2,13.6,0.521
1,1,1,6.24,0.558
2,1,2,47.97,3.681
2,1,3,34.12,5.302
1,1,2,16.04,0.646
2,3,1,32.59,6.099
1,3,1,47.7,1.389
2,1,1,8.31,3.78
1,2,1,12.13,0.973
1,1,3,14.86,0.521
2,2,3,44.95,7.413
1,1,1,9.22,0.435
1,2,1,22.34,1.23
1,1,1,9.78,0.709
2,2,2,59.75,16.407
1,1,5,40.69,0.481
2,2,2,28.34,5.258
2,1,5,17.65,1.975
2,2,1,8.8,7.26
1,3,1,11.46,1.098
2,1,2,54.67,4.716
1,1,1,38.83,1.055
3,2,3,4.95,18.924
2,1,1,44.05,4.928
1,1,2,21.53,0.616
2,2,2,6.07,5.003
1,2,3,38.08,0.795
1,1,4,6.78,0.508
1,1,1,46.82,0.785
2,1,5,9.14,1.643
2,2,2,9.5,9.453
2,1,3,43.55,7.141
1,1,1,46.51,0.938
2,2,1,64.83,12.303
2,2,5,25.67,2.576
2,1,2,20.78,4.491
1,1,1,6.36,0.782
1,3,1,36.15,0.814
2,3,5,25.52,1.747
1,3,1,13.62,0.804
1,1,2,33.31,0.537
1,2,2,20.72,0.749
1,3,1,51.5,1.612
1,3,2,30.66,0.814
1,1,2,18.54,0.709
2,1,5,11.26,1.46
3,2,3,4.8,18.193
1,1,3,44.23,0.593
1,1,1,15.55,0.65
2,1,2,34.16,6.168
1,1,2,15.42,0.454
3,2,2,49.34,26.855
1,1,2,27.56,0.668
1,1,4,23.99,0.413
1,3,2,46.1,1.016
1,2,3,56.5,2.553
2,3,2,26.37,2.963
1,1,2,19.03,0.96
2,2,4,19.56,4.542
2,1,4,21.84,2.06
2,3,1,39.12,5.85
2,1,2,40.99,2.585
1,2,2,38.68,1.356
1,1,1,5.43,0.643
2,3,2,12.86,3.528
1,1,3,31.99,0.589
1,1,1,14.69,0.6
1,2,1,16.97,0.862
1,1,4,16.4,0.371
2,1,2,56.76,6.373
1,1,5,38.46,0.329
2,1,4,9.96,1.834
3,1,1,14.29,10.884
1,1,1,10.98,0.75
2,2,1,21.25,5.476
1,2,1,41.42,1.384
1,2,3,26.3,1.19
1,1,2,24.11,0.601
1,1,2,44.96,0.614
1,2,3,21.65,0.618
1,3,1,16.45,0.791
1,1,1,31.37,0.777
1,2,1,35.31,1.117
2,2,1,29.25,5.457
1,2,3,43.17,0.899
2,1,3,19.18,3.639
3,2,3,45.47,36.216
2,1,1,51.69,7.843
1,1,1,18.93,0.607
2,1,1,27.79,3.42
2,3,4,22.34,4.14
3,2,2,6.42,21.505
3,1,1,35.05,18.834
1,1,1,68.38,1.597
2,2,1,39.99,5.502
2,3,3,50.81,5.695
1,2,2,31.82,1.303
1,2,3,13.45,1.036
2,1,2,46.69,2.553
2,1,2,72.73,5.925
1,1,2,1.31,0.69
1,2,3,42.04,0.943
1,2,3,8.38,0.797
1,1,2,2.18,0.801
3,1,3,16.01,9.923
2,1,1,38.57,3.531
1,3,1,6.1,0.877
1,1,2,44.74,1.01
2,2,4,34.18,3.656
2,1,1,22.12,2.597
1,1,1,38.31,0.757
1,1,4,8.3,0.381
1,1,2,5.22,0.469
2,1,3,11.72,2.511
2,1,2,4.87,3.118
1,2,5,6.91,0.722
3,3,2,40.3,33.523
2,2,1,35.41,8.594
3,1,1,3.31,13.171
1,1,2,19.48,0.667
1,2,1,64.75,2.317
3,1,1,23.59,15.196
3,2,1,25.97,28.41
3,3,5,8.82,11.367
2,1,1,21.59,2.828
1,1,3,7.92,0.532
1,1,1,73.1,1.573
1,1,1,40.92,0.761
3,1,1,20.21,17.26
1,3,1,20.31,1.326
2,1,4,46.67,2.526
3,1,1,64.9,29.285
3,1,1,41.75,27.932
3,1,2,26.4,12.129
1,2,1,20.59,1.597
1,1,1,54.19,0.697
3,2,1,17.96,23.766
1,2,2,27.67,1.117
1,2,1,3.3,1.937
3,1,2,17.57,12.787
2,1,1,24.95,5.698
1,2,3,35.61,1.115
1,1,2,29.26,0.909
1,1,1,22.11,0.665
3,1,2,11.12,17.087
2,2,4,44.78,6.068
1,2,1,49.63,1.629
1,3,3,51.33,2.122
2,2,1,21.2,7.461
3,3,1,27.19,26.173
1,3,3,43.95,2.444
2,1,1,26.23,2.436
1,1,4,33.42,0.425
1,3,4,45.3,0.44
1,3,3,33.04,0.742
1,2,1,42.05,1.489
1,1,3,41.03,0.718
1,1,4,20.83,0.484
1,3,1,58.08,3.162
1,1,4,27.23,0.254
1,3,4,29.33,0.893
2,1,1,40.87,2.971
1,3,2,16.31,0.593
1,1,3,26.02,0.691
3,3,1,5.13,20.134
1,2,1,19.8,1.896
2,2,5,35.18,3.263
2,1,1,12.94,2.618
2,1,1,3.47,3.032
1,1,5,10.12,0.295
1,2,1,17.4,1.276
2,1,2,13.05,2.267
2,2,3,38.18,7.326
1,1,1,13.16,0.809
2,2,2,43.35,11.565
1,1,1,31.8,0.471
3,3,4,1.46,13.773
2,1,1,24.95,4.391
1,3,3,31.86,0.793
2,2,1,14.96,4.505
3,1,1,31.42,16.329
2,3,4,22.17,1.713
1,1,4,66.24,0.876
2,2,3,37.44,4.7
2,2,4,16.33,2.922
1,2,1,45.12,2.531
2,1,3,8.62,4.363
1,1,1,30.24,0.977
2,3,4,30.82,1.772
2,1,1,45.39,2.961
1,2,2,5.82,1.0
3,3,1,43.22,30.704
1,1,1,55.89,1.132
1,1,3,56.18,0.381
1,1,1,23.43,0.825
1,3,1,12.39,0.765
2,3,1,27.93,4.351
1,3,5,14.57,0.637
3,1,2,43.31,11.978
3,1,1,30.56,22.397
2,3,4,59.41,13.882
1,3,2,52.47,1.615
2,1,3,54.91,4.51
1,1,1,33.02,0.87
2,1,2,63.49,9.7
1,2,4,22.37,0.798
3,1,1,6.14,15.865
1,1,1,31.17,0.923
1,3,3,42.8,0.973
3,1,2,38.61,18.741
1,1,2,15.5,0.748
2,2,2,14.56,6.086
3,3,2,42.04,33.076
1,2,3,66.22,1.096
1,3,2,27.79,0.787
1,3,2,22.64,0.929
2,1,1,49.33,8.52
3,1,3,45.86,16.664
1,1,2,62.8,1.345
2,2,3,28.36,3.789
1,2,1,43.21,1.318
2,2,1,28.23,6.54
2,2,3,18.26,3.808
2,1,1,24.44,3.212
1,1,1,19.58,0.781
1,1,4,28.81,0.267
1,1,3,31.38,0.49
1,1,2,26.24,0.831
1,3,2,53.65,1.774
2,2,4,19.89,3.556
1,2,1,36.01,0.976
1,1,1,4.06,0.563
2,3,2,3.12,3.058
1,3,1,58.19,1.097
1,1,1,18.21,0.627
3,1,4,28.16,13.467
1,2,1,1.65,1.048
1,2,2,35.75,1.253
1,3,1,35.19,2.27
1,1,2,31.34,0.465
1,3,1,30.92,0.932
1,2,2,16.76,1.184
1,1,3,8.56,0.649
2,2,1,39.14,11.092
1,1,1,22.32,0.864
1,1,2,46.85,0.831
1,1,5,40.42,0.321
3,1,5,38.54,8.541
1,2,1,33.78,1.016
2,1,1,10.87,5.016
1,1,2,37.39,0.983
3,2,1,26.98,28.75
1,1,3,35.18,0.787
1,1,3,23.44,0.394
1,2,1,9.95,1.451
1,2,5,27.18,0.806
2,3,1,26.76,8.15
2,2,1,64.09,9.221
2,2,1,26.41,6.051
1,1,3,22.41,0.557
2,1,4,35.3,2.192
1,2,3,19.14,1.032
3,1,4,31.16,17.009
2,1,1,19.88,2.548
1,1,4,22.77,0.473
2,1,3,42.43,3.627
1,1,3,29.42,0.389
1,1,4,37.74,0.387
1,2,1,27.62,1.596
2,2,2,23.62,5.009
1,2,1,18.23,1.309
1,2,2,50.33,1.365
2,2,1,7.72,8.027
1,3,1,15.79,0.742
2,1,1,2.41,3.938
1,3,1,18.35,1.044
1,1,1,25.45,0.814
2,2,4,58.89,12.689
1,1,4,32.61,0.424
2,1,2,0.92,2.399
2,3,1,42.74,7.118
2,1,1,31.63,3.838
1,1,2,2.04,0.53
2,1,4,16.61,1.561
1,1,2,9.84,0.57
1,3,4,49.2,0.814
1,2,2,5.12,1.259
1,2,1,48.68,1.324
1,1,1,30.69,0.707
1,1,2,11.85,0.378
1,2,2,46.88,2.139
2,1,1,44.78,8.102
1,1,1,5.87,0.482
1,1,4,14.5,0.475
1,1,2,46.46,0.817
1,3,5,55.93,0.861
2,2,2,24.37,6.827
3,1,2,21.11,10.06
1,1,2,22.67,0.585
2,2,3,9.47,3.778
1,1,4,29.43,0.645
3,3,1,49.71,25.886
1,2,1,21.44,1.584
1,1,1,40.87,1.446
1,2,2,22.1,1.134
1,2,1,58.6,6.474
2,1,4,8.46,2.257
1,3,2,40.3,0.603
1,1,2,28.5,0.6
1,1,3,31.6,0.304
3,3,1,27.15,31.053
2,1,3,14.67,2.118
3,1,1,17.81,14.005
2,1,1,7.96,4.071
3,2,4,30.95,16.947
1,1,1,17.82,0.811
1,2,4,12.47,0.731
1,2,2,22.0,0.901
1,2,1,19.87,1.344
2,3,1,33.96,4.736
1,3,1,37.07,1.228
1,1,2,36.02,0.749
2,3,2,42.77,3.416
1,1,5,49.52,0.583
1,3,5,32.57,0.495
1,2,1,12.49,0.733
2,1,1,37.82,4.086
1,2,1,19.47,1.485
1,2,2,17.59,0.875
1,3,1,35.69,1.209
2,1,2,13.79,3.591
1,2,1,24.05,0.804
1,2,2,8.76,1.704
3,2,1,12.29,27.27
2,1,2,13.38,2.34
1,1,2,45.35,0.547
1,3,2,12.13,0.711
1,2,2,48.38,1.267
2,2,1,17.52,5.786
1,3,1,13.62,1.049
3,2,1,45.34,57.228
2,2,2,39.94,6.244
1,2,2,8.4,0.674
1,1,2,60.35,0.79
2,1,3,73.86,6.034
2,3,1,3.39,4.284
2,2,1,23.67,6.362
1,1,3,49.62,0.858
2,1,1,14.14,5.415
2,1,2,9.9,2.635
3,2,1,9.05,26.087
1,3,1,7.71,0.588
1,2,1,40.18,2.188
1,2,1,20.93,1.319
2,3,3,14.07,3.33
3,1,1,30.69,21.471
1,1,1,19.95,0.773
1,2,2,13.73,0.81
1,3,4,54.61,0.978
2,1,1,12.47,4.267
2,3,1,10.03,4.037
1,3,5,23.94,0.605
1,1,3,17.11,0.388
3,1,1,28.01,13.372
1,1,2,25.89,0.481
1,1,3,15.76,0.6
1,1,1,28.37,0.99
1,1,1,9.98,0.54
1,2,1,50.55,2.034
2,2,1,21.34,6.282
1,3,3,36.71,1.101
2,2,4,27.96,8.802
2,2,1,32.88,6.13
1,1,5,37.44,0.475
1,1,5,25.79,0.38
1,2,1,16.46,0.847
1,2,1,18.55,1.12
2,1,3,68.82,8.364
1,3,1,39.82,1.681
2,2,1,5.72,9.032
1,1,2,0.7,0.344
1,1,4,10.21,0.582
1,2,1,40.04,0.874
1,2,3,32.4,0.841
2,1,3,18.27,2.851
2,2,1,30.26,5.891
1,1,1,31.13,0.566
2,2,5,61.67,8.414
2,3,1,16.7,3.632
1,1,1,23.01,1.223
1,1,1,42.04,1.171
1,2,1,36.84,1.472
1,1,2,24.13,0.612
2,1,1,3.87,2.521
1,2,1,51.17,1.64
1,3,4,36.59,0.508
2,3,1,7.34,5.126
1,1,2,43.29,1.149
2,3,1,13.05,5.09
1,1,1,10.29,0.662
1,1,2,36.08,0.624
1,2,2,28.4,1.274
1,3,1,23.48,1.226
1,1,5,37.54,0.469
2,1,5,26.36,1.585
2,1,3,36.16,2.655
2,1,2,18.1,5.336
1,2,1,33.42,1.313
3,2,2,11.28,25.905
1,1,2,42.88,0.618
2,1,1,44.54,3.692
2,2,3,60.52,7.023
1,1,1,20.06,0.867
1,1,1,45.88,0.728
2,1,4,9.28,2.011
2,2,4,12.6,3.373
1,3,2,42.94,0.905
2,1,1,39.13,2.88
1,1,1,35.95,1.188
1,3,1,9.45,0.716
2,2,2,23.83,7.377
2,2,1,24.59,5.239
1,1,2,40.26,0.855
1,1,1,49.26,1.601
1,3,1,12.52,0.92
1,2,3,15.97,1.079
1,3,4,6.65,0.502
1,2,1,16.71,1.169
2,1,2,14.99,2.322
1,1,1,49.78,0.887
1,2,1,5.91,1.082
1,1,1,8.19,0.666
1,1,4,44.04,0.435
1,2,1,58.46,1.463
1,3,3,22.78,0.827
1,1,1,51.29,1.477
1,1,3,37.98,0.57
1,2,5,15.53,0.467
2,1,3,6.97,2.427
1,2,1,53.52,1.478
1,3,2,59.33,1.314
1,1,1,39.99,1.244
1,1,2,39.43,1.071
1,3,1,42.68,0.713
2,2,4,25.46,4.408
1,1,1,19.66,0.534
1,1,3,10.83,0.454
1,2,2,30.02,1.466
1,1,4,25.42,0.347
3,2,3,40.34,26.208
1,1,5,20.12,0.34
1,1,3,19.04,0.5
1,1,1,11.86,0.752
1,3,1,37.05,1.093
1,1,2,32.79,0.484
1,2,1,47.28,1.718
1,3,1,10.38,0.748
1,1,2,32.98,0.55
2,3,5,44.59,3.792
1,2,1,32.11,1.2
1,1,1,3.39,0.429
2,3,2,50.66,5.395
1,3,2,20.39,0.593
3,1,4,9.55,9.342
3,3,1,0.74,18.996
1,2,1,35.65,1.129
1,3,3,18.94,0.757
2,2,4,15.99,4.017
1,2,2,4.65,1.129
1,3,3,15.82,0.945
1,2,1,51.31,1.956
1,1,4,32.82,0.612
2,2,2,21.7,4.961
2,3,4,12.38,4.437
2,3,2,31.49,3.655
2,2,3,26.39,6.749
2,1,4,25.85,1.386
1,3,1,45.28,1.397
3,1,1,6.67,19.698
3,2,1,41.61,31.08
2,1,1,34.44,5.706
2,3,1,42.15,6.156
1,2,5,21.82,0.736
1,1,3,34.87,0.885
2,3,1,13.28,5.35
1,1,5,6.27,0.277
1,1,1,36.04,0.564
1,3,3,26.9,0.789
1,1,1,17.25,0.612
1,1,2,16.84,0.496
1,3,2,39.28,1.792
1,3,2,8.5,0.805
1,1,2,38.43,0.847
1,1,1,5.74,0.571
1,1,5,45.93,0.401
2,3,2,16.58,4.069
1,2,2,25.7,1.343
1,1,1,50.58,1.601
1,3,1,11.61,1.111
1,2,5,14.08,0.637
2,2,1,3.99,7.029
1,2,3,29.97,1.041
1,1,5,35.76,0.443
2,1,2,40.12,3.016
1,2,2,10.83,1.16
2,1,2,24.41,1.88
3,1,2,57.78,32.226
2,3,1,30.11,3.349
3,2,1,19.65,26.863
1,2,1,8.74,0.925
1,2,1,32.43,0.796
1,1,3,17.85,0.702
1,2,3,13.37,0.531
1,2,1,23.9,1.0
1,1,2,33.35,0.513
1,2,3,11.96,0.843
1,1,1,19.66,1.009
2,1,3,26.54,2.379
1,3,1,44.55,0.838
1,1,2,25.62,0.809
1,1,1,25.76,0.798
2,2,1,34.11,6.432
1,1,1,1.18,0.763
2,3,1,21.52,3.202
1,1,2,13.14,0.546
1,3,3,34.51,1.177
3,1,1,13.6,16.99
1,1,3,45.44,0.636
1,1,1,17.54,0.608
1,1,1,32.58,0.506
1,3,2,62.51,1.242
1,1,1,29.41,1.149
1,2,1,52.13,1.691
1,1,4,26.29,0.26
3,1,2,3.6,20.872
1,1,2,16.93,0.413
1,3,3,5.96,0.779
2,2,1,21.19,6.392
1,1,5,19.14,0.35
2,1,1,20.41,2.446
1,2,1,11.09,0.832
2,1,1,56.58,3.565
3,1,3,16.87,12.71
1,1,2,66.78,0.788
2,1,1,9.3,3.275
2,3,2,0.82,4.438
2,1,1,20.02,2.759
1,1,1,3.43,0.696
1,2,2,11.62,1.855
1,1,2,30.08,0.515
3,2,1,42.03,36.698
1,2,3,24.05,0.868
1,1,1,29.39,1.098
2,2,3,29.8,6.353
1,1,2,15.57,0.723
1,3,3,19.02,0.523
1,2,4,18.2,0.574
2,1,2,67.78,4.659
1,1,1,12.81,0.749
1,2,1,11.7,1.554
1,1,1,33.21,1.119
1,2,1,56.42,1.658
1,3,3,43.37,0.725
1,1,1,17.66,0.718
2,1,1,35.37,3.446
1,1,1,16.24,0.65
1,1,2,11.06,0.593
1,1,4,77.2,2.151
1,3,1,25.69,1.185
2,1,5,29.21,1.652
1,1,4,6.79,0.347
2,1,2,43.21,3.913
2,2,2,41.07,7.598
2,2,1,24.41,7.36
2,2,3,4.51,5.766
1,2,3,3.42,0.837
3,3,1,33.66,26.728
2,3,2,24.04,2.893
1,1,1,11.96,0.766
1,2,1,38.14,2.041
1,2,1,15.79,1.338
2,1,1,36.46,5.353
1,2,3,38.45,0.906
2,2,1,31.9,5.858
1,1,1,56.15,0.845
1,1,3,14.81,0.508
1,2,1,48.45,3.224
1,1,4,8.12,0.441
1,2,1,7.09,1.247
2,1,4,22.49,2.153
1,3,1,36.49,0.986
3,2,1,55.47,43.46
2,1,5,35.02,1.376
2,3,4,22.17,2.835
1,1,1,57.31,0.515
2,3,1,29.7,3.625
3,3,2,20.35,15.913
2,2,3,9.17,5.247
1,3,1,1.87,0.882
2,3,2,10.46,5.262
1,1,1,23.34,0.637
1,1,2,22.8,0.541
2,1,4,18.74,1.621
2,1,1,34.83,4.104
1,2,1,37.66,1.23
1,1,2,47.86,0.538
2,1,3,31.57,2.73
1,1,1,14.91,1.468
1,3,2,22.29,0.76
2,1,1,21.84,2.828
2,2,1,22.07,6.025
1,1,4,25.55,0.613
1,2,1,12.88,1.208
1,1,2,56.82,1.39
1,2,1,10.4,1.73
2,1,1,29.14,3.921
2,2,3,20.7,3.728
1,2,1,28.35,1.707
1,3,4,7.94,0.495
1,1,1,1.49,0.633
1,1,1,9.84,0.612
1,3,4,18.65,0.504
1,1,2,42.43,1.166
2,2,2,44.11,9.788
1,1,3,13.69,0.369
2,2,2,39.42,5.706
1,1,1,57.8,1.128
2,3,3,31.63,4.332
3,1,2,25.85,15.186
1,2,2,19.75,1.516
1,1,1,55.47,0.758
2,1,4,36.3,3.503
1,1,2,39.76,1.378
1,2,2,37.17,1.363
1,1,2,41.29,0.825
2,2,1,31.51,2.971
1,3,2,31.08,0.678
1,1,3,15.61,0.349
1,2,4,6.51,0.865
2,3,4,42.25,5.658
1,2,1,20.27,0.98
2,2,1,22.22,3.951
2,3,1,57.32,9.972
1,3,5,18.66,0.391
1,1,2,25.47,0.561
2,2,2,30.87,6.351
2,2,3,10.22,5.665
1,1,1,10.53,0.619
1,1,2,22.75,0.593
1,2,2,8.59,0.978
1,1,1,17.48,0.385
1,2,1,50.85,3.256
1,2,1,27.36,1.646
1,3,4,7.86,0.406
2,1,1,27.2,2.348
2,1,1,50.41,6.598
2,2,1,31.06,5.893
2,1,5,14.13,1.415
2,3,2,13.21,3.447
1,2,2,9.19,0.796
2,1,2,21.26,2.959
1,1,1,42.21,0.769
1,2,2,69.51,1.762
3,1,1,38.47,20.434
2,1,2,28.65,3.19
1,1,2,12.87,0.68
2,2,3,31.34,5.065
1,2,1,64.44,2.3
1,1,1,24.15,0.737
1,2,2,38.84,1.068
1,2,1,30.25,1.106
2,3,1,22.83,3.135
1,1,4,39.03,0.994
1,1,3,41.84,0.299
3,3,1,14.57,22.374
1,1,1,40.22,0.743
1,3,1,9.29,0.995
1,2,3,38.97,1.338
1,1,4,28.14,0.973
1,1,5,27.44,0.397
2,1,1,16.67,4.706
2,2,3,33.81,5.072
1,1,1,54.18,0.692
1,3,4,8.57,0.757
1,2,1,9.04,1.091
2,2,1,27.89,6.75
1,2,1,54.86,2.288
1,3,1,77.7,2.948
3,3,1,42.85,34.382
1,3,3,41.31,1.193
1,3,2,17.85,0.626
1,1,1,17.49,0.75
1,1,1,13.62,0.442
3,1,2,37.29,20.506
1,3,1,65.34,1.568
1,3,1,7.06,1.068
1,1,3,42.03,0.867
1,1,1,33.85,0.566
1,2,1,47.55,0.987
2,2,4,15.15,2.937
1,2,2,39.26,0.947
2,3,1,26.23,3.845
2,2,2,10.44,6.651
1,2,1,36.51,1.447
2,2,2,17.09,5.237
2,2,2,22.68,6.92
2,2,1,3.13,7.441
1,2,3,18.7,0.794
1,3,1,28.65,1.391
1,3,2,51.04,1.383
2,2,1,28.39,5.531
1,1,5,58.21,0.536
1,3,3,32.24,0.925
1,2,4,39.11,1.482
1,1,2,16.12,0.597
2,2,1,59.77,7.523
2,1,3,35.7,2.81
2,3,2,3.08,4.655
1,1,2,24.97,0.416
1,1,5,49.11,0.637
2,2,1,17.82,3.877
1,1,3,28.18,0.515
2,2,1,13.13,5.241
1,1,1,25.27,0.815
1,1,4,28.99,0.517
1,1,2,15.86,0.515
2,1,2,35.2,4.74
1,2,2,18.3,0.987
2,2,5,17.13,2.84
1,3,2,22.09,0.779
1,1,1,25.68,0.721
2,1,2,16.23,2.404
1,1,1,41.31,0.484
1,1,1,38.1,0.728
3,1,1,61.45,45.402
2,2,2,22.72,5.507
1,1,2,42.28,0.783
2,1,3,22.2,3.931
1,2,2,56.68,1.694
1,1,4,17.52,0.418
1,1,1,25.22,0.552
1,1,2,37.69,0.702
1,3,1,16.42,1.099
1,1,1,38.03,1.763
2,1,2,33.27,5.188
1,1,3,29.16,0.47
1,2,1,28.47,1.613
2,1,1,16.39,2.587
3,1,1,13.94,17.414
1,2,1,16.43,0.893
3,2,2,53.18,63.685
2,2,1,37.27,8.199
1,1,1,50.29,0.828
1,3,1,12.12,0.785
1,1,2,75.64,2.34
2,1,1,68.33,4.719
1,1,1,23.61,0.401
1,2,1,42.97,1.398
2,1,1,57.82,3.294
1,2,1,6.74,1.181
1,1,5,35.37,0.669
2,1,1,32.39,3.005
3,3,1,5.46,25.796
2,1,2,50.14,4.603
1,1,2,28.68,0.691
1,3,3,16.87,0.464
1,2,2,11.54,1.312
1,3,1,26.67,0.908
1,1,2,17.32,0.38
3,1,4,27.58,7.213
2,1,1,35.51,4.167
1,1,1,34.78,0.549
1,2,5,31.28,0.651
1,1,2,13.63,0.757
1,1,2,14.47,0.511
2,1,1,26.47,3.271
1,1,1,55.4,1.384
2,1,2,42.17,3.62
1,1,1,36.56,0.92
1,1,1,41.72,0.879
3,1,3,35.75,10.514
1,2,1,30.16,0.922
1,2,4,19.54,0.651
2,2,2,17.89,5.019
1,1,1,27.8,0.798
1,1,2,19.15,0.858
1,3,1,8.59,0.723
1,1,3,19.56,0.377
1,3,4,30.61,0.405
1,1,1,58.45,0.743
2,2,1,38.91,6.496
2,2,1,39.85,11.705
1,1,2,19.7,0.463
1,1,3,35.8,0.398
1,3,4,45.17,1.17
1,2,3,41.98,1.277
1,2,2,8.04,0.984
2,3,3,24.22,4.517
1,1,3,38.72,0.449
1,2,2,16.46,0.974
2,3,2,40.56,5.007
2,3,2,23.49,4.628
1,1,1,7.89,0.69
1,3,1,17.91,1.019
3,1,1,1.14,13.759
1,2,5,40.92,0.64
2,2,1,19.1,8.248
2,1,1,31.66,5.843
1,1,3,34.2,0.527
1,1,1,18.18,0.664
1,1,1,43.56,0.903
1,1,1,28.55,0.649
1,1,2,11.99,0.511
2,2,2,37.1,10.434
2,2,5,34.52,2.882
3,2,1,30.64,29.354
3,2,4,5.51,14.129
2,1,1,47.1,2.714
1,3,2,29.15,0.768
1,1,1,41.01,1.292
2,1,4,49.72,4.741
1,1,2,22.68,0.608
1,3,1,16.79,0.81
1,1,1,35.82,0.682
1,1,4,54.26,0.703
1,3,2,11.34,0.637
2,2,2,56.39,10.727
1,2,2,44.14,1.067
1,1,4,10.05,0.467
1,1,1,31.98,1.039
1,1,1,42.4,1.141
1,1,1,34.54,0.586
1,3,2,25.26,0.77
1,1,5,9.67,0.498
2,1,5,30.79,2.009
1,1,2,5.07,0.59
3,2,3,16.45,24.638
2,1,2,14.3,3.922
1,1,1,51.03,0.716
1,1,1,5.33,0.872
1,3,2,51.48,0.887
2,2,1,16.14,5.072
2,2,1,4.34,11.025
2,2,1,23.64,5.812
2,3,2,33.95,3.285
1,1,1,60.96,0.827
2,2,1,28.41,9.591
1,1,1,47.73,0.85
2,3,1,11.84,5.716
1,2,2,16.01,0.707
2,2,2,14.01,3.761
1,1,1,7.35,0.754
1,1,3,52.09,0.682
1,2,3,45.42,1.896
3,1,1,4.73,16.672
1,2,1,21.12,1.09
1,1,4,12.77,0.479
1,3,3,55.99,1.549
1,1,2,61.54,0.619
2,2,1,30.66,7.618
3,3,1,8.47,21.24
2,2,1,20.05,3.636
2,1,1,56.8,6.75
1,2,1,26.36,0.838
1,1,3,33.14,0.749
1,1,2,39.55,0.891
2,2,3,30.25,5.555
1,3,1,24.8,0.853
2,2,2,22.86,8.41
1,3,2,41.25,1.127
1,3,4,1.66,0.692
1,1,1,14.01,0.9
2,1,1,57.09,4.432
2,1,2,42.6,4.216
1,1,2,43.83,0.618
2,1,2,42.32,3.707
2,1,1,17.67,4.516
1,2,2,9.13,1.39
2,2,1,45.56,14.556
1,1,1,15.25,0.628
1,1,2,21.36,0.495
1,2,1,38.04,1.425
1,2,1,43.26,1.323
1,2,1,17.4,1.715
1,1,2,41.22,0.949
1,2,3,9.5,0.76
2,1,2,38.75,3.72
2,3,2,23.36,5.569
1,3,2,45.03,1.259
1,1,1,39.35,0.994
1,1,3,13.3,0.514
2,1,1,28.04,5.087
2,1,1,4.08,3.58
1,2,2,28.43,1.469
2,1,2,19.54,2.496
1,1,1,66.32,2.875
3,1,2,22.18,11.29
1,2,1,15.73,1.536
1,1,1,26.25,1.063
1,1,5,29.34,0.359
1,1,4,33.38,0.324
1,1,4,46.58,1.097
1,1,2,9.71,0.734
1,2,2,39.08,1.543
2,3,1,9.7,3.834
2,1,3,13.16,3.167
1,1,1,19.33,0.643
2,1,1,25.78,4.073
1,1,4,53.33,0.687
3,3,1,8.93,21.381
1,2,1,12.88,0.961
2,1,1,33.91,4.578
3,1,2,20.04,14.716
2,1,2,46.87,4.021
2,1,1,24.18,2.592
1,2,1,26.08,1.281
2,2,1,37.72,5.736
1,1,1,11.8,0.676
1,1,2,30.33,0.86
3,3,3,36.9,29.45
1,2,1,8.78,1.016
1,1,3,14.38,0.707
3,2,1,33.45,36.994
1,3,3,5.95,0.659
1,1,1,17.64,0.499
1,2,1,19.37,1.21
2,3,1,24.87,4.989
2,1,4,45.31,3.363
1,3,2,35.69,1.031
2,1,3,32.71,4.021
1,1,2,29.65,0.785
2,2,4,14.75,3.299
2,1,1,44.29,5.545
3,1,1,67.98,23.86
1,2,1,18.25,1.03
1,2,2,33.49,1.026
1,1,1,29.34,0.957
1,3,2,39.62,0.796
1,1,2,22.39,0.596
1,1,1,3.54,0.627
1,2,4,39.28,1.156
3,2,1,26.98,43.501
1,1,2,45.36,0.516
1,1,2,27.65,0.716
2,3,4,47.77,4.163
1,1,3,9.59,0.498
1,2,1,48.13,1.506
1,2,2,22.15,1.657
1,3,1,42.27,0.956
1,2,5,36.16,1.234
2,1,3,12.46,1.868
1,2,1,5.49,1.225
1,2,4,27.55,0.974
1,2,2,2.53,1.255
1,1,1,37.98,0.553
1,3,1,32.21,1.002
3,2,1,21.92,27.421
1,3,2,24.33,0.934
1,3,4,34.24,0.829
1,1,5,25.11,0.425
2,2,1,16.41,5.357
2,2,1,39.32,7.833
1,2,4,9.99,0.898
2,1,2,33.51,3.019
1,1,1,36.61,0.745
2,2,4,16.78,4.218
1,1,4,44.66,0.53
2,3,1,10.68,4.75
2,2,1,30.6,7.885
2,1,1,22.7,3.75
1,1,4,32.36,0.406
2,1,1,54.75,8.836
2,1,3,37.68,5.545
1,1,1,14.15,0.671
1,2,1,34.69,2.055
1,2,4,12.01,0.793
1,3,3,18.2,0.415
2,2,1,37.58,5.004
1,2,3,19.08,0.785
2,1,4,23.55,2.402
2,3,1,8.71,5.146
2,1,1,40.07,3.927
2,2,5,48.81,4.811
2,2,2,5.72,4.909
1,1,1,46.77,1.425
1,2,1,30.62,1.375
2,3,1,30.04,4.886
3,2,1,57.97,43.728
1,1,2,25.3,0.668
3,1,2,31.8,16.537
3,1,1,18.73,13.465
1,1,1,6.01,0.629
2,3,1,19.92,5.445
2,1,2,25.89,4.732
1,1,1,27.76,0.466
1,1,1,51.69,0.891
1,1,3,12.16,0.47
2,1,1,47.09,8.082
1,1,2,4.51,0.994
2,1,3,26.16,2.515
2,3,2,16.31,4.732
2,1,2,7.98,2.536
1,1,1,18.94,0.79
1,2,1,39.84,1.584
1,1,2,24.68,0.347
1,3,3,38.26,0.871
1,2,3,6.64,0.957
1,2,1,12.56,1.939
1,1,1,51.43,1.142
1,1,1,23.65,0.505
1,3,5,28.62,0.685
1,1,1,53.02,1.025
2,1,1,11.17,2.892
1,2,2,73.17,1.834
3,1,4,27.86,9.024
2,2,1,20.1,6.437
1,2,1,15.82,1.618
3,3,4,31.06,18.399
2,1,2,16.0,4.071
2,1,1,17.69,3.59
1,1,2,46.59,0.984
1,1,1,37.67,0.836
1,3,3,19.42,1.116
2,2,2,26.57,5.476
1,1,2,52.97,0.852
1,1,3,22.37,0.859
1,2,1,20.73,1.779
1,1,2,23.85,0.474
1,1,1,17.58,0.792
1,2,1,55.36,3.538
2,2,1,14.92,5.556
1,1,5,52.55,0.548
1,2,1,25.11,1.616
1,2,3,16.07,1.075
1,2,2,12.37,1.26
2,1,3,15.89,1.885
1,2,2,12.18,1.514
3,2,2,28.66,41.653
3,1,1,15.29,24.804
2,1,1,27.13,2.032
2,1,1,12.65,2.931
1,3,2,32.59,0.853
1,2,2,15.24,0.979
1,1,1,63.98,1.216
2,1,2,37.76,6.243
1,1,1,47.37,0.632
1,1,1,21.33,0.483
1,2,1,14.77,1.513
2,2,2,43.06,9.064
2,1,3,29.08,2.331
1,3,1,45.75,1.716
1,3,1,2.17,0.973
1,1,1,11.11,0.517
2,1,1,3.41,2.9
1,1,3,29.78,0.348
1,3,4,21.9,0.675
2,1,3,44.73,3.041
1,2,2,40.76,1.512
2,2,2,9.07,3.262
1,1,1,15.86,0.791
3,1,3,3.55,8.708
1,2,5,7.47,0.534
1,1,1,28.59,0.901
3,1,1,15.0,16.734
1,3,2,16.64,0.722
2,1,1,20.67,3.515
1,2,5,21.45,0.492
1,1,3,29.19,0.794
1,1,2,15.95,0.403
1,1,2,48.83,0.834
2,1,1,21.73,4.278
1,1,3,26.76,0.864
1,3,1,6.0,0.966
1,1,3,25.72,0.737
1,1,1,47.34,0.609
1,3,2,32.79,0.471
3,2,2,8.21,19.095
1,3,1,41.69,0.781
1,1,1,49.21,1.104
1,1,2,10.42,0.559
1,2,1,42.24,1.474
1,3,1,51.04,1.229
2,1,1,21.68,2.371
2,3,1,48.84,3.67
2,2,1,33.92,11.214
1,1,1,29.75,0.337
2,2,3,19.64,6.037
2,1,1,36.76,5.136
2,1,4,17.27,2.846
3,1,3,22.03,13.92
1,1,5,14.17,0.351
3,1,4,65.19,15.814
2,2,3,17.77,5.246
2,3,3,51.08,3.615
2,1,2,45.92,3.612
3,1,1,71.88,56.001
1,2,5,33.35,0.804
2,1,1,21.9,2.797
2,1,2,37.63,1.817
2,1,1,20.42,2.328
2,2,1,8.89,7.43
1,3,2,33.12,1.02
1,1,2,21.99,0.559
1,2,2,51.63,2.088
2,2,3,33.07,4.738
2,3,1,61.82,7.115
2,2,4,20.59,2.855
2,1,1,3.27,4.266
1,1,4,18.33,0.633
1,1,2,47.11,0.834
2,1,2,18.95,3.59
2,2,2,16.26,5.372
2,1,1,33.31,2.999
2,2,1,40.47,10.635
3,1,1,34.91,15.81
1,3,2,12.75,0.592
2,1,3,39.56,2.725
1,2,4,44.48,1.975
1,2,3,30.5,1.555
1,2,5,13.61,0.63
1,1,1,9.84,0.682
1,2,2,3.19,1.334
2,3,1,39.51,3.441
1,3,1,43.28,0.826
1,1,2,57.82,1.406
1,1,2,52.35,1.173
1,2,4,23.83,0.712
2,1,2,33.84,3.933
1,2,1,37.23,1.292
1,3,2,7.75,1.188
3,1,1,19.6,19.113
2,1,4,17.18,2.68
2,1,1,36.02,4.201
2,1,1,52.07,4.589
1,2,2,15.57,1.289
2,1,2,47.15,4.98
1,2,2,34.92,1.651
1,1,2,10.57,0.386
1,1,1,11.85,0.579
2,1,2,45.98,2.543
1,1,1,33.32,0.679
1,3,3,55.45,1.125
1,1,2,13.4,1.13
2,1,1,18.02,3.306
1,2,1,14.47,1.776
1,1,4,54.02,0.631
1,3,5,10.71,0.414
2,1,4,36.01,2.281
1,1,2,48.79,0.545
3,1,1,42.19,24.318
1,2,1,25.15,2.041
1,2,2,31.38,1.005
1,1,2,48.51,1.1
1,2,4,21.09,0.571
1,2,1,5.67,0.915
1,3,1,28.32,0.861
2,1,1,12.39,3.011
1,1,2,25.57,0.898
1,2,2,51.55,1.395
1,1,3,37.69,0.647
1,2,1,18.33,1.096
1,2,4,42.07,1.073
1,1,1,25.02,0.592
1,1,2,19.09,0.477
1,1,2,61.05,0.863
3,2,1,57.85,60.208
2,2,5,21.0,4.045
3,3,3,18.21,25.403
1,1,2,26.95,0.468
2,2,1,21.01,7.207
1,2,4,8.28,1.014
1,2,1,15.35,0.873
2,1,1,37.37,5.296
1,1,1,34.89,0.553
1,1,4,25.29,0.552
2,2,2,17.81,4.475
2,2,2,21.98,5.806
1,2,1,12.52,1.09
1,3,5,55.33,0.461
1,1,1,24.78,0.616
3,1,4,15.17,12.299
1,1,2,31.38,0.799
1,1,3,44.69,0.521
1,1,2,42.22,0.567
3,1,1,35.33,15.669
2,3,2,17.71,4.373
1,1,3,54.53,0.819
3,3,2,53.01,44.34
1,1,3,46.03,0.785
2,2,4,38.9,3.894
1,2,3,36.67,0.445
1,1,2,43.48,1.251
1,1,1,55.83,1.896
3,2,2,30.92,24.03
3,3,1,8.25,17.762
1,2,1,51.34,0.822
1,1,1,51.11,1.358
1,2,2,23.86,1.163
1,2,2,37.84,1.226
1,2,5,20.48,0.526
1,3,2,17.11,0.538
2,2,1,35.79,8.046
2,1,1,31.12,2.931
3,2,4,24.49,21.063
1,1,1,19.73,0.929
1,1,4,55.54,0.72
1,2,1,35.06,1.259
1,3,2,27.44,1.017
2,2,3,18.74,4.114
2,3,1,5.55,4.015
1,3,1,49.12,0.987
1,1,1,17.04,0.586
2,1,5,17.96,1.614
1,2,2,37.8,1.213
1,3,1,7.77,1.062
2,1,1,11.01,3.066
1,1,5,22.22,0.265
1,1,1,13.6,0.449
2,2,1,45.9,5.723
3,1,2,12.88,17.957
1,2,2,7.94,0.898
1,1,1,56.02,1.871
2,2,1,13.85,6.834
2,1,2,14.22,3.245
1,1,4,3.29,0.449
1,1,1,53.0,0.67
2,2,2,47.13,5.14
1,1,1,20.95,0.65
1,2,4,33.33,1.225
1,2,1,39.66,1.606
1,1,1,63.14,2.627
3,2,1,10.19,27.988
1,3,1,50.98,1.382
1,2,4,23.3,0.803
3,2,2,37.7,18.781
1,2,1,30.33,1.819
1,1,4,30.76,0.49
1,3,2,8.9,0.718
2,1,2,21.6,2.166
2,1,1,6.53,3.73
2,1,1,12.21,3.554
1,1,3,16.42,0.678
1,2,4,19.49,0.802
1,1,1,21.64,0.894
3,3,1,23.11,25.722
1,2,2,29.19,1.028
2,3,4,20.96,2.766
2,2,1,47.89,5.566
1,2,2,3.2,0.923
1,3,1,16.75,1.257
1,3,3,21.45,0.643
1,2,2,28.66,1.074
3,1,2,18.73,21.127
1,1,2,16.97,0.635
3,1,2,18.19,14.835
1,1,1,20.63,0.715
1,2,4,58.29,1.43
3,1,2,5.83,16.085
2,2,2,29.35,3.659
1,3,5,29.71,0.402
2,1,2,31.23,3.031
2,3,4,36.58,2.863
2,3,1,9.13,2.996
2,2,1,24.31,5.343
1,3,1,30.07,0.841
1,3,3,32.59,0.563
2,1,2,18.12,2.686
1,2,5,11.83,0.816
1,2,1,9.91,1.56
1,1,2,23.41,0.531
1,3,1,44.22,1.123
1,1,4,16.6,0.468
1,1,3,10.37,0.452
1,3,3,49.16,1.381
1,2,1,8.56,1.063
2,1,2,38.02,3.061
2,2,4,7.45,3.466
1,1,2,23.64,0.635
1,2,1,43.0,1.41
1,3,3,36.17,0.899
2,2,1,29.01,7.693
2,3,1,51.28,3.592
2,1,2,70.27,13.2
2,2,1,56.25,14.123
1,2,1,8.87,1.213
1,1,1,9.93,0.7
1,3,3,36.14,0.79
1,1,1,33.47,0.634
1,3,2,8.84,0.759
2,1,2,41.11,5.065
1,3,4,39.69,0.726
2,3,2,5.38,4.196
1,3,2,31.94,1.239
1,2,2,11.09,1.419
2,1,2,25.29,2.125
1,1,2,9.74,0.399
1,2,5,51.04,1.622
1,1,2,13.37,0.504
2,1,1,43.94,9.615
1,1,2,40.68,0.503
3,2,2,14.38,23.388
3,2,1,17.63,30.693
2,2,3,44.31,5.797
1,2,4,11.12,0.514
2,2,2,37.65,5.858
1,3,4,25.52,0.586
2,1,1,19.91,4.523
1,2,1,2.59,1.198
1,1,1,41.5,1.245
1,1,2,31.52,0.693
2,1,3,32.28,2.389
2,1,1,44.73,5.276
1,2,1,48.85,0.997
1,3,5,24.25,0.544
2,2,4,44.02,5.059
2,2,1,17.33,5.144
2,1,2,12.56,3.049
1,1,1,28.86,0.61
2,1,1,32.29,3.12
2,1,1,48.24,5.668
1,1,2,55.98,1.535
1,1,1,61.71,1.887
1,1,5,27.2,0.233
1,1,1,38.44,0.926
2,1,3,18.63,2.269
1,1,1,10.37,0.594
1,1,4,46.25,0.958
1,1,1,9.04,0.629
2,1,3,14.85,3.13
2,2,1,3.79,4.712
1,1,4,43.32,0.572
2,1,2,28.75,3.764
1,2,1,17.7,1.144
2,2,1,16.91,7.054
2,2,3,48.15,5.13
1,1,2,52.63,0.664
3,3,4,11.67,16.603
1,1,2,22.78,0.611
2,3,4,18.71,2.232
1,2,1,32.16,1.276
2,1,1,25.4,5.533
1,1,2,26.21,0.734
1,1,1,25.64,0.805
1,2,1,15.76,1.451
3,3,1,65.78,43.176
1,3,5,20.52,0.481
2,3,3,41.33,5.377
1,1,1,11.22,0.445
2,1,1,21.4,4.792
1,2,3,40.54,0.951
1,1,2,11.94,0.935
3,1,1,47.86,25.201
1,1,2,42.08,0.872
1,1,5,21.94,0.478
2,2,3,70.85,5.974
1,1,2,20.07,0.654
1,1,3,9.67,0.403
1,1,4,67.14,1.11
2,2,2,16.32,5.23
3,1,3,15.6,13.421
2,1,2,39.97,2.248
2,1,3,43.75,2.693
1,1,2,18.66,0.56
1,2,2,25.4,1.572
1,1,5,42.1,0.821
1,2,1,33.96,0.978
1,2,4,13.73,0.668
2,1,1,21.4,3.724
1,2,3,36.22,1.193
1,1,2,23.1,0.619
1,2,2,27.27,0.729
1,2,1,43.09,1.925
1,1,2,46.68,0.658
1,2,2,5.2,0.977
1,1,3,25.16,0.627
1,1,3,24.77,0.388
2,1,2,15.97,3.822
2,1,3,42.71,2.725
2,1,3,47.91,4.264
2,1,5,29.95,2.411
3,2,1,39.46,38.779
1,3,1,39.92,1.177
2,3,2,27.33,4.454
1,3,4,32.42,0.621
1,2,2,24.79,1.049
1,2,2,10.02,1.033
1,1,1,6.82,0.751
2,3,3,14.39,1.538
1,1,2,15.8,0.796
2,2,4,23.99,5.047
2,2,2,18.25,3.816
1,3,1,25.13,0.759
1,1,1,51.48,1.171
1,1,3,14.02,0.8
1,1,1,5.3,0.78
3,2,2,14.49,22.69
2,2,2,23.75,3.526
2,1,1,70.2,6.771
1,3,3,25.4,0.46
2,1,1,17.58,2.258
2,3,2,56.28,6.895
1,3,1,14.9,0.896
1,3,1,7.62,1.461
1,2,3,13.67,1.031
1,2,1,32.57,1.26
2,2,1,21.68,6.913
2,2,3,60.78,6.438
1,2,1,35.2,2.299
3,2,4,10.71,14.393
1,1,1,24.39,0.69
1,1,2,57.59,1.242
3,1,1,36.12,25.799
3,2,2,21.17,25.397
2,1,4,35.21,3.451
1,1,1,6.91,0.431
3,2,1,15.27,35.121
2,3,2,38.71,5.853
2,1,1,51.89,5.374
1,3,1,34.19,0.766
1,1,3,16.44,0.43
2,2,3,29.78,4.595
2,3,3,48.7,5.691
1,1,2,63.88,2.392
1,3,4,33.36,0.854
2,2,2,22.19,7.106
1,3,2,52.2,2.026
1,1,3,20.68,0.413
1,1,4,43.15,0.497
1,2,3,46.64,1.629
2,2,2,6.92,8.086
1,3,1,59.77,1.715
1,1,2,32.76,0.813
3,1,2,20.24,15.714
2,1,2,16.04,2.201
1,2,3,35.68,0.802
1,1,2,50.56,1.11
2,2,1,25.21,8.067
1,2,1,46.29,3.714
1,2,1,8.53,1.278
1,1,4,22.47,0.555
1,1,1,10.99,0.865
2,2,2,29.51,4.922
1,1,1,29.08,0.866
1,2,2,13.83,0.768
1,1,1,18.13,0.597
1,2,2,36.95,1.679
1,1,2,7.78,0.901
2,1,3,24.37,2.045
1,1,1,16.64,0.729
1,2,4,22.25,0.771
1,2,1,23.09,1.557
2,2,1,27.6,7.202
1,1,2,27.86,0.384
3,3,3,31.55,30.583
2,1,2,27.72,2.967
1,2,3,39.53,1.052
2,2,1,32.51,7.193
1,3,1,28.09,0.681
3,3,2,9.82,18.319
3,1,2,57.83,23.964
1,3,2,22.29,1.212
2,1,2,38.67,5.125
1,2,5,33.32,0.94
1,1,1,15.22,0.886
2,1,1,12.66,3.708
3,2,3,23.69,32.847
1,3,2,33.53,0.808
2,1,1,36.86,3.486
2,1,3,5.25,3.872
1,3,1,6.68,0.945
2,2,3,11.4,4.959
2,3,1,31.23,10.298
2,1,1,22.01,3.29
3,1,2,33.13,21.558
1,2,1,52.53,2.874
1,1,2,15.12,0.516
1,3,1,12.0,0.741
1,1,1,23.8,0.65
1,1,1,31.25,0.642
2,1,1,29.87,4.905
1,2,2,35.52,1.656
2,1,1,52.68,8.426
1,1,1,32.51,0.872
1,3,5,35.08,0.322
2,2,5,62.46,9.058
2,3,1,22.81,5.795
1,1,1,21.05,0.502
3,1,3,19.66,18.227
1,2,2,37.09,1.661
1,1,1,61.52,0.964
1,3,3,5.39,0.707
2,3,3,37.59,4.484
1,2,1,6.13,1.701
2,3,1,14.65,4.347
1,3,1,26.81,0.804
1,2,1,38.8,2.033
2,1,2,20.16,3.621
1,1,1,17.99,0.524
1,1,1,27.57,0.719
1,3,1,14.57,0.96
1,2,2,40.77,0.92
1,3,3,15.39,0.726
1,2,1,32.98,0.944
1,3,1,18.56,0.603
1,1,2,30.68,0.687
1,2,1,11.37,1.327
1,1,1,61.37,1.165
1,2,2,3.06,1.42
2,1,2,47.11,6.847
2,1,3,3.12,2.827
1,2,3,42.81,1.914
1,1,2,31.15,0.515
1,2,1,20.8,0.837
1,2,1,60.02,1.893
1,1,2,6.52,0.478
2,2,2,35.48,10.48
2,1,1,43.13,3.638
1,2,2,25.64,2.355
3,1,2,50.72,16.581
1,3,1,47.81,1.702
2,2,3,36.45,6.016
2,3,2,6.6,4.024
1,2,2,7.65,0.985
1,1,5,42.14,0.212
1,2,2,11.41,0.91
3,2,5,10.9,20.803
1,2,2,33.49,1.33
2,2,2,12.08,4.928
1,2,1,22.59,1.429
1,2,1,27.75,1.268
2,2,5,62.68,5.27
1,1,2,53.83,1.281
1,2,1,14.61,0.912
3,1,1,24.5,17.435
1,2,1,27.52,1.372
3,1,5,28.26,10.935
3,3,1,16.01,25.915
1,3,3,21.75,0.921
1,1,1,1.06,0.77
1,3,1,8.32,0.523
2,3,3,34.56,6.7
3,2,2,41.9,29.007
2,3,4,30.82,2.801
3,2,3,31.53,23.634
1,1,2,42.84,0.489
1,1,2,31.5,0.736
1,1,3,17.75,0.498
2,1,5,23.12,1.833
1,1,1,22.52,0.565
1,1,3,39.33,0.436
1,2,1,7.99,1.192
1,1,2,24.14,0.385
1,1,2,26.64,0.572
1,2,1,30.34,1.808
2,2,2,10.62,7.551
2,2,2,10.29,5.347
1,1,1,27.98,0.755
2,2,3,43.49,4.696
1,1,2,35.92,1.16
2,1,2,36.35,3.862
1,1,2,17.19,0.308
1,2,1,35.1,1.075
1,1,2,18.06,0.856
1,3,5,25.09,0.549
1,1,3,16.81,0.449
2,1,1,55.23,6.78
2,2,1,32.57,7.048
1,1,2,31.75,1.017
1,3,4,9.94,0.396
2,2,3,50.37,7.772
1,2,1,30.67,1.987
1,3,1,52.01,1.146
1,1,4,20.2,0.485
1,1,2,32.72,0.576
1,1,3,31.52,0.614
1,2,1,41.9,1.94
1,3,2,49.02,0.949
2,1,4,28.54,2.775
2,1,2,11.0,2.191
2,2,3,12.84,3.56
1,2,1,3.25,1.523
3,1,3,36.85,19.978
2,1,1,41.47,7.996
1,1,2,35.88,0.68
1,1,1,47.42,0.537
2,1,5,24.79,1.354
1,2,2,8.31,1.144
2,1,5,39.55,2.564
2,3,3,27.8,3.842
3,1,2,28.61,14.944
3,2,4,43.64,23.721
2,1,1,22.72,2.94
3,1,5,33.26,16.895
3,1,1,25.33,19.163
1,2,2,14.54,1.023
2,2,4,6.83,3.251
1,2,2,16.52,1.091
1,1,3,19.14,0.522
1,2,2,30.73,1.313
1,3,2,30.04,0.718
1,1,3,45.13,0.988
1,1,1,81.79,1.568
1,1,2,52.11,0.833
2,3,1,47.75,7.863
2,3,1,30.65,5.82
3,2,4,29.22,25.471
1,1,2,28.65,0.874
1,2,2,52.79,1.7
2,1,1,24.35,5.598
1,1,1,31.01,0.809
3,1,1,31.58,28.271
2,3,1,16.07,7.398
1,2,2,10.58,1.538
1,1,1,38.29,0.981
1,1,2,31.23,0.522
1,3,3,31.97,0.891
1,2,1,42.76,1.322
2,1,2,26.61,2.814
2,3,1,15.76,4.807
1,2,1,19.15,0.882
1,2,3,11.3,0.779
1,2,3,8.67,0.828
1,2,1,24.13,1.579
2,1,5,19.18,1.498
2,1,4,32.85,2.528
2,2,3,11.4,5.119
1,1,1,22.95,0.743
1,3,1,9.86,1.197
2,3,2,24.11,2.075
2,2,1,8.04,6.167
2,2,2,15.06,4.96
1,2,2,35.44,0.918
2,1,1,8.39,4.613
1,1,3,12.17,0.443
1,2,2,32.88,1.552
2,2,1,43.73,8.289
1,2,1,3.92,1.268
2,1,2,20.16,3.769
1,2,1,13.25,0.853
1,3,5,57.05,0.63
1,2,2,14.14,1.148
2,1,4,50.01,6.154
2,2,3,23.88,8.091
1,3,2,39.65,1.436
1,1,4,57.01,1.079
1,2,1,21.56,1.089
1,1,3,20.15,0.52
2,1,2,44.32,4.45
1,1,3,70.36,1.206
1,1,4,44.16,0.255
1,2,1,28.38,1.215
1,2,1,45.85,0.812
2,1,2,26.02,3.637
2,1,1,62.45,6.267
1,2,2,15.74,1.164
3,1,1,21.52,12.785
1,2,2,20.11,1.127
2,2,5,30.96,3.684
2,1,2,6.92,2.407
1,3,2,8.32,0.794
2,1,2,46.96,4.594
1,3,2,24.42,1.053
2,1,2,52.0,2.799
1,3,1,11.58,0.975
1,2,1,12.38,1.23
2,3,4,30.98,3.395
1,2,1,25.64,1.494
1,3,1,2.99,1.03
1,1,1,38.64,0.941
1,2,3,53.54,1.688
2,1,2,13.66,4.173
2,2,1,27.72,5.525
3,1,2,25.33,16.673
1,3,2,24.25,0.568
1,1,2,30.43,0.813
1,2,2,41.32,1.798
1,3,4,26.91,0.417
2,3,1,36.12,4.472
1,3,1,6.94,0.595
1,1,1,32.7,0.631
2,3,4,39.01,3.584
1,1,1,31.66,0.755
1,3,1,42.23,1.012
2,2,4,6.35,4.28
1,2,5,33.53,0.744
2,1,3,42.7,3.268
2,1,2,14.93,2.683
1,2,1,48.84,1.081
1,1,1,45.3,1.296
1,2,1,17.97,1.307
2,1,2,33.18,3.736
1,1,2,6.71,0.647
2,1,3,47.9,3.849
1,1,2,12.19,0.625
1,1,2,22.29,0.787
1,2,1,75.71,2.257
1,1,1,38.57,0.804
1,1,3,26.82,0.487
1,1,2,42.74,0.644
3,2,2,24.43,23.655
1,1,1,36.08,1.087
2,2,4,23.11,4.263
1,2,2,30.39,1.256
2,1,2,25.11,2.068
1,3,1,5.93,1.08
2,2,3,11.51,2.964
1,3,2,16.01,0.648
1,1,1,10.25,0.611
1,2,2,55.1,2.26
1,2,2,33.58,1.119
1,1,1,43.63,1.09
1,3,2,18.28,0.662
3,3,4,34.14,13.068
1,2,2,33.85,1.306
1,3,2,20.65,0.735
2,1,1,35.05,3.008
2,2,3,14.8,4.566
1,1,1,38.57,1.725
1,3,2,10.84,0.715
1,2,4,13.47,0.669
1,3,2,16.82,0.682
1,1,1,19.71,0.964
2,1,4,23.58,1.833
2,2,1,47.56,6.246
1,1,1,47.23,2.088
1,1,1,43.2,0.625
1,2,2,18.53,1.005
1,1,1,13.64,0.948
1,2,1,59.94,3.214
2,3,2,6.49,2.816
1,2,2,14.14,0.966
3,2,4,18.05,16.561
1,1,4,22.96,0.572
1,1,3,29.82,0.633
1,1,1,32.44,1.205
2,3,1,43.65,4.956
1,1,2,44.86,0.703
1,3,2,39.54,0.545
1,1,1,19.79,0.697
2,3,1,55.3,11.268
3,1,2,10.05,18.336
1,3,4,7.44,0.624
1,3,2,5.39,0.698
1,1,1,34.27,1.148
1,3,1,16.12,0.94
3,1,5,23.69,7.892
1,1,5,41.86,0.542
2,3,5,33.12,2.833
3,1,4,57.82,21.652
2,1,2,40.89,3.781
1,1,1,22.79,0.641
2,3,1,4.84,3.973
1,3,4,4.95,0.986
1,1,2,24.31,0.624
3,1,3,4.51,16.765
1,2,2,20.72,0.959
1,2,1,33.48,0.712
1,1,3,16.82,0.588
1,1,3,12.95,0.448
2,2,4,4.1,5.034
2,1,4,28.0,2.621
2,2,1,52.74,6.746
1,2,4,0.84,0.707
1,2,4,17.93,0.742
1,2,2,27.27,1.238
1,2,1,28.12,1.307
2,2,5,5.01,4.113
2,3,3,20.55,3.363
2,2,1,29.83,8.461
2,1,3,26.06,2.336
1,2,2,51.0,1.707
2,1,4,40.69,2.213
2,1,1,18.99,3.161
3,1,2,30.45,21.735
1,3,4,12.95,0.379
2,2,2,21.36,5.015
1,2,1,5.73,1.595
2,2,1,24.44,5.467
3,1,3,19.18,17.494
3,1,1,20.3,12.115
1,1,2,51.51,1.04
1,1,2,19.5,0.407
2,3,2,18.97,4.222
2,1,1,35.73,4.033
3,2,4,5.73,15.217
1,1,3,45.06,1.058
2,1,5,36.92,2.389
2,1,2,19.89,2.702
1,3,3,20.85,0.493
1,1,1,12.34,0.546
2,1,1,6.61,3.336
1,1,1,19.78,1.107
2,1,1,56.11,10.356
1,2,1,28.32,1.984
1,3,1,14.12,0.836
1,1,1,43.8,1.125
3,1,2,4.87,23.542
2,2,4,59.1,3.227
2,1,1,45.5,3.694
2,1,1,39.76,3.338
1,1,2,30.73,0.888
3,2,1,26.99,20.692
1,3,1,41.62,0.986
1,1,1,14.97,0.563
1,1,5,17.1,0.368
1,2,1,8.6,1.462
2,1,4,26.59,1.961
1,1,1,30.15,0.871
2,1,1,43.29,3.085
3,1,2,32.44,16.751
1,1,3,25.71,0.657
1,1,2,62.67,1.065
2,3,1,27.08,6.346
1,1,3,22.73,0.407
2,2,3,54.13,5.474
1,2,2,20.88,1.176
1,3,4,15.27,0.365
1,2,4,25.62,0.859
1,3,2,58.1,1.321
1,1,1,35.79,0.83
1,1,3,55.52,0.96
1,1,4,30.28,0.47
2,2,1,15.77,5.073
1,1,1,7.61,0.692
1,1,2,36.98,0.66
1,1,2,60.5,1.103
1,2,2,19.66,0.704
1,1,5,19.23,0.323
2,2,3,21.31,6.489
1,2,5,62.81,1.443
2,3,1,29.4,6.959
1,3,1,43.39,1.266
1,1,1,29.33,0.686
1,1,3,36.54,0.666
2,1,3,38.68,2.554
3,3,1,20.7,30.126
1,1,2,13.81,0.768
3,1,2,34.41,14.161
1,1,1,8.65,0.894
1,1,2,10.06,0.898
2,1,3,51.73,5.744
1,2,2,21.26,1.248
1,2,1,42.03,1.605
1,3,2,26.36,0.842
2,3,1,40.81,6.539
1,2,1,14.56,1.343
2,1,2,19.79,4.904
1,1,2,19.67,0.46
3,1,1,14.61,14.934
1,2,1,37.75,1.908
2,1,3,4.6,2.183
1,1,3,31.24,0.665
1,1,1,14.94,0.609
1,1,2,59.68,1.029
2,1,3,40.78,3.415
1,1,2,18.67,0.688
1,1,3,18.51,0.558
3,3,1,10.3,23.616
1,2,3,7.89,1.115
1,1,3,24.33,0.398
1,3,2,42.34,0.663
1,2,1,17.99,1.634
1,1,2,14.93,0.574
2,2,1,44.29,9.188
1,1,2,21.64,0.592
1,3,3,23.6,0.946
2,1,2,5.93,2.422
1,1,1,30.82,0.586
1,2,2,18.89,0.603
3,3,2,20.35,24.108
1,2,2,12.06,0.852
1,3,2,13.23,0.522
2,1,3,47.5,4.822
2,3,1,20.08,3.335
2,1,2,31.03,3.416
2,1,2,26.43,4.343
1,1,1,23.78,0.577
1,1,1,43.15,0.957
2,1,3,58.35,4.925
2,2,4,31.3,4.687
2,1,2,39.65,3.181
1,3,5,17.48,0.438
2,3,1,10.78,4.166
1,3,1,32.49,0.872
1,2,3,10.02,0.813
1,1,1,31.32,1.191
1,3,2,23.72,0.558
2,1,1,28.92,3.446
1,1,1,34.09,0.987
2,2,4,19.61,2.381
1,2,2,2.42,1.255
1,1,1,36.4,0.949
1,1,2,47.15,0.837
1,1,5,26.0,0.441
2,1,1,8.96,2.68
1,1,2,48.18,1.036
1,3,2,24.96,0.794
1,2,1,5.27,1.279
1,1,4,22.4,0.493
1,1,1,30.62,0.773
3,3,4,24.6,15.593
1,2,1,22.99,0.722
1,2,3,13.93,0.623
2,3,1,28.04,3.85
2,3,4,47.01,3.807
1,1,3,16.11,0.672
2,2,1,37.3,13.539
3,2,3,26.5,18.017
1,3,2,13.47,0.801
1,1,2,27.04,0.461
2,2,4,18.53,4.311
2,1,4,40.5,4.062
3,1,2,27.4,14.263
1,2,1,57.41,2.469
3,1,3,28.57,10.925
1,2,2,24.72,0.69
2,1,2,11.61,3.228
2,3,2,11.58,3.126
1,2,2,8.43,1.532
1,2,2,35.24,1.048
1,2,1,6.88,0.922
2,3,1,31.62,4.73
1,1,1,5.82,0.836
2,2,1,5.73,6.421
1,3,1,53.96,2.01
1,1,5,15.46,0.257
1,1,3,22.71,0.631
3,1,2,15.65,16.397
1,1,1,41.53,0.703
1,3,4,37.2,0.541
1,1,1,21.15,0.565
3,1,5,67.11,38.837
2,1,2,39.55,3.862
1,2,1,12.06,1.653
1,1,1,37.44,0.803
1,2,3,18.5,0.875
1,2,1,54.03,2.162
2,2,1,33.51,13.038
1,3,5,59.88,0.662
1,2,1,13.26,1.273
2,1,1,20.79,4.602
1,3,2,1.18,0.574
1,2,1,28.35,1.827
1,3,2,14.52,0.457
1,3,3,15.44,0.583
2,1,2,15.02,2.932
1,1,2,45.0,0.989
1,2,2,29.92,1.039
1,1,1,27.59,0.454
2,1,4,5.91,1.932
1,3,1,30.55,0.607
1,2,3,14.77,1.0
1,1,3,36.2,0.502
1,1,2,28.24,0.777
1,2,3,32.4,1.07
1,3,1,32.0,1.008
2,3,1,9.11,3.192
1,1,4,34.18,0.65
2,1,3,35.56,2.901
1,3,5,12.71,0.451
1,3,2,11.78,0.819
1,1,1,29.12,0.599
1,1,5,21.5,0.487
2,2,2,32.66,3.757
2,1,5,42.09,2.653
2,2,2,15.91,4.574
1,1,3,38.74,0.729
2,3,1,30.01,4.276
1,1,1,55.66,1.111
1,1,1,43.61,0.851
1,1,3,26.09,0.413
1,1,1,73.94,2.558
2,2,1,48.84,5.97
2,1,1,7.04,3.682
1,1,1,32.2,0.678
1,2,5,35.52,0.378
2,2,1,9.78,6.689
3,2,2,43.15,39.838
2,1,3,22.98,2.013
1,3,1,38.38,1.455
1,3,1,38.83,1.284
2,1,1,24.09,4.325
1,2,1,7.07,1.236
3,3,1,37.69,51.554
3,3,3,20.61,23.664
3,3,3,35.66,24.336
1,1,1,18.05,0.534
2,1,5,5.52,1.948
2,3,1,25.34,5.345
1,1,2,75.78,1.754
1,2,1,8.35,1.05
1,1,2,23.27,0.605
1,1,1,23.14,0.893
3,1,1,31.86,27.493
2,1,4,8.04,2.526
1,1,3,5.21,0.452
1,2,1,40.3,1.381
1,2,2,23.9,1.244
1,2,1,46.14,1.084
1,3,1,24.24,0.909
2,1,1,4.45,4.0
2,2,1,26.67,7.981
2,1,1,28.04,3.71
2,1,2,11.98,2.636
1,1,3,24.83,0.651
2,3,2,33.25,6.583
1,1,2,46.31,1.034
1,1,3,4.52,0.513
1,1,4,33.84,0.388
1,1,2,24.45,0.609
1,1,2,36.87,0.75
1,1,1,23.41,0.823
1,1,1,18.68,0.751
3,1,2,45.79,16.86
1,2,4,14.15,0.805
1,3,4,19.77,0.547
3,3,2,17.79,17.971
1,1,1,37.01,0.712
1,1,4,16.67,0.49
3,3,2,4.3,20.963
1,2,1,22.04,1.346
1,1,1,18.34,0.669
1,1,2,10.68,0.866
1,3,1,46.96,1.433
2,3,2,42.44,3.056
1,1,3,30.73,0.819
2,1,1,27.5,3.223
2,2,1,31.31,6.678
3,1,2,53.88,25.916
1,3,2,17.28,1.114
1,1,3,41.75,0.489
3,1,1,33.07,14.239
2,2,3,44.95,6.337
1,3,4,34.49,0.774
1,2,2,40.4,1.515
2,2,1,49.05,6.353
1,2,3,55.75,1.152
1,3,1,18.12,0.841
2,1,1,44.38,3.29
1,2,1,1.73,1.187
1,2,3,44.49,1.686
2,3,1,25.13,6.709
2,1,4,26.2,2.201
1,3,3,13.74,1.199
2,2,1,59.67,11.715
1,1,3,41.96,0.608
1,3,5,23.13,0.378
3,1,3,38.59,10.7
1,3,3,59.3,1.124
1,2,1,57.6,2.152
2,2,1,44.81,5.05
1,3,2,17.03,0.857
1,3,1,36.02,0.906
2,3,1,54.34,7.176
1,1,1,43.5,1.145
2,2,1,39.29,10.792
1,2,1,38.83,1.291
1,1,4,14.85,0.365
2,1,4,27.92,2.321
1,3,3,24.59,0.691
2,2,2,17.64,3.858
3,1,2,17.29,11.063
2,3,1,48.2,5.366
1,1,1,26.85,0.609
1,3,1,57.53,1.376
2,1,1,1.98,4.022
1,3,2,40.0,0.682
2,1,1,25.65,2.045
2,1,3,11.85,2.644
1,1,4,22.7,0.533
1,2,1,11.8,1.195
2,1,2,22.51,1.741
1,2,3,23.13,1.108
1,2,2,33.52,1.173
1,2,2,16.45,1.337
2,1,1,13.9,3.446
1,1,2,19.17,0.805
1,2,3,12.34,0.986
2,2,3,44.87,4.268
2,1,2,16.79,2.442
3,2,1,48.85,44.841
1,1,1,2.64,0.834
2,1,1,41.86,3.592
2,3,3,2.78,2.928
2,1,3,16.29,3.009
1,1,4,27.16,0.629
1,1,3,20.49,0.406
1,1,4,25.62,0.928
1,3,1,31.16,0.62
1,2,1,61.97,1.241
3,3,2,4.92,16.008
1,2,4,13.88,0.894
3,1,4,37.59,17.208
1,2,1,55.5,1.43
2,1,4,45.82,2.241
1,1,1,44.32,0.822
2,1,4,27.01,2.715
1,1,2,7.51,0.584
3,1,2,48.36,17.185
1,1,1,43.15,0.958
1,3,3,36.78,1.141
3,2,1,21.46,23.704
1,1,2,66.67,1.095
2,2,2,21.85,7.222
1,1,1,6.29,0.694
1,1,2,18.17,0.635
1,2,2,48.75,1.718
1,1,1,52.13,1.335
1,1,3,20.57,0.521
1,1,2,30.25,0.541
2,2,2,33.35,5.536
3,2,1,43.3,33.667
1,2,4,26.41,0.817
1,1,1,61.42,1.655
1,1,4,44.48,0.643
2,1,3,7.52,2.437
1,3,1,20.03,0.772
2,2,1,13.25,5.613
1,1,4,62.83,1.358
2,1,1,40.63,4.085
2,1,1,5.65,2.277
1,3,3,34.83,0.716
1,3,2,3.34,0.763
1,1,2,15.46,0.422
1,1,1,61.54,1.693
1,1,5,45.26,0.481
2,1,4,22.31,2.674
1,1,1,14.74,0.554
1,2,5,25.69,0.678
1,2,1,70.42,2.287
1,1,5,23.51,0.577
3,2,2,18.52,30.115
1,1,2,11.89,0.411
1,2,1,51.57,2.057
1,1,1,27.84,0.757
3,1,1,16.14,18.985
2,2,2,33.45,5.932
1,3,2,9.31,1.066
2,1,2,23.68,3.325
2,2,1,28.93,5.314
2,1,2,50.34,5.92
1,2,2,45.7,1.213
2,1,1,43.17,3.416
1,2,5,27.21,0.762
1,1,2,38.26,0.767
1,1,1,24.74,0.78
1,1,1,31.37,0.679
1,2,4,34.16,0.683
1,1,1,23.36,1.001
2,3,2,8.71,3.693
2,2,2,47.24,6.943
1,1,2,65.28,2.033
1,1,1,45.19,0.702
2,1,4,21.2,2.537
1,2,1,27.22,0.939
1,2,3,22.71,0.783
2,1,2,4.14,2.595
1,1,1,12.44,0.644
1,1,4,14.33,0.313
2,1,1,34.22,4.554
2,1,3,22.69,3.065
1,3,4,12.56,0.507
2,3,1,4.41,5.385
3,2,3,14.44,22.967
1,1,1,32.43,0.707
2,3,1,53.28,4.496
1,1,3,18.6,0.585
1,1,1,13.42,0.44
1,2,2,18.22,1.715
1,1,2,15.26,0.47
1,1,4,51.25,0.793
2,2,3,51.81,6.914
1,1,1,56.16,1.797
2,1,1,27.41,3.265
1,2,1,37.83,1.547
2,3,2,37.36,7.077
1,1,4,45.55,0.509
1,1,2,50.21,1.104
2,1,2,32.06,2.466
2,1,2,37.48,1.939
1,2,2,28.58,0.836
1,3,2,52.8,1.411
1,2,2,23.64,1.366
1,3,4,11.81,0.649
1,1,2,36.85,0.646
2,2,1,13.93,8.317
1,3,4,36.31,0.843
1,1,4,2.78,0.419
2,1,3,22.21,2.262
3,2,1,47.39,41.108
1,2,3,32.34,0.762
1,2,2,43.28,1.82
1,3,1,17.27,1.278
2,1,4,34.74,3.187
1,3,1,26.44,0.879
1,3,1,64.84,1.136
1,1,4,27.77,0.556
2,1,4,47.99,1.985
1,2,5,60.99,1.039
2,1,1,53.39,3.97
1,1,2,24.88,0.783
1,2,1,15.41,0.896
1,3,3,21.71,0.983
1,1,2,33.38,0.594
1,2,3,32.36,0.48
1,3,2,39.81,1.104
1,1,1,9.33,0.613
1,1,1,21.73,0.796
1,1,2,15.73,0.678
1,1,3,45.85,1.27
1,1,1,48.49,1.189
1,1,2,1.94,0.517
2,1,2,51.24,4.612
3,2,1,47.25,32.398
2,1,1,29.37,4.619
1,1,3,25.01,0.314
3,2,5,56.61,20.506
3,2,3,21.74,22.964
1,2,3,27.21,0.749
1,1,2,36.54,0.846
2,1,1,3.55,2.66
3,2,2,10.91,18.555
2,3,3,35.0,5.465
2,2,1,40.34,7.54
2,1,1,26.48,4.451
3,1,2,36.5,14.002
1,2,4,27.59,1.116
1,3,5,6.58,0.516
2,2,1,32.35,7.577
1,1,1,19.72,0.759
1,1,2,24.89,0.651
1,1,3,18.84,0.892
1,2,2,30.79,0.774
1,1,1,25.96,0.783
1,1,1,27.73,0.585
1,1,2,8.69,0.492
1,3,2,24.09,0.944
1,1,1,23.06,0.847
3,1,2,31.29,12.953
1,1,1,27.26,1.184
3,2,3,20.92,15.441
1,1,1,18.99,0.605
1,2,1,17.45,1.069
2,2,1,9.2,5.573
2,1,1,67.6,6.056
1,3,3,42.05,1.022
2,1,4,17.36,2.182
2,2,2,20.31,7.164
1,2,4,54.81,1.253
1,1,1,22.95,0.729
1,1,4,40.37,0.664
1,2,2,14.49,1.646
2,1,1,42.92,5.95
1,2,4,19.09,1.052
2,2,1,8.28,6.524
2,2,1,17.25,6.334
3,1,2,60.41,38.189
1,1,3,21.07,0.462
1,2,1,25.38,1.405
1,2,1,14.78,1.407
2,1,3,25.2,3.613
1,1,2,14.93,0.485
2,3,2,59.47,10.176
1,1,2,16.8,0.495
1,2,1,38.17,2.349
2,3,2,49.48,9.793
2,1,1,43.42,4.787
1,1,4,51.96,1.065
2,2,3,13.43,4.251
1,2,1,16.77,1.021
2,3,2,28.35,4.779
1,1,1,19.65,0.821
1,1,4,32.58,0.662
1,1,2,2.24,0.622
1,1,1,15.88,0.619
2,1,2,32.6,3.732
1,3,1,18.88,1.024
1,1,2,9.16,0.454
1,1,5,23.94,0.232
1,1,4,12.79,0.538
2,3,2,13.24,3.055
1,1,3,31.85,0.588
2,2,2,28.34,4.175
2,2,1,40.33,6.443
1,2,1,25.48,1.53
2,1,3,17.15,2.164
1,2,3,20.96,0.887
1,1,1,28.36,0.784
1,1,2,37.75,0.627
1,3,1,13.43,0.928
1,2,1,26.67,1.39
1,1,2,23.98,0.579
2,2,2,25.43,3.728
1,2,3,40.72,1.077
3,3,1,46.44,28.011
1,2,3,25.52,0.965
2,1,4,12.16,2.689
1,1,1,25.02,0.934
1,1,1,33.91,0.867
1,1,2,38.95,0.413
3,2,1,27.47,34.375
3,2,2,33.68,29.513
1,1,1,44.29,1.113
2,3,2,7.45,2.99
2,1,2,23.84,3.317
1,2,5,35.11,0.464
1,1,1,10.41,0.598
2,2,5,10.15,4.052
2,2,2,30.44,4.795
1,1,2,6.28,0.537
1,1,2,2.9,0.496
1,3,1,45.42,1.582
3,1,2,20.2,15.816
1,1,2,15.33,0.368
1,3,4,41.04,0.716
1,2,3,23.55,1.201
2,3,1,12.34,4.04
2,3,1,28.31,3.242
1,1,2,3.43,0.629
1,3,2,29.73,0.587
2,1,4,12.04,2.161
1,3,1,14.92,1.138
1,2,4,33.43,0.836
3,3,1,37.07,37.618
1,2,1,22.46,1.054
1,2,1,27.67,1.497
1,3,2,33.22,0.748
2,1,1,10.0,3.23
2,1,1,13.28,3.745
1,3,4,7.49,0.531
2,3,2,37.97,6.63
3,2,1,18.84,20.28
2,1,1,33.8,3.0
1,1,2,18.18,0.462
1,2,2,37.49,1.396
2,3,1,21.67,4.25
1,1,1,16.72,0.571
1,1,1,24.77,0.586
1,1,2,49.49,0.835
2,1,1,35.96,3.837
1,2,4,27.37,0.876
1,1,1,5.52,0.472
2,1,2,25.12,4.101
1,1,3,44.48,0.858
1,3,1,21.68,1.256
1,2,4,32.69,1.114
1,2,3,31.44,0.88
3,3,3,25.61,16.487
1,1,2,12.53,0.431
2,3,1,27.81,5.189
1,1,1,37.55,0.841
1,1,1,35.7,0.896
1,1,1,26.27,0.577
1,3,2,55.5,1.316
1,1,3,18.69,0.461
1,1,4,40.23,0.729
3,1,5,4.76,8.261
1,3,2,31.16,1.01
3,1,1,33.22,13.954
1,1,2,11.97,0.649
1,1,5,2.7,0.461
1,1,2,17.21,0.457
1,3,3,31.98,0.819
1,1,1,27.86,0.928
1,1,1,22.72,1.401
1,3,4,24.2,0.774
2,3,2,52.52,4.442
1,3,1,22.33,1.027
3,1,1,10.37,29.231
1,1,2,15.24,0.781
1,3,1,17.22,0.9
1,1,1,17.0,0.769
1,1,1,30.74,1.196
2,3,1,2.12,6.542
2,1,1,20.1,3.813
1,2,1,5.38,1.304
1,3,1,19.73,0.567
2,2,1,35.61,7.605
1,3,2,38.41,0.762
1,2,1,38.58,2.132
1,3,1,49.51,1.017
1,2,3,23.26,0.931
1,1,1,56.95,1.001
1,1,2,20.65,0.79
2,3,2,11.51,3.435
1,1,2,48.03,0.424
3,1,1,32.51,16.036
2,2,4,31.39,4.368
1,1,2,29.35,0.446
1,3,1,62.57,1.985
1,3,1,27.7,1.05
2,1,2,8.89,4.255
1,1,1,32.11,0.869
3,2,2,40.79,23.597
1,1,1,9.15,0.535
2,1,1,6.76,3.569
1,1,2,39.15,0.711
1,1,3,15.92,0.546
2,2,1,3.0,5.468
2,1,3,3.02,2.656
1,2,1,20.07,2.139
1,2,1,26.96,1.498
1,1,5,17.38,0.267
2,1,2,34.48,3.399
1,1,3,19.73,0.924
1,2,1,23.0,1.088
2,1,2,29.18,4.102
1,3,2,25.53,0.832
1,3,3,24.51,0.774
2,2,3,21.6,4.476
2,3,1,31.48,4.047
2,1,2,18.25,3.618
1,1,2,56.87,1.329
1,1,2,48.21,1.063
2,2,1,23.48,5.898
1,1,3,10.75,0.594
1,3,2,37.72,0.719
1,3,1,17.43,0.985
1,2,2,28.95,1.15
3,1,1,25.92,17.684
1,1,1,22.37,0.839
1,1,1,28.63,0.716
3,1,3,14.8,9.6
3,2,2,48.03,27.411
1,1,2,44.61,1.052
2,3,5,33.11,3.092
1,3,4,39.13,0.439
2,1,3,11.72,2.848
1,2,1,35.11,2.055
1,1,3,8.86,0.41
1,2,1,11.82,0.865
2,2,1,17.18,7.145
1,2,3,9.76,0.617
1,2,3,22.53,0.937
2,1,3,52.22,3.9
1,1,1,29.75,0.792
2,3,3,6.38,3.671
1,3,1,54.29,1.225
1,2,2,8.36,1.472
1,1,1,5.43,0.676
1,2,1,48.46,1.318
1,1,1,17.47,0.556
1,2,5,42.1,0.741
2,1,1,8.48,2.648
1,3,2,37.82,0.912
1,3,3,24.36,0.605
2,3,2,12.5,3.889
1,3,1,3.52,1.058
2,1,1,29.09,2.381
2,1,1,4.57,3.418
1,2,1,28.15,1.676
2,1,4,29.65,2.878
3,3,2,26.1,17.551
1,1,1,42.89,0.912
3,1,1,22.51,12.528
1,2,2,20.18,1.064
1,1,4,31.8,0.315
1,1,2,12.57,0.654
1,2,3,47.41,1.474
3,3,4,11.19,11.62
1,1,1,39.94,0.937
3,1,2,34.3,25.985
2,2,3,43.04,4.794
3,2,3,16.66,25.057
3,2,1,5.86,34.731
1,2,3,4.07,0.943
3,1,3,51.04,22.259
2,1,1,45.42,4.737
1,2,2,20.22,1.101
2,1,5,19.02,1.554
1,3,1,14.32,0.672
1,3,2,56.29,1.696
1,1,1,37.55,0.542
1,1,3,42.2,0.937
1,2,1,47.5,1.347
1,2,4,51.68,1.159
2,1,2,6.61,3.38
2,2,1,20.14,7.531
2,1,1,11.01,2.753
3,1,2,12.43,14.145
2,1,1,34.38,3.897
2,1,4,54.22,1.779
1,1,3,33.71,0.611
3,2,1,29.94,35.628
1,1,5,23.44,0.302
1,1,4,32.26,0.637
1,2,1,51.87,2.739
1,3,1,47.34,1.227
2,1,2,7.15,2.169
1,2,2,31.23,1.178
2,1,1,16.09,3.586
1,3,2,40.86,0.889
1,1,1,14.69,0.469
1,1,2,68.45,0.71
1,1,3,11.67,0.874
2,1,1,25.07,5.315
1,2,2,20.84,0.922
1,3,1,22.7,0.686
1,2,2,20.95,1.234
2,1,1,19.28,4.23
3,3,4,31.03,10.532
2,1,4,48.38,2.526
1,2,1,19.7,1.238
3,1,2,37.93,9.758
1,2,1,49.36,1.282
1,1,1,10.67,0.706
1,3,1,29.69,0.721
1,1,4,3.74,0.383
1,2,2,36.5,1.278
1,1,3,63.64,1.214
1,1,1,29.12,0.826
1,2,3,55.71,1.077
1,2,1,25.77,1.014
1,1,2,43.25,0.824
2,2,3,52.53,4.97
2,2,1,37.25,10.679
1,1,2,15.46,0.466
1,1,3,21.05,0.47
1,1,1,20.89,0.901
1,1,2,50.39,0.95
1,1,4,17.67,0.383
1,2,1,14.93,0.911
2,2,1,3.67,6.701
2,1,5,8.71,1.475
2,1,1,59.79,3.575
2,1,2,52.73,5.594
2,1,2,10.81,2.364
2,3,3,24.61,3.595
2,1,2,10.48,5.059
2,1,1,39.97,7.872
2,2,1,15.34,7.287
2,1,2,59.98,8.172
1,3,2,32.61,1.17
1,2,1,44.59,2.393
1,3,1,37.15,1.076
1,1,3,45.21,0.541
1,2,5,30.17,0.821
1,1,4,15.23,0.362
1,1,3,21.39,0.59
1,1,1,1.03,0.536
3,1,3,45.22,21.438
1,1,2,5.89,0.925
1,1,2,12.98,0.456
1,1,1,8.47,0.854
1,2,1,29.84,1.954
2,2,1,52.35,9.821
2,2,1,67.5,17.071
1,2,1,23.11,1.02
1,1,5,9.71,0.353
1,1,5,22.11,0.448
2,2,4,23.13,3.941
3,1,2,52.07,29.349
3,2,2,28.95,38.538
1,1,5,32.84,0.608
2,2,2,15.9,6.79
2,2,1,63.92,10.74
2,1,2,2.23,2.528
1,3,1,42.41,0.786
1,1,3,9.19,0.485
1,1,3,25.02,0.48
1,2,2,29.1,0.844
2,3,1,38.4,5.33
1,1,2,19.3,0.774
1,1,3,27.55,0.737
2,1,3,4.6,2.491
1,1,1,45.73,0.592
3,2,1,26.74,30.948
2,3,3,24.98,2.981
2,1,2,12.29,3.579
2,1,1,21.11,2.476
1,2,2,7.0,1.146
1,2,2,31.17,1.239
3,2,3,9.29,29.662
1,2,1,21.7,1.365
1,3,4,50.99,1.185
2,1,3,11.55,2.5
1,3,4,49.43,0.898
1,2,2,48.41,1.701
1,3,4,25.44,0.672
1,2,4,30.27,0.905
2,3,1,27.33,4.327
1,3,5,9.02,0.294
1,1,1,7.64,0.721
1,2,2,14.84,1.054
2,2,2,19.53,7.262
1,2,2,27.58,0.94
1,1,1,27.08,0.564
2,1,1,33.97,4.119
1,1,1,40.46,0.786
2,1,2,22.51,2.575
1,2,4,32.29,0.788
1,2,2,32.21,0.847
1,1,4,29.21,0.556
2,3,1,33.74,5.703
1,2,4,24.2,0.954
1,3,1,34.1,0.526
1,3,3,38.34,0.849
1,3,2,17.51,0.827
2,2,1,9.33,5.614
3,1,3,45.98,12.916
1,2,4,20.49,0.682
1,1,3,29.58,0.659
1,3,1,24.23,0.887
3,2,3,12.3,27.022
1,2,5,47.3,0.978
1,2,2,18.21,1.407
3,2,3,16.15,27.584
3,2,2,23.38,29.991
1,1,1,13.5,0.87
1,1,1,20.84,1.136
2,3,2,58.23,7.167
2,2,1,11.14,5.459
1,1,5,11.98,0.358
1,1,1,33.28,0.431
1,1,4,32.61,0.713
1,3,2,41.68,1.437
1,3,4,9.73,0.551
2,1,1,9.33,3.935
1,1,1,43.62,0.995
1,1,1,15.25,0.558
2,1,4,24.09,1.948
1,1,5,66.17,0.606
1,2,3,36.39,0.889
3,3,2,9.37,20.666
1,1,1,21.75,0.804
2,1,2,4.95,4.517
1,2,2,49.39,0.773
1,1,5,8.32,0.406
2,1,1,30.16,5.277
1,1,3,23.09,0.505
1,2,1,11.3,0.804
1,1,5,56.37,0.541
1,2,4,27.66,0.523
1,3,1,18.4,0.961
2,1,2,19.72,2.666
1,2,2,25.88,0.857
1,3,1,28.03,1.013
1,2,1,20.03,0.95
1,1,2,52.28,1.162
1,1,2,22.75,0.716
1,2,2,28.27,1.288
2,1,3,7.24,2.19
1,3,1,20.95,0.738
1,3,3,13.23,0.578
2,3,3,30.31,4.711
1,3,1,35.51,0.892
1,3,1,46.32,0.81
2,3,4,44.11,2.457
2,1,3,38.84,5.795
1,1,1,45.33,1.184
1,1,1,8.12,0.509
1,1,1,22.19,0.614
1,1,4,8.96,0.473
1,3,1,22.23,0.583
2,3,5,39.57,4.085
2,1,1,46.11,3.827
3,3,2,22.04,15.696
1,2,1,5.75,1.183
1,2,1,40.09,1.142
1,3,1,35.36,1.477
1,3,5,23.99,0.549
1,2,5,68.69,1.148
2,2,1,14.48,5.079
1,1,4,24.05,0.577
1,1,1,15.67,0.404
1,2,2,20.95,1.532
3,3,2,7.02,18.246
1,2,1,54.46,2.788
2,2,2,34.0,5.538
2,1,2,28.35,5.51
1,1,5,12.39,0.259
2,2,1,23.49,5.231
1,3,4,14.93,0.726
1,2,1,34.36,1.111
1,1,4,24.12,0.411
1,3,2,23.74,1.412
2,1,2,11.87,2.486
2,2,1,49.13,7.422
1,1,3,43.88,0.769
1,3,1,21.15,0.765
1,1,3,31.24,0.421
1,2,2,35.59,1.737
2,1,4,7.59,1.786
1,1,2,23.97,0.971
2,1,2,20.36,3.251
1,1,2,12.68,0.511
2,3,2,61.38,5.191
1,2,1,58.15,3.132
1,3,3,20.84,0.832
2,3,2,35.62,5.014
1,1,1,13.21,0.585
1,1,4,5.02,0.223
2,1,1,14.15,4.109
1,1,2,22.78,0.811
1,1,2,13.45,0.49
1,1,5,64.91,0.782
1,1,2,54.25,1.04
2,1,1,15.99,2.904
2,1,2,26.19,3.07
1,1,5,29.29,0.435
1,1,2,33.67,0.988
1,1,2,6.89,0.875
1,1,1,27.71,0.654
2,2,1,49.68,6.338
1,3,1,22.67,0.965
2,1,5,22.48,1.638
1,1,3,43.81,0.583
2,1,2,11.17,3.145
1,1,2,40.69,0.557
1,1,3,10.96,0.662
3,1,5,7.4,6.944
1,1,4,30.02,0.736
1,1,1,26.58,0.555
2,3,3,5.11,2.839
3,1,2,36.43,18.702
1,1,2,9.63,0.461
3,2,2,29.83,16.989
1,1,4,25.19,0.289
3,1,2,20.92,17.016
1,1,1,59.76,1.293
1,2,3,23.02,1.016
1,3,1,28.01,1.066
2,2,1,10.22,3.988
3,3,2,21.32,19.155
1,2,3,26.42,0.811
1,1,2,25.97,0.52
1,2,1,43.3,1.333
1,2,4,45.38,1.171
2,1,3,24.73,3.439
1,1,1,20.54,0.775
3,1,3,3.42,13.015
3,1,5,36.84,9.824
1,2,1,24.43,1.1
1,2,4,31.11,0.749
3,1,1,55.07,23.091
2,1,1,25.88,2.04
2,1,2,88.52,10.945
1,1,1,23.71,0.682
1,1,2,37.77,0.677
2,2,1,17.81,5.366
1,2,1,49.7,1.069
2,2,2,24.04,6.526
2,1,2,11.8,3.972
1,3,3,17.52,0.528
1,3,5,40.15,0.559
1,3,4,53.98,0.918
2,1,1,5.64,2.559
1,1,4,39.97,0.462
1,1,3,14.86,0.458
3,1,3,39.51,14.964
2,1,1,33.61,2.28
1,2,3,49.02,0.947
2,3,2,51.47,9.434
1,2,2,5.78,1.064
3,1,3,21.42,9.73
2,1,1,11.9,3.278
1,1,2,52.57,1.265
1,1,2,26.13,0.688
1,1,2,15.9,0.504
2,1,1,25.68,3.179
2,1,2,43.94,2.38
1,1,1,32.1,0.829
3,3,1,12.44,17.689
1,2,3,19.19,0.808
2,3,1,3.77,4.665
2,2,1,27.56,7.778
1,1,3,24.87,0.56
1,1,1,21.05,0.921
2,2,1,19.4,5.117
2,1,3,63.07,4.339
1,2,5,59.67,1.116
2,1,3,1.57,1.789
1,2,2,36.51,1.018
1,1,1,27.76,0.828
2,1,2,2.53,3.013
1,2,5,13.39,0.538
2,1,1,31.6,2.696
2,3,1,41.82,4.493
1,2,1,36.77,1.37
1,2,1,54.35,1.158
1,1,1,32.86,0.931
1,2,2,41.58,1.15
2,1,1,20.99,4.381
1,1,2,48.37,1.17
3,2,2,63.04,31.715
1,1,1,25.24,1.29
1,2,1,18.79,1.461
3,2,1,14.29,22.442
1,3,2,47.69,1.483
2,1,5,11.95,1.509
2,1,2,0.4,1.929
2,3,3,45.26,3.538
1,1,2,34.52,0.621
1,1,2,15.31,0.564
3,1,3,41.64,17.921
1,1,1,1.83,0.971
2,1,1,41.09,3.915
2,2,1,39.06,9.485
1,3,2,57.93,1.083
2,1,1,43.01,4.436
3,1,1,44.23,25.116
1,1,4,32.82,0.689
2,2,1,18.68,3.94
2,1,2,22.63,2.775
1,1,3,25.73,0.779
2,2,2,22.23,5.181
1,2,5,47.95,0.967
1,1,4,22.31,0.529
2,2,4,78.97,29.127
3,1,4,36.45,14.179
1,2,2,13.72,1.197
2,2,1,35.71,5.045
1,1,1,13.13,0.558
1,3,3,27.43,0.945
1,2,2,40.32,1.645
2,3,1,49.0,6.303
1,1,4,25.54,0.349
1,3,2,1.18,0.902
2,1,1,25.42,2.531
1,1,3,29.96,0.698
1,2,1,28.45,1.223
1,3,1,59.22,1.242
2,3,2,22.04,3.996
2,1,2,15.27,3.795
2,1,4,34.74,4.425
1,1,1,5.79,0.573
1,3,2,27.26,0.731
2,3,1,32.27,5.277
1,1,1,39.28,0.522
1,1,4,28.66,0.389
1,2,2,16.88,1.079
1,1,1,18.79,0.638
1,1,3,37.36,0.373
3,2,4,8.66,19.038
1,1,2,25.85,0.801
2,2,1,31.1,5.581
1,3,2,35.96,2.445
2,1,2,7.04,2.918
1,2,3,17.18,1.178
3,2,5,38.66,27.744
1,2,1,53.97,1.883
2,3,3,33.87,3.393
1,1,2,29.08,1.041
1,3,1,35.63,1.441
3,2,1,36.61,43.149
2,1,3,25.19,2.32
2,2,1,28.13,4.329
2,2,2,26.34,7.51
3,1,1,8.12,10.819
1,3,4,60.76,1.146
1,1,2,47.94,0.724
1,1,3,10.7,0.878
3,2,1,32.69,40.142
1,2,1,39.07,1.754
1,2,3,13.78,0.999
1,2,4,12.0,0.636
1,1,1,43.6,0.857
1,2,3,29.21,1.197
1,1,1,26.06,0.609
1,1,1,34.52,0.793
2,1,1,21.28,3.543
1,3,1,14.36,1.133
1,1,2,51.71,0.663
1,2,2,49.72,4.448
1,2,5,61.41,1.214
1,1,2,17.51,0.805
1,1,2,25.97,0.576
1,1,4,18.53,0.319
2,1,1,31.71,2.756
1,1,3,19.21,0.474
1,1,2,37.4,0.83
1,3,4,55.42,1.269
1,1,3,25.05,0.536
1,1,2,14.24,0.392
1,1,3,24.85,0.551
1,1,2,5.56,0.833
1,1,1,45.37,0.83
2,1,1,27.83,4.765
1,3,2,15.52,0.805
1,2,2,31.41,1.728
1,3,4,22.73,0.399
1,2,4,34.8,0.966
2,1,2,22.47,2.62
1,2,1,22.37,1.558
1,1,2,47.56,0.704
3,1,2,35.91,19.352
1,1,2,65.02,2.492
1,3,1,30.83,0.815
2,2,2,42.41,4.11
3,2,4,20.56,25.616
1,2,2,28.55,1.232
2,1,2,14.77,2.725
1,2,1,31.1,1.039
2,1,2,41.76,1.61
1,1,2,24.51,0.602
2,1,1,44.72,8.709
1,1,4,28.75,0.453
1,2,1,24.4,1.332
1,2,3,50.49,1.006
2,2,2,41.91,14.277
2,3,2,19.04,3.179
2,1,1,35.52,4.329
3,2,2,12.29,24.263
1,1,2,26.11,0.648
2,1,5,27.17,1.607
1,3,2,15.24,0.869
3,2,1,64.44,38.481
2,2,4,5.65,3.794
1,1,2,14.88,0.477
1,3,5,45.29,0.723
2,2,2,56.62,12.28
2,1,5,74.22,4.401
2,1,1,10.22,2.885
1,1,2,25.92,0.542
1,1,1,22.79,0.402
3,1,1,10.42,12.437
2,1,4,27.11,2.643
1,1,4,48.64,0.773
1,1,1,9.71,0.874
2,2,3,31.18,7.378
2,2,2,57.54,8.576
1,1,1,20.69,0.591
2,3,3,23.87,3.276
2,1,2,25.93,3.679
1,2,1,47.79,1.789
1,2,2,13.74,0.741
1,2,2,45.26,1.222
2,1,3,11.84,2.373
1,2,1,71.43,2.958
2,1,3,45.14,3.151
1,1,1,44.56,1.124
1,1,5,35.67,0.436
2,1,1,45.45,3.923
3,1,3,58.63,20.01
1,1,2,31.31,0.925
1,1,2,23.9,0.644
1,2,5,36.24,0.752
1,2,2,11.85,1.004
1,2,3,23.52,0.97
1,2,3,9.1,0.705
1,1,3,21.74,0.779
2,1,1,38.45,5.44
2,2,2,12.66,7.109
2,1,4,7.91,2.148
1,2,2,24.74,0.831
1,2,1,37.83,1.043
1,2,2,9.44,1.131
3,1,1,13.47,12.227
1,1,1,38.44,0.969
2,2,2,11.12,4.642
1,1,1,35.41,0.924
2,1,2,45.31,2.158
1,1,1,25.26,1.016
1,2,1,32.08,1.542
2,3,1,28.2,5.511
1,1,5,27.7,0.455
1,1,3,18.11,0.493
1,2,2,7.09,1.118
3,1,3,29.21,22.371
2,1,1,21.06,2.934
1,3,1,5.65,0.869
2,3,2,10.88,3.683
2,2,1,20.87,4.989
1,1,3,53.96,1.092
1,1,2,18.32,0.371
1,1,1,43.53,0.947
2,2,1,5.01,6.907
1,1,2,16.24,0.635
2,1,2,36.94,4.463
1,3,3,6.81,0.614
2,3,2,29.15,1.853
1,1,2,11.71,0.685
2,2,1,20.94,6.351
1,3,2,30.17,0.717
1,3,1,39.92,2.097
1,2,3,40.61,0.849
2,1,4,25.63,1.838
1,2,3,19.72,1.011
2,1,2,44.86,4.174
1,1,1,38.87,0.911
1,3,2,32.66,1.199
1,2,2,10.14,1.399
1,3,1,28.85,1.636
1,1,1,45.33,0.781
1,2,1,65.23,3.626
2,2,2,20.03,3.883
3,1,4,22.26,7.362
1,3,1,32.79,1.536
2,2,1,2.93,7.159
2,2,3,20.38,4.222
2,3,3,38.03,6.289
1,2,3,38.98,0.997
3,1,3,35.13,13.805
1,1,2,40.4,1.084
2,2,2,22.54,8.472
1,1,1,39.68,0.839
2,2,4,24.22,3.962
3,1,3,8.94,13.585
3,3,3,15.26,16.725
1,3,5,43.03,0.931
2,2,5,10.3,3.43
1,2,1,27.69,1.557
2,1,4,11.9,2.03
1,2,3,57.12,1.482
2,2,4,49.52,12.983
1,2,5,18.17,0.761
1,2,1,20.25,0.695
1,1,2,20.15,0.684
1,2,1,44.47,1.084
1,1,1,10.2,0.764
2,1,3,3.88,2.181
2,1,4,22.54,2.282
2,2,1,35.9,7.934
2,1,1,26.67,3.14
1,2,1,24.34,1.092
1,3,1,34.56,1.321
1,1,4,25.28,0.371
1,1,2,12.56,0.857
1,3,2,32.55,1.052
2,3,1,9.12,3.889
2,1,1,16.71,2.826
2,2,2,47.65,7.011
1,1,2,36.8,0.617
2,3,2,47.32,5.293
1,3,1,11.8,1.105
2,1,1,27.71,5.949
1,1,1,55.34,1.32
1,1,3,33.73,0.515
1,1,2,15.72,0.403
1,1,3,33.06,0.984
1,1,3,9.02,0.311
1,2,2,37.65,0.566
1,3,2,39.85,1.033
3,3,1,23.63,15.635
1,1,2,27.35,0.592
1,2,2,13.44,0.906
2,2,2,27.57,6.77
1,2,3,17.76,0.71
2,2,4,38.62,6.269
1,3,4,17.13,0.6
1,1,2,7.58,0.964
1,2,4,16.39,1.071
1,1,2,5.89,0.465
2,2,1,27.96,5.268
2,3,3,76.32,6.717
1,2,2,16.15,1.459
3,3,2,6.22,15.43
1,3,1,28.49,1.474
1,2,1,17.02,1.244
2,1,1,56.35,6.88
2,1,1,44.55,5.093
1,3,1,36.36,0.74
1,2,1,23.98,1.046
1,2,2,21.98,1.311
1,1,2,6.86,0.545
2,1,2,47.13,5.385
1,2,2,24.92,0.84
2,1,3,64.64,4.623
1,1,1,75.87,1.304
1,3,1,18.17,0.827
1,1,1,33.72,0.533
1,2,1,6.87,1.602
1,1,3,59.88,1.149
3,1,2,41.34,26.345
2,2,2,17.09,5.676
2,1,1,30.56,3.439
1,2,1,16.35,0.952
3,2,1,2.3,25.604
2,3,2,22.33,4.255
2,1,2,18.3,2.389
1,3,2,14.38,0.943
1,1,1,18.49,0.815
2,1,1,24.88,3.097
1,1,1,26.27,0.881
1,3,2,31.4,0.52
1,1,4,20.78,0.484
1,2,4,30.53,1.359
1,3,5,23.93,0.466
2,3,4,23.12,3.308
2,1,2,31.13,2.548
1,1,2,33.4,0.478
1,1,1,30.54,0.789
3,1,3,44.14,31.48
1,1,2,51.18,0.928
1,1,2,21.86,0.605
1,2,5,32.54,0.535
1,2,1,36.77,0.969
2,1,2,10.06,3.26
1,1,1,62.0,1.476
2,2,3,9.59,4.38
1,3,2,25.91,1.07
3,3,3,21.72,12.399
2,3,1,6.18,3.749
1,2,2,13.09,0.77
1,3,2,13.05,0.591
1,3,3,3.58,0.406
3,2,2,17.84,29.032
2,2,1,12.17,9.408
1,1,2,29.58,0.994
1,3,4,13.01,0.449
3,2,5,23.3,23.323
2,3,1,10.62,4.71
1,1,2,39.46,1.566
1,1,1,31.8,0.678
1,1,3,42.2,0.598
2,3,2,45.1,5.573
1,3,1,14.56,1.153
2,2,3,16.96,6.241
1,1,4,48.72,0.907
1,1,2,76.67,2.03
1,3,1,8.13,0.776
2,1,1,21.55,3.062
1,1,1,28.6,0.74
2,3,2,11.87,4.055
1,1,4,38.33,0.534
2,1,3,17.83,1.34
2,1,2,45.73,3.824
2,1,2,0.44,2.444
1,3,3,40.1,1.842
2,3,3,52.38,6.397
1,1,3,53.25,1.282
1,1,1,38.62,1.141
2,1,3,12.72,2.535
2,1,4,68.75,5.461
1,3,1,13.93,0.922
3,1,1,24.38,8.632
1,1,4,40.31,0.334
3,1,1,33.07,23.058
2,1,1,20.68,2.482
3,1,2,62.45,20.647
2,2,2,27.36,6.873
3,3,3,34.96,17.246
2,3,1,18.24,2.559
1,1,2,36.37,0.801
1,1,2,10.66,0.697
2,2,2,26.39,7.286
1,1,2,5.51,0.493
3,2,3,42.21,17.098
1,2,2,7.83,1.43
2,3,1,50.97,8.26
1,1,1,1.91,0.796
2,1,3,9.15,2.689
3,1,1,7.52,30.515
1,2,3,12.48,0.64
2,1,2,31.38,4.143
1,1,1,12.24,0.909
2,1,1,21.9,4.461
2,1,2,36.88,5.23
1,3,2,12.88,0.955
1,3,3,36.59,1.193
1,2,3,9.23,0.935
1,3,1,9.18,1.095
2,1,5,14.9,1.566
1,3,4,38.5,1.027
3,2,2,19.27,33.677
3,1,1,40.98,15.403
3,2,2,23.57,24.644
1,2,1,22.51,1.848
1,1,2,13.23,0.701
2,3,4,48.8,3.986
2,1,1,25.07,4.402
3,3,3,19.04,23.202
1,3,2,34.84,1.026
1,1,1,23.98,0.854
3,2,2,56.41,41.982
2,1,5,24.09,1.567
1,2,1,9.16,1.563
2,1,5,21.31,2.243
1,1,2,13.11,0.507
1,1,4,41.6,0.335
1,1,5,39.77,0.568
1,3,1,10.97,0.64
1,3,3,58.33,1.735
1,1,2,20.17,0.956
1,1,2,52.72,0.916
1,3,1,23.94,1.124
1,1,2,45.12,0.753
1,3,1,53.15,1.141
2,2,3,24.77,4.288
2,2,4,15.9,4.278
1,1,1,10.12,0.757
1,1,2,25.21,0.554
2,3,1,20.29,3.236
2,1,2,50.98,13.913
3,3,1,17.67,24.926
3,2,5,11.96,18.44
2,3,1,19.88,2.633
2,2,2,9.46,5.41
1,1,3,10.97,0.385
2,3,1,23.19,4.189
3,3,2,5.81,16.493
2,3,1,30.82,5.305
1,1,1,4.12,0.653
1,3,1,19.22,0.87
1,2,1,10.22,1.293
1,2,3,6.97,0.85
2,3,1,30.68,4.061
2,1,3,36.26,3.295
1,2,1,31.86,1.012
2,1,2,37.02,4.403
1,2,1,32.99,0.751
1,1,2,5.33,0.812
1,1,5,54.65,0.464
1,2,1,23.6,1.656
2,1,2,28.06,3.884
2,1,2,33.02,3.539
2,1,3,41.61,2.778
1,1,2,43.63,0.592
2,2,2,49.54,9.343
1,1,3,42.85,0.977
1,1,5,2.41,0.472
1,1,4,59.88,0.898
2,1,1,18.04,3.503
3,1,4,50.06,12.741
1,1,2,29.32,0.468
2,1,4,29.88,2.91
1,2,3,22.29,0.724
1,2,1,10.25,0.996
2,1,3,14.61,3.197
2,1,1,49.5,6.889
2,3,2,33.13,4.735
2,3,1,22.68,3.226
1,2,3,43.98,0.883
3,1,1,31.78,30.2
3,3,5,35.58,13.712
1,1,3,4.72,0.465
1,1,4,65.77,1.056
1,2,5,32.35,1.28
2,1,3,28.98,2.051
3,3,2,41.53,16.442
2,2,2,59.88,8.502
1,3,2,40.72,1.126
1,1,1,12.31,0.486
1,1,3,33.2,0.527
1,3,1,10.27,0.828
1,1,1,56.83,0.93
1,2,2,21.72,1.049
1,1,2,18.03,0.687
1,1,3,33.85,0.409
2,2,2,41.29,9.626
1,1,2,9.64,0.537
1,3,1,37.12,1.588
1,1,3,26.99,0.438
3,1,2,12.03,16.069
2,2,1,36.93,5.931
2,1,3,14.95,3.615
2,1,1,13.73,3.753
2,1,1,31.29,4.831
2,2,3,56.22,6.835
1,1,1,42.74,0.638
1,2,1,51.56,1.934
1,3,1,30.62,1.462
1,1,1,53.69,0.632
1,1,1,14.68,0.938
1,1,1,67.2,1.212
1,2,4,3.59,0.536
1,2,2,27.38,1.612
1,3,1,32.2,1.219
1,3,3,48.99,0.911
1,1,2,9.0,0.797
1,1,2,25.68,0.684
2,1,1,33.24,5.003
1,2,2,34.08,1.6
1,1,2,31.21,0.621
1,3,1,15.19,0.737
1,1,4,30.45,0.432
1,1,3,26.56,0.585
1,2,3,47.87,1.224
1,1,1,25.28,0.642
3,3,1,43.08,35.465
2,2,1,27.96,7.705
1,2,1,16.4,1.045
1,1,1,52.83,1.092
2,2,1,36.44,4.984
1,2,2,50.1,2.011
3,3,1,11.44,15.712
1,3,5,3.15,0.369
1,3,1,31.75,1.061
1,2,1,19.73,1.49
3,1,1,53.78,30.978
3,1,3,37.77,16.687
2,1,2,7.99,2.77
1,1,1,48.78,0.984
2,1,1,24.85,2.782
1,1,1,19.49,0.563
1,2,1,37.14,0.931
2,1,1,14.34,3.377
3,1,4,37.67,9.028
1,1,1,57.54,0.916
1,2,1,17.18,1.095
1,1,1,32.82,0.572
1,2,2,30.25,1.725
1,3,4,18.43,0.347
2,2,1,28.58,3.918
1,1,2,33.01,0.333
2,2,1,38.39,6.67
1,3,1,21.11,0.931
1,2,2,23.72,0.987
1,1,4,16.81,0.708
1,2,3,20.35,0.521
1,2,2,58.02,1.612
2,3,2,18.65,4.013
3,1,2,38.85,22.783
1,3,2,48.9,1.001
1,2,1,40.42,1.808
3,2,2,18.09,28.623
1,2,1,44.81,1.374
2,1,4,42.52,2.322
3,1,2,53.71,38.596
2,1,2,35.23,3.267
1,1,2,22.84,1.157
2,2,4,36.85,5.138
1,3,1,4.57,0.718
1,1,2,6.84,0.513
3,2,1,3.23,35.75
1,1,1,1.06,0.797
2,2,3,9.07,7.802
1,1,3,27.44,0.548
1,1,2,29.95,0.502
2,1,1,14.75,3.447
2,3,3,21.85,2.457
1,2,1,22.37,1.14
2,2,2,34.16,6.11
1,1,2,5.85,0.752
3,1,1,26.82,20.501
2,3,2,32.01,4.214
2,2,2,6.85,5.158
1,1,2,25.48,0.587
1,3,3,33.51,0.751
3,1,2,44.61,20.53
1,2,4,22.51,1.09
1,1,2,21.86,1.106
2,3,3,30.6,5.243
2,3,2,7.0,3.522
2,1,2,13.81,2.668
2,3,1,64.65,5.137
3,3,4,11.88,11.4
1,2,2,49.0,1.84
2,2,1,5.0,5.345
2,2,2,17.34,3.748
2,1,2,21.11,2.482
1,1,3,26.45,0.855
1,1,1,25.88,0.792
1,1,1,40.01,0.803
2,1,1,10.86,4.987
1,1,2,45.79,1.093
2,2,1,34.28,11.169
2,1,5,48.4,2.844
1,1,4,25.18,0.674
2,1,1,16.51,4.306
1,2,1,22.0,1.868
1,3,3,49.54,0.909
1,2,3,38.94,0.755
1,3,3,33.96,0.569
2,3,3,29.01,4.956
1,2,3,15.67,0.884
1,2,2,18.15,1.321
1,2,1,14.42,1.185
2,1,4,27.66,1.754
1,1,3,11.49,0.386
1,1,1,21.74,0.658
3,1,1,19.91,13.812
1,1,1,34.56,0.603
1,1,1,11.05,0.583
1,2,3,18.31,1.09
2,1,1,5.34,2.891
2,2,1,36.81,6.283
1,1,1,18.1,0.804
2,1,1,54.98,9.337
2,1,1,5.43,3.082
2,2,2,33.8,4.776
3,1,1,18.68,16.017
2,3,3,32.81,4.822
1,2,1,28.85,1.091
1,2,4,43.61,1.455
3,1,4,33.93,13.545
1,3,2,16.23,0.914
1,1,2,29.05,0.573
3,3,1,30.89,29.513
2,1,2,16.2,2.24
2,3,1,50.25,9.412
2,3,2,25.53,5.443
1,1,3,3.27,0.56
2,1,1,26.67,3.227
3,3,2,12.84,16.473
1,2,3,27.14,1.051
1,1,1,5.62,0.825
2,2,1,19.31,9.512
1,3,2,19.22,0.643
1,3,1,32.17,0.945
1,1,3,28.57,0.533
1,2,3,15.84,0.891
1,2,1,40.92,2.124
2,1,3,20.48,2.493
2,1,1,20.09,4.052
2,1,2,38.24,4.73
1,1,3,23.05,0.654
1,2,4,11.3,0.603
1,1,2,14.72,0.657
2,2,1,27.38,5.825
3,2,2,33.59,31.671
1,1,2,30.53,0.793
3,1,3,4.21,8.905
1,1,1,3.52,0.843
1,2,2,18.55,0.785
2,1,2,40.6,3.332
1,2,3,33.2,1.117
3,2,1,6.94,22.2
1,2,5,23.97,0.53
2,1,2,8.05,3.167
1,3,1,33.0,0.952
1,1,1,44.12,1.338
1,1,2,13.03,0.629
3,2,1,70.28,62.274
1,3,1,30.44,0.889
2,2,4,8.24,4.353
1,2,1,11.67,1.281
1,2,1,31.85,1.131
1,2,1,9.64,1.249
2,2,3,35.06,7.688
1,2,2,5.38,1.134
1,1,4,42.92,0.369
2,2,5,64.62,7.16
1,1,3,28.2,0.525
1,1,2,53.15,0.349
1,1,2,9.78,0.699
1,2,1,27.42,2.589
2,2,3,34.1,4.047
1,2,1,14.77,1.162
2,1,5,14.5,1.458
1,1,5,24.8,0.557
3,2,2,26.76,24.839
3,1,2,31.99,12.552
1,1,1,35.6,0.699
1,3,2,23.05,0.68
1,1,2,12.48,0.766
2,1,1,11.88,4.979
1,1,3,10.88,0.517
2,1,1,27.47,2.77
1,1,1,12.74,0.628
1,1,1,31.64,1.391
2,1,3,8.8,2.42
2,3,5,32.04,2.58
2,2,2,21.95,4.597
2,1,2,37.51,3.546
2,3,1,36.95,5.037
1,3,1,28.62,1.189
3,1,1,25.48,20.356
2,1,4,31.81,2.206
2,1,1,57.32,11.572
3,2,5,6.53,17.231
1,2,3,22.67,1.693
2,2,1,34.27,9.534
2,2,3,59.38,11.421
1,1,2,33.55,0.723
2,1,1,53.64,7.265
1,2,4,18.99,0.874
1,1,4,7.56,0.288
1,1,4,35.31,0.531
2,1,3,32.69,1.902
2,2,2,25.52,6.16
1,2,2,37.22,0.982
1,1,3,54.81,0.901
1,1,2,32.09,1.156
1,2,2,16.66,1.119
1,2,1,49.78,3.125
1,1,1,43.04,0.668
2,2,2,8.53,4.093
1,2,2,17.11,1.203
1,1,2,38.7,0.875
2,2,4,39.9,4.374
1,1,2,17.11,0.69
2,2,1,5.84,3.509
1,3,1,63.12,1.966
1,1,2,9.63,0.507
1,1,2,16.81,0.559
1,2,1,28.03,1.528
3,2,1,13.98,27.989
2,1,5,27.82,3.356
2,1,1,8.63,3.06
1,1,5,46.56,0.804
3,1,1,49.78,18.3
1,3,2,8.77,0.532
1,2,2,5.29,0.921
3,2,1,39.75,23.476
1,3,2,16.07,1.289
1,1,2,31.54,0.63
1,3,4,29.28,0.503
1,3,2,39.84,1.453
2,1,2,59.17,4.683
1,3,1,15.67,1.384
3,2,1,32.98,25.391
1,1,1,10.83,0.893
2,1,1,28.4,2.173
2,1,2,15.07,3.857
2,2,1,30.06,7.718
1,1,1,10.03,0.805
1,1,2,68.89,1.001
2,2,2,47.75,5.403
2,2,2,34.3,4.623
1,1,1,32.27,1.268
1,1,2,2.71,0.469
2,2,1,37.09,9.037
1,1,2,15.98,0.658
1,2,2,57.76,1.563
3,1,2,14.9,10.638
1,1,1,30.2,0.882
1,3,1,34.17,1.421
2,1,1,16.77,4.162
1,1,2,36.09,0.717
1,1,1,10.7,0.482
1,1,2,25.32,0.508
1,1,1,9.48,0.609
1,3,4,31.93,0.625
2,1,1,40.83,6.199
1,2,1,53.49,2.757
1,1,1,15.19,0.787
2,1,2,31.42,2.224
1,2,1,16.46,1.254
1,2,3,36.6,1.262
1,1,1,30.53,0.663
1,1,2,33.89,0.914
1,1,1,35.88,0.723
1,3,5,51.13,0.681
2,2,4,38.22,5.644
3,3,1,39.94,14.375
2,1,1,11.03,3.8
1,1,1,15.22,0.641
2,2,2,50.06,5.919
1,3,1,31.14,0.965
1,2,1,12.08,1.733
3,1,2,27.36,7.761
2,1,1,12.09,3.24
1,3,2,28.05,0.875
3,2,2,14.08,27.668
1,3,1,26.42,1.187
1,2,4,36.22,1.048
1,1,1,7.37,0.581
1,1,2,63.14,1.439
3,1,1,49.72,26.785
1,1,1,37.7,1.067
1,2,2,22.38,0.779
2,1,2,40.9,3.628
2,1,2,24.05,2.386
3,1,4,19.18,14.448
3,3,2,52.26,24.93
3,2,2,5.58,24.982
2,1,2,12.29,2.015
1,2,2,4.38,1.096
3,3,4,31.68,14.493
1,2,4,17.53,0.828
1,1,3,22.06,0.386
1,1,4,23.86,0.403
1,2,1,33.14,1.457
2,1,1,62.16,3.089
3,1,1,25.25,25.218
1,1,3,25.9,0.742
1,1,3,13.49,0.532
1,1,1,39.18,0.849
2,1,2,27.03,3.801
1,1,1,34.99,0.884
1,2,2,47.19,1.119
2,3,1,9.07,4.007
1,1,1,37.82,0.707
1,2,4,12.23,0.645
1,1,1,41.36,0.644
1,2,2,13.56,0.928
2,1,2,9.42,2.3
1,3,4,21.9,0.497
1,1,4,47.76,1.04
2,1,1,13.71,2.308
2,2,1,12.29,11.753
1,2,3,15.38,1.067
2,1,1,24.81,5.852
1,1,1,38.34,0.943
1,2,4,33.98,1.034
2,3,3,23.79,4.38
1,2,1,28.93,1.436
1,1,3,34.26,0.557
2,3,2,5.68,4.11
2,2,1,16.91,7.064
3,2,2,22.52,36.359
2,1,2,23.41,3.266
1,1,1,13.83,0.462
2,1,2,31.15,3.75
1,2,3,25.21,1.082
2,1,2,45.05,5.184
1,2,2,23.51,0.747
1,1,3,9.05,0.677
1,3,3,41.58,0.835
2,1,1,10.23,3.023
1,3,2,33.41,0.56
1,2,2,45.16,2.1
2,2,3,11.88,5.162
2,1,5,31.24,2.149
1,1,2,6.02,0.472
1,3,1,29.86,1.645
3,3,1,42.86,13.635
1,2,2,28.93,1.02
1,1,2,18.17,0.591
3,2,2,27.18,22.712
1,2,3,33.73,0.8
1,2,2,16.18,0.595
1,1,3,28.73,0.83
1,2,1,3.7,1.222
1,2,1,32.0,0.963
2,3,2,40.13,7.77
1,3,4,5.12,0.499
2,1,5,25.71,1.726
2,2,2,21.64,4.919
2,2,3,36.36,4.801
1,2,1,16.79,1.345
2,1,3,33.94,2.498
1,2,3,31.55,1.234
2,1,2,6.22,2.676
1,1,1,17.02,0.437
2,1,3,15.19,1.916
1,2,1,21.45,1.099
2,1,2,35.26,3.736
1,2,3,3.15,1.617
1,3,5,29.67,0.431
2,2,2,27.1,7.571
1,3,1,68.67,0.673
2,1,4,12.12,2.098
2,1,2,14.65,2.777
2,1,4,17.37,2.574
2,3,1,14.9,5.148
2,2,2,20.72,5.915
3,1,2,26.84,12.519
1,3,1,18.64,0.644
1,2,4,30.79,0.88
2,3,1,74.97,6.727
1,1,1,22.49,0.846
1,3,4,10.35,0.705
1,1,3,4.05,0.508
1,1,1,37.11,0.918
1,1,2,12.08,0.897
2,2,1,7.6,6.411
2,2,1,68.77,15.742
2,1,1,28.17,3.252
1,1,2,12.2,0.587
2,1,3,59.09,3.031
2,1,4,16.83,2.632
1,3,4,28.91,0.632
1,3,4,16.09,0.869
1,1,4,9.33,0.404
3,3,1,13.59,11.9
1,2,2,22.45,1.637
1,1,1,21.96,0.553
1,2,2,51.69,0.615
1,1,1,16.84,0.861
1,1,5,9.08,0.392
2,2,1,23.22,5.318
1,3,2,36.12,0.83
2,1,3,65.92,6.95
1,2,2,12.66,0.842
1,3,4,33.24,1.298
2,3,5,25.24,1.681
2,1,3,67.68,2.911
2,1,2,15.03,2.163
1,1,1,8.34,0.548
1,1,1,17.65,0.832
2,3,1,42.87,6.618
1,1,1,43.17,0.832
2,3,2,43.05,6.033
1,1,4,41.74,1.15
1,1,1,38.82,0.684
2,1,2,23.44,2.39
2,2,5,52.88,7.651
2,1,3,10.92,2.236
2,3,4,41.94,2.229
1,1,1,61.16,0.994
2,3,2,39.9,4.528
3,1,2,17.09,10.728
1,2,1,48.45,1.299
1,1,3,34.44,0.808
3,2,1,28.9,25.137
1,2,2,71.61,4.027
3,1,2,31.58,17.984
1,1,1,43.9,0.717
2,1,2,31.63,2.768
2,2,3,9.85,3.43
2,3,1,51.8,6.145
2,1,2,25.79,3.018
1,1,2,61.25,1.597
2,1,2,2.59,2.228
3,2,3,13.47,21.49
3,1,3,42.84,14.789
3,2,1,26.31,25.457
2,2,1,45.46,4.67
2,2,3,6.11,6.627
1,2,1,61.48,1.703
2,1,3,27.57,4.576
2,3,2,12.86,2.885
1,1,1,15.45,0.72
1,3,1,42.97,2.204
2,2,1,6.75,4.095
1,2,1,41.61,1.778
1,3,2,17.59,0.586
1,3,3,8.95,1.099
2,1,4,30.76,2.741
3,2,5,21.37,12.383
2,1,2,37.35,3.063
3,1,3,38.48,11.941
2,3,3,33.22,3.856
1,3,1,18.57,0.82
1,2,2,39.17,1.21
1,1,3,20.17,0.387
1,2,1,8.92,1.256
1,3,1,50.07,1.174
1,3,1,30.41,0.757
3,3,2,24.78,18.137
2,2,2,45.31,4.393
1,1,1,40.16,0.463
3,1,2,5.31,11.183
3,1,3,7.46,11.562
2,1,3,19.34,3.724
2,1,2,31.97,5.402
3,2,3,19.34,21.154
2,3,3,50.78,4.803
2,2,4,12.11,2.903
1,1,2,41.57,0.562
1,1,2,17.85,0.52
1,3,1,47.91,1.172
1,3,4,28.06,0.532
1,3,2,12.48,0.538
1,3,3,39.4,0.668
1,1,1,8.96,0.659
1,2,2,49.65,1.099
1,1,1,30.41,0.646
2,1,2,23.28,3.486
2,1,1,20.97,2.537
2,3,2,27.2,2.677
1,1,2,13.47,0.369
2,1,2,25.85,2.511
1,3,1,14.66,0.627
1,1,3,15.65,0.583
1,2,4,33.12,1.329
3,2,2,13.11,27.585
3,1,2,16.56,15.931
2,1,2,9.98,3.176
2,1,2,64.51,5.253
1,2,5,12.55,0.613
2,2,2,26.19,6.634
1,1,1,5.55,0.438
1,2,1,57.32,2.588
3,1,1,40.25,17.425
3,2,1,8.92,33.009
1,2,3,4.96,0.593
1,3,1,11.61,0.743
1,1,1,32.2,0.68
1,2,2,10.68,0.696
1,1,4,34.47,0.82
2,1,1,40.6,3.703
1,1,1,5.92,0.741
1,1,1,6.13,0.76
1,1,1,8.29,0.668
2,3,1,9.21,5.192
1,1,1,23.0,0.685
1,3,2,29.76,1.004
2,1,1,43.62,4.54
2,2,5,13.02,3.851
1,1,1,16.15,0.404
2,3,3,25.04,4.06
1,1,2,10.39,0.692
2,1,1,39.84,4.363
1,1,1,49.56,1.702
3,2,2,37.73,18.664
3,3,3,17.31,16.123
2,2,4,6.41,3.536
3,2,1,20.77,30.881
1,3,2,13.7,0.768
2,2,2,17.38,5.152
1,1,4,33.7,0.423
1,1,2,54.49,1.673
1,2,2,30.97,1.095
2,3,4,30.91,2.98
2,2,1,34.48,5.7
2,1,2,4.07,4.742
1,1,1,7.34,0.503
3,1,3,41.15,20.275
2,3,4,37.9,3.119
2,1,1,25.44,3.217
1,3,4,34.01,0.818
1,1,5,17.34,0.45
2,2,1,21.13,9.28
3,2,2,20.37,20.102
1,3,1,29.2,0.809
1,2,1,38.03,1.926
1,2,2,26.12,0.874
1,1,1,22.64,0.677
2,1,2,37.7,2.802
1,2,1,7.22,0.875
1,1,2,24.54,0.569
2,2,1,26.21,9.259
1,2,3,4.5,0.97
1,1,1,58.65,1.119
2,1,1,35.91,6.341
1,1,1,6.29,0.631
3,1,1,5.21,13.98
2,1,1,10.87,3.881
3,1,1,11.47,17.179
1,1,2,26.08,0.947
2,1,2,21.16,3.833
1,1,1,38.23,0.701
2,1,1,46.72,4.16
1,3,3,42.96,0.704
1,2,1,62.22,1.773
1,1,1,22.61,0.494
2,2,1,40.45,12.049
2,2,2,44.7,3.781
1,2,4,35.19,0.806
2,2,2,9.11,3.412
2,3,1,23.46,4.955
1,3,3,26.66,0.774
1,1,1,39.51,0.581
2,2,2,14.67,4.948
2,1,2,34.06,5.274
2,1,2,47.21,5.895
2,3,1,9.83,5.647
2,3,1,41.13,4.929
1,2,1,24.8,1.444
3,1,3,15.35,19.401
1,1,1,45.94,1.141
2,1,4,57.88,5.209
2,2,1,53.75,8.939
2,1,1,31.66,5.402
1,2,2,12.46,0.927
1,3,2,28.81,1.194
1,1,2,39.68,0.622
2,3,3,21.16,5.124
1,1,2,16.76,0.398
1,1,1,33.83,1.045
3,1,1,24.18,17.136
1,1,4,73.08,0.822
1,2,2,10.17,1.11
1,2,3,6.13,1.083
2,2,2,83.14,10.666
1,1,2,32.53,0.567
2,2,1,10.22,5.597
1,2,2,32.47,1.5
1,1,1,15.54,0.709
1,1,2,14.39,0.421
1,2,2,10.41,1.225
2,3,2,14.45,2.649
1,3,3,11.95,0.765
1,3,1,66.38,2.443
1,1,3,36.77,0.394
1,2,1,25.07,1.139
1,1,2,52.6,0.872
1,1,3,3.03,0.564
3,1,2,27.44,19.879
1,2,1,35.67,1.143
1,2,1,10.33,0.954
2,2,1,35.11,5.583
1,2,1,6.08,1.182
2,1,3,23.2,3.003
2,1,3,24.68,3.07
2,1,2,12.23,3.115
3,1,3,61.41,13.548
2,1,2,22.52,5.269
1,3,1,13.23,0.767
3,3,4,26.03,16.054
1,3,2,36.0,0.738
1,1,1,25.24,0.616
2,2,3,4.31,4.812
2,3,4,34.86,2.94
3,1,2,9.6,19.534
1,1,2,9.14,0.526
2,1,3,19.19,2.416
1,3,1,26.41,0.623
2,2,1,25.3,6.433
2,3,1,16.05,4.96
1,1,1,20.62,0.669
2,1,1,53.28,5.286
1,2,2,26.65,0.822
1,1,2,34.35,0.793
3,3,5,4.99,10.55
2,2,3,30.74,2.563
1,2,2,19.2,0.6
1,1,1,8.65,0.624
1,2,1,35.9,1.27
1,3,1,22.5,0.564
1,3,1,13.36,0.767
1,2,1,11.3,1.164
1,2,2,20.14,0.869
2,2,2,16.62,7.915
1,1,1,44.15,1.002
2,3,3,56.53,6.398
3,1,2,2.43,9.934
1,1,1,12.75,0.838
2,3,1,12.51,5.298
1,2,2,43.53,0.712
1,2,4,14.92,0.687
2,1,1,57.56,7.635
1,3,3,16.38,0.389
1,2,1,27.56,1.239
2,2,2,26.64,5.593
1,1,1,16.99,0.569
2,1,1,47.83,6.247
2,1,1,36.05,2.434
1,1,2,8.81,0.631
2,1,3,23.19,3.102
1,3,2,35.34,0.692
1,1,4,24.27,0.626
3,1,2,19.54,14.33
1,3,2,17.7,0.56
2,2,1,46.93,9.606
1,2,2,15.8,0.817
1,2,2,28.93,1.512
2,1,1,9.33,3.139
2,2,1,29.59,7.492
1,3,2,31.58,0.984
2,1,1,56.57,6.929
1,3,5,19.57,0.439
1,2,3,47.17,2.012
2,1,3,21.58,2.907
2,1,2,46.03,6.623
1,1,1,11.36,0.679
2,3,3,19.14,3.261
1,3,1,36.51,1.35
3,1,2,23.3,13.887
2,1,2,35.62,2.041
1,3,1,14.87,0.543
1,2,1,19.88,1.56
3,2,2,52.76,57.303
2,1,4,52.05,3.523
1,1,1,49.97,0.889
1,1,1,30.22,0.575
1,2,5,39.14,0.576
2,3,1,26.77,5.306
3,2,1,44.43,51.502
2,1,4,13.78,1.914
1,1,2,12.67,0.636
2,3,2,41.52,4.679
1,2,2,40.45,1.373
1,1,1,24.08,0.57
1,1,1,13.96,0.413
1,2,2,27.82,0.58
1,1,5,34.02,0.44
1,1,1,28.62,0.491
1,2,5,52.48,0.555
2,2,2,36.91,7.702
1,1,1,47.08,0.703
1,1,1,35.01,1.815
1,1,1,10.05,0.483
1,1,1,3.0,0.7
1,1,3,57.89,0.985
2,2,4,38.71,7.53
1,1,3,22.8,0.922
1,2,3,9.1,0.995
2,2,1,24.76,6.602
1,3,1,26.69,0.9
2,2,2,40.96,5.823
1,3,1,7.85,0.967
3,3,1,34.67,23.898
1,1,1,45.8,0.653
1,1,1,13.0,0.519
2,1,2,28.83,2.847
1,2,3,43.03,1.212
2,1,2,24.09,3.502
1,1,2,23.53,0.545
1,1,4,32.0,0.686
2,1,3,17.16,2.648
2,1,3,7.67,2.661
1,3,2,22.73,1.013
1,1,2,27.16,0.604
2,1,1,14.19,5.586
2,3,5,39.28,3.688
2,3,2,52.77,5.85
2,3,1,32.95,4.442
1,3,1,31.02,1.147
2,1,3,47.81,3.536
1,1,1,30.91,1.284
1,3,1,36.05,0.802
2,1,2,11.08,2.929
2,1,2,24.01,3.321
1,2,2,20.89,1.013
2,1,2,48.03,1.476
1,1,4,28.37,0.479
1,2,1,48.65,1.987
2,1,1,20.96,2.92
2,1,3,22.61,2.141
1,2,1,14.1,1.289
1,1,1,39.41,0.849
1,3,3,38.19,1.003
1,1,2,20.55,0.473
3,1,3,7.02,10.937
1,3,2,33.24,0.901
2,1,2,38.01,5.486
1,3,2,10.9,0.906
1,3,5,24.06,0.559
1,1,1,12.69,0.631
2,2,1,29.06,5.15
3,1,1,8.73,20.489
1,3,1,24.96,0.727
1,3,1,50.3,0.826
1,1,1,27.14,0.458
1,3,1,11.08,0.746
1,1,3,47.83,0.668
3,2,1,11.05,31.115
1,1,4,36.35,0.801
2,1,1,22.29,2.327
2,1,4,26.49,2.271
1,1,4,37.42,0.668
1,1,4,31.12,0.261
2,2,2,48.92,8.367
1,3,1,31.44,0.631
1,3,2,8.12,0.76
2,1,1,29.63,4.353
1,1,1,55.13,1.083
2,3,4,25.35,2.659
1,2,1,43.74,1.951
1,1,1,65.32,1.299
1,1,4,25.81,0.417
1,3,3,1.22,0.739
1,1,2,8.64,0.595
1,1,1,66.59,0.823
1,3,1,39.68,0.931
1,2,3,27.77,1.399
2,3,1,12.4,5.189
1,1,2,20.8,0.654
1,3,5,43.63,0.475
1,3,2,57.93,0.751
1,2,1,25.45,1.41
1,3,1,5.35,0.695
1,1,3,8.5,0.486
1,2,2,20.81,0.666
2,2,1,7.39,6.325
2,2,2,11.44,4.891
1,2,1,7.94,0.884
2,3,3,17.94,4.776
2,1,2,48.65,4.282
2,2,1,17.88,7.248
1,1,4,16.32,0.82
1,2,5,31.94,0.725
1,2,2,12.11,1.358
1,3,1,46.84,0.803
2,3,2,15.72,3.654
1,2,3,31.37,0.98
1,1,3,18.52,0.53
1,2,3,64.54,1.351
1,2,3,21.47,1.002
1,1,3,25.24,0.537
1,1,1,11.94,0.652
1,3,1,3.02,0.614
1,1,2,12.67,0.403
1,3,3,13.49,0.441
3,1,2,56.6,22.906
2,3,2,19.86,2.187
1,2,1,41.18,2.034
1,2,1,8.35,1.628
2,2,4,29.56,4.422
3,2,1,21.74,18.824
1,2,2,18.49,1.149
1,1,5,17.24,0.317
2,1,2,6.11,2.146
1,3,2,13.0,0.822
2,3,1,18.51,5.047
1,3,1,6.71,0.987
1,3,3,16.26,0.472
2,2,2,31.35,5.624
2,3,1,19.74,4.191
1,2,3,38.13,0.797
2,1,2,16.01,4.734
2,2,2,43.48,8.885
1,1,1,32.36,0.796
3,1,1,35.07,28.06
1,2,2,23.84,0.891
1,3,2,8.65,0.783
2,1,1,13.58,3.762
1,2,2,40.89,1.18
2,1,3,70.19,5.113
1,3,1,39.2,0.965
1,2,1,15.17,1.686
1,2,3,34.06,1.179
2,1,2,20.21,2.287
2,1,3,13.63,2.78
1,2,3,10.58,1.444
1,2,1,32.81,1.057
1,1,2,21.47,0.717
1,1,1,2.42,0.652
2,2,3,10.1,3.421
2,1,1,19.41,1.96
1,1,4,40.16,0.545
1,1,1,39.06,0.59
2,3,3,14.48,5.902
1,3,1,17.92,0.976
1,1,1,29.97,1.068
2,2,1,30.1,5.51
1,1,1,56.16,1.789
1,2,1,8.17,1.11
1,1,1,36.05,0.67
2,1,1,13.11,2.874
1,2,4,15.98,0.822
2,1,3,26.56,3.281
1,1,1,26.74,0.629
1,2,1,14.52,1.347
2,1,3,13.87,2.906
1,3,1,16.57,1.022
1,1,3,32.09,0.593
1,1,2,28.43,1.062
2,1,4,18.38,3.36
1,1,5,14.15,0.387
2,2,1,36.68,9.351
1,2,1,8.83,1.506
1,2,1,23.88,1.461
1,1,3,16.91,0.528
1,3,2,10.87,0.878
2,1,4,39.95,2.715
1,1,1,11.08,0.816
3,3,1,34.17,21.748
1,1,2,6.42,0.684
1,3,1,41.56,1.307
1,2,3,49.68,1.472
2,1,3,36.82,3.231
1,2,2,13.25,0.993
1,3,1,13.37,0.965
3,3,1,24.21,20.392
2,1,2,38.15,3.868
1,3,2,17.15,0.661
2,1,2,62.11,4.671
1,1,4,40.49,0.52
1,1,4,50.37,1.068
1,2,2,6.23,1.427
2,1,1,45.49,8.203
1,3,1,32.73,0.775
2,1,1,37.15,4.554
2,1,1,37.31,2.672
1,1,2,27.96,0.364
1,2,1,52.01,4.428
2,1,1,63.75,7.811
1,3,2,17.31,0.909
1,1,1,49.76,0.697
1,2,2,22.98,1.61
2,3,1,46.35,16.023
1,3,2,15.77,0.752
1,2,3,12.5,0.799
1,1,3,36.8,0.446
1,1,1,36.93,0.563
3,1,1,36.56,17.504
1,3,2,38.26,0.748
2,1,2,24.17,3.546
2,3,5,18.46,2.406
1,3,1,29.75,0.773
2,3,2,49.27,5.034
3,1,2,48.92,11.853
2,1,2,9.59,2.634
2,1,1,50.38,5.592
1,2,2,18.28,0.878
2,3,1,33.08,5.13
1,3,1,31.68,1.408
2,1,2,15.87,2.628
1,3,3,45.4,0.821
1,3,5,27.52,0.546
2,1,4,41.04,4.049
2,1,5,17.74,2.012
1,3,1,15.07,1.065
2,3,2,50.41,3.66
3,3,3,16.96,13.583
2,2,1,37.11,7.138
2,1,2,36.94,2.307
2,3,1,22.68,6.207
2,1,4,53.92,4.145
1,3,4,23.36,0.547
1,1,1,17.12,0.863
2,1,2,23.7,2.418
3,2,5,45.28,46.979
1,1,1,6.11,0.584
1,1,3,19.9,0.546
1,1,2,41.36,1.054
2,1,1,30.76,3.321
2,1,1,55.71,6.122
1,1,1,36.27,0.87
1,2,1,26.01,1.72
1,1,1,32.3,0.665
2,1,2,17.53,3.966
1,1,2,42.45,0.862
1,2,3,23.29,2.063
1,1,1,9.57,0.575
2,1,4,34.98,2.559
1,2,3,30.94,1.517
1,3,2,31.01,0.963
1,1,2,10.87,0.572
3,1,1,3.88,13.875
1,1,1,11.05,0.469
1,3,3,27.02,0.574
1,2,1,30.07,1.399
1,2,1,27.67,1.436
2,1,1,79.21,8.727
2,1,4,53.19,4.559
1,3,2,13.46,0.639
2,1,3,52.68,2.762
1,1,3,13.08,0.446
2,3,3,32.42,4.581
1,1,5,7.71,0.451
1,1,1,26.31,0.716
2,1,1,51.96,7.044
3,3,5,42.6,10.641
2,3,2,49.6,5.738
2,2,4,33.9,6.247
2,3,2,28.92,4.085
2,1,2,59.53,2.715
1,2,2,64.22,2.842
1,2,4,24.5,1.17
2,1,1,28.66,3.779
1,2,1,44.26,2.249
2,2,4,10.04,2.634
1,2,1,21.56,1.225
1,3,4,21.67,0.552
1,1,1,36.74,0.617
2,1,5,17.79,1.753
1,3,1,69.5,2.402
2,2,1,23.56,6.021
1,1,1,7.51,0.749
1,2,3,12.02,0.884
2,3,1,33.51,7.39
1,1,2,9.52,0.43
2,1,1,33.59,5.256
1,2,1,69.95,3.627
1,1,2,16.48,0.791
1,3,3,4.12,0.615
2,1,2,18.95,2.503
1,2,3,18.42,1.303
1,2,2,42.72,2.203
2,1,1,16.88,5.266
3,1,4,38.11,21.146
2,1,1,35.35,5.66
2,2,1,25.55,5.625
1,1,2,16.76,0.51
1,3,3,13.88,0.749
2,2,1,13.37,7.087
2,1,1,48.07,6.574
2,1,3,25.59,3.389
2,1,2,23.58,4.14
2,3,1,68.56,11.447
1,3,3,48.08,1.252
1,2,4,13.31,0.727
3,2,2,22.93,42.129
1,1,3,32.89,0.417
1,2,1,10.1,1.235
1,3,4,8.79,0.454
2,1,1,48.48,8.042
2,3,5,10.88,2.932
2,1,3,37.92,2.229
1,1,3,10.31,0.446
1,3,5,26.22,0.57
1,2,3,27.81,0.813
2,1,1,27.59,3.32
1,1,4,49.08,0.588
2,1,2,16.73,3.775
1,1,4,38.51,0.409
2,3,1,52.14,8.05
1,2,1,44.88,1.511
2,1,1,40.56,5.439
2,3,2,10.52,3.794
1,1,1,39.55,0.929
1,1,2,24.64,0.612
1,1,2,58.08,1.116
1,1,5,41.15,0.344
2,1,1,29.01,3.867
1,2,2,10.84,1.226
2,1,5,38.85,3.102
1,1,3,8.39,0.522
2,2,1,31.22,6.188
1,2,4,57.54,2.132
1,3,3,37.16,0.927
1,3,1,16.04,1.071
2,1,1,12.69,3.513
1,1,3,53.89,0.702
2,2,4,34.2,4.753
1,1,4,21.07,0.217
3,3,2,32.26,27.266
2,3,2,57.23,4.362
2,2,2,16.49,4.386
2,3,1,30.17,7.228
1,1,5,35.52,0.617
2,2,3,18.24,3.453
1,2,1,7.32,0.973
2,2,3,3.75,3.034
1,1,1,36.87,0.542
1,1,4,29.25,0.499
2,1,2,8.61,2.923
1,1,1,22.64,0.918
1,2,2,13.44,0.718
1,1,2,29.23,0.608
2,3,3,4.08,2.719
1,2,2,35.79,0.9
1,1,3,10.36,0.616
3,1,2,39.17,33.571
3,1,4,22.91,5.982
1,2,2,8.16,1.21
1,1,2,40.73,0.622
1,3,2,61.5,1.794
3,2,2,38.25,41.34
1,1,3,7.54,0.433
1,2,1,4.67,0.859
1,3,1,26.84,0.684
1,3,1,60.85,0.982
1,3,2,12.04,0.778
2,3,1,45.42,10.59
1,1,5,52.03,0.835
1,2,1,30.22,1.462
2,2,5,30.34,2.852
1,3,3,18.77,0.488
1,3,1,16.99,0.829
1,2,1,44.8,1.661
2,1,2,36.14,3.237
1,2,3,30.44,1.193
2,3,2,9.54,3.13
1,2,2,19.23,0.736
1,1,3,44.07,0.434
1,1,1,10.47,0.575
1,2,2,7.98,0.953
1,3,4,32.92,0.817
2,1,1,14.02,2.907
1,2,3,24.02,0.775
1,1,1,25.8,0.805
3,1,4,39.67,15.904
1,1,4,26.56,0.283
1,2,1,29.31,0.99
1,3,5,12.44,0.59
1,3,1,22.18,1.307
3,2,2,19.57,35.966
3,2,1,11.95,42.243
1,3,2,13.5,0.645
3,3,2,18.07,14.946
1,2,1,33.2,1.308
3,2,4,13.28,19.196
2,2,2,13.64,4.414
1,1,1,11.81,0.717
1,1,2,40.11,0.931
2,3,2,36.0,4.911
1,2,1,28.76,0.882
1,2,1,36.46,1.219
2,1,3,26.33,3.284
1,2,4,15.3,0.904
1,1,2,10.51,0.466
1,1,2,75.14,2.066
2,3,1,27.51,3.68
1,3,2,6.06,0.777
1,3,2,56.7,1.194
1,1,1,6.2,0.663
1,2,1,35.1,1.087
2,1,2,27.09,4.492
1,1,1,30.97,0.948
2,1,1,27.96,3.818
1,2,5,14.18,0.692
2,1,1,60.84,7.117
1,1,3,24.58,0.508
2,1,4,5.27,2.683
1,1,3,32.25,0.94
2,3,1,19.78,4.248
1,1,1,12.79,0.727
1,2,1,20.56,1.23
1,1,1,7.9,0.547
1,1,1,1.82,0.703
1,1,1,37.39,0.502
2,3,1,8.47,3.846
2,3,3,13.01,4.07
2,3,2,59.36,8.096
3,1,1,51.21,48.788
1,2,1,22.44,1.665
1,3,5,44.07,0.481
2,1,2,24.9,4.247
1,1,1,50.1,1.308
1,1,1,48.76,0.863
1,3,2,28.0,1.547
1,1,4,23.42,0.526
1,1,4,52.39,0.591
1,2,2,31.79,0.886
1,1,1,9.58,0.812
2,1,1,55.04,6.751
3,1,1,32.7,14.499
1,2,1,19.14,1.349
1,1,4,34.32,0.623
1,2,4,27.4,0.897
1,1,1,10.17,0.632
1,2,1,26.0,1.148
2,2,2,28.27,6.382
2,2,1,10.5,7.286
1,2,4,66.19,1.666
2,1,2,22.25,4.292
2,3,4,26.0,2.437
2,2,1,13.49,5.068
1,1,1,52.47,1.781
2,2,2,22.54,4.119
2,1,3,23.58,2.604
1,2,1,18.25,1.423
2,1,1,17.18,4.158
2,2,3,33.74,5.235
1,3,1,14.41,0.841
1,2,1,24.71,1.173
1,1,1,11.65,0.695
2,3,3,42.51,4.54
1,2,3,12.54,1.082
1,1,1,5.28,0.37
1,1,1,20.52,1.115
2,1,4,18.84,2.505
2,1,3,27.27,2.378
1,1,2,14.45,0.647
1,3,2,37.13,0.663
1,1,4,52.25,0.841
1,2,1,28.88,1.157
2,2,1,13.9,4.23
1,3,2,31.86,0.672
2,1,1,24.49,2.502
2,1,1,45.76,7.148
2,3,3,39.78,5.431
1,3,1,16.92,0.632
1,2,2,36.32,0.968
1,1,1,65.32,1.108
3,3,4,25.38,27.621
2,2,2,58.13,14.801
2,1,3,6.98,3.338
2,3,3,20.28,5.259
1,1,3,55.38,0.868
2,1,1,15.85,4.348
2,2,4,49.18,3.47
1,3,2,15.24,0.491
3,3,1,14.69,18.172
2,1,2,34.57,2.124
3,1,3,25.08,21.906
2,2,2,11.67,4.354
1,2,2,45.52,1.52
1,3,1,28.36,0.833
1,2,4,32.01,0.95
2,1,2,22.55,2.642
1,1,2,60.12,1.054
2,1,3,10.92,3.421
1,2,2,10.96,1.128
1,1,1,40.48,0.594
1,2,5,48.41,0.71
2,2,1,34.05,7.87
1,1,1,28.54,0.639
1,3,2,62.65,2.225
1,1,2,65.1,1.924
1,1,1,64.11,1.793
3,1,1,36.2,18.503
1,1,2,43.87,0.687
1,3,4,39.48,1.108
1,3,5,23.91,0.422
1,1,3,27.31,0.601
1,1,1,23.49,0.615
1,1,2,30.42,0.629
1,1,1,29.25,0.659
1,1,1,30.5,0.771
1,1,1,45.94,1.275
2,3,1,27.58,4.819
1,2,1,5.87,1.012
2,3,1,38.35,4.626
2,1,1,58.42,6.03
2,1,4,31.12,3.112
1,2,4,69.24,0.663
2,3,1,19.47,3.871
2,1,2,32.87,5.611
3,1,2,28.7,22.757
2,2,2,55.7,13.268
1,2,2,37.79,1.567
3,2,1,31.99,33.496
2,3,2,13.82,3.879
1,3,2,20.36,0.74
1,1,2,25.55,0.86
3,2,4,53.83,35.617
1,1,4,51.94,0.558
2,2,1,67.36,14.922
1,3,2,30.39,0.716
2,1,1,34.39,4.274
1,1,2,56.17,0.545
2,2,4,18.77,3.541
1,1,2,28.6,0.529
3,1,4,16.84,8.315
1,1,3,32.32,0.485
1,3,1,6.25,0.991
1,3,2,40.76,1.29
1,2,2,47.17,1.59
3,2,1,23.86,33.028
1,1,1,30.86,0.639
1,3,2,10.88,0.938
2,1,3,17.77,2.119
1,2,4,23.12,0.759
1,2,2,20.53,1.39
2,1,1,40.67,8.901
1,1,4,34.97,0.502
2,2,2,53.25,5.021
2,2,4,34.14,5.568
1,2,1,10.68,1.011
1,1,3,13.72,0.64
2,3,1,70.86,8.342
1,2,4,47.14,0.833
2,2,5,33.79,5.488
1,1,2,24.33,0.766
1,2,2,22.29,1.161
2,2,2,12.13,6.025
1,1,3,48.12,1.217
1,1,3,18.57,0.469
1,2,1,21.48,1.236
2,2,1,21.76,4.202
2,1,1,18.53,1.973
1,3,2,21.49,0.978
1,3,1,20.28,1.073
3,2,1,23.64,19.496
1,1,5,26.8,0.272
1,2,2,21.48,1.866
1,3,2,50.06,0.916
1,1,2,54.06,0.74
1,1,2,39.91,0.806
2,2,1,41.82,5.839
2,1,1,42.15,5.989
1,2,3,4.36,1.026
1,3,4,14.85,0.38
1,1,2,11.19,0.897
1,2,4,12.26,0.888
2,2,1,24.74,5.223
1,2,1,1.61,0.931
2,1,2,50.85,2.544
1,2,1,10.65,1.092
1,2,1,11.21,0.822
3,1,2,21.39,18.071
1,3,1,46.62,0.942
1,1,1,29.03,0.612
1,2,1,17.59,1.261
3,2,2,39.14,23.286
1,2,4,36.67,0.877
1,1,3,44.09,0.633
1,2,2,41.16,1.224
1,1,1,16.86,0.933
1,1,2,43.53,0.972
1,1,2,13.67,0.472
2,2,1,43.12,6.591
2,2,3,2.01,5.093
1,1,2,20.99,0.425
1,1,5,13.48,0.256
1,3,1,34.03,1.577
1,1,1,63.61,1.784
2,1,2,19.93,3.659
1,3,2,6.45,0.857
2,1,1,18.77,2.698
1,1,2,44.39,0.881
2,1,5,19.95,2.127
2,2,1,17.83,5.464
2,2,2,26.38,2.959
2,1,1,10.71,3.343
2,2,3,30.83,4.479
1,1,2,20.54,0.623
1,1,1,29.02,0.907
1,3,1,38.68,1.029
2,3,3,62.64,11.627
1,2,2,19.27,1.161
3,2,5,19.22,13.042
1,2,2,8.39,1.22
2,1,2,27.48,2.887
1,2,1,16.93,0.855
3,2,4,27.24,31.666
1,2,3,15.83,0.728
1,2,1,22.56,1.09
2,1,1,34.53,3.384
1,2,2,45.55,0.909
1,3,3,12.85,0.691
2,1,3,44.69,3.778
2,1,1,6.19,2.4
1,1,2,3.28,0.54
1,2,5,57.78,1.852
1,2,2,62.48,2.072
1,1,2,26.29,0.648
2,2,2,34.57,8.999
1,3,2,18.78,0.771
1,1,1,38.97,0.477
1,2,2,22.71,1.699
2,1,3,53.05,3.732
1,1,2,31.72,0.575
1,2,2,12.58,1.908
3,1,2,25.85,16.855
2,2,4,36.41,5.17
1,2,1,29.71,1.243
3,1,4,25.41,22.149
1,1,2,33.52,0.936
1,3,2,31.06,0.838
1,3,3,20.29,0.669
1,1,5,32.71,0.353
2,3,1,37.69,6.22
1,3,3,20.69,0.717
2,1,4,40.84,2.593
1,1,1,2.92,0.489
1,1,4,13.84,0.311
1,1,4,22.44,0.416
1,1,2,33.48,0.751
3,1,1,33.15,29.104
2,2,1,12.36,6.832
2,1,2,16.61,2.451
2,1,1,19.12,2.787
1,3,1,19.07,0.794
1,2,2,2.72,1.301
1,3,1,21.85,1.134
2,1,1,17.2,3.286
1,2,3,43.27,1.298
1,1,2,19.86,0.479
2,1,2,26.15,2.723
1,2,1,8.72,1.228
1,1,4,44.48,0.45
1,2,1,38.75,2.133
1,2,3,10.73,1.195
1,1,1,33.82,0.774
2,1,2,10.16,2.352
2,1,1,16.53,2.647
1,3,1,21.64,1.252
2,3,1,46.42,11.171
2,1,2,12.91,1.676
2,1,1,22.95,2.092
3,1,1,47.48,22.39
2,2,4,2.52,3.856
1,1,2,62.64,0.816
1,3,1,36.03,1.77
1,1,1,17.96,0.645
1,1,1,49.41,1.208
3,1,2,23.84,14.752
2,1,5,22.29,2.19
1,1,1,34.16,0.953
3,1,1,33.92,15.402
2,3,5,38.74,3.338
1,2,5,13.27,0.685
3,2,2,8.82,20.259
1,1,2,13.89,0.502
1,1,2,9.84,0.292
1,3,1,10.48,0.989
3,1,1,21.02,10.722
1,2,1,17.24,1.006
1,3,1,14.14,0.787
2,2,2,10.15,8.072
2,1,1,49.03,4.667
1,1,1,14.04,0.63
1,1,1,20.87,0.845
3,1,4,44.82,17.129
2,2,1,20.28,10.139
1,3,1,25.3,0.824
1,2,4,10.94,0.863
1,1,2,51.6,1.03
2,1,1,17.1,3.426
1,1,2,69.64,0.937
2,3,2,41.28,6.885
1,1,1,20.39,0.681
2,2,2,47.23,11.101
1,3,1,50.06,0.921
2,3,1,11.57,6.302
1,1,3,23.18,0.628
1,3,3,51.09,1.201
1,1,1,49.0,1.324
1,3,1,33.46,1.483
1,1,1,12.71,0.555
2,1,3,27.7,3.373
2,3,2,26.13,3.26
1,1,3,23.74,0.316
1,3,1,43.37,0.75
1,1,1,22.82,0.558
2,1,1,88.21,4.758
1,2,3,7.28,1.178
1,2,1,43.27,1.222
1,1,2,61.53,2.089
1,2,2,54.43,0.831
1,1,3,13.7,0.513
1,1,1,7.84,0.415
1,1,2,37.9,0.89
2,1,4,32.36,2.632
1,1,2,9.8,0.542
2,2,3,44.6,6.634
1,1,1,11.36,0.676
2,1,1,28.43,4.588
2,1,1,20.39,3.988
1,3,2,16.14,0.705
2,3,1,19.44,2.713
1,2,2,31.89,1.259
1,2,1,46.6,1.506
2,1,4,36.76,3.558
2,1,4,18.8,2.008
1,2,2,25.21,1.34
1,1,1,18.65,0.932
1,3,3,3.91,0.78
1,2,4,14.97,0.699
3,1,2,4.69,11.626
1,3,4,38.57,0.906
3,3,2,36.16,32.176
1,1,1,36.97,0.787
2,2,5,26.69,2.378
3,3,4,59.54,26.094
2,2,3,8.1,4.814
1,3,4,30.03,0.591
1,1,1,25.33,0.702
1,3,5,28.88,0.411
2,2,2,25.56,7.124
3,1,1,28.14,14.734
1,1,2,17.6,0.535
1,2,1,51.96,1.043
1,1,1,22.84,0.437
1,1,1,39.36,0.732
1,1,4,18.4,0.483
1,1,2,16.93,0.68
2,1,5,8.28,1.699
1,2,1,16.54,1.607
2,2,3,38.2,4.702
1,1,1,33.6,0.803
1,2,1,12.79,1.393
2,1,4,9.18,2.461
2,3,1,21.74,4.596
1,3,5,54.18,0.403
2,3,2,30.17,6.498
1,1,2,50.64,1.123
1,3,5,27.16,0.505
3,2,2,5.95,24.524
3,1,1,49.34,26.21
1,3,2,61.64,1.349
3,1,1,42.16,20.629
2,2,4,13.88,4.83
1,1,2,58.5,0.612
1,1,2,44.22,0.721
1,3,2,12.24,0.925
1,2,3,51.07,1.917
3,2,3,45.91,28.968
1,1,2,39.12,0.258
1,3,2,17.56,0.748
1,1,2,31.85,0.968
1,1,4,25.2,0.829
2,1,4,43.85,2.674
1,1,2,7.11,0.556
1,2,5,38.21,0.73
1,1,5,14.12,0.386
2,1,2,45.42,3.624
2,1,2,6.47,2.524
2,1,2,25.76,2.454
1,2,2,50.33,1.587
1,3,3,20.97,0.52
2,3,3,25.98,3.828
2,3,2,43.09,5.203
1,2,3,14.19,0.813
2,3,2,19.78,3.957
1,1,4,12.31,0.504
1,1,1,28.68,0.736
3,3,2,62.27,40.044
1,3,3,18.12,0.855
3,1,3,51.44,21.642
2,1,2,34.35,3.806
3,1,1,46.84,32.993
1,1,1,14.56,0.668
2,3,1,6.05,4.429
2,1,4,31.15,1.863
1,1,2,4.15,0.533
1,1,3,34.59,0.517
1,2,2,35.16,1.214
1,2,3,58.04,1.304
3,1,5,34.29,8.019
1,1,2,25.33,0.866
2,1,5,26.09,3.388
1,2,3,53.19,1.269
1,1,1,26.24,0.542
3,2,1,42.82,33.444
1,1,4,35.6,0.831
1,3,1,55.89,1.818
1,3,1,5.37,0.946
1,2,1,53.06,1.799
1,1,2,23.54,0.927
2,1,1,40.92,10.222
1,1,3,49.35,0.399
2,1,1,19.07,4.133
2,1,4,39.96,3.869
1,2,1,40.29,1.959
1,3,1,48.07,0.873
1,1,1,23.89,0.563
2,3,3,3.46,3.38
1,1,1,44.87,0.869
1,1,2,38.3,0.622
1,1,3,2.4,0.577
1,1,1,49.8,1.203
2,2,2,9.57,4.861
1,1,1,7.72,0.473
1,1,2,5.26,0.537
1,2,3,24.03,1.226
2,1,2,16.85,3.776
2,1,1,21.16,2.833
1,3,1,40.64,1.025
1,1,1,8.23,0.392
2,2,2,19.66,5.737
1,2,2,13.62,1.061
1,3,1,33.19,0.813
1,1,2,28.57,1.05
1,3,1,25.7,0.76
1,1,1,51.37,0.684
1,2,1,10.5,1.252
1,2,2,11.32,1.176
1,3,1,36.43,1.052
1,2,1,43.09,1.936
1,2,5,15.99,0.88
1,3,1,36.88,0.699
2,1,1,24.14,3.707
2,2,2,37.72,7.197
3,2,1,44.84,36.695
1,1,1,46.07,0.726
1,1,3,65.12,1.746
1,2,1,12.29,1.381
2,1,1,23.24,3.311
1,3,1,5.11,1.066
1,2,2,29.2,1.062
2,2,4,32.85,5.692
1,1,1,13.77,0.612
1,3,2,35.45,0.604
1,3,3,21.98,0.507
2,2,1,32.75,8.542
2,1,2,12.91,3.457
1,2,1,27.33,1.482
2,1,1,19.48,3.786
1,1,3,12.3,0.538
1,1,1,40.3,1.562
2,1,5,13.48,1.258
2,3,2,9.66,3.2
3,2,1,35.7,49.083
2,2,2,29.72,4.194
1,2,1,38.81,1.209
1,1,1,74.61,2.016
1,3,1,31.96,0.89
1,2,3,29.43,1.285
1,1,1,62.48,1.639
1,2,1,20.26,1.507
1,2,1,9.67,1.26
2,2,2,18.07,3.341
1,1,2,12.61,0.405
1,2,2,23.49,1.51
2,1,1,23.63,3.65
2,3,1,22.07,6.644
1,2,2,48.28,0.999
2,2,2,40.65,7.09
2,2,2,25.59,7.085
2,3,2,16.26,5.147
1,1,1,23.11,0.753
1,1,1,47.47,1.403
2,2,4,20.39,4.702
1,2,1,32.78,1.696
2,2,3,14.29,5.992
2,3,2,79.94,16.101
2,1,2,46.73,4.074
3,2,1,29.79,29.465
1,1,3,15.05,0.407
3,2,3,33.63,19.297
2,1,2,41.73,4.738
1,1,1,15.25,0.962
2,3,1,47.13,6.497
2,2,2,26.02,5.26
3,2,1,38.06,48.87
1,2,5,3.43,0.611
1,1,1,25.0,0.566
2,1,2,15.0,3.231
1,1,3,22.34,0.489
2,2,2,18.17,4.364
1,2,2,13.03,0.793
1,1,1,59.89,1.304
1,1,1,26.32,0.495
2,3,3,51.07,4.404
1,1,2,26.71,0.696
2,1,3,7.96,2.854
2,1,3,23.08,2.482
2,1,1,70.09,7.953
1,2,1,13.05,0.882
1,1,1,2.44,0.944
2,3,1,28.36,4.318
1,1,4,10.74,0.409
1,1,1,17.86,0.865
3,2,4,43.04,34.294
1,1,1,6.59,0.641
1,2,2,1.89,0.788
3,1,1,23.59,21.786
1,1,3,9.41,0.458
1,1,1,12.44,0.601
1,3,1,25.94,0.675
2,1,1,27.46,3.789
2,3,2,23.59,4.566
2,2,2,20.71,5.567
3,2,2,17.1,29.172
1,2,3,10.49,0.87
2,3,1,22.06,5.686
1,1,2,44.54,0.67
3,1,1,14.95,10.748
3,3,2,5.24,16.955
1,1,1,11.4,0.494
2,2,2,41.33,4.983
2,3,1,12.26,3.028
1,3,4,31.42,0.308
2,3,1,18.02,4.648
3,1,1,30.69,16.66
1,2,2,47.39,1.465
1,2,5,11.61,0.805
3,1,3,34.76,13.467
1,2,1,24.77,1.787
1,3,3,37.59,0.646
2,2,1,15.19,5.968
2,1,5,36.65,2.45
1,2,1,48.07,1.21
1,1,1,16.56,0.469
2,2,1,15.72,8.195
1,2,1,40.29,1.803
2,2,1,44.59,8.341
2,1,4,37.0,2.54
1,1,1,46.12,1.007
2,1,2,7.87,1.581
2,2,1,46.79,7.46
3,3,1,36.6,17.516
1,1,1,3.18,0.698
1,2,2,32.01,1.7
2,2,1,12.03,5.761
3,2,2,10.59,19.905
3,3,4,38.68,12.218
1,3,5,21.33,0.605
1,3,4,18.1,0.733
1,1,1,9.83,0.815
2,1,1,30.48,5.405
2,1,2,30.98,3.477
2,2,2,33.14,7.386
1,1,1,42.58,0.888
3,3,3,20.54,17.122
1,3,1,22.72,0.916
1,2,1,24.03,0.928
1,2,4,54.45,1.157
1,1,3,22.5,0.387
2,3,3,9.13,2.582
2,1,4,16.67,2.227
1,1,1,20.67,0.761
1,3,2,57.7,1.206
1,3,2,25.36,0.771
2,1,2,34.21,4.832
1,2,1,36.35,1.781
1,2,1,18.71,1.125
1,3,1,27.56,1.368
2,2,4,49.77,9.407
1,1,2,7.24,0.518
1,2,1,20.75,2.029
1,3,1,22.36,0.639
1,1,2,39.59,0.805
1,2,5,10.16,0.847
1,1,1,8.99,0.599
2,1,2,47.27,5.475
1,2,5,47.29,0.799
1,2,2,25.11,0.591
3,3,2,28.78,18.691
1,2,2,31.0,1.246
1,3,3,11.04,1.088
1,2,1,57.45,1.013
1,1,3,37.72,0.33
1,1,1,20.2,1.111
2,1,1,30.3,2.506
1,2,2,23.8,1.787
2,2,2,39.45,6.111
3,1,1,42.13,12.08
1,1,1,55.99,0.925
2,2,2,5.11,5.978
1,1,2,16.45,0.609
1,1,3,8.71,0.461
2,3,2,16.95,3.538
1,3,3,61.61,2.268
3,1,2,21.73,19.395
1,1,1,21.28,0.48
1,1,3,18.14,0.502
1,3,1,10.42,0.825
1,2,2,43.43,1.672
1,2,1,23.02,0.912
1,1,2,76.5,1.483
1,1,1,11.39,0.624
1,3,2,18.12,0.787
3,1,2,13.65,18.969
1,1,2,19.32,0.468
1,1,3,59.04,1.152
2,2,3,30.33,7.058
2,1,2,15.14,1.959
2,1,4,11.54,2.958
3,1,1,30.64,13.299
1,1,2,8.46,0.333
1,3,1,18.09,0.905
2,1,3,10.0,3.104
1,3,1,33.47,1.135
2,1,2,16.63,4.016
1,2,4,13.09,0.433
3,2,1,14.72,44.426
2,1,1,52.35,3.513
1,2,2,35.38,1.454
1,1,4,34.01,0.55
3,3,4,27.0,20.029
2,2,1,45.33,8.276
2,1,5,12.35,1.396
2,1,2,17.08,3.11
1,1,2,13.26,0.433
1,1,1,23.21,0.631
1,1,1,39.59,0.972
2,2,1,51.1,10.08
2,2,3,25.08,7.672
1,3,1,75.96,1.826
3,1,2,44.45,29.542
1,1,3,55.15,0.759
2,2,2,7.35,7.095
1,1,1,53.8,1.279
1,2,1,36.52,1.534
1,1,2,24.48,0.558
2,1,2,33.14,1.462
2,1,1,38.22,4.723
1,1,1,52.57,1.248
1,1,1,30.03,0.655
2,2,2,30.6,4.863
1,1,4,31.1,0.497
2,2,1,34.63,7.415
1,2,1,14.47,1.82
2,1,1,30.04,1.609
2,1,2,31.6,2.584
1,3,1,33.15,0.639
2,1,1,47.55,5.19
1,1,3,16.92,0.448
3,2,2,59.4,52.767
2,1,4,3.59,2.0
1,1,3,27.55,0.835
2,1,1,14.99,2.573
1,1,2,16.92,0.641
2,2,1,53.89,10.751
3,1,1,33.69,18.568
2,1,2,32.64,3.722
1,3,5,39.83,0.654
2,1,3,57.81,4.017
1,2,1,11.63,1.15
1,3,1,40.98,0.857
3,1,2,26.57,17.986
1,2,2,5.76,0.625
1,2,1,38.1,1.322
1,1,2,18.3,0.97
3,3,3,6.8,19.796
3,1,5,8.2,9.638
1,1,1,5.41,0.968
1,2,1,29.01,1.143
2,2,2,8.75,5.067
1,2,2,24.61,1.178
3,2,2,12.34,27.982
3,2,1,53.5,37.322
2,2,2,11.7,4.366
1,2,1,33.0,2.404
2,1,1,3.6,3.391
3,2,4,26.42,30.331
1,3,1,52.83,1.16
2,1,1,11.86,3.2
1,1,2,37.17,0.461
3,3,2,12.54,20.324
2,1,4,23.64,2.203
1,2,1,10.43,1.03
1,1,2,44.19,0.849
1,2,2,53.09,1.633
1,1,2,17.83,0.554
3,2,5,23.61,20.15
1,2,4,33.35,0.688
3,1,4,33.88,11.811
1,2,3,17.22,0.86
2,3,2,29.67,4.403
3,3,2,39.13,17.915
2,1,2,50.58,6.729
2,1,1,33.27,2.83
3,1,3,5.03,15.959
2,3,2,56.59,6.394
2,1,2,18.27,3.864
1,2,2,19.93,1.297
1,2,3,11.51,0.793
1,2,1,58.45,2.084
2,2,4,11.42,4.845
2,1,1,9.99,3.816
2,1,2,13.98,2.832
3,1,2,20.35,13.941
1,1,1,48.63,0.51
3,1,4,43.77,16.342
1,3,1,10.32,0.957
1,1,3,43.04,0.447
2,1,2,6.81,3.355
1,1,4,28.31,0.399
2,1,1,14.34,4.016
2,1,4,45.19,2.449
2,2,4,24.11,3.86
1,2,3,67.23,1.952
1,2,2,25.47,1.091
1,3,5,45.05,0.484
1,1,1,17.48,0.805
1,2,2,50.89,1.804
1,2,2,32.32,1.822
2,2,1,14.21,3.812
3,1,2,16.74,11.456
2,1,1,35.35,7.551
1,1,1,72.73,2.542
1,1,1,23.11,0.612
1,2,1,44.05,1.444
1,1,5,42.54,0.538
1,3,1,19.17,0.7
3,3,2,38.74,27.169
2,1,1,42.6,4.712
1,3,2,26.57,1.181
2,1,2,18.1,3.641
3,1,2,14.49,9.178
1,3,2,24.14,0.764
2,1,1,23.2,3.245
1,1,2,33.32,0.682
1,1,1,41.69,0.722
2,2,2,28.53,3.996
1,1,1,20.85,0.577
2,2,2,6.88,4.515
1,3,1,15.19,0.988
2,3,1,18.84,5.664
2,3,2,49.52,5.988
2,1,1,28.65,4.0
2,2,2,41.1,7.687
2,3,4,20.48,3.774
1,1,1,66.01,1.219
1,3,3,11.21,0.621
2,2,2,40.95,7.485
1,3,5,27.86,0.417
1,1,5,20.52,0.298
3,1,3,1.12,14.889
1,3,4,13.29,0.413
1,1,2,38.87,0.52
3,3,2,14.22,14.478
1,1,3,25.48,0.462
2,1,1,28.1,3.044
1,2,2,55.87,0.842
1,3,2,33.8,0.707
2,1,1,11.93,3.172
1,2,1,25.49,0.857
2,1,1,41.66,5.312
1,1,1,11.19,0.557
1,2,1,38.6,2.03
1,2,4,10.96,1.032
1,3,1,17.28,0.763
1,1,1,47.5,0.846
2,1,5,77.46,6.702
1,2,2,26.44,1.408
1,1,1,26.98,0.766
1,2,2,34.93,1.04
1,1,4,5.54,0.352
1,3,3,16.74,0.988
2,1,1,58.14,9.041
2,2,2,56.05,5.434
2,1,2,75.8,6.039
1,1,2,24.88,0.757
1,1,1,17.05,0.537
2,1,3,15.23,2.503
1,1,3,40.51,0.89
2,1,2,24.57,3.684
3,1,1,30.25,18.453
1,2,4,32.21,0.641
2,1,2,35.37,5.486
1,1,1,23.59,0.787
1,2,2,12.18,1.083
1,1,2,28.16,1.001
2,1,2,34.61,6.838
1,1,2,39.94,0.851
2,1,1,39.09,6.825
2,2,2,51.23,9.649
1,2,2,27.91,0.822
1,1,2,61.45,0.682
2,1,2,68.1,5.809
1,1,1,45.54,1.229
2,3,4,19.61,5.075
1,1,1,13.8,0.637
3,1,2,17.66,19.208
1,2,2,36.96,1.525
1,1,4,50.19,0.389
2,1,3,30.89,2.485
1,3,3,47.87,0.938
1,2,2,10.92,0.849
1,1,2,22.79,0.458
2,1,1,31.46,3.233
1,2,1,48.58,1.77
1,1,1,6.28,0.703
1,1,1,33.95,0.892
1,1,3,21.61,0.606
3,1,2,21.96,22.622
1,1,2,13.01,0.925
1,1,3,29.58,0.676
1,2,2,23.74,1.393
1,2,2,52.34,1.346
3,1,1,55.19,27.318
1,1,5,35.26,0.475
2,2,1,8.74,4.863
1,1,3,39.05,0.559
2,2,1,51.39,9.179
1,1,3,16.24,0.521
1,2,3,32.19,0.548
1,1,2,14.75,0.692
1,1,1,11.58,0.562
3,2,4,11.19,25.382
2,1,1,22.16,3.422
1,1,1,28.84,0.538
1,1,1,30.95,0.552
2,1,2,12.29,3.611
1,3,3,16.46,0.616
1,1,1,33.41,0.751
2,1,2,49.12,4.5
1,1,4,22.53,0.422
1,3,3,13.42,0.627
1,3,1,27.81,0.731
1,3,2,67.99,1.849
2,3,1,18.74,5.001
2,3,1,6.4,4.415
3,3,3,7.34,16.731
1,1,1,23.48,0.667
2,2,2,24.35,4.853
3,1,4,33.87,12.306
2,3,1,31.16,7.337
3,1,1,71.08,105.38
3,2,1,22.96,40.218
2,1,2,33.12,3.418
3,2,1,10.96,37.528
2,2,2,15.28,4.778
1,2,3,51.75,1.676
3,3,1,41.19,17.21
2,1,1,39.87,3.988
1,2,1,18.28,0.964
1,3,2,27.79,1.041
1,2,1,25.57,1.017
2,2,2,53.04,8.508
1,1,1,49.24,1.759
1,2,1,40.69,1.957
1,1,3,29.67,0.669
1,1,3,15.42,0.575
3,1,1,31.05,18.191
1,1,2,11.07,0.804
1,1,2,12.97,0.46
1,3,2,12.57,0.524
2,2,4,15.62,3.175
2,3,2,48.71,9.332
1,2,2,9.87,1.124
1,3,2,21.73,0.742
3,1,1,21.16,16.669
2,2,3,22.38,4.162
2,1,1,40.49,6.914
1,1,3,13.59,0.421
3,1,1,35.5,27.9
2,2,1,30.96,7.468
1,2,3,31.43,1.286
3,1,2,18.21,22.648
2,3,2,40.71,5.684
2,3,1,22.7,4.251
2,3,4,15.84,3.091
1,2,1,31.04,2.4
1,2,1,66.38,4.437
1,1,1,22.7,0.567
1,1,1,32.14,0.664
1,1,5,30.75,0.352
1,3,4,28.69,0.643
3,2,3,44.68,19.513
1,1,3,34.83,0.705
2,1,1,25.57,2.769
1,1,1,17.52,0.703
1,1,1,41.61,1.401
1,2,1,3.49,1.015
1,2,3,30.37,0.715
1,2,4,37.58,0.804
1,2,2,74.37,2.311
2,3,1,30.44,6.213
1,1,4,50.2,0.957
1,2,3,24.19,1.37
1,2,1,21.44,1.271
1,3,2,26.19,0.748
1,1,1,3.67,0.675
1,1,1,17.7,0.756
2,1,1,24.43,3.365
2,3,3,22.65,3.436
2,1,2,14.0,3.376
2,1,2,37.28,2.922
1,3,3,16.59,0.814
1,3,3,59.71,0.951
1,2,2,32.48,1.213
2,1,1,10.89,2.47
1,1,5,33.71,0.227
1,1,4,19.62,0.541
3,1,2,47.14,19.127
1,1,4,25.2,0.601
1,3,1,26.94,1.315
3,1,1,6.86,13.184
1,2,1,39.51,1.857
1,1,3,44.71,0.542
1,1,1,9.47,0.558
1,1,4,37.21,0.518
3,1,4,45.74,8.981
2,1,1,23.62,2.196
1,1,1,14.49,0.9
1,1,3,4.3,0.693
1,1,5,62.03,0.829
2,1,3,13.93,2.214
1,1,1,38.65,0.967
1,2,1,45.04,1.426
2,2,1,34.56,4.662
2,1,1,31.48,4.201
3,3,2,57.38,42.817
2,1,2,30.43,2.436
1,2,2,34.13,1.007
2,1,1,36.28,3.359
3,1,1,6.91,12.66
1,1,3,37.13,0.714
1,1,5,16.3,0.231
1,2,2,56.86,1.528
3,1,3,24.84,12.29
3,3,1,12.31,21.526
2,1,1,10.31,2.725
1,1,4,16.0,0.434
3,1,4,35.73,13.184
1,3,2,12.12,1.17
1,1,5,6.47,0.263
2,1,3,27.69,2.687
2,2,2,29.18,4.995
2,1,1,47.04,4.382
1,2,1,36.08,1.984
1,1,2,37.27,0.901
1,3,1,41.17,1.343
1,3,1,36.33,0.921
2,1,2,40.16,4.863
1,2,1,29.3,0.849
1,1,1,30.5,1.109
1,3,4,35.24,0.572
2,1,2,63.63,7.442
2,1,2,37.67,2.694
1,3,3,21.61,0.654
1,1,2,6.11,0.578
3,3,2,44.24,23.391
1,2,1,44.54,1.701
1,1,5,28.8,0.281
1,1,3,12.71,0.591
3,2,2,42.61,18.522
2,2,1,23.54,6.497
1,1,1,28.98,0.632
1,1,2,44.02,0.701
1,2,2,37.18,1.447
1,1,2,36.58,0.538
1,2,1,44.12,1.23
1,1,3,32.13,0.571
1,3,3,46.11,0.77
1,2,3,26.88,0.966
1,1,3,16.67,0.509
1,3,1,19.74,1.024
2,3,1,6.17,2.728
1,3,2,15.42,0.796
2,1,2,45.2,4.558
3,1,2,19.57,12.829
3,1,2,38.56,25.134
1,3,2,41.61,0.659
1,2,2,24.76,1.519
2,1,3,33.07,3.501
1,1,4,19.01,0.354
1,3,1,18.74,0.79
1,1,2,6.75,0.595
2,2,2,55.02,11.512
2,1,2,25.53,3.326
1,1,1,27.36,0.476
3,1,1,48.24,40.026
2,1,1,20.96,3.475
1,1,2,64.55,2.021
1,1,1,7.27,0.737
1,1,1,76.07,0.881
3,3,1,41.15,23.559
2,2,2,9.44,4.993
2,1,1,21.59,3.127
2,1,3,85.83,8.921
1,1,2,40.37,0.615
3,1,1,5.91,12.123
3,2,1,33.96,29.235
2,2,1,17.38,7.157
1,2,2,30.65,1.882
1,1,4,35.02,0.464
1,1,2,17.51,0.552
1,1,2,32.18,1.092
1,1,4,30.61,0.456
2,1,2,17.21,3.07
3,1,1,30.82,27.094
1,1,2,39.67,0.731
1,1,1,64.33,0.936
1,3,1,10.72,1.063
3,1,2,10.72,12.044
2,2,1,43.76,8.159
1,3,2,49.87,0.992
1,3,2,42.63,1.82
1,3,2,43.69,1.138
1,2,2,69.92,3.199
1,1,5,61.62,1.034
1,1,1,34.32,0.985
1,1,4,52.48,0.509
1,2,1,19.79,0.78
1,1,4,38.83,0.55
2,1,4,41.24,3.935
1,1,3,12.37,0.555
1,1,2,12.19,0.757
3,3,1,47.88,16.346
1,2,1,35.43,1.476
2,1,3,12.23,2.431
1,3,1,35.11,1.426
2,2,4,17.02,4.652
1,3,1,30.3,1.015
1,3,3,42.42,0.862
1,2,3,36.91,0.623
2,3,2,25.24,3.075
2,1,4,50.34,5.215
2,2,1,29.78,6.035
1,1,2,16.97,0.915
2,3,1,15.29,2.991
1,2,1,13.31,1.404
1,1,3,25.41,0.535
1,2,1,45.13,1.013
1,1,1,13.03,0.809
2,2,2,1.56,4.801
1,2,2,31.21,1.178
1,1,2,23.85,0.777
3,2,3,7.92,19.78
2,2,2,24.51,6.211
1,3,4,24.65,0.826
3,3,3,21.14,12.723
1,1,1,6.02,0.595
2,1,1,30.31,3.017
1,1,1,36.21,0.594
1,1,3,20.08,0.652
3,1,1,20.81,15.612
1,1,3,7.78,0.682
2,3,3,24.8,3.841
1,2,3,37.2,0.818
1,2,2,19.26,0.895
3,1,3,52.0,14.313
1,1,4,42.65,0.757
2,1,3,33.64,3.055
2,1,1,28.66,4.169
1,2,1,39.51,2.244
1,3,2,37.38,1.022
1,3,2,6.93,1.161
1,3,2,37.74,1.128
1,1,1,45.0,1.343
1,1,3,9.27,0.372
2,1,3,34.24,3.444
1,1,3,3.16,0.547
2,1,2,47.42,4.38
1,2,3,31.79,1.109
1,1,3,15.2,0.554
1,3,1,12.61,0.765
1,1,2,43.49,0.76
2,2,1,7.47,5.655
1,2,5,39.48,1.175
2,2,1,7.25,5.561
2,1,1,18.56,3.377
1,1,2,41.51,0.45
2,1,1,14.93,6.864
3,1,1,72.5,39.144
1,1,2,3.27,0.796
3,1,1,44.76,34.22
1,2,1,12.19,1.74
2,3,1,55.07,3.729
1,1,1,33.84,0.457
2,1,5,29.51,2.053
2,1,1,19.4,4.345
3,1,1,26.66,14.593
3,1,3,12.04,9.786
1,2,2,42.8,0.861
2,1,1,13.86,2.91
1,1,2,11.3,0.545
1,3,4,23.7,0.543
1,2,1,29.6,1.016
3,1,3,33.17,11.19
2,1,4,32.14,1.892
1,3,4,54.32,1.228
3,3,1,36.72,26.393
2,2,2,56.06,11.497
1,1,1,10.77,0.699
1,2,3,16.39,0.704
2,1,2,32.6,2.96
2,1,2,25.29,2.312
1,1,1,31.44,0.583
1,1,3,47.47,0.805
1,1,1,5.87,0.569
1,2,3,17.37,0.912
1,2,3,38.73,1.366
1,3,1,12.23,0.619
1,3,2,12.56,0.681
2,3,3,36.6,4.218
1,1,3,28.49,0.488
1,1,4,19.42,0.267
1,1,4,1.92,0.394
3,2,4,40.67,32.971
1,1,2,3.71,0.696
1,2,1,69.48,2.295
1,1,1,20.55,0.761
2,2,3,31.53,4.798
1,2,1,36.1,1.321
1,1,1,24.95,0.609
2,3,2,29.03,2.804
2,1,2,2.73,3.544
1,1,2,42.74,1.388
1,2,2,3.09,1.302
3,1,4,34.9,9.389
3,3,2,21.02,19.324
2,2,1,17.42,5.003
2,1,2,13.27,2.391
2,2,2,5.32,5.434
3,3,1,41.67,30.913
1,1,1,24.06,0.689
3,1,2,15.17,13.743
2,3,3,21.57,3.844
1,3,2,39.1,0.918
1,3,1,21.36,1.197
1,1,2,19.62,0.44
2,2,2,57.5,4.531
2,1,1,26.44,3.611
1,2,1,45.81,1.507
2,1,2,66.37,5.118
1,1,2,34.81,1.116
1,3,1,25.37,1.065
1,1,4,17.28,0.48
2,1,3,16.91,1.761
1,2,1,56.94,1.334
1,2,3,16.6,0.733
1,1,2,10.55,0.441
2,2,1,48.29,8.336
3,3,2,3.2,18.414
2,2,1,28.51,6.924
2,1,5,56.63,3.048
1,2,3,12.64,1.085
1,1,4,31.67,0.499
2,1,2,22.09,1.902
1,1,4,24.83,0.294
1,1,1,39.58,0.659
1,1,2,33.68,0.773
2,1,1,36.86,4.218
1,1,4,56.22,1.011
1,3,1,22.94,1.485
2,1,2,19.17,4.024
1,3,2,12.43,0.854
1,1,1,34.7,0.536
2,1,2,11.73,3.349
3,3,2,39.76,47.028
1,1,1,41.84,0.664
1,2,3,48.7,1.092
1,2,1,9.73,0.946
1,2,1,8.2,1.76
2,1,1,22.45,3.596
2,2,2,4.59,4.655
1,1,2,48.28,0.766
2,1,5,27.72,3.26
1,1,5,32.51,0.249
1,2,1,16.46,1.475
3,3,1,12.54,21.734
1,1,2,29.95,0.768
1,2,1,20.03,1.1
2,3,2,32.03,4.319
1,1,1,7.41,0.473
1,3,2,4.73,0.967
1,1,1,32.89,1.398
1,1,5,19.67,0.373
1,1,1,11.14,0.775
1,3,1,31.62,0.683
1,2,1,24.91,1.29
1,1,1,30.39,0.935
2,1,1,21.2,4.458
2,1,2,42.04,5.401
2,3,2,33.41,5.341
2,1,3,45.47,5.091
2,1,3,32.37,3.359
1,1,4,30.36,0.396
1,2,4,24.43,1.21
1,1,1,48.57,0.795
1,3,1,24.85,0.737
3,3,3,41.86,19.649
1,2,1,6.88,1.416
2,2,3,49.23,8.7
1,1,5,75.28,0.851
1,1,2,22.97,0.653
1,1,4,25.8,0.412
1,2,2,60.82,2.072
1,1,2,17.43,0.861
2,2,3,18.0,4.496
1,2,3,28.44,1.102
2,3,1,27.87,4.193
3,2,1,21.98,25.726
1,2,3,42.93,0.943
3,1,1,36.68,18.744
1,3,2,17.82,1.098
1,1,1,30.31,0.673
1,1,4,10.13,0.409
1,2,2,24.87,1.167
1,3,2,30.56,0.967
1,1,4,40.95,0.489
2,3,1,48.74,11.027
1,1,2,9.16,0.812
2,2,1,52.24,13.806
1,2,1,25.47,2.127
1,2,2,20.69,1.049
1,3,3,35.27,0.516
1,1,2,68.07,0.56
1,2,1,44.26,2.049
2,2,2,32.33,7.901
1,2,1,19.22,1.344
1,3,2,48.22,0.961
2,1,2,8.07,2.304
2,1,1,22.21,6.061
3,2,4,13.36,25.898
1,1,2,32.17,0.8
2,1,3,14.92,4.773
1,2,1,29.69,1.254
2,1,2,26.53,2.93
1,3,1,55.4,1.041
1,1,2,15.24,0.687
3,1,1,44.2,33.426
2,2,4,10.87,5.52
2,1,1,14.51,2.867
1,2,1,26.83,2.058
2,1,1,24.34,3.306
1,2,1,45.41,2.059
1,1,1,20.43,0.799
1,2,4,42.71,0.858
1,1,1,29.59,0.555
1,3,2,52.72,1.042
2,1,2,30.22,2.896
1,1,1,32.24,0.55
2,1,5,34.82,1.367
3,1,4,22.13,14.282
1,1,1,12.74,0.842
2,1,4,20.01,2.097
1,2,5,5.58,0.6
3,2,2,27.71,24.811
1,1,1,32.81,0.787
1,1,1,37.3,0.83
1,1,2,38.94,0.923
3,1,2,45.09,26.61
1,1,4,17.27,0.509
2,1,3,71.54,10.73
1,1,1,41.34,0.943
2,2,3,14.23,3.504
1,1,3,27.34,0.496
1,2,1,52.6,1.261
1,2,2,18.67,0.789
1,2,2,68.0,2.772
2,1,1,58.82,4.994
2,1,1,65.31,7.059
1,3,2,37.12,0.769
1,2,4,46.8,0.964
1,1,3,42.07,0.832
2,2,1,35.38,6.67
2,2,1,8.27,6.064
2,3,4,13.34,2.73
2,2,1,18.2,6.466
1,2,2,9.93,1.156
1,1,1,17.99,0.846
2,2,1,53.5,6.468
1,1,1,52.48,1.143
1,3,5,31.76,0.468
1,2,1,20.51,1.041
2,2,1,26.6,5.078
2,2,3,24.68,4.753
3,1,1,21.3,22.154
1,1,3,40.73,0.724
1,2,1,15.46,1.39
1,2,1,40.37,0.893
2,3,1,27.46,4.906
1,2,1,60.64,3.092
3,1,1,23.17,20.739
1,2,1,23.16,1.51
2,2,2,31.59,5.88
2,2,5,17.27,4.25
1,2,4,51.39,0.8
2,2,2,25.85,5.552
1,3,2,24.01,0.847
2,1,4,39.93,3.795
2,3,2,2.66,6.084
1,1,3,43.37,0.499
1,3,2,29.63,0.678
3,1,1,21.09,21.64
3,2,1,24.68,25.855
2,2,4,23.27,4.285
3,1,2,28.16,11.976
1,1,1,13.38,0.804
1,2,1,51.58,1.484
1,1,1,39.32,0.886
1,1,1,36.11,1.099
1,2,2,29.95,1.298
2,2,2,17.13,4.713
1,1,2,20.52,0.524
1,2,4,6.26,1.071
2,3,2,33.6,5.65
2,1,4,36.55,3.051
3,1,5,38.42,10.554
1,2,1,17.2,0.973
2,1,1,38.73,2.725
1,3,4,46.02,0.913
1,1,1,39.54,0.825
2,2,1,10.69,4.031
1,2,1,53.51,1.158
2,2,2,30.37,5.132
1,3,2,6.4,1.026
1,2,1,38.63,1.882
1,3,2,46.95,0.936
1,2,1,20.64,1.14
1,3,3,10.16,0.65
1,1,1,22.56,0.981
1,3,1,40.18,1.731
2,2,2,22.5,10.039
1,3,2,31.36,0.429
2,1,2,20.09,3.814
1,2,1,12.64,1.344
1,2,1,67.77,3.489
1,2,1,43.08,1.478
2,2,5,6.64,3.537
2,3,3,21.42,2.814
1,1,5,24.28,0.514
2,2,2,8.55,5.303
1,3,2,33.24,1.208
1,2,1,19.21,1.046
1,1,1,23.87,0.602
1,1,2,34.65,0.692
1,2,3,60.5,1.877
1,3,2,12.54,0.479
1,1,4,49.91,0.353
1,1,1,15.7,0.637
1,1,1,20.26,0.579
2,1,1,60.36,3.201
2,1,1,25.89,4.426
1,2,2,36.23,2.847
1,1,1,44.17,0.873
1,1,2,7.16,0.61
2,3,1,21.8,4.833
1,3,2,29.81,0.514
1,2,2,46.58,0.931
3,1,3,7.93,12.538
1,1,2,8.04,0.641
1,3,5,23.9,0.57
2,3,2,10.81,3.12
3,1,1,40.96,20.682
1,3,3,37.04,1.38
1,1,1,31.94,0.644
1,3,2,24.65,0.685
1,3,1,50.3,1.178
1,1,3,23.49,0.747
1,1,2,3.07,0.612
2,2,1,27.08,4.107
2,1,3,19.66,1.825
3,3,1,21.53,23.652
2,1,1,25.14,2.773
1,3,1,17.16,0.705
1,1,3,3.12,0.598
1,3,3,41.75,0.606
1,2,3,28.72,1.161
1,1,1,14.22,0.602
2,1,2,14.92,2.812
1,1,1,22.62,0.778
1,2,5,17.62,0.761
1,3,2,58.05,1.59
3,2,4,31.63,35.381
2,2,2,36.9,5.944
1,2,1,12.21,1.739
1,3,4,46.06,1.014
3,1,2,36.03,14.841
1,2,1,54.45,0.648
2,1,1,21.14,7.393
2,1,5,39.78,2.162
2,1,1,36.83,3.489
1,3,1,39.89,1.945
3,2,1,36.35,35.536
1,3,2,4.19,0.825
1,1,3,28.27,0.421
1,1,1,34.24,0.442
1,1,3,47.19,0.908
1,1,1,8.78,0.637
2,3,1,22.16,4.719
2,1,3,44.93,4.768
1,3,4,38.36,0.836
2,1,5,40.95,3.33
3,1,1,50.13,34.585
1,1,5,52.49,0.35
2,1,3,21.14,2.799
3,2,2,13.46,19.165
2,3,2,14.22,2.257
1,3,2,33.58,0.964
2,1,4,66.79,4.041
2,2,1,22.2,5.951
1,1,3,28.11,0.843
1,1,3,44.31,0.42
1,2,1,14.1,1.539
1,1,2,31.08,0.662
1,1,3,66.43,1.134
1,3,5,10.02,0.337
2,2,1,39.98,9.482
2,2,5,2.69,3.237
1,2,4,24.83,0.907
1,1,2,39.7,1.109
1,1,1,17.08,0.5
1,1,4,24.24,0.555
2,3,1,22.82,4.599
1,2,1,30.19,1.544
3,2,1,28.8,27.74
1,2,2,32.63,1.288
1,3,2,18.83,1.056
2,1,1,45.78,4.491
1,3,1,40.46,1.027
1,1,1,45.95,0.682
1,1,3,19.25,0.672
2,3,1,41.08,7.31
1,1,2,24.66,0.684
2,2,1,33.1,6.796
2,1,1,24.03,4.5
2,1,1,11.5,3.717
2,3,1,43.24,6.103
2,1,2,40.66,3.551
2,1,1,23.28,3.349
1,1,5,26.95,0.368
2,3,1,35.33,5.548
2,3,4,18.82,3.241
1,1,1,11.12,0.649
2,2,1,8.51,5.688
1,2,2,65.8,3.82
1,3,3,15.96,0.855
1,2,3,36.49,1.112
1,3,1,16.2,0.883
1,1,1,63.32,1.391
1,1,2,24.39,0.431
1,2,1,30.88,1.135
1,1,1,49.06,0.579
1,1,2,14.17,0.594
1,3,2,31.84,1.051
3,2,1,22.16,34.644
2,1,1,29.93,2.774
1,1,1,35.62,0.397
1,1,2,12.4,0.647
1,1,3,40.73,0.893
1,1,1,37.09,0.811
1,1,4,15.86,0.401
2,3,1,25.16,3.548
2,2,5,16.6,4.737
1,1,5,15.13,0.308
2,1,2,31.04,4.831
1,1,2,25.77,0.472
2,3,3,55.09,4.15
3,2,1,49.39,54.04
1,2,1,40.85,1.319
2,2,1,61.45,8.092
2,1,1,33.12,3.868
1,1,1,19.95,1.033
1,1,2,31.95,0.787
2,1,1,30.44,3.505
1,1,1,57.01,0.849
1,1,3,37.53,0.553
2,2,3,12.64,5.606
1,1,1,16.65,0.564
1,1,2,32.69,0.856
3,1,1,24.6,11.747
1,1,2,38.92,0.592
1,1,2,46.84,0.763
2,1,2,27.31,4.88
1,3,3,14.72,1.047
2,1,2,27.61,1.689
2,2,2,32.8,5.787
1,2,1,58.2,2.594
1,3,1,7.72,0.951
3,1,1,63.82,30.535
3,1,1,12.46,20.503
1,1,2,16.18,0.761
1,2,2,15.99,1.119
1,1,2,28.05,0.528
3,1,2,29.57,16.301
2,3,2,52.9,7.007
1,1,1,55.32,0.961
2,1,3,27.12,2.699
1,3,2,23.75,0.828
1,2,2,28.71,1.118
2,3,2,36.05,4.304
1,1,1,45.4,0.793
2,1,1,36.92,3.221
1,1,2,6.23,0.59
2,2,3,18.13,3.82
3,3,5,20.99,10.611
1,3,3,30.23,0.416
1,2,1,4.5,1.264
2,2,1,34.08,5.213
1,1,4,29.03,0.579
2,1,2,12.9,2.598
1,1,3,42.7,0.631
1,2,1,46.31,1.51
2,3,1,40.55,6.79
1,2,2,45.42,2.457
1,1,1,12.32,0.917
1,1,1,36.94,0.918
2,1,5,32.89,2.441
3,1,1,21.22,21.267
1,3,4,38.66,1.204
1,2,3,43.33,2.097
1,1,2,26.45,0.54
2,1,4,15.87,3.179
1,1,1,16.18,0.9
1,1,2,41.34,0.578
1,1,1,30.8,1.134
1,1,2,21.66,0.527
2,1,1,29.26,3.505
1,1,2,30.93,0.704
1,1,4,11.46,0.441
1,1,3,23.89,0.534
1,1,1,23.64,0.824
1,2,3,21.65,0.881
1,2,2,20.99,0.928
1,1,3,24.37,0.674
1,3,1,16.91,1.03
1,2,2,35.61,1.719
2,2,1,22.28,5.318
1,1,2,62.44,1.172
1,3,1,50.09,0.675
2,2,1,17.09,6.144
1,2,1,27.19,1.67
1,2,2,23.02,1.126
2,3,2,33.84,6.623
1,2,2,16.26,1.382
3,3,1,48.31,29.471
1,1,2,10.19,0.549
2,2,1,19.37,5.534
2,2,2,14.74,4.754
1,1,4,45.72,0.487
1,1,1,31.04,1.05
2,3,2,9.76,2.559
1,1,1,5.13,0.438
1,2,3,22.03,0.874
3,1,1,24.96,19.601
2,2,3,30.05,4.619
3,3,1,8.87,23.93
2,3,1,13.68,4.234
2,2,2,40.72,6.487
2,1,1,28.92,4.634
2,1,4,17.44,2.896
2,1,2,44.77,4.167
2,1,2,7.75,2.762
1,1,2,15.53,0.397
1,1,4,2.13,0.415
1,1,1,35.77,0.774
3,1,2,12.98,13.636
2,2,1,27.95,4.66
1,3,4,58.39,1.042
1,1,5,63.19,0.648
1,1,1,13.93,0.429
1,1,2,36.73,0.447
2,1,3,26.65,2.514
2,2,1,27.91,9.167
1,2,4,16.67,0.701
1,2,2,32.57,1.265
1,2,3,22.74,1.177
1,1,2,41.28,0.756
2,3,3,20.22,3.11
2,3,1,15.03,4.055
2,2,2,24.33,6.213
1,3,4,38.48,0.809
1,3,2,67.76,1.88
3,1,1,41.59,23.279
3,3,3,29.96,32.421
1,2,3,4.72,1.163
2,1,4,22.75,1.965
1,1,2,31.06,0.73
1,2,1,8.18,1.241
3,1,2,24.55,14.164
3,2,1,50.5,62.32
3,1,2,28.52,17.1
1,1,1,36.18,1.127
1,1,1,11.8,0.572
2,3,3,7.37,3.243
2,3,2,11.03,4.495
1,3,2,33.59,1.261
1,2,3,0.82,1.19
1,3,1,13.87,1.045
2,1,1,7.26,1.825
2,2,1,48.59,8.411
1,1,1,10.61,0.583
1,1,1,34.59,0.629
1,2,1,29.76,1.073
1,1,3,20.41,0.47
1,3,1,13.33,0.885
1,3,4,4.06,0.409
2,1,1,27.81,3.983
1,1,2,30.42,0.631
2,2,1,14.31,6.936
1,3,2,40.2,1.223
1,2,1,56.01,2.588
1,2,1,38.73,1.555
2,2,1,34.0,5.514
1,3,2,31.48,1.438
1,1,4,38.7,0.441
1,3,3,33.98,0.809
1,2,3,54.12,0.803
1,2,2,25.11,1.094
1,1,2,32.82,0.866
1,3,4,22.45,0.662
1,1,1,17.79,0.753
2,2,1,7.24,6.185
1,1,4,35.49,0.602
3,2,4,11.64,15.211
2,1,1,66.43,8.01
1,1,2,38.97,0.845
2,1,1,18.45,3.701
1,1,2,22.16,0.485
3,1,2,24.7,16.406
3,1,3,30.2,13.859
2,1,1,33.74,4.565
1,2,2,15.55,1.055
3,2,1,31.34,43.596
2,1,5,22.4,1.362
2,2,2,18.68,8.395
1,2,2,50.93,1.285
3,2,2,17.14,32.977
2,3,4,32.97,4.601
1,3,1,35.06,0.491
3,3,2,20.94,15.874
2,2,2,19.8,5.505
3,1,4,47.15,16.116
1,1,2,41.17,0.693
1,2,2,47.22,0.962
2,2,2,18.22,6.774
1,2,1,28.41,1.505
2,2,4,53.69,6.741
2,2,2,35.59,5.495
1,1,2,12.26,1.142
2,3,4,39.65,3.555
1,3,1,11.37,0.921
2,1,2,31.14,3.356
2,2,1,35.16,9.733
1,3,4,24.33,0.617
1,2,1,22.68,1.77
1,2,3,42.96,0.901
1,3,1,35.67,1.76
2,2,4,39.58,7.552
1,2,2,11.66,1.393
1,1,1,22.38,0.562
1,2,2,10.81,1.285
2,3,1,32.66,4.736
2,1,2,34.97,6.076
1,2,1,36.75,0.838
1,2,5,20.73,0.77
1,1,4,48.5,0.678
1,3,1,21.78,1.325
1,3,3,17.22,0.787
2,1,1,17.09,2.516
1,2,2,42.17,1.328
1,1,2,57.31,1.06
2,1,2,18.49,2.655
2,1,4,53.14,3.958
1,2,2,28.59,1.315
1,3,1,54.53,2.669
2,2,2,9.36,3.079
1,1,2,17.4,0.513
2,1,1,13.08,3.748
2,1,1,1.61,3.026
2,1,3,39.22,5.589
1,2,1,38.52,1.253
1,3,2,22.45,0.732
2,3,1,46.97,4.033
1,1,1,36.73,0.798
1,1,1,15.81,0.842
1,2,4,35.42,1.339
1,2,3,10.22,0.976
2,1,1,5.51,3.185
3,3,1,30.86,26.641
2,2,1,15.44,4.612
1,2,2,5.61,1.186
3,3,2,28.04,13.952
2,1,2,20.16,2.678
1,2,2,11.21,1.108
2,3,3,22.95,2.993
1,3,1,12.22,0.958
1,1,4,43.68,0.609
2,1,2,11.63,2.849
1,2,1,59.86,1.812
1,1,4,19.36,0.365
2,2,3,34.29,3.842
1,3,1,32.52,0.993
1,1,2,21.43,0.643
1,1,2,14.92,0.528
2,2,4,13.3,4.963
2,3,1,18.18,4.427
1,2,1,39.84,1.599
2,3,1,52.25,7.096
1,2,1,31.96,1.266
1,1,3,20.38,0.477
1,1,1,70.85,1.158
1,2,5,18.58,0.67
1,1,5,9.02,0.342
2,1,3,61.54,4.107
2,1,2,2.62,2.403
3,2,2,36.68,12.732
3,3,2,7.14,19.606
1,3,3,3.3,0.469
1,2,1,7.22,0.865
1,1,5,12.2,0.472
1,1,2,16.47,0.462
2,1,3,19.21,2.89
1,2,4,33.97,0.938
1,2,4,22.11,1.053
1,1,2,15.54,0.535
2,1,1,10.74,2.953
1,3,3,45.74,0.75
2,1,2,35.93,4.931
1,2,1,4.94,1.122
1,2,2,34.65,0.778
1,2,1,31.76,0.732
2,1,1,4.74,2.451
2,3,3,13.2,3.385
1,2,1,9.27,1.065
1,2,2,60.08,1.878
1,2,1,18.14,0.826
1,1,1,8.94,0.717
1,1,1,19.71,1.126
1,2,2,55.54,1.923
2,1,3,37.09,2.777
2,2,1,10.11,5.505
2,1,2,30.11,3.82
2,3,1,24.7,5.404
3,3,2,5.37,21.075
3,3,2,12.02,13.905
1,2,2,13.35,1.486
1,2,1,38.72,1.13
1,3,1,24.32,0.971
2,1,1,22.59,3.145
1,3,3,15.29,0.677
1,3,1,30.29,0.964
1,1,2,32.1,0.836
2,1,5,30.89,2.322
1,3,4,50.76,0.616
2,1,1,43.99,5.668
1,1,1,11.65,0.634
2,1,5,58.65,3.35
1,3,2,17.01,0.556
2,1,2,52.14,5.493
1,1,2,36.71,1.137
1,1,1,74.72,2.009
3,2,1,20.9,33.605
3,1,2,64.24,18.701
2,1,1,45.79,3.45
3,1,2,38.52,20.611
1,2,4,14.18,0.583
1,1,4,17.94,0.458
1,2,1,12.72,0.882
2,2,4,25.5,3.038
2,2,1,43.25,5.526
3,1,2,45.49,27.623
2,1,1,4.38,3.759
2,3,1,38.68,7.973
1,1,2,17.78,0.615
1,3,1,33.55,0.977
1,1,3,51.57,0.564
2,2,1,9.69,13.238
1,1,5,14.75,0.298
3,2,3,37.31,16.074
2,1,2,36.41,4.723
1,2,1,14.52,1.46
2,1,3,39.14,2.909
1,1,2,18.26,0.666
2,1,1,15.56,3.632
1,3,1,15.45,1.068
1,3,5,59.73,0.952
1,1,2,9.94,0.781
1,1,2,20.23,0.504
2,3,1,15.61,4.864
3,1,1,24.91,15.206
2,1,1,20.39,6.121
1,1,1,39.0,0.756
3,1,2,51.11,29.882
1,3,3,28.65,0.538
1,2,2,22.61,0.604
2,1,5,7.55,1.614
3,2,2,1.91,21.373
3,2,1,66.21,43.314
2,1,1,13.15,2.971
1,1,2,26.46,0.322
1,1,3,21.16,0.56
1,1,5,34.8,0.41
1,1,1,10.64,0.767
1,1,2,7.94,0.562
1,1,1,71.06,1.547
1,2,1,14.82,0.995
1,1,2,18.14,0.669
2,2,1,8.55,4.982
1,2,2,38.51,1.2
1,2,3,35.23,1.899
2,1,1,48.44,6.118
2,1,1,43.09,5.921
1,1,1,15.65,0.507
1,1,1,10.69,0.78
3,1,2,55.73,22.847
2,1,2,36.71,3.425
1,2,2,14.81,1.243
1,2,1,27.22,0.914
1,1,1,76.1,1.315
1,3,3,59.18,1.536
1,1,3,13.58,0.447
3,2,1,17.57,17.382
1,2,4,23.76,0.744
1,1,1,29.34,0.664
2,1,1,16.84,4.36
1,3,2,7.35,0.945
2,1,1,25.92,2.172
1,1,1,29.56,0.752
1,1,2,31.64,0.829
1,2,4,7.55,0.553
3,1,3,42.71,16.377
2,1,3,37.51,2.0
2,1,2,16.54,3.612
1,1,2,23.15,0.474
2,1,1,8.33,3.748
1,1,2,18.6,0.775
2,2,3,30.47,3.486
1,1,2,6.41,0.628
2,3,1,30.05,3.153
1,1,2,19.32,0.606
1,1,2,31.84,0.542
2,1,2,33.04,3.445
1,2,4,8.25,0.633
1,1,3,19.65,0.357
3,1,1,31.58,20.999
1,3,1,19.05,0.943
1,1,5,64.98,0.461
2,3,1,29.2,4.793
2,1,1,34.0,2.649
1,1,1,33.33,0.695
1,3,3,10.81,0.501
1,1,2,34.02,0.843
1,1,1,30.37,0.546
2,2,3,9.59,6.091
3,2,3,53.3,28.975
1,1,3,38.68,0.647
1,2,1,18.59,0.902
2,1,1,23.18,2.868
1,1,1,34.4,0.944
2,1,1,59.8,7.325
1,3,1,53.01,1.667
1,1,2,18.86,0.487
2,3,1,37.44,5.063
3,1,2,44.17,18.698
1,1,1,11.13,0.58
2,2,1,13.98,5.679
1,1,1,25.41,0.841
1,1,1,34.99,0.656
1,1,1,12.62,0.471
1,1,2,32.84,0.609
2,1,1,44.33,4.106
1,1,4,4.84,0.331
1,1,3,21.19,0.612
1,3,3,23.24,0.815
2,2,2,10.1,6.334
3,3,2,26.26,23.489
1,1,1,26.74,0.763
1,1,1,13.28,1.204
3,1,3,54.5,24.946
1,1,2,38.6,0.718
2,1,3,34.19,3.261
1,1,2,10.03,0.63
2,2,5,62.75,5.826
1,1,2,12.9,0.569
1,3,3,24.24,0.697
1,3,1,53.29,0.776
1,2,1,40.97,2.617
1,1,3,38.06,0.767
3,2,2,54.01,44.417
1,1,1,44.11,1.102
1,2,1,4.58,1.35
1,1,2,27.06,0.517
1,3,3,2.79,0.603
1,1,1,36.21,0.705
1,2,1,18.94,1.327
2,2,1,47.61,10.306
2,2,2,39.97,4.978
1,1,5,21.81,0.34
2,2,1,5.03,5.314
1,3,2,13.0,0.67
1,1,4,30.53,0.34
3,1,3,24.53,16.451
2,3,3,41.97,4.256
1,3,1,21.13,0.894
1,1,2,14.94,0.632
1,1,4,27.35,0.438
1,1,1,21.31,1.046
2,3,1,20.09,3.404
1,3,1,63.55,2.041
3,1,2,22.78,21.219
2,3,2,4.76,3.833
1,1,4,19.87,0.319
2,1,2,37.81,3.127
2,1,2,30.06,3.269
1,3,2,23.56,1.048
1,1,2,18.42,0.681
2,3,5,65.28,4.208
3,2,1,5.11,35.056
1,3,1,51.23,0.741
2,2,3,44.29,4.829
2,2,2,45.89,9.446
3,1,1,23.06,16.113
1,1,1,44.71,0.768
1,2,1,20.88,0.966
2,1,4,76.95,6.552
1,1,2,55.96,1.54
1,1,3,6.71,0.41
1,2,1,21.39,1.38
1,1,2,5.46,0.483
2,1,1,64.58,3.188
1,1,2,40.0,0.566
2,1,1,21.09,2.463
1,2,3,15.41,0.825
2,1,1,44.61,9.71
1,2,3,13.48,0.999
1,2,1,17.0,1.439
3,1,4,32.84,13.942
2,1,3,17.47,4.319
1,1,2,21.3,0.658
1,1,2,13.04,0.693
1,2,1,10.58,0.901
3,2,5,34.45,19.089
1,3,1,3.67,0.605
3,3,1,12.11,36.843
1,1,3,58.24,1.665
2,3,2,56.88,7.048
1,1,1,16.0,0.801
1,1,1,43.94,0.711
3,2,2,3.58,23.024
1,2,2,24.87,1.11
3,3,1,17.29,29.929
1,3,1,15.8,0.818
1,1,2,63.27,1.628
3,3,2,18.13,24.396
2,3,2,30.04,3.641
1,2,5,31.0,0.665
1,2,1,32.65,2.946
1,2,1,17.19,1.09
2,2,2,43.65,7.068
1,1,1,27.58,0.911
1,1,1,50.13,1.173
1,1,1,27.67,0.523
2,3,1,24.95,3.826
3,1,2,38.3,15.922
2,1,2,54.0,4.803
1,1,3,11.97,0.523
1,1,1,35.46,0.745
1,3,1,19.2,0.857
2,1,5,42.84,2.149
1,2,1,21.7,1.774
2,3,2,28.6,4.008
1,3,1,4.51,0.992
3,3,3,34.39,14.416
1,2,1,14.22,1.463
1,1,1,15.88,0.602
3,2,1,26.13,15.087
3,2,2,30.55,36.34
1,1,4,15.42,0.535
2,2,1,48.42,10.836
2,3,1,36.36,6.124
1,1,1,6.47,0.625
1,3,1,13.83,0.925
2,2,3,30.57,3.256
2,1,1,75.17,3.037
1,1,5,44.39,0.608
1,1,1,4.06,0.764
2,1,1,21.77,2.592
1,1,3,15.97,0.416
2,1,2,17.32,2.193
2,1,2,65.64,4.671
1,1,1,25.34,0.439
1,1,3,27.81,0.316
1,3,2,51.72,0.847
1,2,4,23.54,0.997
2,3,5,19.89,3.009
2,2,2,66.71,14.47
2,1,1,22.79,3.152
1,3,4,33.7,1.315
2,2,1,19.52,8.588
1,2,2,16.6,1.314
2,1,1,19.62,2.393
1,1,2,22.95,0.495
1,1,1,38.92,1.485
1,1,5,27.41,0.507
1,3,1,23.59,0.791
3,2,2,27.02,16.685
1,1,1,34.82,0.984
1,1,4,32.57,0.512
2,1,4,17.14,1.626
1,1,4,29.55,0.525
1,2,2,64.33,2.005
1,1,1,27.66,0.588
1,1,2,17.69,0.593
2,3,1,8.98,3.116
1,1,1,50.27,0.855
1,3,2,3.53,0.688
1,2,1,30.36,1.049
3,1,4,23.67,7.886
2,2,3,24.03,3.474
1,2,4,5.75,1.442
2,3,1,3.86,3.612
1,1,3,47.98,0.569
1,2,2,35.18,1.838
2,2,1,19.94,5.472
2,1,1,18.12,3.772
1,2,5,22.17,0.815
2,1,1,22.66,2.533
2,1,1,4.13,2.73
2,1,2,42.64,4.396
2,1,1,37.4,6.098
1,2,2,17.7,0.834
3,3,1,15.41,18.918
1,1,3,64.23,1.79
1,1,2,25.57,0.618
1,1,3,14.61,0.407
2,3,2,60.0,11.04
1,2,3,37.05,1.667
1,3,4,13.96,0.723
2,2,2,15.67,6.34
1,2,1,17.4,1.066
1,3,2,24.05,0.68
1,1,1,32.55,0.708
2,3,2,7.32,4.279
1,1,1,24.07,0.669
1,3,2,24.49,0.974
1,1,1,39.77,1.174
3,1,1,31.63,33.201
2,1,2,23.99,3.52
1,1,4,12.18,0.595
2,1,1,29.13,4.048
2,1,5,20.76,1.828
2,1,3,24.58,2.269
1,1,2,20.9,0.473
1,1,3,56.53,0.549
2,2,5,70.1,6.003
1,1,2,14.08,0.442
1,2,1,13.43,1.465
1,2,1,22.01,1.271
1,1,4,37.73,0.643
2,1,4,33.07,3.178
1,2,2,38.92,1.619
2,2,4,7.7,3.939
2,1,4,15.38,2.966
1,2,2,11.38,1.099
1,1,1,10.92,0.787
1,2,1,31.06,0.761
1,2,1,4.05,1.585
2,1,2,62.76,6.07
2,2,2,32.02,5.041
2,3,5,39.51,2.728
3,2,4,37.7,31.693
1,1,1,6.18,0.715
2,1,3,11.91,2.352
1,1,2,43.98,0.896
1,3,4,23.89,0.526
1,2,1,40.34,1.724
1,1,2,46.9,0.862
2,3,1,1.05,6.118
2,2,2,16.24,7.587
1,1,3,21.08,0.584
1,2,3,24.54,1.022
1,3,1,50.87,1.207
2,3,1,20.35,6.469
1,1,2,44.52,0.708
1,3,3,46.95,1.727
1,1,5,37.03,0.608
2,1,1,24.78,5.936
2,2,1,27.78,7.549
1,1,3,28.89,0.674
1,1,2,12.68,0.706
1,2,1,28.19,1.513
2,1,1,9.54,3.245
1,1,1,16.63,0.653
2,3,5,17.88,1.801
3,3,2,8.18,21.934
1,1,2,54.27,0.817
1,3,2,20.95,0.902
1,1,1,34.17,0.661
1,1,1,15.95,0.759
3,2,1,36.79,22.775
3,1,2,46.42,13.871
1,2,3,15.31,0.913
3,2,2,32.14,49.05
1,2,5,59.32,1.082
1,3,2,3.28,0.839
2,3,2,56.97,9.294
1,1,2,42.6,0.77
1,2,1,26.84,1.687
2,1,5,57.1,1.724
1,2,4,11.65,0.872
3,2,1,34.61,23.774
1,1,5,8.96,0.337
1,1,1,3.67,0.525
3,2,1,32.42,27.245
1,3,2,15.53,0.596
1,1,1,8.9,0.894
1,2,1,54.39,1.093
1,3,1,61.61,1.589
1,1,1,7.92,0.882
1,1,2,8.63,0.761
1,3,4,7.43,0.488
1,1,2,32.59,0.776
2,2,5,7.07,2.518
3,1,2,46.57,12.128
1,3,3,49.71,0.999
3,2,2,20.95,35.075
2,3,1,17.82,4.49
3,2,5,45.73,22.333
2,1,2,36.05,3.768
1,1,5,10.54,0.276
1,1,2,5.23,0.628
3,2,1,36.54,42.648
1,2,3,22.22,1.208
2,1,5,28.68,2.088
2,3,2,22.06,6.61
1,1,2,62.08,1.126
1,1,1,36.51,0.711
3,2,3,51.85,25.527
1,2,1,31.28,1.3
2,1,3,7.07,2.486
3,3,1,16.16,16.9
1,1,1,53.61,0.98
1,1,3,23.81,0.599
1,2,1,32.71,2.128
2,2,1,58.59,9.465
1,1,1,16.38,0.459
1,1,2,17.72,0.859
1,1,4,46.94,1.096
1,1,3,43.62,0.478
1,3,2,42.8,1.201
1,2,3,26.88,1.039
2,1,1,34.34,3.155
1,3,5,73.79,1.502
2,3,1,9.19,3.836
3,1,1,21.75,27.489
2,1,4,29.64,2.264
2,1,1,43.73,4.73
1,2,1,67.78,1.414
1,1,5,37.55,0.3
1,2,1,34.65,1.331
1,1,2,18.89,0.455
1,2,1,18.05,1.23
1,1,3,70.03,1.141
1,1,1,11.13,0.917
2,2,1,22.69,6.305
1,3,1,16.45,0.851
1,1,1,22.34,0.907
1,2,2,2.8,0.861
1,2,1,27.18,1.2
1,2,1,45.21,2.657
1,2,2,31.12,1.441
1,1,1,15.01,0.597
2,1,3,7.78,2.965
3,2,1,46.99,31.32
1,2,1,59.83,1.581
1,2,3,54.99,1.358
2,1,1,33.33,3.492
2,1,2,28.01,3.677
3,2,1,16.04,27.996
1,2,2,60.42,2.953
1,2,2,2.97,1.224
1,1,4,48.12,0.888
2,2,1,20.12,6.134
1,2,2,48.64,1.943
3,1,5,18.75,8.753
1,1,1,26.78,0.927
2,1,1,60.06,4.218
1,1,2,24.14,0.652
1,2,1,14.25,1.4
1,1,1,17.31,0.63
2,1,4,22.39,3.774
1,3,1,27.98,0.78
1,3,5,9.29,0.354
2,3,1,15.57,4.313
3,2,4,22.04,17.01
2,1,1,12.99,3.841
2,1,2,32.11,2.592
1,1,3,26.56,0.46
3,1,2,37.3,19.396
1,3,3,21.32,0.634
3,3,4,68.63,50.553
2,1,1,35.01,3.931
1,1,2,43.23,0.667
1,2,3,10.57,1.19
2,2,4,32.26,3.933
2,2,1,24.51,6.179
2,3,1,12.68,3.276
3,1,5,24.31,7.22
1,1,1,58.96,1.81
1,1,1,10.51,0.666
1,1,1,6.17,0.764
1,1,2,21.07,0.419
1,3,3,41.69,0.939
3,1,4,14.0,12.792
1,2,2,25.25,0.807
2,1,2,29.2,2.768
2,2,1,15.49,5.481
1,2,2,29.54,1.477
2,1,1,38.14,2.608
2,1,2,18.82,4.682
1,2,4,40.55,1.852
1,2,3,10.25,0.849
1,1,1,15.77,0.639
2,1,3,12.59,1.784
1,1,1,39.42,0.664
1,1,3,14.49,0.392
3,1,1,44.33,24.17
2,2,3,20.21,4.052
2,1,1,24.95,5.46
3,2,1,30.6,22.41
1,2,1,12.36,1.533
1,2,4,14.12,0.726
2,2,3,30.99,10.191
1,3,3,26.23,0.921
1,3,1,21.17,0.872
2,2,2,43.77,11.997
1,2,3,28.53,1.168
1,1,2,13.48,0.582
1,3,1,62.26,2.326
2,3,1,44.75,5.568
1,1,3,9.52,0.42
1,1,2,49.45,0.955
2,2,1,17.81,4.288
3,1,1,2.13,14.442
1,3,1,33.09,0.797
1,3,2,64.61,1.45
1,1,1,46.94,1.006
1,2,2,30.62,1.177
1,3,3,22.91,0.679
1,2,4,68.19,2.93
1,1,1,8.94,0.716
1,2,3,31.88,1.134
1,1,3,25.72,0.545
2,1,3,23.44,2.536
1,3,3,29.09,0.649
1,3,4,10.4,0.335
1,2,2,19.87,1.226
2,1,3,27.3,2.904
1,1,1,16.8,0.364
1,1,1,33.86,0.843
2,2,1,32.13,4.505
2,2,1,53.63,9.285
2,2,1,65.78,10.394
1,2,4,7.32,0.776
1,1,1,12.25,0.614
1,1,1,41.57,0.681
1,3,1,67.95,1.955
1,3,2,31.11,1.198
1,2,3,20.91,0.831
1,3,2,38.05,0.904
3,2,1,12.46,21.417
1,2,1,32.36,1.46
1,2,4,62.86,1.722
3,1,5,31.41,13.101
2,3,2,15.58,4.036
1,1,2,54.76,0.864
2,1,1,28.57,3.356
1,1,1,18.01,0.999
2,2,1,3.59,4.182
1,2,1,48.19,1.218
3,2,2,1.21,32.778
1,2,1,28.07,1.158
2,2,3,15.79,3.092
1,2,2,19.81,0.994
1,1,2,58.3,1.22
1,1,1,23.78,1.339
2,1,1,40.76,3.485
1,2,2,43.41,0.972
3,1,2,39.31,15.592
1,3,2,13.99,0.714
2,1,1,69.92,24.662
2,2,1,56.02,8.009
1,1,2,14.29,0.452
2,1,4,25.98,2.406
2,1,1,6.76,3.185
2,2,2,49.17,6.693
1,1,1,31.9,0.889
2,1,1,26.37,2.515
1,1,1,47.55,1.102
1,2,1,28.77,1.111
1,1,2,5.07,0.483
2,3,1,17.43,4.959
3,1,3,41.91,18.743
1,1,1,21.17,0.626
1,2,3,10.7,1.346
1,2,1,17.04,1.367
1,1,2,29.78,0.519
2,1,2,44.77,3.0
2,1,2,61.37,7.411
2,3,1,6.79,5.289
2,3,1,66.22,11.96
1,3,2,16.99,0.658
1,1,2,33.01,0.694
1,2,4,33.55,0.675
3,2,3,8.88,26.879
2,2,1,54.07,14.169
1,1,2,30.0,0.599
1,1,1,10.46,0.682
1,1,5,34.98,0.392
3,2,2,60.34,67.378
1,3,2,38.44,0.87
1,1,1,10.27,0.443
1,2,1,10.09,0.756
2,1,3,20.49,2.367
2,1,2,12.5,2.401
1,2,1,18.41,1.129
2,1,2,37.99,5.75
1,2,1,15.14,0.953
2,1,2,17.77,2.266
1,1,1,9.25,0.724
1,2,1,39.0,1.826
1,2,1,37.38,2.121
2,3,4,54.59,4.438
1,2,2,5.28,0.758
1,1,2,8.3,0.367
1,3,3,54.86,0.975
1,2,2,17.5,0.839
2,1,2,17.8,3.792
1,3,4,18.52,0.53
1,2,1,64.75,3.627
2,3,3,37.47,3.66
1,1,4,25.81,0.475
2,2,1,29.56,4.266
1,2,4,35.18,1.061
3,1,1,48.64,28.767
2,1,1,16.71,3.776
1,1,4,25.16,0.43
1,1,1,6.0,0.581
2,1,1,47.86,5.619
2,3,3,39.93,4.879
1,1,5,29.3,0.366
1,3,5,60.72,0.637
1,1,1,21.19,0.838
2,1,3,49.0,4.613
2,2,1,45.3,9.892
1,3,3,23.33,0.811
1,1,4,14.72,0.408
2,2,1,36.01,7.034
3,3,2,39.81,18.103
1,1,1,9.91,0.635
1,1,1,43.96,0.619
1,1,4,15.74,0.483
2,1,1,33.34,3.33
1,1,2,40.82,0.742
1,2,1,25.2,1.646
2,1,2,33.47,3.181
1,2,3,62.56,1.969
1,2,1,7.12,1.119
1,1,1,34.31,1.007
1,3,1,29.23,1.044
1,2,2,34.25,1.681
1,1,5,8.57,0.219
1,1,1,40.39,0.792
1,2,1,23.09,1.533
2,2,1,44.59,10.53
2,2,1,62.09,10.012
1,3,1,23.27,1.23
2,2,2,31.6,6.423
1,2,1,33.11,2.039
2,1,1,36.52,3.002
2,3,2,12.34,4.669
2,1,1,15.05,2.962
2,1,3,17.62,2.239
1,3,2,47.49,0.61
1,1,2,27.16,0.536
1,1,4,23.47,0.455
1,1,1,16.76,0.591
2,1,2,19.07,3.794
1,1,2,15.55,0.579
1,2,1,7.65,1.21
1,1,1,28.64,0.683
2,3,2,50.29,14.971
1,1,5,42.68,0.66
1,1,2,44.45,1.128
2,2,1,20.4,6.681
1,1,2,12.62,0.513
2,1,1,29.49,3.832
1,2,2,2.14,1.034
1,1,4,23.87,0.439
3,1,4,31.74,12.278
1,1,1,62.67,1.239
1,1,4,17.55,0.419
1,3,1,8.34,1.153
3,1,4,20.14,19.735
2,1,3,48.73,4.644
1,2,4,20.83,0.805
1,1,1,33.93,0.724
1,3,2,25.8,0.764
2,1,4,21.66,2.366
1,1,2,69.76,0.795
1,2,1,18.16,1.497
1,1,2,36.28,0.596
3,3,1,35.54,35.864
1,2,1,6.71,1.71
1,1,1,7.97,0.508
3,1,1,11.51,10.47
1,1,1,41.21,0.65
1,1,3,32.0,0.532
1,1,3,4.99,0.514
1,1,2,29.41,0.728
1,2,4,15.43,0.535
1,3,1,53.35,1.161
1,1,1,33.69,0.553
1,1,3,30.35,0.737
2,1,3,36.75,3.575
1,3,1,24.56,1.537
2,1,4,18.0,2.586
1,2,3,26.38,0.692
1,1,1,55.3,0.794
1,2,2,3.33,1.287
1,1,1,8.62,0.756
2,1,1,33.14,3.502
1,1,4,5.05,0.38
2,3,2,39.23,5.055
3,1,1,49.0,37.936
1,1,1,21.68,0.515
3,1,1,56.81,26.899
1,2,1,56.96,1.659
1,1,5,29.05,0.311
1,1,3,61.97,0.723
2,1,5,35.43,1.805
2,1,4,25.99,4.053
3,2,3,27.35,48.748
2,1,2,27.6,3.708
1,1,1,49.09,0.825
2,3,3,9.31,3.095
3,2,1,16.19,21.424
2,3,3,12.81,3.722
1,1,1,13.63,0.654
2,3,3,7.96,2.585
1,2,2,38.57,1.546
3,1,2,6.91,7.818
3,1,4,51.12,15.009
2,1,1,51.76,8.664
1,3,1,23.65,1.109
1,2,2,1.44,1.031
3,2,1,39.71,45.009
2,3,2,15.3,6.19
2,1,1,31.23,3.253
3,1,2,19.93,14.522
1,1,2,48.71,0.689
2,3,1,22.53,3.55
1,2,2,57.77,1.559
1,1,1,33.36,0.556
1,3,3,15.58,0.617
1,2,2,47.68,1.769
1,1,1,45.6,1.108
2,1,1,7.83,3.681
1,2,3,38.68,0.904
2,3,1,11.92,6.475
1,1,4,27.12,0.581
2,2,1,48.02,10.861
1,1,1,10.58,0.552
2,1,2,31.97,3.457
1,3,1,16.51,0.694
1,2,1,13.25,0.994
1,3,3,11.98,0.999
1,1,4,22.9,0.344
1,1,2,6.23,0.461
1,2,1,43.3,1.219
1,1,4,25.6,0.464
2,2,4,8.49,4.168
1,1,3,17.5,0.299
1,1,2,46.42,1.153
1,1,2,22.52,0.488
1,1,1,22.02,0.474
1,1,1,26.43,0.529
2,1,2,7.25,4.153
1,3,1,27.33,0.702
1,1,1,25.9,0.812
1,2,1,44.57,1.609
1,1,2,27.44,0.601
2,1,2,7.64,3.301
1,3,1,27.83,0.797
2,2,4,37.04,7.009
1,1,1,29.41,0.781
2,1,2,25.39,4.19
1,2,5,29.51,0.722
3,1,1,22.01,24.751
1,1,1,29.89,0.88
1,1,3,43.48,1.197
2,1,3,29.41,3.554
2,3,1,24.21,3.312
1,1,3,8.8,0.767
1,1,3,41.76,1.36
1,2,1,33.18,1.413
2,1,3,8.46,3.264
1,3,3,54.92,1.575
1,1,3,13.88,0.62
1,1,3,41.91,0.986
3,2,1,9.11,29.725
1,2,1,23.38,1.225
1,1,1,28.79,1.243
3,1,2,6.26,13.133
1,1,3,16.03,0.51
2,1,2,13.44,2.606
2,1,1,7.52,4.004
1,2,5,26.36,0.746
2,2,4,48.9,5.128
3,2,1,10.69,21.209
1,1,1,24.99,0.781
1,2,2,43.14,0.991
2,1,1,22.15,4.863
1,2,2,53.2,2.174
1,1,1,20.66,0.521
1,2,4,14.75,0.831
2,1,3,46.56,2.707
2,3,2,47.27,6.347
3,1,2,10.98,19.817
1,2,1,13.97,0.797
3,1,5,8.67,10.676
1,1,3,35.21,0.92
2,2,2,37.33,6.501
2,2,1,27.59,5.903
1,2,4,58.75,0.985
1,1,3,23.49,0.77
1,2,1,42.05,1.586
1,2,2,4.79,0.964
2,1,1,43.61,6.442
1,1,1,6.92,0.565
2,1,2,29.9,3.189
1,2,3,38.29,1.169
1,1,2,16.94,0.742
2,1,1,16.16,3.709
1,2,1,16.19,0.952
3,2,1,59.8,51.014
3,1,2,34.19,21.069
1,3,4,22.37,0.786
1,2,3,30.73,1.281
1,1,1,26.86,0.545
2,3,3,57.01,3.604
1,2,4,24.21,1.08
3,1,2,3.66,8.88
3,1,3,7.24,9.368
1,1,1,6.18,0.681
2,1,1,5.51,2.392
1,3,3,24.66,0.718
1,1,4,28.35,0.337
1,1,1,17.04,0.846
2,2,2,31.81,5.438
1,2,2,46.62,1.513
2,3,2,29.99,3.949
1,1,1,14.81,0.672
2,1,4,25.08,2.231
3,2,2,13.28,28.044
2,1,1,23.77,3.036
1,1,1,61.38,0.908
1,1,5,20.3,0.417
1,3,3,71.9,2.118
1,2,1,17.99,1.408
3,1,2,13.72,13.212
1,2,4,40.65,0.809
1,3,2,21.58,1.14
2,3,2,6.08,3.678
1,2,1,11.73,1.193
2,3,3,53.95,4.032
1,2,2,24.4,0.984
1,2,4,56.53,0.877
2,1,1,15.64,5.263
1,3,1,29.02,0.531
3,1,2,28.0,17.17
1,2,1,7.5,1.468
1,1,3,9.99,0.485
1,1,1,33.69,0.568
1,1,1,20.72,0.83
1,1,2,37.46,0.627
1,2,1,62.61,4.872
1,1,1,34.42,0.65
3,3,2,13.97,28.614
1,3,1,23.47,0.64
2,2,1,31.29,6.119
1,2,3,67.81,3.524
2,2,2,37.83,5.145
1,1,2,32.2,0.811
1,1,1,19.51,0.634
1,2,2,14.56,1.888
1,1,5,76.65,0.772
1,1,5,23.27,0.62
1,1,1,31.21,0.836
2,2,1,34.59,9.696
1,1,3,5.66,0.474
3,3,2,61.59,35.164
1,1,1,23.32,0.461
1,2,4,56.9,1.262
1,1,4,29.38,0.419
1,2,2,23.88,1.209
2,3,3,28.69,4.183
1,1,1,37.72,0.793
2,1,2,42.84,5.063
1,2,2,35.99,1.189
1,3,3,1.52,0.8
1,1,4,10.62,0.419
2,2,3,24.33,6.283
1,1,1,34.01,0.694
3,3,1,7.57,12.332
1,2,5,29.51,0.747
1,3,2,33.91,1.75
2,1,1,25.23,2.611
1,1,3,26.68,0.481
2,1,3,16.15,2.657
1,1,2,26.84,0.579
2,1,4,6.69,1.814
1,1,3,0.82,0.492
3,1,2,10.76,18.398
1,1,1,9.48,0.464
2,1,1,16.79,3.345
1,2,4,42.9,1.183
2,1,2,38.02,3.363
2,2,2,11.67,3.658
2,2,1,19.0,6.263
1,1,1,9.47,0.995
1,1,2,10.3,0.504
2,3,3,8.8,4.444
1,1,1,12.33,0.421
2,3,4,36.05,4.705
1,1,3,52.91,0.745
1,1,1,20.58,0.493
1,3,2,12.49,0.413
2,2,5,9.27,3.844
1,2,5,35.58,1.053
1,2,3,10.12,0.714
2,3,5,21.9,2.113
1,1,2,10.32,0.447
2,1,2,42.15,3.558
1,1,2,13.26,0.675
1,2,4,34.03,0.87
1,1,1,20.3,0.692
1,2,1,38.32,1.672
2,1,2,6.61,3.355
1,1,1,28.25,0.515
1,1,3,65.12,0.993
1,3,2,18.97,0.559
2,2,1,31.68,5.492
2,1,3,20.15,2.623
1,2,1,16.65,0.934
1,1,2,36.74,0.534
1,3,1,23.64,0.804
2,1,2,21.27,4.678
1,1,4,47.05,0.407
1,1,2,33.63,0.782
2,3,1,19.25,6.105
1,3,2,20.78,0.954
2,1,3,46.5,2.962
1,2,5,19.49,0.505
3,2,1,3.17,33.105
1,1,1,45.33,0.66
1,1,2,17.02,0.546
1,1,3,43.72,0.934
1,2,3,26.36,1.219
2,3,2,42.19,3.577
1,1,1,14.5,0.7
1,1,4,27.09,0.337
2,1,3,25.32,3.409
1,1,2,20.81,0.496
2,1,1,15.47,4.485
2,1,4,53.51,2.215
1,1,1,37.15,0.878
2,1,4,15.33,2.351
2,3,2,9.18,2.987
2,1,1,53.37,2.752
1,3,1,24.55,1.09
1,3,5,19.29,0.546
3,2,2,33.58,26.08
1,3,2,17.47,0.812
1,1,1,20.16,0.974
1,2,1,34.99,1.432
2,3,1,18.56,4.277
2,2,1,18.43,4.805
3,1,2,24.46,14.375
3,2,2,33.82,29.224
1,1,3,34.71,1.223
2,1,3,13.22,2.057
1,1,2,9.73,0.467
1,1,4,10.85,0.336
1,2,1,29.7,1.11
3,2,2,8.18,19.659
1,3,3,35.8,1.197
1,2,1,8.34,0.993
1,3,2,12.07,0.864
1,1,3,27.05,0.643
1,1,3,33.5,0.635
1,1,1,35.34,1.045
1,1,1,11.89,0.646
1,2,1,32.56,1.053
2,1,3,26.53,2.992
2,3,1,61.71,12.869
2,1,1,18.79,6.177
1,3,1,39.9,0.884
1,2,2,28.26,1.809
1,3,4,27.35,0.635
3,1,1,35.09,22.201
1,1,3,8.49,0.628
1,2,1,23.39,0.656
3,3,1,13.72,24.154
3,1,4,42.93,16.38
1,2,3,3.93,0.519
2,1,2,4.61,2.7
1,1,3,34.19,0.814
1,2,1,16.99,1.062
1,1,1,37.32,1.271
3,1,3,35.81,13.861
1,1,1,63.48,1.676
2,1,1,56.27,4.706
1,1,2,7.26,0.709
2,1,3,9.61,1.959
2,1,1,9.79,4.028
2,1,1,17.53,5.548
3,1,1,17.98,13.138
2,1,2,53.19,5.787
2,1,1,6.77,2.288
1,1,4,10.89,0.403
3,1,1,40.07,18.494
1,1,4,20.18,0.341
1,1,1,20.61,0.872
1,2,1,39.85,2.076
1,1,1,47.89,0.814
1,1,4,35.24,0.521
1,3,2,47.72,0.895
1,1,3,15.43,0.445
3,1,1,22.86,23.336
3,2,2,19.18,23.343
1,1,1,38.43,0.686
3,2,1,57.27,46.209
1,2,1,37.16,1.296
1,3,2,51.75,2.113
3,3,4,40.12,13.999
2,1,3,57.79,8.299
2,3,1,29.12,5.342
1,1,1,4.93,0.609
1,1,1,26.84,0.669
1,1,2,62.54,0.483
3,1,1,50.59,26.854
1,1,1,54.75,1.503
1,2,3,17.1,1.089
1,1,3,34.52,0.574
2,2,2,13.35,3.906
1,3,2,11.48,0.648
2,1,1,3.26,2.91
1,1,1,19.09,0.634
1,1,1,21.88,0.566
1,1,1,79.81,2.792
1,1,3,13.13,0.434
2,1,2,24.0,2.28
2,2,2,5.38,4.428
1,2,1,12.37,1.369
1,1,2,22.63,0.293
1,2,2,41.69,0.856
2,2,2,56.35,5.128
3,2,2,18.17,16.1
2,1,1,22.83,3.293
1,1,1,40.05,0.603
1,2,3,24.87,0.71
3,1,2,11.88,12.027
1,1,1,47.4,0.794
2,1,1,16.84,3.37
3,1,1,21.72,10.601
2,2,5,19.56,3.26
2,2,2,4.97,6.378
1,1,2,43.95,0.567
3,3,1,42.07,32.572
1,1,4,19.58,0.495
3,1,2,4.88,11.065
1,2,1,19.23,1.211
2,1,1,57.15,4.368
3,3,1,46.63,31.338
1,2,1,5.59,0.917
1,1,2,35.47,1.414
1,1,2,26.51,0.753
2,1,3,59.39,2.585
2,1,1,51.22,4.094
1,2,1,5.48,1.065
2,1,1,19.26,4.132
3,2,5,19.19,19.54
2,1,4,27.92,1.904
2,1,1,32.76,5.354
3,1,2,26.68,24.839
2,1,1,23.36,2.146
1,3,3,23.12,0.832
3,1,3,25.2,10.152
1,3,1,4.83,0.794
3,2,5,19.29,21.376
2,1,3,28.02,4.596
2,1,2,62.77,9.154
1,2,1,24.08,1.264
1,1,1,38.95,0.884
1,2,2,67.44,2.239
2,3,3,55.64,5.721
2,1,2,31.51,3.983
1,3,1,37.19,0.831
1,3,1,35.42,0.537
2,1,1,52.31,4.137
1,1,2,4.95,0.624
1,1,1,52.38,1.225
1,1,1,6.53,0.628
2,1,2,24.89,2.075
1,1,2,32.31,0.807
2,2,1,53.44,9.74
1,3,2,39.6,0.697
1,1,3,27.96,0.552
2,1,2,4.52,3.973
3,2,1,24.24,36.402
1,2,1,48.4,2.526
2,1,2,10.74,2.774
2,3,1,22.86,4.771
3,2,3,22.67,28.837
1,1,2,10.14,0.598
1,1,1,54.08,0.741
1,1,2,20.93,0.432
2,1,1,55.01,7.794
2,1,1,4.7,2.68
1,1,4,23.56,0.753
1,3,1,36.57,0.751
1,1,4,8.3,0.586
1,3,2,50.77,0.919
3,2,2,42.63,44.13
1,2,2,22.37,1.504
2,2,3,18.1,3.701
1,1,2,45.06,1.612
2,1,1,27.8,3.506
2,1,3,29.23,2.55
1,2,1,57.13,0.835
2,3,1,39.57,7.483
2,1,1,26.14,3.855
3,1,4,43.7,14.075
1,3,1,41.31,2.355
1,1,1,35.1,1.063
1,1,2,23.6,1.243
2,1,1,31.59,4.125
1,1,1,9.64,1.221
3,1,2,7.37,13.321
1,2,1,9.4,1.096
3,1,2,22.99,12.897
1,2,2,30.34,1.955
1,2,2,29.81,1.526
1,1,2,44.25,0.721
2,3,3,17.7,3.949
2,3,1,31.85,3.457
1,3,2,53.67,1.041
1,1,1,33.95,1.07
3,2,1,52.64,53.858
1,1,3,23.45,0.574
1,1,2,7.23,0.629
2,1,4,59.75,4.555
1,2,1,4.61,0.885
1,1,3,48.71,1.978
1,1,4,10.52,0.505
2,3,2,40.51,3.695
1,2,1,8.97,0.782
3,3,2,37.34,16.088
1,1,1,44.72,0.839
3,2,1,38.2,37.649
1,2,5,51.64,1.074
1,1,3,7.21,0.477
1,1,2,24.79,0.946
1,1,4,40.48,0.786
1,2,1,37.63,2.228
2,1,5,8.7,1.969
2,1,1,60.26,5.426
2,3,2,15.89,4.873
1,3,1,27.86,0.61
2,2,2,56.03,16.198
1,2,3,44.19,0.775
2,2,4,9.78,3.808
2,2,4,25.13,4.838
1,2,4,62.46,1.243
1,2,3,69.99,1.293
3,1,1,15.02,17.821
1,1,2,41.19,0.746
2,2,4,29.59,4.668
3,2,1,23.67,42.087
1,3,1,35.45,1.498
1,1,3,41.97,0.688
1,2,5,51.46,0.933
2,2,1,37.77,6.762
1,2,2,24.44,1.071
1,2,1,9.64,1.287
1,3,2,55.45,1.501
3,2,1,38.2,38.781
2,3,2,26.92,4.496
2,1,1,38.99,2.995
3,1,3,42.45,22.651
2,2,3,36.35,4.539
3,1,4,20.71,11.855
1,3,3,37.56,0.514
1,2,1,17.71,1.493
2,2,1,21.54,4.239
1,2,3,24.99,0.915
1,2,2,62.38,3.444
2,3,3,51.1,8.138
2,1,4,26.98,1.483
1,3,2,43.84,1.36
1,3,1,39.11,0.809
1,3,2,45.5,0.772
1,1,2,23.95,0.697
1,3,1,15.52,0.842
1,1,2,39.64,1.076
2,1,1,24.27,3.806
1,1,3,28.18,0.986
1,1,1,23.77,0.641
2,1,1,32.75,3.925
1,3,2,7.55,0.901
1,2,3,16.72,0.899
1,2,2,18.71,0.865
2,3,3,14.9,4.917
1,3,1,24.79,0.835
1,3,2,56.98,0.608
1,3,3,15.3,0.772
2,3,1,15.5,7.411
2,1,1,16.14,2.934
3,2,2,30.14,16.852
2,1,5,36.0,2.783
1,1,4,17.76,0.488
1,1,1,6.11,0.706
1,1,1,42.94,0.932
1,3,2,19.23,0.604
1,1,3,25.2,0.686
1,2,4,40.03,0.75
2,1,1,26.03,2.779
2,1,5,30.2,2.218
1,3,2,26.96,0.86
1,1,1,6.59,0.674
1,2,3,30.37,0.805
1,1,1,28.3,0.789
1,1,3,25.96,0.27
1,1,5,23.3,0.356
1,2,5,26.38,0.807
3,1,1,31.38,16.459
1,2,2,18.87,1.079
1,1,1,24.61,0.591
1,2,3,13.1,0.84
1,2,4,41.99,0.799
1,1,2,40.4,0.581
3,1,1,32.5,21.568
1,1,3,14.04,0.438
1,2,1,34.66,1.488
3,1,3,55.49,16.879
1,1,1,33.48,0.843
1,1,1,37.38,0.45
2,2,4,33.12,6.425
1,3,1,32.61,0.908
3,1,4,68.83,25.3
1,2,4,19.23,0.627
2,1,1,29.4,3.201
1,1,1,55.23,1.181
2,1,1,34.6,3.575
2,3,4,34.56,1.871
2,3,4,21.75,3.059
2,1,1,12.19,3.04
2,1,3,50.97,3.855
1,1,3,15.37,0.573
1,1,1,21.43,0.662
1,1,4,42.5,0.477
1,1,2,37.37,0.502
1,2,2,46.31,1.686
2,1,1,41.82,4.381
2,2,1,38.61,6.037
3,2,5,24.66,23.214
1,3,1,13.95,0.597
2,1,2,54.3,3.398
2,3,1,34.6,5.745
3,2,1,17.39,24.769
2,2,1,49.01,10.736
1,2,3,38.38,1.34
1,1,2,13.4,0.606
3,1,4,59.37,27.565
2,2,2,60.36,10.492
2,3,3,12.98,3.273
2,3,3,33.95,2.924
2,1,1,17.47,2.138
2,1,2,45.0,4.691
3,1,2,28.1,28.019
3,1,2,12.51,8.805
1,1,3,40.93,0.507
1,2,2,36.52,0.57
1,1,2,21.23,0.625
1,3,4,19.82,0.636
2,1,1,38.26,3.868
2,3,1,6.44,4.236
1,3,2,37.05,1.225
1,1,2,35.23,0.643
1,3,3,16.58,0.794
2,2,2,38.38,5.155
2,1,5,17.66,1.74
1,2,2,46.74,1.243
1,2,1,39.05,1.128
1,1,2,56.71,1.461
1,1,3,8.91,0.54
2,2,1,13.27,5.504
3,1,1,20.38,22.785
1,2,2,33.62,1.374
1,3,5,19.82,0.33
1,1,1,6.99,0.811
1,2,1,57.73,2.902
1,3,2,58.69,2.421
1,1,4,15.46,0.548
1,1,2,4.7,0.44
2,2,3,15.31,3.244
1,3,1,47.0,0.793
2,2,1,34.45,8.042
1,1,4,9.97,0.312
1,1,2,47.45,1.013
1,2,3,32.76,0.736
1,1,4,23.86,0.333
1,1,1,39.75,0.761
2,3,1,11.81,5.989
3,2,3,46.21,19.506
1,2,1,15.42,1.048
1,1,3,25.35,0.406
1,1,2,30.38,0.949
2,1,3,21.93,2.618
1,2,2,21.48,0.858
1,3,2,22.67,0.889
2,3,2,34.69,3.125
2,1,3,18.2,1.743
2,1,1,27.54,4.688
1,1,4,23.94,0.521
1,1,1,48.58,1.455
1,2,3,23.53,0.687
2,1,1,29.49,3.085
2,3,1,20.83,3.396
1,2,1,51.5,1.097
2,1,2,39.38,4.715
1,2,5,66.43,0.993
2,3,4,17.8,2.746
1,3,3,26.98,0.89
1,1,1,15.94,0.655
1,1,5,33.76,0.447
2,1,2,63.0,4.577
1,3,2,36.93,1.032
1,1,2,22.82,0.781
2,2,1,25.24,5.57
2,1,2,26.09,3.848
2,1,1,44.03,3.728
2,1,2,46.45,4.722
2,2,3,62.0,3.13
2,1,1,49.78,3.753
1,1,1,31.37,0.534
1,1,1,29.84,0.796
1,1,1,11.64,0.871
1,1,3,11.16,0.498
1,2,1,12.0,1.703
1,3,2,19.35,1.048
1,2,2,10.15,1.089
2,1,2,8.35,2.575
2,1,2,61.83,5.089
1,1,1,70.97,2.451
3,1,2,27.72,22.887
1,1,1,52.45,0.885
1,1,3,11.5,0.625
1,1,1,50.94,1.113
1,2,1,14.72,1.001
1,1,1,40.85,1.399
2,1,2,16.51,2.796
1,1,1,43.64,1.371
1,1,1,13.34,0.676
1,3,1,32.95,1.122
1,3,1,64.52,1.365
2,1,1,33.57,3.698
2,1,2,13.09,3.097
2,1,1,51.63,6.177
2,2,2,1.79,5.627
1,1,1,5.29,0.554
1,3,3,19.22,0.575
2,1,2,10.91,2.349
1,1,3,40.68,0.493
1,3,1,59.52,2.122
1,2,2,60.73,2.229
2,1,3,22.73,3.271
1,1,1,62.79,0.871
3,3,3,19.55,15.301
1,3,4,21.22,0.754
1,2,1,32.76,2.637
1,1,1,22.9,0.76
1,1,1,23.75,0.471
1,2,3,20.15,0.796
2,1,3,18.41,2.327
1,1,1,34.55,0.733
1,1,3,7.57,0.44
1,2,3,22.32,1.133
1,2,2,5.02,1.431
3,3,4,33.62,12.719
1,1,2,23.17,0.949
2,3,2,40.49,1.911
1,1,2,25.39,0.924
1,3,2,36.27,1.558
2,2,1,26.88,9.774
1,1,3,38.75,0.339
2,3,1,16.23,7.381
1,2,1,14.37,1.287
1,2,2,24.16,1.307
3,3,4,5.86,19.111
1,1,4,26.03,0.296
3,1,1,15.88,15.058
3,1,3,44.2,17.987
1,1,1,45.09,1.131
1,3,1,9.08,0.74
2,3,3,39.48,4.748
1,2,1,20.42,1.177
2,2,2,6.53,7.432
1,1,1,26.85,0.508
1,3,2,19.04,0.722
1,1,1,11.44,0.923
2,1,1,26.25,2.465
2,3,3,47.8,5.284
2,2,3,12.84,3.571
1,2,2,20.22,1.499
1,1,1,11.76,0.735
1,1,5,15.76,0.285
1,1,2,15.1,0.769
1,1,1,4.7,0.665
1,2,3,58.78,1.5
1,2,2,8.12,1.355
1,3,4,25.53,0.886
2,1,3,9.53,3.168
1,1,3,45.72,0.756
3,3,2,17.02,18.806
1,1,4,12.98,0.432
1,1,3,30.48,0.599
2,2,2,26.08,5.566
1,1,2,16.76,0.722
2,1,2,22.09,2.155
1,2,1,20.17,1.121
1,1,4,22.12,0.564
2,3,2,36.75,3.976
1,1,1,25.08,0.903
1,1,4,31.73,0.459
1,3,1,19.18,1.044
1,1,3,12.35,0.513
1,1,1,72.4,1.028
2,2,4,31.57,3.519
1,1,1,11.88,0.767
3,1,1,15.75,18.846
1,2,1,43.58,1.394
1,3,4,19.33,0.419
1,1,2,35.76,0.645
2,2,1,18.48,6.806
2,2,5,6.29,3.537
1,1,1,23.97,0.601
1,1,2,25.96,0.44
2,1,1,38.41,3.574
1,2,3,8.03,0.556
1,1,4,60.29,0.642
2,1,2,9.69,4.289
1,2,2,17.32,1.194
2,2,3,3.2,4.567
2,3,1,22.23,5.99
1,2,3,24.78,1.043
1,2,4,43.21,0.683
1,2,2,23.52,1.002
2,3,1,10.43,4.152
1,2,1,39.31,1.354
1,1,2,59.86,0.724
1,2,3,37.51,1.168
1,1,1,56.79,0.818
1,3,1,8.51,0.758
1,3,5,19.52,0.614
1,1,2,56.27,1.245
1,1,3,34.44,0.733
2,2,2,43.66,5.94
2,2,3,14.53,5.307
1,2,1,22.92,1.16
1,1,3,39.27,0.749
1,3,4,30.3,0.583
1,2,1,42.49,1.688
3,3,2,1.99,18.399
1,1,3,34.21,0.449
1,1,2,40.17,0.682
1,2,1,48.05,1.596
2,2,1,36.11,6.04
1,1,1,28.87,1.003
3,1,2,13.75,13.322
1,3,3,34.79,0.954
1,2,2,14.1,1.142
1,1,2,37.83,0.493
2,1,1,31.12,2.959
1,3,1,47.36,1.481
3,1,4,34.27,21.357
3,2,1,46.32,29.304
1,2,2,45.61,1.291
1,3,4,25.88,1.302
1,2,1,26.4,1.076
2,2,2,12.2,6.579
2,2,1,26.95,7.661
1,3,3,23.7,0.763
3,1,2,23.33,13.55
1,1,1,38.82,1.446
2,1,3,3.1,2.035
2,3,5,19.24,2.076
1,2,3,50.45,1.215
1,1,5,13.13,0.289
1,1,2,18.99,0.684
3,2,1,31.7,40.129
1,1,1,16.55,0.727
2,2,3,39.78,6.46
1,1,5,51.56,0.73
1,2,1,43.71,1.992
3,1,1,22.07,14.921
1,1,1,23.6,0.725
2,1,3,60.16,5.258
1,2,1,12.4,0.908
1,2,1,37.87,1.48
1,3,2,30.92,0.767
1,2,2,4.53,1.456
2,2,3,6.95,4.572
1,1,3,81.0,0.628
1,1,3,6.04,0.347
1,2,3,13.0,0.916
2,1,1,68.56,7.057
2,2,3,8.78,5.183
2,1,2,15.0,3.229
3,1,2,28.17,14.321
1,2,2,8.11,1.779
1,3,2,7.26,0.56
1,2,3,28.26,0.87
1,2,1,54.6,2.363
2,2,1,21.2,4.125
2,1,1,33.12,2.471
1,2,4,39.2,1.157
3,1,1,42.19,18.502
1,3,5,32.96,0.497
2,2,3,35.84,6.478
1,1,3,42.3,0.518
2,1,1,7.87,4.614
1,2,2,31.23,1.458
3,1,1,48.92,33.463
3,1,1,30.97,11.208
1,2,5,39.08,1.355
1,2,1,32.63,1.507
2,1,3,3.51,2.393
1,1,2,37.04,0.675
1,2,1,15.37,1.088
1,1,4,23.77,0.542
2,3,3,18.86,4.855
2,2,3,50.82,4.83
1,1,5,24.81,0.329
3,3,2,19.86,18.426
1,2,1,17.91,0.951
1,3,3,42.95,0.686
3,3,2,35.83,22.51
1,1,4,21.42,0.292
1,1,1,52.72,1.01
1,3,2,20.18,0.842
2,1,1,40.48,5.17
1,1,4,34.6,0.424
1,2,2,13.7,0.843
1,3,4,14.81,0.759
1,2,2,42.42,0.949
1,1,3,1.79,0.569
1,2,1,11.43,1.229
3,2,1,8.99,22.575
2,1,3,49.26,4.726
2,1,1,33.15,3.793
3,1,1,40.65,17.884
3,2,1,14.34,38.26
2,2,2,38.32,12.721
1,2,2,58.7,1.146
2,3,4,22.27,2.257
1,2,2,25.42,1.182
1,1,3,14.76,0.314
1,2,1,10.94,1.239
1,1,2,26.02,0.39
1,1,2,30.34,1.051
2,2,3,15.34,6.407
1,2,3,5.29,1.271
1,3,1,33.22,0.673
1,2,2,15.18,1.372
2,2,2,18.52,4.039
1,1,3,12.84,0.525
1,3,5,17.54,0.562
2,1,1,55.31,5.756
2,1,2,21.68,3.133
1,2,4,6.2,1.016
2,3,2,7.63,2.641
1,1,1,36.85,0.61
3,2,2,35.61,44.432
1,2,1,4.68,1.141
2,1,4,38.29,3.247
1,1,2,14.27,0.697
2,1,1,28.48,2.792
1,1,2,8.1,0.378
1,1,2,36.56,0.81
2,1,1,19.29,2.931
2,2,1,1.32,5.562
1,1,2,36.85,0.568
2,1,1,24.29,2.55
1,2,4,61.57,0.874
1,1,2,34.51,0.424
1,1,1,54.6,0.667
1,2,2,22.69,1.625
2,2,2,11.57,3.852
1,1,1,20.83,1.15
3,1,1,49.29,23.857
1,3,1,41.0,1.454
2,3,1,43.25,6.761
1,1,4,43.49,0.773
2,2,1,23.16,9.254
3,2,3,61.37,41.77
1,1,1,32.71,0.608
1,1,2,24.14,0.429
2,1,3,5.99,2.381
2,1,4,74.76,6.686
1,1,1,19.28,0.544
2,1,1,10.86,3.356
2,1,1,33.57,5.079
2,2,1,12.61,7.395
1,1,2,57.68,1.091
1,2,1,51.97,1.429
3,1,2,48.57,22.175
1,2,1,25.33,1.421
1,1,4,56.04,0.559
3,1,3,31.43,16.145
1,3,1,8.9,0.987
1,1,4,4.91,0.672
2,1,3,23.76,2.745
2,1,3,32.88,4.822
3,3,1,14.07,33.822
2,1,2,30.31,3.588
1,2,2,13.6,0.948
1,2,1,11.37,1.278
1,3,3,39.77,0.736
3,3,5,43.52,22.107
1,1,1,44.99,0.5
1,1,2,57.01,1.097
1,3,3,24.45,1.157
1,1,4,36.8,0.351
1,3,1,5.57,0.904
2,1,2,40.57,3.765
1,1,2,32.96,0.748
3,1,2,23.04,11.613
3,3,1,54.9,29.489
1,1,2,21.07,0.509
2,2,1,41.96,10.945
1,2,4,16.65,0.972
1,1,3,10.75,0.491
1,1,2,19.95,0.565
2,1,1,17.7,3.974
2,1,1,44.95,2.667
1,3,1,16.76,1.088
2,1,2,22.61,3.236
2,1,2,22.13,4.745
2,1,1,15.59,3.916
1,2,1,14.21,1.097
2,2,2,50.38,7.887
2,1,3,16.65,2.837
1,1,1,33.43,0.598
2,2,3,8.64,3.234
1,3,2,9.62,0.571
2,2,2,23.8,6.481
2,1,3,20.9,2.993
1,3,1,9.24,0.8
1,1,2,23.16,0.546
2,2,2,15.35,5.857
2,1,5,37.44,2.267
2,3,2,75.88,7.897
2,1,2,26.14,2.628
1,2,2,35.6,1.092
1,1,1,21.14,0.673
2,1,4,11.62,2.552
1,1,3,41.25,0.667
2,3,2,23.92,4.187
1,1,1,42.25,0.712
1,1,2,18.87,0.671
2,1,2,21.51,3.345
2,1,1,44.18,4.091
2,1,2,41.43,4.804
1,1,1,44.26,1.425
2,2,1,25.72,12.5
1,1,4,27.35,0.32
2,2,1,47.04,11.318
2,2,2,24.52,5.246
1,1,2,8.6,0.696
2,1,3,15.81,2.637
1,2,1,13.89,1.317
1,3,1,30.71,0.999
2,2,1,16.41,8.186
1,2,3,5.64,1.093
3,1,4,36.08,12.891
1,1,1,7.65,0.628
1,1,1,25.19,0.903
2,1,1,28.05,3.166
1,1,4,22.55,0.37
3,1,1,24.62,20.664
1,2,3,23.96,1.045
1,3,2,31.89,0.874
1,1,2,9.99,0.491
1,1,1,27.96,0.932
1,1,3,6.79,0.271
1,1,2,50.11,0.782
1,1,1,17.03,0.612
1,2,2,26.14,0.991
1,3,4,57.57,1.037
1,3,2,30.75,1.149
1,2,3,23.63,1.282
1,1,2,49.44,1.248
1,1,1,50.08,0.822
1,1,2,5.35,0.462
1,2,1,47.52,1.054
1,3,1,28.38,1.168
3,2,1,16.4,30.227
1,3,1,4.37,1.045
1,1,1,14.96,0.8
2,2,4,16.98,3.094
1,1,1,60.79,1.144
1,2,3,31.05,1.497
2,1,1,24.67,2.919
2,2,1,15.67,6.335
3,3,1,2.28,27.584
3,1,1,38.99,17.696
1,3,1,20.63,0.733
2,1,1,43.11,4.488
1,2,2,54.2,2.337
2,1,5,39.91,1.665
1,1,2,9.14,0.61
1,2,2,22.84,1.067
1,1,1,33.09,0.914
1,1,3,8.16,0.539
1,1,3,4.88,0.652
2,1,2,31.99,2.713
1,1,3,31.53,0.75
2,2,2,37.12,3.965
1,1,1,18.38,0.682
1,1,1,26.89,0.673
1,1,1,51.5,1.516
1,1,1,19.33,0.71
1,1,3,21.61,0.691
1,1,4,50.88,0.743
1,2,1,23.22,1.188
2,1,2,22.61,4.087
1,1,2,19.09,0.615
2,3,1,23.23,3.971
2,3,1,44.22,3.78
1,3,2,28.94,1.118
2,2,1,25.7,7.645
2,1,1,25.1,3.979
2,1,1,19.51,3.263
2,1,1,22.1,5.012
1,1,2,42.34,0.929
3,1,1,30.01,29.438
1,1,1,14.27,0.572
1,1,1,23.77,0.78
2,3,1,56.73,6.315
1,1,1,41.31,0.756
2,1,2,75.43,8.991
1,1,4,49.55,0.885
1,2,4,55.17,1.295
2,1,2,26.57,3.44
1,1,2,23.02,0.396
1,1,1,27.54,0.85
2,3,1,7.29,3.868
2,1,1,46.33,6.609
2,1,1,39.25,4.067
1,2,2,12.39,1.134
2,2,2,40.95,9.587
2,2,5,27.24,4.584
2,1,4,9.69,1.774
1,3,1,30.47,2.079
1,1,4,24.4,0.593
1,3,3,24.97,0.664
1,1,3,22.48,0.368
1,1,2,9.93,0.527
1,1,4,2.47,0.507
2,2,1,10.68,6.153
1,2,1,35.23,1.286
1,1,3,11.12,0.409
1,3,2,15.82,0.801
2,3,2,39.33,4.618
1,1,1,46.09,0.871
1,1,5,24.03,0.484
3,2,2,31.25,18.891
2,2,1,21.72,7.069
1,1,2,26.86,0.836
2,1,2,30.41,2.865
3,1,1,29.98,20.392
1,3,1,26.12,1.002
2,1,1,25.01,3.523
1,1,2,33.92,0.762
2,3,2,40.78,6.348
2,2,2,46.05,8.359
3,2,3,1.24,20.571
2,1,2,24.42,3.068
1,3,4,47.86,0.569
1,2,3,36.56,0.978
3,1,4,31.13,7.001
1,1,1,9.47,0.503
1,2,4,16.93,0.603
2,1,3,30.74,2.325
1,1,1,35.14,0.907
1,2,2,25.4,0.92
1,3,4,21.98,0.577
1,1,3,21.41,0.588
2,1,2,40.72,7.144
1,1,3,40.43,0.501
1,2,1,26.52,0.946
2,1,5,16.8,1.189
1,2,1,33.58,1.511
2,3,4,14.36,2.761
1,1,2,67.99,1.681
1,2,5,27.56,0.828
1,1,1,11.69,0.64
2,1,4,51.4,3.289
3,1,2,34.91,13.746
1,2,4,21.15,1.052
1,1,1,18.62,1.434
1,2,2,9.68,1.077
1,2,3,16.46,1.064
1,1,3,42.5,0.57
2,3,4,49.1,4.284
2,2,1,62.02,12.701
1,3,2,15.55,1.077
1,2,2,27.23,1.244
1,2,2,20.76,1.441
1,1,1,46.52,0.683
1,1,2,62.23,1.037
2,1,2,11.46,2.015
1,2,3,6.94,1.03
1,2,1,38.01,1.873
1,2,2,26.16,1.02
1,1,1,26.09,0.611
3,1,2,50.15,28.141
2,1,2,15.92,1.597
2,2,2,41.42,6.947
2,1,1,11.35,2.585
1,1,2,33.16,0.39
2,1,3,35.09,4.105
2,3,1,50.77,7.118
1,1,1,30.44,0.369
1,3,3,29.72,0.703
2,1,4,29.82,2.416
2,1,3,34.86,4.821
1,1,1,19.65,0.809
2,1,2,59.18,7.382
3,1,2,31.74,15.902
3,3,2,23.27,19.763
1,3,1,46.77,1.061
1,2,1,38.2,1.955
2,1,3,12.48,1.719
1,1,1,17.43,0.676
1,1,3,11.33,0.466
2,3,3,34.9,3.568
1,2,2,48.95,1.066
1,1,2,50.14,1.447
3,2,2,26.09,34.599
1,2,1,8.32,1.366
3,1,2,21.22,16.341
1,1,1,16.93,0.484
1,1,2,31.69,0.54
1,3,2,22.86,0.507
1,1,2,21.15,0.603
1,1,3,64.06,1.025
2,3,2,21.88,3.61
3,3,1,11.41,27.29
1,2,2,21.59,1.144
1,3,3,63.72,1.347
2,1,2,12.85,3.649
1,2,1,12.29,1.932
1,2,1,29.94,1.234
1,2,3,29.57,0.874
1,1,1,7.93,0.584
1,1,2,7.7,0.564
1,2,1,22.54,1.184
2,1,3,20.99,3.315
1,1,2,29.86,0.273
1,3,4,30.45,0.565
1,2,1,19.93,1.167
1,1,1,26.8,0.944
2,1,1,27.31,3.116
2,1,2,36.89,2.504
2,2,4,16.87,6.907
1,2,3,14.72,0.758
1,1,3,37.2,0.824
1,3,1,15.6,0.613
1,1,1,3.95,0.794
1,3,2,35.96,1.244
1,2,1,15.04,1.091
1,2,3,50.97,1.831
1,2,2,42.36,2.037
1,3,3,30.68,0.966
1,1,1,42.89,0.736
1,1,4,58.38,1.021
3,1,2,39.66,16.638
1,1,5,37.67,0.492
1,3,2,19.84,0.639
1,2,1,25.61,1.669
1,1,1,33.97,0.817
2,3,2,38.96,3.738
1,1,3,8.36,0.548
3,2,4,4.57,24.417
2,2,1,7.9,5.574
1,3,1,65.83,2.137
3,2,2,60.35,53.587
2,1,1,23.92,4.022
3,1,3,26.11,13.382
1,2,1,59.65,1.472
3,1,2,60.48,46.617
1,2,1,29.15,1.673
1,1,1,30.18,0.907
3,2,2,7.63,34.79
1,1,4,20.81,0.596
1,2,2,15.03,1.328
1,2,4,37.1,0.91
1,1,1,9.57,0.614
1,2,4,6.41,0.566
1,1,2,7.71,0.582
1,3,1,12.35,1.154
2,1,1,40.7,3.716
1,1,1,45.67,0.877
2,1,3,22.29,1.665
1,2,5,2.79,0.535
2,1,1,14.92,4.13
2,1,1,41.66,6.172
3,2,1,26.09,26.857
1,3,5,36.17,0.628
1,1,1,27.69,0.666
3,1,4,40.84,11.966
2,1,1,17.88,4.172
1,2,2,15.94,1.149
2,1,1,27.08,5.959
2,2,3,40.94,6.801
1,1,1,11.21,0.549
2,1,3,28.26,2.827
2,1,2,27.28,3.849
1,1,1,18.53,1.006
1,2,1,21.3,1.756
1,2,1,14.74,1.392
1,2,2,30.96,2.077
1,1,4,26.85,0.764
2,1,1,27.34,2.904
1,2,4,26.33,0.606
2,2,1,18.24,4.897
2,2,1,51.97,5.309
2,1,4,12.48,2.448
1,1,2,22.39,0.454
1,2,1,34.46,1.522
2,1,2,10.23,2.757
1,1,2,54.28,2.449
1,2,1,13.74,1.236
1,1,2,40.33,0.79
1,1,2,27.46,0.745
2,1,2,2.2,2.878
1,2,2,25.69,1.333
1,1,1,38.47,1.134
1,2,1,20.15,1.233
1,1,1,11.61,0.735
1,2,3,16.33,1.054
2,1,1,39.77,5.665
2,2,3,12.22,5.397
3,1,2,23.47,17.602
1,2,1,46.86,1.541
1,2,3,18.58,1.308
1,2,2,61.25,1.624
2,1,3,46.86,4.107
2,2,3,11.71,3.942
2,3,1,34.23,5.69
1,1,3,27.32,0.435
1,1,2,13.88,0.62
3,2,3,68.34,40.825
1,2,5,12.61,0.604
2,1,1,45.09,4.231
2,1,2,27.9,3.151
1,1,5,37.98,0.466
3,1,1,37.09,25.29
2,1,2,41.29,4.295
2,1,1,44.1,3.592
1,3,2,31.64,0.866
1,3,1,12.57,0.795
2,2,5,29.95,2.945
1,1,1,27.16,0.965
1,3,3,1.25,0.584
1,2,5,17.42,0.631
1,1,2,20.21,0.573
2,1,2,60.98,5.014
1,2,4,26.77,0.982
1,3,1,21.05,0.767
1,1,2,25.25,0.969
1,1,4,44.84,0.419
1,2,1,33.56,1.339
1,1,2,49.81,0.825
1,1,4,4.57,0.373
1,2,5,3.04,0.572
2,2,2,21.11,8.657
1,1,2,30.11,0.628
1,1,1,37.79,1.327
1,1,1,11.27,0.409
2,1,3,12.5,3.197
1,2,2,18.4,1.144
1,3,3,14.64,0.575
2,2,1,56.81,16.099
2,1,2,20.25,3.451
1,1,1,47.57,0.53
2,1,1,40.7,4.886
2,2,1,53.51,5.528
1,1,3,50.01,0.594
3,1,5,8.65,11.739
1,1,5,1.91,0.422
2,2,3,61.97,5.639
2,1,4,31.22,2.172
3,1,2,13.9,10.905
1,2,2,5.23,1.031
2,2,4,25.8,2.757
1,1,1,46.84,0.92
1,2,1,48.18,1.6
2,2,2,24.53,4.744
1,1,2,15.74,0.575
2,2,3,21.9,5.401
1,1,2,18.89,0.367
1,2,2,16.92,0.753
1,1,2,23.79,0.573
1,1,2,31.7,0.597
1,2,1,28.06,1.323
1,2,3,26.41,0.727
3,1,1,31.78,20.516
2,3,5,7.29,2.792
2,1,1,2.67,4.778
1,1,2,22.11,0.48
1,1,2,38.69,0.338
2,1,1,48.25,5.795
1,3,2,50.36,1.201
1,1,4,25.08,0.437
3,1,1,25.13,14.744
1,2,5,20.91,0.686
3,1,2,16.88,16.117
1,2,1,16.4,1.409
1,1,1,21.42,0.804
1,3,2,22.86,0.841
3,1,1,43.94,16.602
2,3,2,47.93,4.631
2,1,3,26.07,2.815
1,1,1,35.08,0.649
2,2,5,21.15,2.421
1,1,1,11.21,0.961
1,1,4,2.91,0.403
2,1,2,49.54,7.165
2,1,1,16.69,2.5
2,2,1,60.52,6.678
1,2,1,46.45,2.908
2,3,4,19.24,3.279
1,1,1,10.33,0.548
3,2,2,16.29,23.708
1,2,1,39.38,0.602
1,2,1,39.16,1.545
1,1,1,8.16,0.437
1,1,2,9.46,0.514
1,1,3,11.63,0.383
2,1,1,75.59,21.138
2,2,4,22.51,3.832
1,2,1,25.37,1.085
1,1,3,51.51,1.476
2,3,1,60.93,15.431
2,2,2,13.53,5.85
1,3,4,49.69,0.947
3,1,2,10.15,12.739
1,2,2,26.65,1.525
2,1,2,21.24,6.757
2,3,1,6.3,6.156
1,1,1,35.77,0.799
1,1,2,13.07,0.531
2,2,2,9.6,4.764
1,1,1,34.03,0.631
1,3,2,28.44,1.44
1,1,1,12.88,0.742
2,1,3,23.33,2.634
1,1,2,23.62,0.731
1,1,4,45.37,0.566
3,3,3,37.32,18.048
2,3,2,24.04,4.637
1,3,2,12.44,0.655
1,3,2,23.42,0.849
1,1,3,30.24,1.025
1,2,2,15.64,0.968
1,1,2,15.6,0.595
1,2,3,9.39,0.757
1,3,3,47.85,1.017
2,1,2,20.31,1.697
1,1,4,7.47,0.346
1,1,2,16.31,0.875
2,3,2,27.59,5.507
1,3,5,22.13,0.58
2,3,2,23.91,4.647
1,2,1,45.3,1.44
1,3,1,19.47,0.785
1,3,4,19.14,0.623
1,1,1,21.31,0.554
2,3,2,18.96,3.449
1,2,1,18.57,1.423
1,1,2,37.7,0.574
1,2,2,30.71,0.983
1,1,2,40.65,0.994
1,2,3,3.11,0.908
1,1,1,45.63,1.098
1,2,4,17.92,0.945
2,2,1,39.27,4.447
2,1,1,47.64,3.384
1,2,2,39.2,1.487
2,2,2,27.96,6.742
1,3,2,33.93,0.627
1,2,5,18.86,0.754
2,3,1,3.87,3.272
2,2,2,42.96,4.813
1,1,2,40.32,0.698
3,1,1,51.04,21.57
3,2,2,53.25,38.692
1,1,5,22.69,0.318
1,1,1,41.19,1.28
2,3,1,25.22,5.22
3,3,1,56.06,20.249
1,1,2,16.53,0.778
1,1,2,7.75,0.444
2,3,3,36.19,4.701
1,1,4,15.42,0.406
2,1,3,13.73,2.422
1,1,2,26.47,0.704
2,1,1,16.54,1.939
1,2,1,22.51,0.827
1,3,3,24.45,0.853
2,2,2,22.26,4.774
1,1,1,12.57,0.55
1,2,2,9.25,1.099
1,2,2,24.45,1.716
2,1,3,39.1,2.611
1,1,1,22.65,0.771
2,1,2,38.96,3.346
1,2,2,6.07,1.247
2,2,2,12.94,4.491
1,3,5,29.04,0.435
1,3,2,28.03,0.699
1,3,3,54.24,0.821
1,3,3,2.4,0.63
2,2,3,46.26,5.098
2,3,1,16.84,3.113
2,1,2,17.63,2.35
2,1,3,42.11,3.873
2,3,2,32.54,2.876
3,1,2,12.5,11.581
2,2,4,38.45,3.618
1,3,2,63.87,1.698
1,2,4,29.51,0.716
1,1,2,43.39,0.544
2,1,1,14.62,4.444
1,2,2,21.52,0.689
1,2,2,52.65,2.634
2,2,2,24.23,7.882
1,2,2,34.33,1.185
1,1,2,37.4,0.695
2,2,3,47.29,10.74
1,2,4,34.81,1.417
1,1,2,6.38,0.454
1,3,2,6.46,0.953
1,1,2,83.29,1.989
1,1,2,53.65,0.856
1,1,1,31.6,0.61
2,1,2,33.43,3.234
2,2,3,45.38,11.363
1,3,1,41.23,1.072
1,1,1,18.01,1.199
1,2,3,8.77,0.841
1,3,5,27.99,0.554
1,2,2,34.2,1.152
1,3,1,30.77,1.355
1,2,3,33.38,1.071
2,3,3,21.76,3.871
1,2,1,33.3,1.67
3,1,2,17.08,12.887
1,1,3,26.45,0.457
2,1,2,31.43,2.407
1,3,4,35.26,0.486
2,1,1,13.15,4.177
2,1,4,28.37,1.763
1,1,2,21.95,0.87
1,1,1,7.46,0.597
3,1,3,23.08,12.443
3,3,3,32.42,17.746
3,3,1,9.59,23.02
1,2,2,8.92,0.726
1,1,2,18.52,0.643
1,3,4,13.61,0.532
2,1,2,39.67,1.609
1,1,1,74.21,1.707
1,1,5,37.13,0.511
1,1,4,57.07,0.638
1,1,1,21.45,0.597
2,1,1,57.48,4.818
1,1,3,41.18,0.45
2,3,1,65.06,14.388
1,3,1,43.38,1.655
1,3,5,64.53,0.604
1,2,1,25.58,1.651
1,2,2,21.62,1.617
1,2,1,7.34,1.496
2,3,2,7.0,3.484
1,1,2,28.24,1.028
1,2,4,37.44,1.033
2,1,4,34.75,3.424
1,1,1,7.22,0.847
1,2,5,15.38,0.543
1,3,2,26.78,0.693
1,3,2,24.8,0.91
1,1,1,21.81,1.035
1,1,2,26.26,0.572
1,3,2,24.71,1.313
1,2,4,30.63,0.8
2,1,2,4.42,3.129
2,1,2,19.62,4.177
1,2,4,34.91,0.887
1,2,1,42.98,1.583
2,3,1,11.81,5.081
1,1,2,37.03,0.433
2,1,1,52.47,5.254
1,1,2,23.84,0.947
1,1,2,14.86,0.552
1,1,2,45.31,0.565
2,1,2,4.79,3.245
1,1,2,26.33,0.586
1,1,1,58.85,1.392
1,1,3,31.06,0.349
2,3,4,17.38,2.819
1,2,1,15.93,1.175
2,1,5,10.25,2.124
1,1,3,14.67,0.631
1,1,2,17.03,0.526
1,2,3,16.15,0.642
3,1,1,37.48,21.924
1,1,1,20.03,0.636
1,1,1,48.46,1.161
2,3,3,26.02,3.375
1,1,3,50.89,0.721
1,1,1,7.07,0.737
1,2,1,50.94,1.03
2,3,3,31.52,3.792
1,2,1,19.89,1.362
2,1,2,21.75,2.313
2,2,1,65.32,6.961
1,1,1,7.71,0.546
1,1,1,28.55,0.717
2,1,5,29.66,2.432
2,1,3,71.78,4.799
2,2,2,8.13,6.398
1,1,1,8.5,0.583
2,2,2,22.44,4.312
2,1,2,38.33,3.06
3,2,1,15.56,23.997
1,1,2,37.66,0.948
2,2,3,18.52,4.586
2,2,2,26.2,8.123
2,2,2,55.12,7.696
2,1,1,13.75,3.617
2,2,1,60.7,9.302
1,2,3,18.22,1.131
1,1,1,63.45,2.686
1,1,3,34.69,0.471
2,2,1,3.39,7.679
1,2,3,37.06,1.133
2,2,3,53.79,9.88
3,2,4,11.22,14.838
2,1,1,14.46,2.266
2,1,1,15.19,3.841
2,1,1,44.46,4.915
1,3,1,29.05,0.532
1,2,1,33.97,0.796
1,1,3,45.52,1.057
2,2,1,42.99,9.519
1,2,2,55.98,1.247
1,2,1,15.99,1.107
2,3,5,15.04,1.979
1,2,1,31.1,1.467
2,3,4,64.91,7.134
1,2,2,57.8,2.747
2,2,2,20.85,5.814
1,2,1,18.04,1.28
2,2,2,1.82,6.151
2,1,2,32.98,3.161
1,2,2,22.68,0.869
1,1,1,5.03,0.6
2,2,1,61.88,12.459
1,2,1,29.86,1.392
2,2,2,37.2,13.676
1,1,1,21.06,0.57
2,1,1,17.13,2.425
1,2,2,10.99,1.324
1,1,4,16.86,0.422
1,1,4,19.75,0.339
1,1,5,12.78,0.482
1,1,2,22.98,0.483
2,1,2,19.28,2.837
2,1,3,50.69,4.163
3,3,2,52.82,30.68
2,1,3,31.93,3.949
2,2,1,3.33,5.214
1,1,4,9.42,0.475
3,1,1,60.19,21.119
1,2,2,14.48,1.304
1,3,2,32.79,1.211
2,1,5,15.7,2.297
3,2,1,35.1,29.553
1,2,1,39.19,1.046
1,2,1,13.75,1.534
2,2,3,3.83,4.352
2,3,1,24.71,2.841
1,1,3,20.46,0.469
2,2,2,47.07,6.406
1,3,1,18.11,1.038
1,1,1,35.71,0.923
2,2,3,10.59,5.063
1,2,5,49.91,0.523
2,1,4,36.58,2.282
1,1,3,39.31,0.568
2,3,1,18.3,4.983
1,1,1,11.36,0.629
3,1,4,24.17,20.034
2,3,3,45.8,4.166
1,1,1,11.65,0.507
3,1,2,35.41,12.901
1,1,1,34.6,0.786
1,3,2,71.24,1.523
3,1,2,32.05,13.936
3,3,5,15.82,13.028
2,3,1,36.77,4.346
3,1,1,47.8,31.301
1,2,2,17.26,0.853
1,2,2,31.82,1.159
1,2,3,25.09,1.066
1,1,1,38.26,0.541
2,1,2,31.74,4.112
1,1,3,13.88,0.379
1,1,1,21.77,0.586
1,1,2,27.13,0.486
1,2,1,59.71,2.463
2,1,1,42.01,4.398
1,1,1,16.38,0.693
2,2,1,22.32,5.621
2,2,1,14.48,4.532
1,3,4,22.41,0.406
2,1,3,64.85,9.593
3,2,1,24.62,26.957
1,1,2,11.24,0.53
2,2,3,25.57,4.373
1,3,1,28.38,0.871
1,1,1,18.71,0.657
2,1,2,25.14,3.112
2,1,4,15.33,2.245
2,2,1,17.94,9.558
2,2,2,19.14,6.022
2,3,1,9.55,3.626
1,2,1,28.47,1.425
1,1,3,30.0,0.669
1,1,1,35.79,0.966
1,1,1,35.32,0.528
2,2,4,20.98,5.096
1,3,2,3.25,0.992
1,2,2,15.88,1.077
1,1,2,39.65,0.53
1,3,1,23.79,1.301
1,3,2,13.79,0.654
1,1,3,24.24,0.499
1,2,2,26.03,1.264
1,1,3,4.94,0.559
1,3,3,7.09,0.599
3,1,1,35.55,15.823
1,3,2,11.39,0.725
1,1,2,28.96,0.619
1,2,1,32.41,1.711
2,1,1,46.02,5.554
1,2,5,20.8,1.026
1,2,3,75.12,2.061
3,1,2,32.49,18.119
3,1,2,30.36,13.462
1,3,5,17.95,0.326
1,1,1,25.02,0.952
1,1,1,30.62,0.629
1,1,3,9.67,0.398
1,3,3,4.06,0.699
2,1,4,10.29,1.649
1,1,4,14.33,0.388
1,1,1,36.43,0.535
1,1,1,18.46,0.702
1,1,1,24.66,0.883
1,1,1,20.55,0.77
1,1,1,15.62,0.641
1,1,1,50.8,0.703
1,1,3,20.65,0.536
1,1,2,12.4,0.484
2,2,3,72.49,8.395
1,2,1,16.93,1.562
1,3,1,43.38,0.681
2,1,4,46.63,2.115
2,2,1,8.47,6.001
1,1,1,31.45,0.756
1,2,1,43.05,1.692
1,3,2,55.82,0.941
1,3,2,16.23,0.614
2,2,2,7.16,5.302
1,1,2,7.16,0.505
1,1,1,9.62,0.882
1,1,2,27.35,1.102
1,1,1,22.25,0.661
1,2,1,12.79,1.443
1,1,2,5.68,0.401
1,1,2,20.3,0.519
2,2,3,22.67,3.873
2,2,2,30.08,6.971
3,1,3,13.12,14.212
2,2,1,18.94,4.921
3,1,4,3.24,10.006
3,2,1,8.87,33.121
1,3,1,8.95,0.786
1,2,4,18.74,0.746
1,3,3,25.86,0.597
2,1,3,6.92,2.831
2,1,2,19.69,2.767
1,2,1,38.35,1.454
2,2,1,37.72,6.419
2,1,2,8.48,2.203
2,2,5,47.46,4.23
1,1,2,44.13,0.596
1,1,3,20.64,0.451
1,1,4,32.06,0.397
1,1,2,39.31,0.677
2,2,2,8.72,4.378
1,2,1,14.05,1.05
1,2,1,26.69,1.365
1,1,3,14.8,0.339
1,3,4,5.36,0.421
1,1,1,40.44,0.479
3,1,1,15.17,21.953
1,2,4,58.12,1.479
3,2,2,41.93,39.515
1,2,1,20.96,1.267
1,1,2,35.08,0.562
3,3,3,39.07,18.152
2,1,1,45.62,2.32
2,1,2,21.76,3.431
2,2,2,64.25,15.815
1,2,1,9.87,1.138
2,1,2,13.25,1.956
1,1,1,29.31,0.548
2,2,1,35.43,10.64
3,2,2,10.74,18.197
2,2,3,11.5,3.972
2,1,1,58.37,4.265
2,1,2,15.1,2.449
1,3,1,6.59,0.804
1,1,1,10.29,0.548
2,1,1,20.92,2.59
2,2,4,16.54,2.955
1,1,2,21.12,0.525
2,1,2,75.43,13.366
1,1,1,34.47,0.776
2,2,3,20.41,4.811
2,3,1,10.4,3.299
1,3,3,10.88,0.484
1,2,2,4.03,0.709
2,1,1,22.31,3.007
1,3,1,56.34,1.786
3,3,2,43.8,20.318
1,1,2,37.76,0.517
1,1,1,34.85,1.094
1,3,1,29.41,0.869
2,3,5,41.39,4.002
1,3,2,9.22,0.748
2,3,1,25.97,3.453
3,1,1,22.0,12.405
2,2,2,8.87,4.096
1,1,2,41.43,0.577
1,2,2,19.84,1.186
2,1,1,54.11,6.187
1,1,1,52.1,1.047
2,2,2,17.0,4.845
2,2,1,16.57,5.701
2,1,2,64.22,6.755
2,3,1,18.42,4.969
3,1,1,20.43,13.616
2,2,2,44.64,8.746
2,3,1,11.48,5.547
1,3,3,13.33,0.627
1,2,3,33.48,1.052
1,1,3,53.72,0.939
3,1,1,19.95,11.389
2,2,1,34.67,5.604
2,1,1,38.76,2.601
1,1,1,34.78,0.536
2,1,2,22.31,3.184
1,1,4,23.81,0.476
2,3,2,32.58,6.037
1,2,2,10.07,1.03
2,3,1,19.63,4.609
2,1,1,72.1,13.944
1,3,3,14.54,0.854
1,3,2,12.48,0.727
1,2,2,43.7,1.14
1,1,1,23.39,0.575
1,1,1,31.42,0.577
1,3,1,21.94,1.083
1,2,1,46.27,1.109
1,1,1,11.6,0.89
2,1,1,43.93,6.899
1,3,3,53.91,1.092
1,3,5,12.53,0.455
2,1,1,7.66,2.365
1,2,1,40.49,1.601
2,3,1,13.33,7.64
3,2,2,26.33,33.977
2,2,2,9.63,3.461
1,3,5,5.56,0.373
1,3,1,39.56,1.397
2,2,1,21.36,6.081
2,1,1,34.6,4.559
1,3,4,74.47,0.721
2,2,3,10.98,3.634
2,1,2,35.31,4.119
2,2,1,34.63,10.681
1,2,4,21.8,1.236
1,3,2,15.48,0.661
1,1,5,1.18,0.308
1,1,2,30.6,0.718
2,1,4,26.65,2.103
1,3,1,23.53,1.304
1,2,4,29.64,1.021
1,1,1,52.86,0.748
2,1,1,44.24,4.376
2,1,2,26.02,2.854
2,1,3,28.39,3.152
3,1,2,52.16,29.244
3,2,1,26.54,36.352
1,2,1,21.42,1.059
1,1,2,51.75,0.576
2,2,2,17.42,4.861
2,2,1,8.99,6.555
1,1,1,24.54,0.92
3,1,1,62.45,38.998
1,2,2,35.15,1.106
3,2,2,35.69,24.866
1,1,2,26.5,0.568
1,2,1,51.66,2.662
2,3,1,18.05,3.49
2,1,3,27.24,5.092
2,2,2,11.94,6.555
2,1,1,55.02,4.402
1,1,4,40.53,0.607
1,2,1,13.49,1.432
1,2,4,53.59,1.984
1,3,3,20.73,0.75
1,1,2,7.9,0.491
1,2,2,8.2,1.008
1,1,2,69.87,1.642
1,3,5,7.03,0.393
1,2,1,27.45,1.563
1,3,2,36.92,0.96
3,2,1,52.57,50.96
3,1,4,29.83,8.431
2,2,1,38.57,7.031
1,3,1,16.63,1.606
2,1,2,13.29,4.362
1,1,4,2.58,0.432
1,2,2,54.27,1.825
2,2,1,81.41,22.455
1,1,1,19.79,0.808
3,1,5,9.61,9.822
2,1,2,57.45,3.985
1,2,1,27.87,1.128
1,3,5,14.56,0.584
2,2,2,40.23,5.839
1,1,2,3.79,0.56
1,1,1,55.47,1.688
1,3,2,41.78,0.889
3,3,4,11.03,10.083
1,2,4,18.6,1.06
3,2,2,27.36,19.337
2,3,2,20.22,4.752
1,2,1,26.86,0.73
1,1,2,13.56,0.738
2,1,2,61.17,5.059
1,1,1,37.65,0.877
1,1,5,42.14,0.806
1,1,3,49.49,1.654
2,1,1,21.45,5.588
2,2,1,52.22,4.287
1,2,1,22.49,0.95
1,2,1,22.13,0.96
1,2,1,44.12,1.453
2,3,3,32.19,2.332
1,1,1,19.32,0.484
3,3,1,23.12,24.628
2,1,2,25.21,1.858
1,2,4,20.75,0.676
2,2,1,25.36,4.928
2,2,3,29.9,4.885
2,3,1,14.19,4.49
1,2,2,21.7,1.034
3,1,1,23.34,13.531
1,2,1,65.57,2.546
2,1,1,48.09,6.274
1,1,3,10.35,0.804
1,1,3,11.5,0.748
3,3,1,40.78,53.994
1,1,2,21.87,0.482
1,3,1,4.08,0.879
2,3,1,23.32,7.382
1,3,2,16.36,0.553
2,2,2,39.43,5.82
3,3,1,34.25,25.537
1,1,3,42.24,0.615
1,2,2,21.73,1.72
3,2,3,15.41,18.829
3,1,4,17.28,14.74
1,2,1,33.0,1.33
2,2,1,36.8,6.529
2,1,3,33.53,3.163
1,3,2,24.08,0.766
2,1,3,17.53,2.907
1,2,1,5.38,1.008
1,3,1,23.19,0.634
1,3,1,8.35,0.672
2,2,1,36.21,9.093
1,3,1,47.12,1.231
1,2,4,6.35,1.052
1,1,2,41.67,0.973
1,2,2,9.35,0.945
3,1,5,33.18,8.763
1,2,1,45.94,1.17
1,1,1,18.65,0.628
3,1,1,35.45,21.772
1,1,1,63.18,1.234
1,1,1,35.24,1.093
2,2,3,21.16,6.206
2,1,1,28.93,4.656
1,3,1,0.87,0.914
2,1,2,54.67,3.992
2,1,2,42.27,4.367
2,1,3,73.33,8.033
1,2,1,42.83,1.492
2,1,2,31.27,7.372
1,3,2,18.93,0.682
2,1,4,57.74,3.159
3,1,1,35.51,11.544
2,2,2,45.22,3.709
2,1,2,38.58,5.518
1,2,1,37.98,1.566
1,1,3,17.72,0.622
1,2,3,35.56,1.289
1,1,3,21.45,0.581
2,2,1,44.76,6.772
2,1,1,40.83,4.01
1,3,1,27.54,0.945
1,1,3,33.85,0.32
2,2,2,57.01,9.623
1,2,1,18.87,1.531
1,1,2,43.72,0.654
1,2,1,45.37,1.66
1,1,3,47.66,0.684
2,1,4,19.73,1.655
1,2,1,31.27,1.755
1,2,2,28.23,1.421
1,1,1,25.51,0.771
1,2,2,6.87,0.877
1,1,2,7.69,0.893
1,3,3,25.07,0.788
2,2,2,56.82,7.908
2,1,3,45.01,3.882
1,2,1,27.43,0.865
1,1,5,1.35,0.245
2,3,1,37.02,6.163
1,1,2,20.25,0.55
1,1,1,53.89,1.645
1,1,2,3.83,0.49
1,1,2,15.58,0.898
3,1,2,42.83,10.438
1,2,2,9.76,1.056
3,2,2,23.03,18.416
2,1,2,11.56,2.883
3,1,2,46.47,12.22
2,1,2,45.18,5.101
2,2,1,61.2,7.994
1,2,3,20.34,1.121
2,3,2,58.31,12.678
1,1,3,52.66,0.441
2,2,2,43.51,8.439
2,1,2,22.65,3.494
1,3,3,56.28,0.851
1,2,3,34.29,0.683
1,1,5,11.73,0.388
1,2,2,12.47,0.957
1,3,2,8.13,0.609
1,1,1,26.51,0.912
1,1,2,4.32,0.484
1,1,3,33.98,0.586
1,1,2,33.16,0.917
1,1,2,16.17,0.638
1,1,1,76.19,1.956
1,1,1,16.77,0.704
1,2,3,17.35,1.045
3,3,4,20.46,17.419
1,1,2,28.41,0.517
1,3,1,27.23,1.493
1,1,1,32.73,0.494
2,1,5,59.15,2.703
1,2,1,28.02,1.161
1,1,3,43.71,0.676
1,1,2,49.54,0.805
1,1,4,37.67,0.725
1,2,2,44.0,2.599
3,1,3,14.86,12.186
3,1,2,67.59,29.915
1,1,1,54.11,1.491
1,2,2,57.34,1.535
1,3,2,43.16,1.291
3,1,3,49.83,19.814
3,2,4,10.66,18.438
1,2,3,36.66,1.078
1,1,2,44.02,0.395
1,2,1,61.72,3.009
2,1,1,46.38,4.925
1,1,1,27.88,0.685
1,1,1,25.99,1.133
1,3,1,15.86,0.713
1,1,2,35.32,0.886
2,3,5,3.58,1.964
1,1,2,47.86,0.671
1,1,4,25.49,0.459
2,2,2,12.44,4.583
2,2,2,18.63,6.724
2,1,1,26.36,3.391
2,2,1,12.8,3.46
1,3,1,21.07,1.151
1,3,1,11.38,0.756
1,3,5,22.14,0.426
2,3,1,14.84,2.387
3,1,1,23.26,30.467
1,1,1,3.89,0.484
2,1,2,19.45,2.501
2,1,2,26.62,3.877
3,3,4,57.06,34.978
1,1,3,48.49,0.466
1,1,2,24.23,0.773
2,3,2,20.34,4.931
2,1,2,25.45,2.987
2,1,2,39.7,3.127
2,1,3,38.02,6.724
1,3,1,44.36,1.963
2,1,1,14.62,3.57
1,1,1,57.72,0.834
1,1,1,60.1,1.111
1,2,3,39.32,0.924
1,2,5,7.54,0.525
1,1,1,50.8,1.101
2,2,1,26.5,10.567
2,1,3,1.63,2.621
1,1,2,44.95,0.791
1,1,2,25.3,0.681
1,1,2,31.15,0.695
1,1,1,67.59,0.893
1,3,3,21.91,0.5
1,1,4,19.81,0.368
3,2,2,27.46,39.917
1,3,2,11.54,0.577
2,2,1,9.04,4.497
2,3,4,50.08,6.559
1,1,2,20.96,0.463
1,2,3,2.04,0.816
1,2,2,35.53,1.098
1,1,4,32.78,0.568
2,1,3,29.45,2.631
1,2,1,39.08,1.007
1,1,2,30.48,0.862
1,2,2,7.91,1.144
1,2,3,50.21,1.666
3,1,1,44.82,17.643
1,1,2,24.26,0.401
2,3,2,8.77,3.67
1,3,1,5.11,1.167
1,1,3,49.87,0.894
1,1,1,52.53,0.404
3,1,1,19.97,24.126
1,2,3,42.49,1.247
2,1,4,48.79,2.009
1,1,1,21.93,0.519
2,1,2,11.2,3.397
1,1,2,11.42,0.349
2,1,2,5.84,2.675
1,1,2,45.46,1.077
1,1,2,44.43,0.578
2,1,3,44.15,2.84
1,1,4,50.0,0.578
1,3,1,24.77,1.031
1,1,1,27.16,0.57
1,3,2,25.55,0.586
1,2,2,17.01,1.289
1,2,2,9.4,0.759
1,1,3,26.0,0.491
1,3,4,33.7,0.763
2,1,2,31.12,4.402
3,1,3,34.49,14.097
2,1,2,17.09,3.842
1,1,5,43.15,0.614
2,1,2,36.92,3.772
1,3,1,12.1,0.868
2,2,3,1.43,4.279
1,3,1,13.52,1.142
1,2,4,10.49,0.857
2,1,3,25.11,1.769
1,2,3,20.61,1.325
2,1,1,28.04,2.478
2,3,2,47.55,8.681
1,2,5,7.38,0.83
1,1,1,29.9,0.731
2,2,1,20.34,7.103
2,2,4,25.29,2.562
2,3,2,45.2,4.976
1,2,1,43.81,1.623
2,2,2,13.73,5.476
1,1,1,16.79,0.611
1,1,4,47.22,0.622
2,1,2,41.75,5.223
1,2,2,21.22,1.73
1,3,2,19.84,0.572
1,2,2,27.12,0.841
2,3,4,24.5,2.431
3,2,1,19.0,22.72
3,2,2,34.32,17.231
1,1,2,26.94,0.903
1,2,5,38.19,0.39
2,1,1,7.02,2.743
1,2,1,14.57,1.813
1,2,5,35.55,0.794
1,2,2,25.93,1.574
1,3,4,34.27,0.851
2,1,4,15.93,1.781
1,1,1,21.19,0.606
1,2,4,40.39,0.902
2,1,3,60.45,6.529
2,1,1,43.38,5.525
1,1,2,41.98,0.533
1,3,2,14.5,1.434
3,1,1,15.78,14.547
2,3,2,28.12,5.636
1,1,1,35.32,0.909
2,2,3,26.73,7.276
3,2,1,43.17,38.301
1,1,3,38.17,0.558
1,1,1,55.72,0.86
1,2,3,34.05,1.105
2,1,4,4.55,3.068
1,1,4,44.63,0.637
1,2,2,13.95,1.294
1,2,1,17.69,1.583
2,3,3,28.04,2.981
2,1,1,14.28,3.58
1,1,4,23.37,0.362
1,2,1,29.6,1.578
2,2,1,25.6,5.153
1,1,2,42.3,0.8
2,1,2,52.76,3.192
1,1,2,28.27,0.575
3,1,3,46.59,13.473
1,1,2,58.63,1.185
2,1,4,42.9,4.034
1,1,2,21.09,0.749
1,2,1,36.64,1.585
2,1,4,28.45,2.389
1,2,1,32.48,1.486
2,3,4,52.5,2.684
1,1,1,32.63,0.877
1,1,2,11.74,0.424
2,1,2,14.23,1.818
1,1,1,36.72,0.994
2,1,1,60.69,3.693
1,3,1,40.85,1.042
1,1,1,38.34,1.019
2,1,1,35.23,3.373
1,1,2,14.11,0.847
1,1,2,12.68,0.413
1,1,1,46.91,0.933
1,3,4,25.23,0.672
2,1,3,21.88,3.234
1,2,4,17.13,1.219
1,1,1,33.83,0.501
1,2,4,3.66,0.729
1,3,1,2.52,1.224
1,1,1,26.07,0.685
1,1,2,32.96,0.479
2,2,2,15.62,5.79
2,1,1,23.04,5.129
1,1,4,44.58,0.536
1,1,1,32.89,0.376
1,1,1,53.5,0.982
1,1,2,20.3,0.924
1,2,1,31.55,1.277
3,1,2,13.53,8.856
2,2,2,16.14,8.968
1,1,2,37.48,0.803
1,1,1,7.35,0.66
2,1,1,25.0,3.456
3,2,2,50.72,41.114
1,1,2,18.8,0.869
2,2,3,22.34,4.553
1,2,2,60.6,1.133
2,1,2,19.21,3.109
1,1,2,32.72,0.545
2,3,5,36.71,3.308
1,1,2,10.33,0.52
1,2,4,8.05,0.612
2,2,5,10.94,4.71
2,2,1,1.18,7.737
2,2,1,19.04,5.915
1,1,3,52.26,0.539
2,2,3,18.49,5.072
1,3,1,26.95,0.67
2,2,2,50.26,7.658
1,1,2,54.21,1.008
1,2,4,6.16,0.92
1,2,5,39.77,0.726
3,1,1,38.54,10.997
2,1,1,10.94,2.736
1,2,1,43.09,2.535
2,2,4,24.92,3.334
1,2,5,17.32,0.671
1,3,2,11.48,0.506
1,3,4,36.02,0.894
2,3,1,34.27,7.556
3,3,1,40.46,19.419
3,1,1,21.31,23.776
1,1,1,20.4,0.501
1,1,1,33.76,0.73
2,2,1,23.73,9.197
1,2,1,28.59,0.974
1,3,4,23.19,0.566
3,2,3,21.23,15.567
1,2,1,27.91,1.314
1,3,1,20.47,0.906
2,2,1,32.67,8.051
2,1,1,37.31,5.098
3,1,1,11.74,13.804
2,3,3,13.86,3.612
1,2,4,15.88,0.539
2,1,2,8.44,3.191
2,1,4,53.49,6.961
3,2,2,28.91,29.125
1,2,5,36.91,1.01
1,3,3,19.44,0.702
1,1,3,38.44,0.638
1,3,1,3.33,0.891
3,3,2,44.49,36.982
3,2,5,36.05,19.475
1,2,4,33.65,1.53
3,1,4,20.27,13.832
1,1,5,4.63,0.467
2,1,2,38.41,2.577
2,1,1,65.14,6.67
2,1,1,37.39,3.441
2,2,2,73.37,8.831
2,1,3,24.4,2.709
2,3,1,17.08,5.706
1,3,1,22.02,0.801
2,1,1,19.18,4.111
1,3,1,22.8,0.567
1,1,1,31.69,0.649
2,3,4,65.78,3.28
2,2,4,28.21,5.537
3,1,1,9.34,12.966
1,2,1,32.26,1.028
1,2,1,9.55,1.587
1,3,1,20.46,0.665
2,2,1,34.15,8.835
3,2,1,11.98,21.331
2,2,1,16.25,6.222
1,3,3,42.09,0.782
2,2,1,27.7,7.575
1,2,4,34.3,1.906
3,1,4,18.94,13.076
1,3,2,24.91,0.744
1,3,2,35.91,1.425
1,2,1,28.33,1.196
2,3,2,11.56,5.303
1,2,2,24.87,2.213
1,2,3,71.98,1.636
2,3,1,15.55,4.454
3,1,1,17.89,15.763
2,2,5,17.3,2.279
1,3,2,32.94,1.092
2,3,3,8.67,3.399
1,2,2,40.09,1.37
1,1,2,14.4,0.392
1,2,2,16.88,0.697
1,1,1,18.16,0.882
1,2,1,12.13,0.771
1,2,4,58.96,1.54
1,3,2,30.16,0.929
2,1,3,13.34,2.493
1,2,4,26.68,0.905
1,2,1,8.8,0.905
1,2,5,47.68,0.69
2,2,1,55.48,7.742
2,1,1,48.75,4.597
1,2,1,9.55,0.961
2,1,3,23.76,3.393
2,3,2,26.39,3.113
2,1,5,19.53,1.651
1,3,1,23.37,0.993
1,1,1,14.12,0.589
1,1,1,28.97,0.781
1,2,1,44.76,1.223
1,1,1,27.48,0.675
3,2,1,19.73,30.911
1,2,1,74.45,3.204
1,1,4,42.45,0.597
3,2,1,51.62,51.429
2,1,3,28.28,3.465
1,2,1,43.98,1.598
3,2,2,14.73,23.202
1,2,1,15.85,1.283
1,1,3,22.18,0.684
1,2,1,19.51,1.028
1,1,1,15.62,0.485
2,1,2,27.41,3.093
1,1,1,5.58,0.924
2,1,1,21.34,4.291
1,3,2,13.02,0.767
3,2,2,20.66,22.546
1,1,3,67.47,1.29
3,3,1,3.05,23.726
1,2,1,34.6,1.299
2,2,2,19.94,3.608
2,3,3,5.87,3.04
1,2,2,6.31,0.869
1,2,2,24.66,1.113
2,2,1,61.65,11.185
2,1,3,11.07,2.877
1,2,1,33.85,1.758
2,1,4,1.59,1.985
3,1,4,13.59,7.13
3,1,1,68.87,69.248
1,1,3,14.36,0.431
1,1,2,16.82,0.865
1,3,1,37.91,0.785
2,1,1,41.05,4.32
3,3,5,33.18,14.686
1,2,3,13.96,0.56
1,1,3,20.24,0.778
1,1,2,14.7,0.54
1,2,2,51.37,1.305
3,1,4,19.83,11.403
2,2,2,19.31,5.585
1,1,5,15.53,0.422
1,1,2,33.12,0.895
1,2,2,16.08,0.76
2,1,4,33.43,3.147
2,1,1,48.6,5.064
1,1,1,36.52,1.135
1,1,2,12.38,0.522
3,2,1,17.27,56.184
2,2,1,50.26,10.642
1,3,1,11.35,0.678
1,2,4,34.32,1.427
3,3,2,30.73,20.507
2,1,1,18.76,2.912
3,2,4,37.32,17.035
1,3,1,13.19,0.603
1,3,1,14.88,0.853
1,3,2,11.05,1.021
2,1,1,15.71,2.219
2,1,4,20.61,1.324
1,1,3,9.74,0.313
3,1,1,11.11,16.742
3,1,4,17.95,9.983
1,1,1,63.34,1.293
2,1,1,69.98,5.03
2,1,1,25.01,2.837
1,2,1,27.72,1.334
2,3,1,38.8,3.153
1,1,1,19.34,0.64
3,3,2,35.73,12.838
2,3,1,54.06,5.752
3,1,2,26.78,14.235
2,3,2,17.4,3.371
1,1,2,48.32,0.539
1,1,1,29.22,0.707
2,1,4,5.14,2.488
1,2,1,23.93,1.4
2,1,2,11.59,2.664
1,1,1,34.81,0.562
1,2,3,54.03,1.519
1,3,5,11.16,0.578
2,2,2,53.65,5.797
1,1,2,8.73,0.36
2,3,2,7.5,2.998
1,1,2,9.73,0.631
2,3,3,20.95,2.861
2,1,1,17.97,4.324
1,3,3,14.21,0.693
1,1,2,51.85,0.724
1,1,2,12.25,0.559
1,3,3,24.92,0.338
2,2,1,46.56,11.987
1,2,4,37.29,1.231
2,2,1,28.1,5.271
2,2,2,17.27,3.642
1,1,4,32.66,0.342
2,1,4,43.61,4.881
2,2,1,15.51,6.736
1,1,1,25.87,0.611
2,1,2,26.99,4.074
3,1,3,63.54,24.387
1,2,4,28.25,1.351
1,1,1,16.72,0.848
1,1,1,22.41,0.669
1,1,3,31.0,0.441
2,2,3,4.92,6.987
1,1,2,38.35,0.839
2,1,1,15.51,3.019
1,2,2,35.0,1.647
1,1,3,35.77,0.778
2,3,1,62.86,5.525
1,3,1,22.5,1.531
1,1,3,54.76,0.776
1,1,1,32.49,0.831
1,1,1,63.4,1.304
1,2,3,57.36,1.591
1,1,3,9.91,0.979
2,1,1,42.23,5.846
2,2,3,61.17,5.623
2,2,2,16.4,4.579
2,1,1,18.73,3.957
1,1,2,29.56,0.597
1,2,2,5.76,1.256
2,2,3,27.63,5.764
1,1,1,25.79,0.63
1,3,1,41.9,1.088
1,1,4,59.2,1.055
2,2,5,45.27,5.986
1,2,1,38.16,1.242
1,2,5,20.3,0.516
1,3,3,24.33,0.981
2,1,4,11.62,1.271
1,3,1,54.13,0.941
2,1,4,45.29,4.189
1,1,1,52.84,1.293
1,3,1,17.83,1.097
1,1,4,21.89,0.437
1,2,3,40.81,1.696
1,2,2,35.9,0.909
2,2,3,43.02,6.033
1,1,4,21.34,0.361
3,1,1,44.33,27.937
1,3,1,19.15,1.444
1,1,2,21.03,0.742
2,2,1,16.96,5.497
2,1,2,24.73,3.645
1,1,1,75.83,2.676
1,1,2,61.53,0.889
2,1,4,17.7,2.743
1,3,3,25.3,0.667
2,1,1,25.04,5.82
2,2,4,38.9,6.418
1,2,2,4.52,1.32
2,3,1,22.55,5.107
1,1,4,50.63,1.083
2,2,1,47.65,3.715
3,1,2,26.76,9.805
2,3,4,12.91,2.004
3,3,4,38.21,12.353
2,3,1,23.71,5.837
1,1,3,28.47,0.659
1,1,1,19.38,0.839
1,3,3,11.52,0.6
1,2,1,25.52,2.616
2,1,1,23.23,3.971
1,1,1,13.33,0.594
2,1,2,12.2,2.177
1,2,4,35.54,0.551
1,2,3,22.62,0.565
1,3,1,17.91,0.944
3,2,1,30.8,30.543
1,3,4,25.88,0.437
1,1,3,37.65,1.276
1,2,2,12.85,1.002
3,3,1,28.53,19.689
1,2,1,9.28,1.133
2,2,2,15.75,7.541
1,1,3,34.07,0.661
1,1,2,59.49,0.358
2,2,2,27.33,4.809
2,1,4,65.73,3.245
2,3,1,30.99,5.339
1,2,1,26.41,1.278
3,2,1,35.06,45.466
1,2,1,3.83,0.817
3,2,2,28.74,41.371
1,2,1,14.86,0.878
1,2,1,24.35,1.36
1,1,1,52.44,1.186
2,1,1,18.51,2.543
2,3,2,7.49,4.064
1,1,3,39.75,0.703
1,1,1,36.97,1.002
1,3,3,22.88,0.809
1,1,1,32.09,0.69
2,3,2,14.69,2.972
1,1,1,8.98,0.671
1,1,1,37.66,0.76
1,2,3,18.95,1.081
1,2,2,64.87,2.007
3,3,2,20.42,15.361
1,2,2,32.32,1.863
3,2,1,11.42,23.714
2,3,1,20.19,4.225
1,2,2,33.37,1.469
1,1,1,15.94,0.435
2,1,5,44.63,2.071
2,1,1,5.57,3.088
1,2,4,15.12,0.901
3,3,5,22.79,19.867
1,2,5,31.16,0.9
1,2,4,19.05,1.132
1,1,2,8.84,0.609
2,2,1,22.66,8.84
1,2,1,37.87,0.776
1,2,4,33.04,1.479
1,1,1,6.71,0.727
1,1,1,47.02,1.256
1,2,1,27.91,1.141
2,1,4,8.5,1.813
1,2,2,22.39,1.559
3,1,4,14.52,10.586
2,1,2,35.59,3.281
2,1,2,14.07,3.006
3,1,1,16.83,14.716
1,1,1,25.68,0.694
1,1,1,59.61,0.746
1,2,1,28.44,1.336
1,2,1,41.02,1.222
1,2,1,62.69,3.955
2,2,2,20.73,8.027
2,1,2,17.54,3.575
1,1,1,48.22,1.511
2,1,1,41.47,4.776
1,1,1,26.77,0.61
1,1,2,2.71,0.739
1,3,2,39.94,1.859
1,1,3,48.52,0.425
1,1,2,9.89,0.512
1,3,1,30.54,0.719
1,2,4,67.62,1.629
1,3,1,33.05,0.921
2,1,2,33.75,2.974
1,2,2,11.5,0.972
2,3,2,17.22,4.381
2,3,2,1.03,3.856
1,1,1,22.01,0.837
1,2,4,51.62,1.204
3,1,1,25.24,17.582
1,2,3,11.05,0.934
1,1,2,30.29,0.788
2,1,1,2.28,2.924
2,1,1,24.27,2.746
2,1,1,25.97,2.487
2,3,1,27.29,4.084
1,1,2,8.82,0.551
2,3,4,54.23,3.556
1,1,2,17.31,0.587
2,2,3,39.58,5.643
1,1,2,57.94,0.558
1,1,1,38.7,1.17
1,3,1,13.11,0.738
2,1,2,18.36,1.691
1,1,1,11.67,0.794
2,3,1,27.48,4.791
1,1,3,3.84,0.414
1,3,3,26.89,0.823
1,1,2,23.83,0.572
1,1,1,17.45,1.023
2,2,2,17.11,4.681
3,1,1,16.53,13.748
2,2,2,36.38,5.089
1,3,2,12.2,0.975
1,1,4,13.76,0.437
3,2,3,44.46,14.399
2,1,1,39.72,2.533
2,2,1,36.81,9.539
1,2,2,26.69,1.134
2,2,2,41.38,8.326
1,1,1,29.68,0.71
2,2,5,9.32,3.148
2,2,2,53.78,5.572
3,1,4,9.46,8.912
1,1,4,50.44,0.402
2,1,2,41.31,5.98
1,1,4,14.54,0.357
1,1,2,24.29,0.514
2,1,3,61.15,3.299
1,1,2,23.13,0.517
1,1,3,39.81,0.344
2,2,3,34.28,7.243
2,1,1,32.99,2.356
1,1,1,56.27,1.303
1,2,3,7.6,1.224
2,2,5,34.8,3.21
1,1,1,26.31,0.719
1,3,4,43.19,0.563
1,1,2,25.51,1.046
2,2,4,9.73,3.539
1,3,4,49.8,0.89
1,1,3,4.4,0.628
3,3,1,9.59,21.028
2,2,2,25.89,5.297
2,1,4,22.49,3.144
2,1,2,25.5,2.715
3,3,1,53.8,34.376
1,3,2,15.8,0.7
1,2,4,32.31,1.071
2,1,2,33.6,4.428
3,2,4,21.27,11.414
2,1,1,14.06,4.116
1,1,2,37.7,0.726
3,3,5,15.62,11.15
2,1,1,30.48,2.664
1,2,2,18.92,1.146
3,1,1,20.5,12.017
2,2,2,2.31,9.31
2,1,3,13.35,3.019
3,1,4,14.35,9.123
1,2,4,24.56,0.789
2,3,3,40.96,2.736
1,3,4,22.55,0.641
2,1,2,27.66,3.789
2,2,3,17.48,3.982
2,1,3,36.14,2.545
2,1,2,42.47,4.469
2,2,1,12.24,3.794
1,1,1,40.67,0.975
1,1,2,37.1,0.906
1,1,2,6.41,0.419
2,2,1,17.22,5.975
2,3,1,60.06,6.067
2,3,1,6.64,3.965
1,3,1,31.22,1.024
2,2,2,8.68,4.909
1,1,3,61.49,0.575
3,3,5,46.88,18.2
2,1,3,21.92,3.83
1,2,4,19.51,0.711
2,3,1,10.94,4.368
1,2,3,31.52,0.96
1,2,2,34.9,1.128
2,2,1,28.93,6.802
2,3,1,10.64,4.611
1,1,3,30.75,0.64
1,1,1,70.02,0.876
1,3,3,3.42,0.842
1,3,2,24.06,0.824
1,2,1,14.12,1.326
1,1,2,32.57,0.59
3,3,2,17.03,25.226
1,3,2,4.44,0.6
1,1,1,18.55,0.539
1,2,3,7.64,1.356
1,3,3,18.39,0.543
2,1,1,14.21,4.049
1,1,2,51.21,0.925
1,3,2,30.14,1.072
3,2,1,27.41,33.539
2,2,2,43.1,5.558
1,2,1,1.09,0.943
1,1,2,32.37,0.677
2,3,4,28.0,2.956
2,2,1,63.22,7.807
3,2,4,14.59,22.222
1,2,1,16.63,1.212
2,2,2,47.19,10.078
1,2,1,30.95,1.192
1,1,1,20.12,0.611
2,1,1,13.88,4.499
2,2,1,34.74,4.904
1,1,5,10.62,0.442
1,3,2,47.81,1.359
2,2,1,29.81,8.79
1,2,1,71.3,1.618
1,1,3,22.49,0.891
1,1,4,22.21,0.435
1,3,1,62.08,1.139
2,1,5,36.19,1.524
1,2,1,38.45,2.127
1,1,2,51.58,1.197
2,3,3,25.73,3.613
1,2,5,45.56,0.894
2,3,1,15.92,4.492
1,3,4,67.58,0.845
2,1,1,13.43,3.126
2,2,4,39.84,7.814
2,1,5,26.84,1.526
1,2,2,10.42,0.991
2,1,4,19.83,2.157
2,1,2,54.37,4.114
1,2,1,26.8,1.141
1,1,1,12.63,0.463
1,1,1,33.12,1.457
1,2,2,22.0,1.358
1,1,2,46.32,1.109
3,3,2,53.06,65.019
3,1,5,44.06,10.139
1,1,2,37.56,0.536
3,1,1,65.74,45.288
2,3,2,38.91,2.509
1,2,2,37.04,1.151
3,1,2,13.29,16.972
2,1,1,15.49,3.087
1,2,1,8.42,0.993
1,3,2,34.45,1.437
1,1,3,59.39,0.877
3,3,1,27.47,24.61
1,2,1,35.79,1.347
1,2,1,17.94,1.891
1,1,2,9.72,0.555
1,1,3,43.55,0.569
1,1,2,22.2,0.595
3,2,1,30.36,34.645
1,1,2,12.29,0.793
2,1,3,30.38,3.422
1,1,1,30.3,0.57
1,3,2,13.09,1.321
1,1,1,25.59,0.785
1,1,1,66.18,0.938
2,1,2,22.46,2.705
2,1,2,11.23,2.109
1,2,5,27.44,0.656
3,2,2,24.67,24.038
2,2,3,26.95,8.631
1,2,5,8.35,0.603
2,1,2,17.05,2.345
2,1,1,15.12,2.14
2,2,5,54.35,5.622
1,1,1,3.39,0.57
1,1,2,34.6,0.995
1,1,1,17.36,0.494
1,1,5,41.74,0.435
1,1,1,19.93,0.692
2,3,1,32.64,3.816
1,1,1,32.83,0.908
1,3,4,45.17,0.977
1,1,1,11.17,0.749
1,1,1,66.49,3.266
1,2,1,35.08,1.328
2,1,2,15.46,3.321
2,3,2,36.76,5.799
1,2,2,31.01,0.964
2,3,2,19.14,1.881
2,1,1,44.2,4.276
2,1,1,24.84,2.313
3,3,3,61.06,23.41
1,1,2,50.16,1.009
1,1,4,48.21,0.66
2,2,2,8.47,4.946
1,1,2,13.24,0.744
1,2,1,28.92,1.51
1,3,4,41.06,0.602
1,2,4,17.88,0.648
1,1,1,13.57,0.754
1,3,2,53.32,1.024
3,3,4,40.68,20.533
1,2,3,48.97,2.024
2,2,1,7.56,5.024
1,2,1,15.04,1.193
1,1,1,9.35,0.68
3,1,3,41.63,14.872
1,1,1,33.91,0.592
1,1,3,63.73,0.585
2,1,4,15.24,2.119
1,1,2,9.89,0.646
1,1,1,1.65,0.739
3,1,1,14.16,16.36
1,2,4,31.77,1.358
2,1,4,25.06,2.46
1,3,2,19.08,0.891
1,2,2,36.21,1.142
1,3,2,62.36,2.168
2,1,2,3.39,2.656
1,1,2,18.73,0.704
2,2,1,43.86,3.821
2,2,3,18.83,4.28
1,1,3,1.93,0.597
1,3,1,15.22,1.163
2,2,1,7.41,5.367
2,3,2,26.28,3.417
1,2,2,7.58,0.815
2,2,4,52.06,7.361
1,1,1,18.33,0.712
3,1,2,12.92,9.776
3,1,1,8.34,17.383
1,1,5,30.86,0.341
1,3,2,15.08,0.722
1,1,2,70.45,2.071
1,3,1,8.13,0.694
2,3,2,5.15,2.928
1,1,1,18.68,0.607
2,1,2,17.34,3.041
3,3,1,48.26,33.259
3,2,2,23.38,42.288
1,3,1,63.87,1.414
3,2,4,13.86,22.555
1,1,1,14.57,0.579
1,2,1,43.7,1.305
1,1,2,24.79,0.483
2,2,2,23.64,9.408
1,1,4,3.67,0.35
1,2,4,21.08,0.515
1,3,1,27.86,0.577
3,1,2,49.08,46.227
1,1,4,19.53,0.534
2,2,2,10.67,4.351
2,1,1,43.4,6.012
1,1,2,12.98,0.921
1,1,1,38.13,0.676
1,1,2,40.19,0.767
1,1,2,17.97,0.584
3,1,1,8.2,11.532
1,3,1,24.87,0.508
2,1,1,29.55,3.915
2,1,5,36.04,1.491
3,1,1,13.98,20.474
1,1,3,26.65,0.521
3,2,1,18.94,25.067
2,2,1,14.0,6.575
1,1,2,20.37,0.646
2,2,4,34.28,3.991
1,1,1,15.59,0.79
2,2,1,62.46,8.664
2,1,1,9.68,2.852
2,3,2,22.5,4.486
2,1,5,22.94,1.67
2,1,2,16.93,2.601
1,1,2,11.18,0.752
1,1,4,19.89,0.302
2,2,2,26.55,5.412
2,2,1,4.57,5.556
2,2,1,41.3,7.243
1,1,2,18.42,0.362
1,1,1,59.97,1.454
2,1,1,21.87,3.503
2,3,2,23.86,5.087
1,1,1,39.78,1.025
1,3,2,2.44,0.632
2,3,4,42.88,4.426
2,1,2,17.02,2.178
1,3,1,45.43,1.9
1,2,2,5.16,1.333
1,1,2,47.98,1.442
1,2,4,8.12,0.881
1,1,2,10.04,0.721
1,1,2,24.88,0.526
2,1,2,7.12,2.903
1,2,2,27.31,0.683
2,1,3,26.34,2.7
1,3,1,30.05,0.475
1,3,3,11.16,0.541
1,2,3,30.08,1.467
1,2,3,23.84,1.039
2,3,2,28.03,3.154
3,1,1,9.52,13.977
2,3,4,17.64,3.775
2,1,5,15.45,1.732
2,3,4,34.6,3.536
2,1,4,33.44,3.317
1,2,4,39.29,0.539
2,3,1,19.21,4.529
1,2,1,19.19,1.488
1,1,1,35.93,0.698
2,1,1,15.65,2.888
2,2,3,26.71,3.1
1,1,1,33.74,0.799
3,3,1,44.19,27.757
1,2,3,24.47,0.602
2,1,1,33.38,3.164
3,1,2,44.1,22.221
1,1,2,52.59,1.05
3,3,1,18.69,17.982
2,2,2,69.59,18.089
2,2,2,33.71,6.19
3,3,2,25.62,19.53
2,1,2,26.4,4.038
1,1,1,46.29,1.116
2,1,4,13.49,1.715
1,1,3,49.53,0.82
1,1,2,35.17,0.377
1,1,2,38.12,0.773
1,2,2,6.93,0.81
2,1,2,31.05,1.798
3,2,2,23.84,28.562
3,1,3,3.04,13.166
1,2,1,42.14,1.413
1,2,2,35.92,1.937
1,1,2,24.86,0.603
1,2,2,17.2,1.714
1,2,1,69.2,2.21
1,1,2,27.66,0.805
3,1,1,11.0,12.602
1,1,5,57.96,0.323
2,3,2,54.68,8.297
2,1,1,18.55,2.621
2,2,3,35.57,5.483
1,2,2,10.24,1.165
1,1,2,52.6,0.907
3,1,2,36.33,24.272
1,1,3,41.39,0.672
1,1,3,33.48,0.61
3,1,2,33.46,16.317
2,2,3,17.09,6.223
2,2,1,12.14,5.252
1,1,2,29.3,0.357
1,1,1,13.82,0.637
2,2,1,23.87,7.041
1,1,1,13.28,0.804
1,2,2,25.76,1.293
1,1,3,18.1,0.419
2,2,2,39.79,6.864
1,2,1,50.72,2.724
2,3,2,24.72,3.716
1,1,4,22.24,0.311
1,1,2,0.26,0.47
3,2,4,13.94,14.7
3,1,1,58.69,46.2
2,1,1,37.78,1.688
3,3,1,63.03,48.12
1,1,2,22.14,0.472
1,2,1,5.79,1.245
1,1,1,18.35,0.576
1,2,3,20.56,0.735
2,1,3,12.99,3.509
2,1,1,64.3,5.51
1,1,2,40.99,0.475
1,1,4,39.46,0.866
3,2,3,5.56,23.134
1,1,3,20.3,0.397
1,1,1,7.23,0.671
1,1,1,33.97,0.883
1,1,1,25.31,0.719
1,1,2,39.45,0.907
1,2,2,12.05,1.026
1,2,3,43.36,1.015
1,1,1,4.38,0.386
1,2,1,9.77,1.044
1,1,1,49.54,1.808
1,1,1,34.69,1.089
1,1,4,63.65,1.066
2,2,3,8.52,4.238
2,1,1,24.77,3.919
1,1,1,22.24,0.716
1,3,1,17.81,1.024
2,1,5,34.02,1.463
1,2,1,21.25,0.773
2,1,1,10.1,3.264
3,1,1,12.88,14.515
1,2,2,18.64,0.903
1,1,5,50.39,0.584
1,3,2,36.51,0.444
1,1,4,2.17,0.362
1,2,1,47.43,1.478
2,3,2,49.28,5.358
1,1,5,7.74,0.314
2,2,2,20.1,7.761
2,1,1,57.9,5.27
1,3,2,45.46,0.684
3,1,1,4.37,16.121
2,1,2,18.73,3.244
1,3,2,20.45,0.787
3,2,4,18.67,19.449
2,2,2,49.99,9.743
1,1,2,40.18,0.648
1,1,1,46.88,1.177
1,3,1,16.36,1.377
2,2,4,17.82,3.462
3,2,2,15.26,25.376
1,3,4,36.48,0.984
1,2,2,15.43,1.125
1,2,3,9.79,1.14
2,1,4,14.31,1.392
1,1,4,32.31,0.447
1,2,2,17.59,0.931
1,3,2,29.75,1.276
2,1,1,24.61,3.616
1,2,4,39.01,0.63
1,1,1,47.94,0.792
1,1,1,40.53,1.139
1,1,3,34.6,0.414
1,1,2,6.76,0.517
1,1,1,39.71,1.333
2,1,1,6.31,3.066
1,2,3,48.79,0.69
1,1,2,24.55,0.62
1,2,2,17.85,1.213
1,1,1,28.23,0.671
1,1,1,38.99,0.843
1,1,1,15.85,0.503
1,2,1,25.25,1.616
1,1,2,6.24,0.702
3,3,1,11.27,32.245
1,1,2,37.62,0.642
1,1,1,40.25,0.349
3,1,2,11.13,8.868
1,1,1,35.13,0.575
2,1,1,23.5,3.043
1,3,3,26.54,0.678
2,1,2,11.69,2.941
3,1,2,33.8,18.085
1,1,1,64.12,2.084
3,2,1,13.82,20.953
1,2,4,38.05,1.347
2,1,2,18.41,2.209
1,1,1,11.26,0.805
1,2,4,21.52,0.699
1,2,3,61.02,1.658
3,2,2,11.34,36.697
2,2,2,23.44,5.629
2,3,2,11.41,4.236
1,1,4,52.14,0.63
1,1,2,57.1,0.641
1,3,3,23.96,1.311
1,1,4,26.39,0.335
1,3,2,18.87,0.778
3,2,2,29.41,38.518
2,2,1,8.53,5.22
1,3,2,39.23,0.658
1,2,1,27.96,0.82
2,1,5,14.99,1.879
2,1,4,40.12,4.081
2,1,1,27.82,3.074
1,1,2,15.6,0.446
1,1,1,20.66,0.858
1,1,2,19.07,0.861
3,2,5,29.68,23.172
2,2,1,36.88,5.185
3,1,1,15.23,11.22
1,1,2,34.29,0.59
1,2,1,29.15,1.972
1,2,2,52.9,3.021
3,1,3,9.15,12.225
1,1,2,33.91,1.226
2,1,1,41.36,3.381
1,3,1,6.14,0.786
1,1,1,16.79,0.757
1,3,4,26.33,0.596
1,3,2,6.07,0.583
2,2,3,10.15,4.685
3,3,2,10.86,13.463
2,1,5,15.91,1.554
1,2,5,15.01,0.591
2,2,2,21.26,4.776
1,1,1,27.62,0.731
2,2,3,17.05,5.621
2,3,2,49.73,6.794
1,2,2,26.29,0.903
1,1,1,31.28,0.802
1,1,3,37.22,0.356
1,1,1,27.73,0.91
3,1,1,27.33,16.621
2,3,2,19.24,3.511
1,1,2,27.93,0.731
1,3,3,54.21,0.768
2,2,3,26.33,7.497
1,2,1,34.14,1.116
1,2,2,17.39,0.909
2,1,1,29.14,5.658
1,2,3,7.46,0.858
1,1,1,15.21,1.03
1,1,3,25.28,0.442
1,3,2,14.87,0.79
3,1,2,30.34,14.837
2,2,4,30.75,5.004
3,1,1,28.39,15.78
3,1,2,64.44,25.935
1,1,1,7.01,0.712
1,1,3,41.42,1.069
2,2,1,7.41,6.153
1,1,1,34.61,1.181
3,2,1,18.79,35.913
1,1,4,18.26,0.567
1,1,1,61.62,1.169
2,2,1,37.66,8.349
3,1,2,11.91,16.653
2,1,2,36.21,2.98
1,1,2,27.75,0.621
1,1,1,43.29,1.027
1,2,2,62.98,2.111
2,2,2,37.96,4.235
1,1,1,2.37,0.682
2,1,4,27.03,2.044
1,2,1,29.62,1.229
1,1,5,42.14,0.502
3,2,2,14.49,20.042
1,3,1,8.38,0.963
2,2,2,36.92,4.568
1,1,2,24.95,0.765
3,1,1,16.98,22.381
1,1,2,44.0,0.613
1,1,3,36.57,0.642
2,2,4,11.69,3.957
2,1,3,11.28,2.36
1,2,4,25.57,0.567
1,2,2,15.25,1.134
1,1,1,15.83,0.768
3,1,2,35.57,14.77
2,1,1,67.2,10.279
3,2,4,22.72,15.462
3,1,2,27.71,12.064
1,1,4,33.16,0.632
2,3,1,32.91,5.188
2,1,1,25.35,3.08
2,2,1,20.17,4.259
2,1,2,9.48,2.906
1,1,3,12.42,0.685
3,3,4,42.75,13.242
2,2,2,11.46,3.396
2,2,2,39.36,6.579
1,2,1,33.08,2.137
1,2,1,38.27,2.054
2,1,2,32.83,2.744
2,1,4,25.22,2.268
1,3,1,32.71,1.085
1,2,1,18.49,0.973
2,3,2,58.5,5.714
3,2,2,39.66,37.804
1,2,1,38.03,1.468
1,2,1,34.07,1.538
1,3,1,15.9,0.793
1,2,2,39.54,1.066
1,1,4,27.82,0.449
1,1,2,58.3,0.668
2,1,3,25.3,3.192
1,1,3,17.55,0.322
1,1,1,16.51,0.865
3,1,2,23.33,22.997
1,1,1,31.33,0.566
2,1,3,67.16,7.598
1,2,3,33.39,0.701
2,1,1,23.0,3.747
2,2,4,7.66,3.681
1,3,4,45.15,1.005
2,1,3,1.58,1.66
2,1,4,7.14,1.162
1,2,1,43.75,1.417
2,2,1,6.56,6.696
1,1,1,52.72,1.339
1,1,5,4.62,0.279
3,3,1,22.33,12.999
1,2,4,31.54,0.827
1,3,2,8.73,0.768
1,2,4,28.37,0.802
3,1,1,28.04,13.566
1,2,1,35.75,0.873
1,3,1,48.42,1.409
2,1,3,17.5,3.518
2,1,2,5.55,2.606
1,1,1,28.41,0.48
3,3,3,34.41,15.959
1,3,1,69.9,1.884
2,2,4,40.1,8.034
2,2,1,36.69,5.24
1,1,1,31.29,0.827
2,2,1,77.08,24.588
1,2,4,46.55,1.412
1,1,2,40.56,0.875
1,1,2,7.44,0.5
1,2,4,39.51,1.727
2,3,3,34.64,3.38
1,3,2,4.82,0.445
3,1,2,30.23,15.209
1,1,4,14.44,0.324
3,2,3,9.97,18.366
2,1,1,19.69,3.797
1,2,3,51.11,2.066
1,2,1,26.79,1.544
2,1,3,22.93,1.99
1,3,2,67.63,2.508
1,2,2,16.21,1.84
2,3,2,9.65,3.077
3,2,1,39.16,37.719
2,1,4,39.18,5.803
2,1,5,69.05,4.48
1,3,2,24.92,0.558
2,1,1,9.35,3.094
1,2,1,73.93,2.77
2,2,1,30.36,7.128
2,3,2,1.8,3.401
1,3,3,10.7,0.531
3,2,2,11.66,16.555
1,1,1,18.4,0.564
2,1,1,35.86,5.518
1,1,1,26.94,0.655
1,1,1,16.11,0.636
1,3,3,29.29,0.799
3,3,4,21.21,10.129
1,2,1,14.32,1.237
2,1,1,14.52,4.834
1,1,2,24.55,0.793
2,1,1,14.62,2.961
2,1,3,13.43,1.418
1,2,2,39.36,1.23
1,3,5,47.44,0.696
2,1,1,14.59,4.175
1,3,1,31.29,1.015
1,3,1,21.95,0.889
1,3,2,39.32,0.734
1,1,2,23.67,0.578
3,1,2,39.56,26.293
3,1,2,17.63,14.668
2,2,3,57.11,7.986
1,1,4,24.6,0.548
3,1,1,30.65,16.311
2,3,2,15.18,2.785
3,1,1,29.45,9.197
1,1,1,76.8,1.956
1,1,2,19.46,0.792
2,2,2,12.11,5.261
3,2,1,31.57,42.86
1,1,1,9.57,0.816
1,1,2,31.42,0.533
1,1,1,30.54,0.532
3,2,3,45.53,43.988
2,3,3,6.97,3.34
3,1,1,2.15,13.954
2,2,3,65.08,7.795
2,1,1,34.71,4.087
1,2,4,53.67,0.715
1,1,2,23.66,0.707
2,2,1,65.47,14.064
2,2,4,28.79,4.253
1,2,2,10.13,0.954
1,1,1,50.18,1.077
2,1,1,41.72,2.067
2,3,2,4.09,3.873
1,1,2,6.77,0.454
3,3,1,18.01,17.177
1,1,3,23.18,0.678
1,2,5,25.52,0.956
1,2,1,28.08,1.818
1,1,1,18.82,0.796
1,1,3,52.9,0.884
2,1,2,13.14,3.268
2,1,2,22.41,4.054
1,1,2,8.25,0.596
2,1,1,26.83,3.838
3,2,4,32.08,26.755
1,2,3,7.64,0.823
1,2,3,71.15,2.301
1,1,1,10.47,0.529
2,1,3,32.32,2.703
1,3,2,52.12,1.574
2,3,1,27.26,4.778
2,3,1,25.52,4.591
2,2,2,24.61,3.704
1,2,3,29.26,1.239
1,2,1,48.65,2.003
1,2,2,15.76,0.795
2,1,4,29.66,1.543
2,1,3,16.83,2.632
2,1,1,18.87,3.425
2,2,1,4.89,7.057
1,1,3,6.88,0.339
1,1,1,23.35,0.451
1,1,2,23.18,0.474
1,3,1,8.89,0.839
1,2,2,66.98,2.452
1,1,1,67.99,1.532
2,1,1,13.77,3.484
1,2,2,28.82,0.937
1,2,2,20.33,1.233
1,1,1,12.53,0.702
1,1,2,61.14,0.975
1,2,3,37.84,0.839
1,3,3,21.77,0.409
1,1,1,41.95,0.85
3,1,2,14.39,10.207
1,2,2,40.19,1.188
1,2,1,14.79,1.704
1,1,2,6.07,0.732
1,3,1,21.47,1.284
1,2,2,32.77,0.863
1,2,5,59.69,2.217
2,2,1,50.29,7.809
3,1,1,26.59,20.706
2,2,5,13.02,4.209
1,1,1,18.49,0.852
1,1,1,7.79,0.778
1,1,2,45.45,0.656
2,3,2,6.44,2.969
1,3,3,68.45,1.054
2,1,1,60.72,4.395
1,2,1,20.56,0.9
1,2,1,40.77,1.808
1,1,1,36.44,0.842
1,1,2,13.23,0.604
2,3,3,75.16,10.789
1,2,2,19.32,1.015
1,2,4,10.92,0.804
1,3,1,43.27,0.979
2,3,2,29.76,3.851
1,1,1,15.0,0.721
2,1,1,27.91,4.507
1,2,1,35.73,1.516
2,2,3,19.74,4.277
2,3,2,55.37,6.687
1,1,4,22.64,0.467
1,2,1,27.45,1.18
1,1,2,40.44,0.562
1,1,2,17.34,0.684
2,1,4,27.11,3.722
1,1,1,20.11,0.733
1,2,2,57.03,1.407
2,1,3,12.11,2.106
2,1,1,16.58,2.496
1,2,1,50.59,2.599
2,1,5,46.84,2.828
1,2,2,35.24,1.702
2,1,2,24.45,4.297
1,1,2,6.33,0.661
2,1,1,35.97,3.542
1,2,4,20.61,1.238
1,2,1,30.01,1.079
2,2,4,20.31,4.009
1,2,2,53.68,1.316
1,1,1,16.12,0.645
1,1,4,27.7,0.51
1,1,4,16.85,0.478
1,1,1,34.25,0.919
1,1,5,11.26,0.185
1,2,1,28.46,0.717
2,2,1,11.35,7.869
3,1,2,19.99,22.296
1,1,1,15.03,0.596
1,3,2,27.69,1.178
1,1,2,18.26,0.586
1,2,1,19.45,1.341
2,2,1,26.83,8.304
2,2,3,53.37,11.575
2,1,2,38.27,5.083
3,3,3,27.46,9.77
1,1,5,19.05,0.28
2,2,1,36.43,8.473
1,2,1,10.42,1.125
3,2,1,28.9,33.793
1,2,2,16.47,0.908
1,2,1,46.0,1.219
2,2,1,32.16,5.834
1,2,1,23.27,1.482
3,2,1,41.66,49.646
2,2,3,28.85,4.329
2,3,4,13.09,2.68
1,3,2,16.78,0.836
1,1,1,28.12,0.747
2,3,2,34.16,3.656
1,2,2,25.71,1.108
1,2,1,27.03,1.086
3,2,1,29.92,42.331
3,1,2,3.24,14.632
3,1,1,11.71,17.734
1,1,1,36.97,0.445
1,3,4,8.57,0.565
3,2,2,13.06,31.032
1,1,1,30.14,0.577
1,2,3,14.35,0.676
1,2,3,13.47,1.339
2,2,4,11.76,5.76
1,1,1,39.27,1.036
1,2,1,13.18,1.225
1,3,2,6.68,0.823
1,1,2,30.59,0.731
2,2,2,19.33,4.588
2,1,1,62.04,3.86
2,2,1,16.75,7.783
1,2,2,55.68,2.258
1,3,2,43.32,0.816
1,1,2,2.37,0.45
3,3,1,9.36,28.661
1,3,5,13.06,0.336
1,3,1,2.3,0.969
1,2,1,23.47,1.377
3,1,1,13.56,19.152
2,2,2,16.79,4.654
1,2,4,38.45,1.045
2,1,1,29.9,3.259
1,3,4,30.57,0.366
2,1,3,29.79,3.056
3,3,1,60.85,37.395
2,3,1,43.35,5.879
2,2,2,32.56,6.12
1,3,4,8.77,0.57
1,1,2,26.15,0.475
2,1,3,32.84,2.602
2,1,4,30.79,2.076
1,1,3,35.21,0.969
1,1,2,54.26,1.329
1,1,1,27.14,0.723
1,1,2,54.89,0.586
2,2,1,29.33,7.755
1,1,1,13.94,0.621
2,2,1,20.65,5.433
1,2,2,52.94,1.413
2,2,1,32.28,6.684
3,3,1,15.76,27.626
2,2,2,10.88,4.638
2,2,2,39.4,4.423
1,1,2,32.13,0.952
1,1,1,3.08,0.625
2,2,1,12.56,7.016
2,3,2,35.1,6.144
2,2,2,16.21,4.039
2,3,4,5.98,3.054
1,3,1,43.37,1.263
1,3,1,28.86,0.603
3,2,1,50.3,32.49
1,3,1,19.65,1.437
2,2,3,29.98,5.887
1,1,1,18.35,0.601
3,1,3,27.2,17.65
2,3,1,9.51,3.279
1,1,2,23.59,0.842
2,1,3,31.85,3.067
1,2,4,7.36,0.691
1,1,1,80.97,0.887
2,2,3,38.82,5.845
1,3,1,6.55,0.975
1,2,2,12.93,1.104
2,1,2,9.96,4.019
3,1,2,21.67,13.822
1,2,2,21.08,0.681
2,1,1,22.88,3.441
1,1,3,74.94,1.188
1,1,2,7.91,0.423
2,1,2,47.44,4.612
1,3,2,23.34,0.884
2,1,2,16.87,2.653
2,1,2,36.4,5.136
3,2,1,1.32,31.048
2,1,2,41.16,4.552
1,1,5,26.57,0.426
2,1,3,39.7,3.269
2,3,2,19.5,4.053
1,1,1,22.71,0.714
2,2,2,28.08,5.551
2,2,3,18.48,4.203
1,1,1,12.13,0.519
1,2,1,32.83,1.272
1,1,1,42.15,0.921
1,1,3,31.06,0.625
2,2,1,37.22,7.398
1,1,1,58.38,2.547
2,3,1,4.88,4.469
2,2,2,46.18,6.077
1,1,2,21.16,0.48
1,1,3,31.86,0.361
1,2,1,29.66,1.488
1,3,3,13.39,0.689
1,1,4,37.35,0.496
1,1,1,7.04,0.76
2,2,1,61.58,11.535
2,2,1,4.66,6.293
1,2,2,14.02,0.847
1,2,3,6.86,0.79
2,1,2,11.66,3.581
1,1,1,26.71,0.675
2,3,1,9.14,4.574
1,1,3,36.99,0.579
3,1,1,17.42,16.21
1,1,5,38.61,0.252
1,1,1,18.64,0.417
1,1,1,34.19,0.947
1,3,1,30.98,0.747
2,3,3,11.64,3.199
1,2,3,19.56,1.029
1,1,1,20.55,0.672
1,2,2,56.04,1.938
2,1,1,49.31,4.138
2,1,4,23.57,1.615
1,1,2,9.72,0.593
2,2,1,46.98,13.901
2,1,1,17.75,2.341
1,1,5,20.31,0.288
1,2,4,35.3,0.629
1,3,2,15.88,0.878
1,2,1,28.48,1.887
2,2,3,31.75,3.916
1,1,1,14.67,0.695
1,1,4,36.0,0.531
2,1,5,27.32,2.537
1,1,2,55.37,0.589
2,1,2,52.52,6.401
2,3,1,42.37,5.188
1,1,2,26.23,0.879
1,1,2,45.2,1.065
1,1,2,14.69,1.205
3,1,3,34.26,9.395
1,1,2,60.0,1.057
2,2,1,19.74,5.614
3,2,1,18.81,35.61
1,1,1,21.36,1.563
2,2,4,38.39,6.262
1,1,1,46.77,1.217
1,1,1,28.85,0.548
3,3,3,5.42,14.764
1,3,2,8.94,0.943
2,1,3,27.42,3.01
2,2,1,20.58,7.649
1,2,1,10.44,1.252
1,3,1,23.39,1.167
1,1,1,8.49,0.566
1,1,1,7.75,0.647
2,2,4,53.77,6.669
1,1,1,22.67,0.522
3,3,2,29.14,20.704
1,1,1,15.84,0.823
1,2,4,9.45,1.2
1,1,1,41.37,1.206
1,2,1,14.94,1.239
1,1,1,6.9,0.824
1,1,3,37.08,0.675
2,1,2,11.64,3.058
1,2,4,45.73,1.255
1,1,1,57.84,0.97
1,1,1,38.06,0.716
1,3,2,28.13,1.044
1,1,3,12.89,0.509
2,1,2,36.72,5.215
1,2,1,41.56,1.273
1,1,3,19.97,0.369
1,2,4,50.33,1.62
1,1,5,10.09,0.336
3,3,1,7.69,19.108
2,1,2,15.63,2.297
2,1,1,16.59,5.605
1,3,1,34.83,0.946
1,2,2,49.48,1.289
1,1,1,5.35,0.524
2,1,1,38.69,4.49
1,2,2,1.31,1.125
1,2,2,63.97,2.437
2,1,2,5.2,3.069
2,2,1,50.95,6.97
1,1,3,16.82,0.584
1,3,3,51.02,1.355
3,2,1,24.02,28.12
1,2,1,37.79,1.539
3,2,5,40.65,21.159
1,1,4,41.16,0.432
3,1,1,35.7,15.075
3,3,3,10.44,10.062
1,3,1,20.58,0.889
2,1,2,27.62,2.653
1,3,3,30.48,0.507
1,1,4,45.29,0.639
1,2,1,16.56,1.125
2,3,1,42.28,4.965
1,1,3,58.54,0.483
1,1,3,15.35,0.815
3,1,3,34.82,19.961
2,2,5,7.51,2.784
1,2,1,41.88,1.989
1,2,1,20.17,1.12
1,3,5,38.41,0.544
1,1,2,39.38,0.842
3,3,3,9.71,18.327
3,1,1,41.27,20.207
1,3,1,9.59,0.787
1,2,5,71.65,1.397
1,3,3,6.38,0.569
1,3,3,4.51,0.756
1,1,2,28.73,0.43
1,2,1,25.23,1.546
1,1,5,61.22,0.346
1,1,1,9.73,0.393
2,2,4,4.84,4.252
2,2,1,48.7,11.233
1,2,5,13.84,0.889
1,2,1,23.18,1.188
2,1,1,63.97,8.11
1,1,1,50.6,1.849
2,3,1,17.38,5.496
1,2,3,52.48,1.085
3,1,2,30.76,12.542
1,1,1,36.59,0.7
2,3,1,62.67,7.921
1,1,1,28.0,0.74
2,3,4,36.97,2.18
1,1,2,49.07,1.917
1,2,3,18.8,1.13
2,1,1,29.12,3.151
1,1,4,19.53,0.292
1,1,1,30.82,0.834
1,2,1,21.5,1.062
2,2,2,36.48,10.553
2,1,1,32.44,4.126
1,2,3,36.35,1.04
2,1,4,38.73,2.074
3,3,2,27.29,20.693
2,2,3,2.91,3.007
1,1,2,64.78,2.345
1,2,2,9.24,1.061
1,1,1,20.28,0.804
1,3,1,7.03,0.645
1,1,2,11.25,0.474
2,2,1,37.68,6.882
2,2,2,20.04,3.881
2,3,2,5.98,2.676
1,1,2,3.76,0.479
1,2,1,25.93,1.795
2,1,4,47.92,2.605
1,1,1,31.57,0.53
3,1,3,57.11,10.429
1,1,3,36.05,0.577
1,2,2,23.04,0.928
2,1,1,24.91,3.77
2,3,2,14.94,3.872
1,3,1,41.39,1.221
2,1,3,43.71,5.347
1,1,2,11.2,0.557
1,1,2,57.63,0.894
1,2,2,21.6,0.773
2,2,5,54.43,6.216
2,1,2,19.46,2.942
1,2,4,9.25,0.753
2,1,1,14.74,3.943
2,1,2,38.25,4.524
1,1,1,9.85,0.426
1,2,3,42.02,1.197
1,2,1,38.09,1.331
1,1,2,35.76,0.712
3,1,3,13.38,9.476
2,1,4,35.05,1.807
1,2,1,27.67,3.371
1,1,1,38.44,0.827
1,2,2,26.67,1.125
1,2,4,21.65,0.961
1,2,1,15.63,1.144
1,1,2,9.19,0.711
1,2,1,19.52,1.606
1,1,4,30.02,0.309
1,1,3,5.49,0.583
1,1,2,17.38,0.682
1,1,1,26.36,0.514
1,1,2,18.92,0.745
1,2,2,35.51,1.462
1,3,1,5.28,0.914
3,3,1,27.61,26.405
1,2,5,13.65,0.373
1,3,2,12.25,0.622
1,1,2,45.08,0.789
1,3,1,13.11,0.58
1,1,3,14.11,0.473
2,2,5,51.0,7.886
3,1,4,25.3,12.506
1,2,4,33.51,0.565
1,2,1,7.66,1.364
2,2,1,32.88,7.441
1,1,3,26.04,0.765
1,3,1,64.31,1.615
2,1,1,19.67,2.437
1,1,2,47.81,0.893
1,1,4,2.92,0.333
1,1,4,19.8,0.295
1,2,1,38.11,1.477
3,1,2,43.21,14.008
1,2,1,38.32,1.768
1,3,2,7.69,1.326
1,2,1,27.88,2.128
1,2,2,39.93,1.359
1,1,4,64.57,0.434
1,1,4,50.06,0.488
1,1,2,6.23,0.564
1,1,2,55.56,0.871
2,1,1,24.05,3.007
1,2,2,40.39,1.496
3,2,4,3.86,22.941
1,3,1,58.63,1.298
1,2,1,22.37,1.32
3,2,5,19.33,18.179
2,3,1,39.69,4.861
1,1,2,23.42,0.904
1,3,1,28.36,1.022
2,1,1,22.31,3.43
1,1,4,12.2,0.31
1,2,3,20.26,0.641
1,3,5,26.08,0.47
2,1,1,39.2,5.472
1,2,2,31.91,1.068
1,3,1,29.39,0.737
3,1,1,52.33,12.461
1,2,4,21.24,0.999
2,1,1,16.12,4.031
1,3,5,49.11,0.864
2,1,1,29.09,4.711
1,2,3,2.93,0.732
1,2,1,54.21,1.57
1,1,1,66.16,1.217
2,3,2,32.6,3.968
1,1,1,61.1,1.497
1,1,1,1.8,0.656
1,2,2,47.19,0.785
2,1,1,35.84,5.471
2,3,4,21.91,4.407
1,2,1,29.63,0.811
1,3,3,20.38,0.725
2,2,3,11.62,4.609
1,3,1,36.46,0.868
1,2,4,29.66,0.836
1,1,2,51.05,1.06
1,1,1,11.7,0.701
3,1,3,20.88,12.819
1,3,1,1.81,0.718
1,3,3,28.08,0.891
2,1,1,42.29,2.966
1,1,1,11.66,0.541
3,1,1,36.38,23.224
1,2,2,26.84,1.346
3,1,4,35.98,9.48
2,3,3,28.22,3.054
2,1,1,53.19,4.143
1,2,2,29.23,1.464
2,2,2,16.37,5.434
2,1,1,18.11,3.208
1,2,2,54.62,2.441
1,2,2,40.88,1.815
2,3,2,30.73,4.217
3,3,3,49.08,10.281
2,2,4,39.97,5.348
1,2,4,16.1,0.628
2,3,2,37.44,6.846
1,3,4,14.69,0.423
1,2,5,22.2,0.805
2,1,1,20.21,2.435
2,1,1,2.42,3.596
2,3,2,29.18,3.976
1,1,3,27.43,0.852
1,3,2,30.78,0.922
2,2,2,15.72,7.96
1,3,2,12.61,0.492
3,1,1,37.59,29.72
3,1,3,33.75,25.622
2,3,4,42.64,4.328
2,2,4,44.97,5.962
1,2,3,10.61,0.802
1,3,2,22.61,0.624
2,1,1,41.51,2.992
1,1,2,17.15,0.597
2,1,1,22.84,4.398
1,2,2,54.06,3.04
2,2,4,20.23,3.92
1,2,2,33.43,1.847
2,2,2,25.76,9.9
1,2,2,26.54,1.035
2,1,1,38.52,5.722
3,1,2,18.99,18.666
1,3,2,9.85,0.572
1,1,3,48.47,0.513
1,2,1,8.11,1.471
1,2,2,5.77,0.691
2,2,3,61.56,9.671
2,3,2,16.18,3.519
1,3,4,28.37,0.754
1,3,2,25.37,0.993
2,1,2,28.47,4.988
2,1,1,20.78,2.398
1,2,2,25.49,1.006
1,2,1,17.12,1.504
1,1,1,27.19,0.772
2,2,3,17.58,7.124
2,2,4,41.33,4.873
2,2,3,3.34,4.249
2,3,1,16.9,5.566
2,3,1,49.28,7.358
1,1,2,53.87,1.226
1,1,4,7.11,0.365
1,1,2,38.8,0.666
3,3,3,11.26,14.857
1,1,3,30.76,0.665
1,2,2,1.32,1.328
2,1,2,57.32,6.257
1,2,3,34.11,0.97
1,1,1,69.41,2.412
2,1,1,27.07,2.676
3,2,2,25.64,28.706
1,1,2,1.0,0.652
1,1,2,7.79,0.791
3,3,1,33.69,31.825
2,1,3,29.0,4.965
2,3,3,42.31,3.624
1,3,1,24.56,1.0
1,1,4,13.12,0.417
1,1,5,43.9,0.835
1,1,2,54.52,0.65
2,2,3,22.57,7.195
2,1,3,41.43,2.855
2,1,1,31.46,3.127
1,2,3,5.25,1.127
1,2,1,32.71,1.2
2,2,1,7.76,5.29
1,1,1,54.89,1.43
1,2,1,36.57,1.693
1,2,1,27.45,1.256
1,3,1,50.33,1.317
1,2,2,2.32,1.116
1,2,2,29.56,1.5
2,2,1,58.49,9.43
1,1,2,37.93,0.557
1,2,3,11.78,1.5
1,3,1,52.02,1.856
1,3,2,26.14,0.774
1,1,1,68.47,1.174
1,1,2,27.53,0.704
1,1,1,27.78,0.515
1,2,1,27.35,0.632
3,2,1,16.3,42.253
1,3,2,27.13,0.853
1,1,5,2.81,0.41
3,2,3,40.32,17.845
2,1,4,29.3,2.144
2,2,4,7.94,2.766
1,3,1,18.09,1.12
2,3,1,28.87,2.679
1,1,1,56.71,1.363
2,3,4,24.06,2.407
2,3,3,12.84,3.724
1,2,2,37.61,1.196
3,1,5,32.61,6.479
3,1,2,23.46,19.688
1,1,3,16.89,0.585
1,3,2,11.01,0.832
2,1,3,22.56,2.264
1,3,4,22.82,0.538
1,2,1,19.82,0.709
1,1,2,23.2,0.779
2,1,1,20.44,3.482
3,1,2,29.52,15.0
1,1,2,23.3,0.701
2,2,3,34.49,6.222
2,1,1,29.82,4.616
1,2,1,37.99,1.064
1,3,1,54.24,1.048
1,1,2,48.89,0.989
2,1,2,31.47,2.83
1,3,2,17.96,1.181
1,2,2,67.61,2.199
1,1,4,38.66,0.423
1,1,1,33.57,1.045
1,1,1,16.97,0.679
2,1,2,19.96,2.905
1,2,2,17.62,1.697
2,1,2,12.82,2.489
2,1,1,19.02,3.249
2,1,1,9.86,3.394
1,2,2,17.21,1.11
2,1,5,33.83,1.497
2,1,3,16.13,2.058
1,1,3,71.96,1.391
1,3,2,34.72,1.546
1,3,1,17.39,1.135
2,2,2,3.85,6.583
1,3,3,28.57,0.735
3,3,1,14.0,11.01
2,2,1,44.2,7.556
2,3,5,38.04,3.516
3,3,4,38.75,7.489
2,1,4,28.92,2.257
1,1,1,17.83,0.866
1,2,2,32.69,0.837
2,2,1,19.84,6.812
1,2,2,26.31,1.185
3,2,5,32.6,17.735
1,1,1,20.79,0.815
1,1,2,35.54,0.767
2,1,2,20.64,4.476
2,2,1,5.92,4.832
2,1,1,8.05,3.183
1,1,3,38.99,0.556
1,3,1,40.21,0.786
2,2,5,22.39,6.482
3,1,3,9.39,11.106
1,1,1,54.68,1.15
2,1,1,33.56,3.399
1,1,1,12.94,0.793
2,1,3,14.12,2.921
1,1,1,21.76,0.604
3,3,1,38.09,34.014
1,1,1,14.7,0.517
2,3,3,50.05,2.957
2,3,2,16.57,4.107
1,1,3,8.68,0.475
1,1,1,36.87,1.31
1,2,4,7.46,0.72
2,3,2,17.98,4.407
2,2,2,41.2,6.753
1,1,2,21.56,0.784
1,3,1,26.94,0.548
3,2,1,37.24,34.159
1,1,1,74.8,0.635
1,1,1,18.46,0.967
3,2,5,5.56,11.537
3,2,3,27.04,32.666
1,1,3,68.62,1.07
1,3,1,41.86,1.47
2,1,3,49.18,3.317
1,1,1,43.72,1.464
2,2,2,2.42,4.91
1,1,2,28.23,0.77
1,2,1,23.0,1.375
1,1,5,33.95,0.35
2,1,3,49.72,3.652
2,1,2,27.84,3.013
1,1,4,13.75,0.454
1,1,1,31.62,0.589
1,1,1,30.0,0.447
2,2,1,37.97,5.942
2,3,2,20.09,4.871
2,1,1,13.57,3.365
3,1,1,43.65,17.532
1,1,2,5.41,0.47
2,1,1,11.75,2.586
1,1,2,23.84,0.594
1,2,1,42.22,0.885
1,1,1,25.29,0.781
2,1,1,21.02,3.662
2,1,4,36.95,4.928
1,3,1,8.52,0.728
2,2,3,11.68,6.422
2,3,3,23.83,4.293
3,1,3,48.14,18.786
1,3,1,22.73,0.811
3,3,3,27.98,18.339
2,3,2,2.47,3.335
2,1,1,33.05,6.543
1,1,2,23.98,0.439
2,3,2,29.06,4.841
2,2,2,4.98,6.195
1,2,2,9.23,0.991
3,1,2,27.92,16.309
1,1,2,37.9,0.786
2,1,1,27.74,3.254
1,2,2,29.01,1.175
1,1,3,5.37,0.388
1,1,4,26.66,0.313
1,3,4,45.55,0.923
1,3,5,31.77,0.559
1,3,2,18.88,0.827
1,1,3,32.91,0.794
2,2,4,27.54,4.357
1,1,5,43.61,0.438
1,3,2,20.35,0.85
1,2,2,60.12,1.784
1,3,1,24.52,1.473
1,1,2,45.54,1.146
3,3,1,11.72,24.502
1,1,2,29.32,0.342
1,1,3,9.85,0.475
1,3,3,20.31,1.009
1,1,2,50.8,1.183
2,1,1,32.52,3.824
3,1,1,67.0,28.013
1,2,1,21.26,2.402
1,2,1,46.92,1.685
2,3,1,34.35,4.858
1,2,1,31.39,1.276
1,2,1,28.08,1.538
2,2,1,20.04,5.033
2,1,5,31.72,2.55
1,1,1,15.23,0.426
2,3,2,21.64,3.696
1,1,1,28.64,0.905
1,1,1,69.99,1.287
2,3,1,3.98,4.121
2,3,4,34.28,2.984
2,2,1,48.18,7.274
2,2,2,55.36,11.504
2,1,2,34.91,4.901
2,2,2,31.23,8.398
1,2,2,22.66,1.552
1,2,1,39.98,1.723
2,1,2,72.01,9.53
1,1,2,46.03,1.134
2,2,1,8.28,3.606
1,2,3,17.58,0.484
1,2,1,11.33,1.71
2,1,1,48.84,6.913
2,2,4,46.28,5.187
1,3,1,46.31,0.95
1,2,5,20.09,0.447
2,1,2,7.84,3.11
3,3,3,40.1,18.673
1,2,1,25.94,1.124
1,2,5,16.35,0.511
1,1,2,35.67,0.462
1,1,1,37.8,0.594
1,3,2,7.24,0.843
2,3,1,43.14,6.082
1,1,2,44.58,0.685
1,3,1,7.88,0.599
1,2,1,38.43,1.436
1,1,1,32.98,0.734
1,1,1,22.7,0.65
1,2,1,23.03,1.485
1,1,3,36.93,0.404
2,2,1,19.05,4.026
1,3,1,47.11,1.043
1,2,1,41.19,1.903
2,3,4,30.61,3.622
1,2,2,23.57,1.086
1,2,1,42.33,1.598
2,1,2,2.38,2.802
1,2,1,24.54,1.596
1,3,1,38.73,0.759
2,1,1,30.03,3.149
1,1,2,5.77,0.591
3,2,1,39.87,31.634
1,3,1,20.28,0.732
1,1,2,21.95,0.765
1,1,2,39.7,0.942
1,3,1,42.29,1.247
1,1,4,36.45,0.402
1,1,1,10.34,0.565
1,1,3,18.9,0.563
1,2,3,26.81,0.98
1,1,1,54.08,1.033
1,1,2,36.58,0.794
2,2,4,37.06,4.681
1,1,1,7.07,0.626
2,1,1,66.23,8.437
1,1,1,30.63,0.656
1,1,3,11.83,0.488
3,3,1,22.14,23.845
3,1,3,37.21,19.197
1,1,1,45.78,1.126
1,2,4,12.48,0.723
2,1,1,6.46,2.762
1,2,3,14.25,1.355
1,1,2,33.33,0.482
1,2,1,21.66,1.707
1,1,1,7.06,0.782
2,2,1,32.67,6.355
2,3,4,44.32,3.796
1,3,4,23.33,0.516
1,3,1,22.81,1.168
1,2,1,59.34,2.014
2,1,1,26.26,3.362
2,1,1,12.38,2.009
1,1,1,10.23,0.555
2,3,2,30.77,5.402
1,2,1,40.45,1.384
1,1,1,29.57,0.586
1,1,1,26.37,0.801
1,1,1,12.36,0.882
1,3,3,44.49,0.94
2,1,3,24.48,1.703
1,3,3,16.52,0.519
1,2,2,29.28,2.002
2,3,5,21.93,2.403
2,2,2,18.64,5.652
1,1,3,63.51,1.241
1,1,2,43.33,0.388
2,3,1,17.06,4.775
1,2,3,33.61,0.925
1,2,2,33.29,1.429
1,2,3,6.03,0.863
1,1,2,25.42,0.565
2,2,2,21.34,4.482
2,3,4,7.27,3.036
1,1,2,24.89,0.619
3,1,1,5.08,21.329
1,1,1,12.81,0.552
2,3,1,28.34,3.868
1,2,1,31.35,1.402
1,2,4,11.62,0.684
1,1,1,20.77,0.818
2,1,1,23.07,4.848
1,1,1,23.62,0.838
1,2,2,26.54,1.095
1,1,1,25.25,0.853
1,3,3,42.82,0.897
1,2,4,28.7,0.983
1,1,1,19.63,0.771
1,1,1,31.39,0.861
2,1,2,24.81,4.383
2,1,2,13.88,3.087
1,3,1,19.31,0.567
1,3,4,27.87,0.709
1,1,1,19.97,0.708
1,1,3,32.34,0.321
2,1,1,49.28,5.863
1,2,3,19.54,1.016
2,1,2,28.22,3.516
1,1,3,7.49,0.501
3,1,1,19.48,14.574
2,1,5,45.44,2.776
2,1,3,34.96,5.79
3,1,4,21.58,9.892
1,2,1,8.0,0.672
1,1,1,3.68,0.686
1,1,1,29.19,0.753
2,2,1,34.46,5.393
2,2,1,36.03,7.75
1,3,5,18.25,0.489
2,1,2,15.69,2.397
1,1,2,42.91,0.872
1,2,4,14.36,1.138
1,1,2,15.87,0.553
1,1,3,19.99,0.643
1,1,2,10.72,0.463
2,2,1,56.63,11.65
1,1,4,40.37,0.719
1,1,1,4.73,0.662
1,1,1,27.76,0.972
1,2,2,29.44,0.932
2,1,2,19.71,1.39
2,2,1,9.99,5.314
1,3,1,28.99,1.219
2,1,3,38.15,1.98
2,2,1,25.5,9.239
2,2,1,22.41,6.796
1,1,3,31.84,0.428
1,3,4,6.33,0.715
2,2,1,53.56,9.46
1,2,1,34.22,1.9
1,1,1,39.46,0.593
1,2,4,10.78,0.958
1,1,1,19.38,0.572
1,1,1,25.53,0.529
2,1,2,21.09,2.332
1,1,2,31.99,0.517
1,1,3,24.32,0.724
3,3,1,18.42,18.964
1,3,1,18.75,0.78
1,1,1,29.98,0.54
2,1,1,0.87,2.754
3,1,3,26.95,11.837
2,1,5,24.85,2.148
1,1,1,20.58,0.702
1,2,1,26.97,1.211
2,1,3,30.59,3.548
2,2,2,29.76,8.882
1,3,1,12.09,1.237
2,1,1,55.82,3.921
2,2,1,9.76,6.835
1,1,1,38.05,0.584
1,2,1,27.44,1.654
1,1,2,73.5,1.026
3,1,4,21.88,13.395
1,1,1,40.15,1.066
2,3,1,35.23,7.81
1,1,1,38.99,1.102
2,1,5,55.17,3.492
1,1,4,36.35,0.747
3,1,1,45.75,29.526
1,2,2,26.68,0.834
2,3,2,38.36,3.734
2,2,5,7.64,3.662
1,2,1,23.35,1.001
3,2,3,15.18,19.827
1,1,3,25.91,0.522
2,3,2,18.81,2.927
1,3,2,59.03,2.03
2,1,5,21.17,2.894
3,1,4,17.97,10.104
2,2,1,37.17,6.735
1,3,2,21.68,0.868
1,2,1,54.4,1.7
2,1,1,42.04,4.878
1,1,3,17.34,0.526
3,1,1,25.93,16.603
1,3,2,7.55,0.619
1,2,2,13.43,1.452
2,3,4,56.0,6.935
1,1,2,26.04,0.6
1,1,2,31.05,0.462
1,2,2,50.33,1.945
3,1,1,7.73,14.97
1,1,1,54.44,0.546
3,3,2,49.43,28.93
1,2,2,14.71,0.917
1,2,2,44.16,2.106
1,1,1,21.83,0.566
1,1,1,9.93,0.531
1,3,1,28.3,0.613
1,1,1,26.85,0.778
1,2,3,6.94,1.355
2,2,3,6.0,3.743
1,1,1,24.29,0.838
1,3,1,46.12,1.004
1,1,2,17.56,0.611
1,1,5,5.24,0.356
2,2,1,23.18,9.139
2,1,4,6.76,2.304
2,3,2,47.07,6.104
1,1,2,8.35,0.74
1,2,1,22.52,0.849
2,1,1,24.68,2.564
3,2,1,47.46,33.685
1,1,4,12.6,0.469
1,1,2,19.1,0.388
2,3,3,53.66,3.823
3,2,3,32.71,30.609
1,2,2,28.47,1.304
1,3,2,30.78,0.813
2,1,3,45.07,3.216
2,1,2,54.13,5.862
1,2,2,46.05,1.461
1,1,2,59.29,1.018
1,2,5,56.86,1.21
2,2,5,12.77,3.193
2,1,2,23.41,2.97
1,2,1,5.95,1.205
1,1,1,4.48,0.841
2,1,1,47.82,5.426
1,3,3,28.5,0.766
1,1,1,59.4,1.179
1,1,1,23.3,0.507
1,2,2,46.4,1.373
2,1,1,11.58,3.079
1,1,2,28.91,0.56
2,2,3,35.02,10.098
2,2,3,23.38,5.053
1,1,2,42.11,0.434
2,3,4,4.6,2.267
1,1,4,23.15,0.345
2,1,1,41.1,4.374
1,1,2,5.67,0.484
3,3,2,32.02,12.396
1,1,1,17.11,0.743
1,2,1,8.41,1.318
1,1,2,23.32,0.672
1,3,5,10.91,0.619
1,3,1,17.14,1.262
1,1,4,22.8,0.398
1,1,1,16.57,0.865
1,1,2,7.71,0.734
2,3,1,9.24,4.049
1,2,3,23.15,0.918
1,3,3,27.56,0.535
3,1,4,24.77,16.048
2,3,4,20.84,3.748
1,3,1,34.95,1.222
1,1,1,36.62,0.494
1,1,1,23.47,0.814
1,1,3,44.64,0.505
2,2,1,12.94,6.033
1,2,3,62.14,1.573
3,3,5,10.99,8.213
2,2,2,26.63,3.828
3,1,2,29.93,16.493
1,3,1,18.41,0.764
2,3,2,16.24,4.521
2,1,1,21.59,4.296
2,3,4,47.19,4.64
1,1,3,33.89,0.474
1,2,4,3.44,0.654
1,2,5,9.35,0.571
1,1,3,25.26,0.412
3,2,1,23.47,27.823
2,2,1,41.21,10.41
1,2,1,18.35,0.732
1,2,4,56.64,1.674
1,1,2,36.68,0.643
2,1,2,23.86,3.902
3,1,1,13.15,12.94
1,1,3,32.41,0.42
1,1,3,33.51,0.835
3,2,2,35.36,24.843
2,1,1,15.41,2.948
2,2,1,44.6,9.9
1,3,5,73.73,1.264
1,1,3,4.69,0.482
2,1,1,22.34,4.73
1,1,1,24.74,0.504
2,2,4,26.13,5.303
2,1,1,55.5,5.744
1,1,2,31.74,0.611
1,3,4,23.39,0.499
2,2,3,32.0,5.264
3,1,2,21.2,9.661
1,2,1,19.28,0.969
2,1,3,19.49,2.924
1,3,3,50.24,0.983
3,3,2,29.18,20.957
2,1,2,32.89,4.368
1,3,2,37.29,0.996
2,2,4,47.26,4.585
2,1,2,40.6,2.69
2,3,4,13.8,3.995
1,1,2,8.36,0.587
2,1,1,17.21,2.887
2,2,2,11.34,5.384
1,1,1,20.72,0.839
1,3,3,24.73,0.715
2,1,1,15.59,2.916
2,2,1,13.45,6.317
1,2,2,36.35,1.082
2,3,3,20.12,2.998
1,1,2,34.6,0.528
2,1,4,8.52,2.199
1,3,4,38.24,1.073
1,1,5,16.68,0.463
3,2,2,37.82,20.274
2,1,2,45.84,4.951
1,2,2,47.18,1.821
3,1,3,18.22,16.908
3,2,1,16.47,39.641
2,2,2,45.89,5.684
1,2,2,25.72,1.673
1,1,2,35.16,0.741
2,1,4,24.3,2.471
3,1,2,42.34,12.484
1,1,2,55.36,1.234
1,1,2,32.39,0.7
1,1,2,61.15,1.194
1,3,2,40.13,0.748
2,2,1,16.18,4.706
1,1,1,6.02,0.697
2,3,3,7.01,4.681
2,1,1,30.05,3.651
1,1,1,32.55,0.522
2,1,1,22.66,3.643
1,2,1,19.11,1.64
1,1,1,58.99,2.126
1,1,2,24.86,0.327
1,1,1,11.61,0.578
1,3,1,16.15,0.734
3,3,3,40.86,15.034
1,2,1,8.26,0.902
1,3,4,51.85,0.498
2,1,1,24.34,3.31
3,2,2,10.01,24.754
1,3,4,42.0,0.633
1,2,1,14.91,1.149
1,1,3,19.8,0.349
1,1,1,46.83,1.333
1,3,2,26.7,0.976
2,1,1,54.94,3.349
1,1,4,11.87,0.503
1,2,2,4.91,1.398
2,2,2,20.74,7.281
1,2,2,24.32,1.305
1,3,2,49.0,1.173
2,3,3,53.31,4.22
1,1,1,52.84,1.094
1,1,2,30.83,0.794
1,3,5,17.76,0.349
1,1,3,18.31,0.541
2,2,3,10.81,4.193
1,2,1,29.2,2.122
1,3,1,5.36,0.688
1,1,1,48.62,0.91
1,3,1,15.74,0.583
2,1,2,16.87,3.475
3,1,2,23.72,10.965
1,1,2,5.31,0.486
1,2,2,63.64,2.932
2,1,1,44.78,5.396
1,1,2,19.33,0.652
1,3,4,18.51,0.544
3,2,2,23.0,22.889
1,2,2,3.33,1.368
1,1,3,25.84,0.556
1,2,3,24.84,1.679
1,1,4,46.85,0.634
1,1,3,14.79,0.419
1,3,1,22.9,1.106
2,1,1,72.49,8.38
1,1,3,37.34,0.653
3,3,2,34.96,17.55
1,2,2,27.14,1.001
1,1,2,51.71,1.154
1,1,5,6.87,0.324
1,1,4,54.7,0.636
2,1,2,9.31,3.384
1,3,1,24.22,0.878
1,2,2,31.64,1.499
1,2,4,42.71,0.731
1,1,1,24.2,0.564
1,2,2,48.85,0.783
1,1,4,34.66,0.665
1,2,1,41.66,1.12
2,2,1,33.04,8.969
2,1,1,34.05,4.267
1,1,1,11.63,0.628
1,3,1,48.14,1.612
1,2,3,20.76,1.115
1,2,1,11.79,0.804
1,3,1,38.59,1.526
1,1,5,20.3,0.361
3,2,3,23.63,17.985
2,1,1,41.68,4.647
1,1,1,24.87,0.481
1,2,4,18.12,1.031
1,1,3,14.56,0.523
1,1,1,31.18,0.834
1,1,3,29.1,0.738
1,2,3,36.84,1.246
1,3,1,23.7,0.837
1,2,2,44.54,1.94
2,2,3,6.96,4.791
1,1,2,35.22,1.208
3,1,2,43.83,31.669
1,2,2,8.72,1.168
1,1,1,11.98,0.678
1,2,2,22.36,1.03
1,1,1,62.3,1.714
1,1,1,20.14,0.406
1,2,1,44.47,1.12
1,1,2,33.03,0.668
1,2,2,54.06,1.193
1,1,2,23.08,0.502
2,1,2,50.55,3.17
2,1,2,23.67,2.963
2,3,1,49.31,4.515
3,1,3,3.66,13.657
1,3,1,22.65,0.469
2,1,1,6.93,4.214
1,1,2,24.64,0.55
1,3,1,75.55,2.79
2,1,2,6.94,1.741
1,1,1,51.28,1.412
1,2,1,35.28,1.098
1,1,3,9.57,0.412
1,2,2,46.6,1.564
1,1,1,25.77,0.716
2,3,1,32.42,8.037
1,2,2,9.02,1.134
1,1,1,20.15,0.771
1,1,1,72.25,1.36
3,1,1,14.24,18.382
3,1,1,67.53,37.811
2,3,2,16.86,4.801
1,1,1,25.29,1.002
1,1,3,18.53,0.441
1,1,1,8.0,0.56
2,1,4,23.37,2.719
1,1,1,1.09,0.732
2,1,4,74.47,6.119
1,1,1,23.77,0.684
2,3,3,45.1,5.872
1,1,2,31.75,0.793
1,1,2,25.97,0.669
1,2,1,2.67,1.009
1,1,1,28.84,0.569
2,1,2,17.88,2.18
1,2,2,42.37,2.551
3,2,1,45.41,26.245
1,1,1,31.66,0.913
1,3,4,34.75,0.61
1,3,1,7.94,1.051
1,1,3,60.08,0.883
2,1,1,23.33,4.172
1,1,3,34.3,0.386
1,1,1,19.82,1.02
1,1,1,29.19,0.693
2,1,1,8.85,2.227
3,1,2,47.19,16.082
2,1,3,8.17,2.063
1,2,2,11.73,1.392
1,2,2,26.51,1.054
1,2,3,28.34,1.74
3,3,1,23.4,38.678
1,1,3,14.84,0.988
3,1,2,22.47,17.888
2,1,4,22.74,2.399
2,1,3,44.9,8.579
2,1,2,2.5,3.728
1,1,1,19.72,0.619
1,1,1,10.62,0.586
1,2,1,67.04,2.549
1,1,1,35.86,0.743
2,2,1,19.67,5.297
1,2,3,7.14,1.138
2,1,1,31.08,2.382
2,2,1,29.74,6.426
1,1,2,14.35,0.778
1,2,2,41.81,1.4
1,2,1,41.64,1.747
1,1,1,37.69,0.959
2,1,2,27.95,5.548
2,1,3,61.8,6.933
2,2,2,12.08,5.152
1,1,1,43.91,1.148
2,3,1,57.43,3.479
2,2,4,22.5,4.331
3,1,5,28.23,5.703
2,1,1,7.36,2.732
2,1,2,11.64,2.552
1,2,2,12.72,0.706
2,3,3,18.47,4.493
1,2,1,21.34,0.986
1,1,1,14.3,0.605
1,1,3,70.23,0.914
1,3,2,58.04,0.642
1,1,1,15.34,0.588
1,2,2,16.0,0.735
2,1,1,44.73,6.506
2,1,4,55.75,3.75
3,1,2,44.75,18.336
2,1,2,49.05,3.993
1,1,2,18.71,0.726
2,2,1,40.08,6.617
1,1,1,28.56,0.829
1,2,4,23.62,1.153
3,1,2,55.76,33.825
3,3,5,3.84,11.054
1,1,2,44.73,1.386
2,3,2,75.58,14.119
1,1,1,19.7,0.802
3,1,2,17.0,13.887
2,2,1,38.32,5.671
1,2,1,35.31,2.007
2,2,1,35.84,4.804
1,1,3,28.06,0.745
1,1,1,47.79,1.271
2,1,1,29.23,3.074
2,1,2,48.06,4.48
1,2,2,4.14,1.055
2,2,3,28.13,5.154
1,1,2,5.9,0.566
1,2,1,22.23,1.67
2,3,2,16.35,3.206
1,2,3,20.06,1.619
1,3,2,39.67,0.58
3,1,2,72.18,65.21
2,1,4,24.32,2.704
1,1,2,10.24,0.9
1,1,1,32.32,0.857
2,3,1,7.95,3.673
2,2,2,12.08,5.446
1,1,2,29.53,0.77
1,2,1,3.52,1.458
1,1,2,53.69,0.598
1,1,1,29.76,0.55
1,3,2,43.94,0.869
2,1,1,25.15,4.051
2,2,1,20.22,6.235
3,1,2,67.49,33.358
1,1,1,39.27,0.925
1,1,4,62.82,0.876
1,3,1,37.48,1.017
1,1,3,2.9,0.619
1,1,2,20.38,0.496
3,1,1,30.31,20.187
1,1,2,21.52,0.75
2,1,2,33.82,3.435
1,1,3,45.03,0.887
1,1,2,43.07,0.831
2,1,1,46.11,4.036
3,1,2,27.85,20.222
1,3,3,29.21,0.498
3,1,1,20.16,15.098
1,2,1,25.91,0.817
2,2,2,47.27,11.902
1,1,2,39.75,0.674
1,2,5,10.41,0.631
2,1,5,84.24,3.064
2,3,1,14.33,3.57
2,3,3,58.53,5.201
1,2,1,60.65,3.032
2,3,2,20.02,5.906
1,3,1,6.05,0.853
1,1,1,19.32,0.617
1,3,4,66.93,1.514
1,2,5,13.58,0.692
1,1,5,15.04,0.353
2,2,4,32.3,3.252
1,2,1,17.39,1.276
1,2,1,24.66,1.047
1,1,1,13.74,0.398
2,2,2,24.26,6.037
1,3,5,16.4,0.397
1,3,4,40.88,0.442
2,2,3,11.95,6.089
3,3,4,51.16,11.328
3,3,4,40.87,15.34
1,2,3,22.42,1.268
3,1,4,28.88,10.038
2,2,4,24.92,3.671
3,3,1,23.14,25.666
1,1,1,33.44,0.589
1,2,1,35.89,1.979
1,3,5,33.65,0.479
2,2,1,24.8,7.464
1,3,1,49.51,1.345
1,2,2,22.06,1.3
1,3,1,15.95,0.782
3,3,4,17.92,12.274
1,2,1,22.06,1.072
2,2,4,23.75,5.262
1,3,2,48.08,0.567
3,2,2,25.51,20.276
1,2,2,17.77,1.709
1,2,2,11.03,0.954
1,1,1,19.43,0.803
1,3,3,49.78,0.642
2,1,2,61.05,4.18
2,1,1,37.28,4.735
1,1,2,21.78,0.754
1,2,3,64.94,3.28
1,3,5,47.72,0.521
1,2,1,20.34,1.039
3,1,2,17.13,18.289
2,1,3,9.68,3.144
1,1,1,15.07,0.591
1,3,1,46.01,1.35
2,1,4,21.17,1.958
2,3,2,15.54,5.083
3,1,1,52.23,20.794
1,2,2,35.47,1.375
1,3,1,6.08,0.859
1,1,3,32.74,0.732
2,2,4,18.97,5.711
1,1,2,18.97,0.568
2,3,2,32.07,5.026
1,3,1,13.41,0.672
2,1,2,19.75,3.978
1,3,3,29.6,0.834
2,1,2,35.81,2.445
1,2,1,30.48,1.264
2,1,2,30.23,3.469
1,1,1,17.02,0.909
2,2,1,33.87,5.217
2,2,4,5.35,2.613
1,2,2,63.79,3.653
1,2,4,38.49,1.495
1,1,2,12.69,0.608
1,1,1,19.64,1.044
2,2,2,33.84,7.58
1,2,2,14.13,1.414
1,2,3,17.94,0.883
1,2,1,27.75,1.173
1,2,1,28.53,1.236
1,2,2,8.31,1.335
2,1,2,9.3,3.411
1,3,1,17.47,0.625
3,2,1,47.39,23.552
2,2,3,26.81,4.41
1,3,2,35.13,1.137
2,2,2,78.1,14.643
2,3,1,6.75,5.235
1,1,3,56.01,1.079
1,3,4,23.51,0.587
2,2,1,12.12,5.443
1,2,1,31.19,1.941
1,3,2,62.65,0.714
1,3,1,54.74,0.853
1,1,1,33.57,1.147
2,1,3,32.21,2.829
1,2,3,42.19,1.416
1,1,5,29.84,0.273
2,1,4,10.76,1.51
1,1,1,22.09,0.587
1,1,5,20.35,0.416
1,2,2,3.11,1.352
3,1,2,24.75,17.799
2,2,1,31.03,5.632
1,1,2,41.65,1.039
2,2,2,6.62,6.19
2,3,1,25.0,4.283
2,1,2,54.7,5.813
2,3,3,52.8,4.917
2,3,2,39.13,3.339
2,1,3,10.22,1.781
1,1,4,13.59,0.28
1,1,2,34.3,0.583
1,3,3,11.75,0.762
1,1,4,31.41,0.625
3,1,3,32.26,10.114
2,1,2,41.63,6.148
2,1,3,23.67,2.338
2,3,2,38.55,4.787
3,3,1,31.64,16.741
2,1,2,10.59,3.641
1,2,1,44.77,1.372
1,2,1,22.16,1.212
1,1,2,10.57,0.457
1,2,2,23.77,1.115
1,3,1,22.28,0.774
1,2,4,5.59,0.951
1,2,5,12.51,0.498
1,2,1,13.26,0.909
3,3,3,50.04,18.149
1,2,3,11.96,1.163
2,3,1,37.29,7.039
1,3,1,48.17,1.718
3,1,2,9.4,17.947
2,2,1,45.0,10.17
3,1,1,25.28,16.984
1,3,3,26.7,0.738
2,1,4,44.34,4.723
1,1,1,14.27,0.558
1,1,1,13.98,0.811
2,3,3,19.84,4.501
1,3,3,45.04,0.896
1,2,4,17.9,0.884
2,2,2,25.92,4.975
1,2,3,46.1,1.095
2,2,1,24.28,8.931
1,1,1,3.0,0.717
1,1,1,39.99,0.869
1,2,4,27.01,1.343
1,1,2,14.48,0.525
2,2,2,50.41,10.282
2,3,3,27.15,4.152
1,2,4,12.25,0.766
1,2,3,22.3,0.939
2,1,1,44.9,4.239
1,1,1,4.21,0.651
1,1,1,21.79,0.552
1,1,3,12.33,0.55
2,3,4,21.65,3.153
1,3,2,15.52,1.073
1,2,2,32.12,1.503
3,2,3,14.63,19.267
3,1,1,29.03,29.446
2,1,1,16.6,2.434
2,1,1,28.91,4.003
3,3,2,13.85,12.559
2,3,1,15.25,2.612
2,1,4,19.63,2.449
1,1,2,23.2,0.672
1,1,4,16.18,0.475
2,1,2,28.13,3.646
2,1,3,22.16,4.689
1,1,1,73.77,1.519
2,3,1,32.22,5.964
2,1,1,18.29,2.219
1,2,5,30.2,0.765
2,1,1,19.13,5.135
1,1,1,20.87,0.66
2,1,2,22.62,2.461
3,2,4,24.54,14.281
2,1,2,37.28,2.573
2,2,1,14.37,4.995
2,1,2,32.84,3.131
1,3,1,4.4,0.674
2,1,4,23.5,2.929
1,3,2,60.74,0.903
1,2,1,37.35,2.337
1,3,1,33.41,1.236
1,3,3,10.94,0.581
1,2,2,28.06,0.939
1,2,1,34.16,1.523
1,2,3,19.97,1.108
1,3,4,27.55,0.829
1,2,4,19.19,0.737
1,3,1,23.16,1.136
3,1,1,42.56,31.883
1,1,2,16.25,0.58
2,1,1,47.08,4.713
1,2,3,17.07,0.935
2,3,3,47.43,4.343
2,1,3,3.24,3.624
3,2,2,52.96,28.449
2,2,3,30.66,4.878
2,2,3,25.88,6.653
1,1,1,25.48,0.517
1,1,3,37.45,0.549
1,2,1,33.48,1.273
2,1,1,10.54,2.848
2,2,3,27.24,6.234
1,1,2,32.54,0.864
2,1,3,13.25,2.691
1,1,1,8.0,0.572
2,1,4,15.67,1.592
2,3,1,0.99,3.136
1,1,1,29.99,0.732
2,1,2,36.51,3.823
1,2,2,43.67,1.893
2,1,1,25.23,3.578
2,2,4,52.37,5.058
1,2,1,16.94,1.428
1,3,3,25.2,0.717
1,1,1,11.22,0.535
1,2,3,14.87,0.891
2,1,1,8.83,3.334
1,1,1,37.75,0.765
1,1,1,26.24,0.533
1,3,2,26.08,0.68
1,2,1,20.0,1.335
1,2,4,21.25,0.892
2,1,1,12.62,3.598
1,1,1,21.23,1.081
2,1,3,16.26,2.675
1,1,1,15.57,0.632
2,1,4,42.14,1.981
1,1,3,33.76,0.56
1,1,1,38.0,0.79
1,2,3,4.11,0.916
2,2,2,52.57,11.166
3,2,1,15.32,31.623
1,3,1,44.11,0.682
1,1,1,10.26,0.67
2,3,4,19.48,1.799
1,2,3,38.67,1.295
2,2,2,35.53,5.602
1,3,2,26.06,0.715
2,3,3,8.61,2.721
1,2,1,23.86,1.084
1,1,1,26.35,1.302
2,2,1,69.48,10.672
1,3,4,10.93,0.585
2,1,1,25.48,3.388
2,1,5,24.04,1.588
1,1,5,10.44,0.424
1,1,1,41.73,0.861
1,2,4,2.84,0.699
1,2,2,40.26,2.292
2,1,4,45.16,4.088
2,1,1,9.68,3.566
1,1,2,28.47,0.903
2,2,3,45.15,8.853
2,1,2,35.52,6.008
2,1,1,55.25,4.346
1,1,1,20.26,0.479
1,2,2,31.3,1.375
1,1,3,21.81,0.359
2,2,1,13.36,6.0
2,3,5,16.33,2.254
2,1,2,32.07,1.702
1,1,2,50.76,0.421
2,3,4,37.0,2.658
2,3,2,31.09,3.526
1,2,2,25.31,0.916
1,1,3,38.74,0.868
1,1,1,24.42,0.801
2,3,5,9.86,1.816
1,1,3,20.11,0.319
1,1,3,34.26,0.531
1,1,1,19.8,0.737
2,1,2,14.8,3.628
2,1,2,23.16,3.879
2,2,1,42.97,8.134
2,1,3,60.82,2.479
2,1,1,54.02,2.274
2,1,1,25.73,6.016
1,2,2,21.52,0.982
2,3,2,23.9,5.473
2,1,3,43.88,3.724
2,1,4,66.47,1.835
1,3,2,27.92,1.111
1,1,3,30.79,0.698
1,1,2,15.56,0.507
1,1,1,3.34,0.701
1,1,1,31.88,0.835
1,2,1,29.21,1.672
1,1,1,16.19,0.571
2,1,2,24.82,2.13
2,2,2,26.69,3.3
2,1,2,38.47,3.572
1,3,4,39.29,0.679
1,1,1,33.32,0.943
1,1,1,35.13,0.921
2,3,4,21.27,2.147
1,1,1,46.4,0.829
2,1,3,46.62,4.307
1,2,2,34.18,1.175
1,1,1,21.13,0.74
1,1,1,44.68,0.775
1,2,4,16.5,1.045
1,2,2,18.09,1.069
2,2,3,63.59,17.795
1,1,2,27.8,0.519
1,2,1,6.75,1.007
1,3,1,27.1,1.013
3,3,2,20.66,21.213
2,2,2,15.37,6.075
2,2,3,8.17,5.811
1,2,3,10.1,0.769
2,3,2,27.84,3.839
1,1,4,20.74,0.404
2,1,5,7.84,2.235
2,1,1,31.72,4.701
1,3,4,55.82,0.968
1,3,1,21.69,0.84
1,1,3,13.09,0.412
1,3,2,7.28,0.766
1,2,1,36.75,3.051
1,3,3,30.18,0.521
1,3,1,19.72,0.653
2,1,1,21.16,3.637
1,1,3,33.16,0.867
2,1,2,22.18,3.382
1,2,1,11.9,1.115
1,2,2,57.5,2.664
1,1,2,14.54,0.449
2,2,1,20.0,7.952
1,1,1,31.44,0.834
2,1,1,13.31,4.588
2,3,1,20.2,6.645
2,2,2,28.6,4.111
1,2,2,12.13,1.175
1,1,2,17.09,0.537
1,1,1,8.93,0.49
2,1,3,14.33,2.66
2,1,3,48.0,3.374
2,2,1,39.51,10.574
1,2,3,18.97,1.051
2,1,1,51.78,5.025
2,1,1,28.06,3.163
3,2,2,61.26,41.243
2,3,1,39.87,6.928
1,1,2,21.22,0.562
2,2,2,36.39,7.826
2,1,1,24.56,3.59
1,2,2,44.25,1.352
1,2,2,54.38,1.717
1,2,1,35.92,2.213
1,1,2,31.95,0.725
2,1,2,20.64,2.433
1,3,2,23.08,1.138
2,1,2,19.86,3.207
1,1,1,48.53,0.641
2,1,1,14.79,2.619
2,3,2,36.41,4.413
2,1,5,24.74,2.254
1,1,2,27.66,0.588
3,1,3,27.08,15.441
1,1,4,41.11,0.81
2,2,2,6.53,3.898
1,2,1,23.02,1.527
1,1,2,14.84,0.659
2,1,1,38.93,3.042
1,3,1,27.6,0.826
1,2,2,70.4,1.992
1,3,3,73.06,1.079
1,1,4,5.43,0.651
3,1,3,14.67,10.2
2,1,2,19.92,3.065
1,1,2,72.31,1.042
2,1,5,46.59,1.717
2,1,2,19.07,2.06
2,3,2,28.37,4.483
1,1,2,3.93,0.652
1,1,3,20.49,0.334
1,1,4,45.99,1.026
2,3,1,39.36,3.661
2,3,1,35.24,4.707
2,1,2,18.68,3.038
1,3,3,55.92,0.722
2,1,1,28.61,3.56
1,2,4,43.36,0.814
2,2,5,19.7,2.949
1,3,5,19.57,0.564
2,1,2,24.21,3.074
3,2,3,10.18,21.693
1,2,1,39.06,1.396
2,1,4,34.27,2.75
2,3,1,56.33,5.6
1,3,1,14.77,0.53
1,2,4,23.04,0.573
2,3,2,36.99,4.004
1,2,3,14.96,0.595
1,2,2,20.08,1.207
2,2,1,39.85,5.464
1,2,1,30.19,0.975
2,1,1,53.32,2.851
2,1,1,5.07,3.66
1,1,2,15.81,0.901
2,2,3,29.25,6.277
1,1,2,25.34,1.0
1,1,3,4.75,0.557
2,1,1,32.34,4.344
3,3,1,15.6,17.26
1,3,3,22.88,0.634
3,1,3,47.96,23.508
2,2,1,7.52,5.22
1,2,2,8.27,0.686
1,1,1,45.6,0.861
1,1,3,6.04,0.409
2,1,2,28.09,2.421
1,1,2,54.0,1.419
1,1,1,38.46,0.741
1,1,1,23.92,0.373
3,3,1,29.87,30.924
1,2,1,45.08,1.135
1,1,1,10.66,0.537
1,1,1,19.25,0.4
1,1,1,49.65,0.514
1,1,3,5.44,0.56
2,1,1,24.43,5.304
2,1,4,34.18,2.447
1,1,1,18.94,0.618
2,2,1,61.45,9.657
1,3,1,6.56,0.689
2,1,2,31.45,4.669
1,1,1,14.84,0.41
2,1,1,23.06,3.298
3,1,3,32.26,11.752
2,1,2,24.02,2.99
1,1,2,28.53,0.613
1,3,4,32.84,0.606
2,2,1,61.32,5.271
1,3,2,17.33,0.804
1,2,3,28.12,0.759
1,3,4,42.83,0.673
1,1,1,8.29,0.917
1,1,1,57.24,0.777
1,2,1,12.29,1.316
2,3,1,56.91,8.622
1,3,1,42.73,0.737
1,1,1,25.2,1.467
1,3,1,16.3,0.793
3,2,1,13.75,27.785
1,1,1,29.97,0.819
2,1,1,4.64,3.072
2,2,1,53.66,14.821
2,2,2,8.37,6.785
1,3,1,42.49,2.163
2,3,2,22.12,5.503
1,2,3,45.21,1.352
1,1,1,39.64,0.839
1,1,2,20.07,0.478
3,2,3,46.78,28.784
1,1,5,30.37,0.387
1,2,2,16.08,1.264
2,1,1,3.21,2.697
1,1,1,23.88,0.893
1,1,1,53.51,1.726
2,3,1,46.32,9.713
2,2,2,19.13,7.168
2,1,1,5.41,2.893
1,1,1,63.86,1.224
1,1,1,20.49,0.791
1,3,3,53.16,1.104
2,1,2,17.24,3.109
1,1,2,30.77,0.822
1,1,3,25.24,0.662
1,1,3,21.61,0.399
1,1,2,31.78,0.496
1,3,1,17.72,0.506
1,2,1,20.04,1.265
1,1,2,22.56,0.666
1,1,1,31.31,0.894
1,1,2,24.51,0.751
1,1,2,24.51,0.77
1,1,1,50.97,0.796
2,1,2,35.92,4.604
1,1,3,41.32,0.619
1,1,1,34.23,0.706
1,1,1,65.15,1.883
1,3,1,14.62,0.939
1,2,1,23.54,1.489
1,1,3,11.37,0.571
1,2,1,46.11,2.057
2,1,1,7.24,5.732
2,1,1,21.01,3.629
1,2,3,32.36,0.699
1,1,2,35.15,0.673
3,2,1,14.87,26.792
1,1,1,17.8,0.558
3,1,1,17.64,17.247
2,2,1,9.5,3.669
1,2,2,3.04,1.052
1,3,4,12.0,0.572
1,1,1,29.92,1.109
2,3,1,4.82,4.535
1,1,1,32.2,0.701
2,3,2,31.43,3.071
1,1,1,17.62,0.466
2,3,2,21.78,4.201
2,3,1,16.03,4.416
1,1,4,14.37,0.398
1,1,1,9.5,0.585
1,2,4,66.43,1.862
2,1,3,12.01,3.007
2,1,1,5.41,5.042
1,3,2,2.88,0.928
2,2,4,29.46,3.673
1,2,1,19.13,0.925
1,3,2,46.62,0.799
2,2,4,9.83,3.22
1,2,1,18.33,1.26
2,2,2,2.09,4.423
1,1,1,35.02,1.327
1,1,1,26.37,0.451
1,2,3,32.65,0.812
1,2,2,18.08,1.132
1,1,4,33.87,0.493
2,1,5,4.87,1.629
1,3,1,1.88,0.872
1,1,1,31.95,0.51
1,2,1,30.32,1.115
1,2,2,20.04,0.69
1,1,1,24.92,0.698
2,2,1,44.05,7.305
2,2,1,19.95,6.463
1,1,2,33.28,0.908
1,1,1,24.99,0.741
1,1,1,52.26,1.537
1,2,1,19.03,1.592
2,1,1,3.78,3.95
1,3,2,32.2,0.729
3,3,2,28.8,13.086
1,3,1,55.04,2.171
2,2,3,37.21,6.16
2,2,5,36.17,3.998
2,3,3,13.05,3.687
2,3,1,45.28,7.932
1,3,2,32.84,0.943
2,1,1,31.05,3.838
1,1,3,46.84,0.82
1,2,1,12.99,1.755
1,2,1,17.82,1.437
1,3,1,43.29,1.806
3,1,2,37.28,21.088
1,1,1,18.75,0.803
1,1,2,34.18,0.783
1,2,1,63.21,2.176
2,2,1,5.95,6.099
2,3,4,36.7,6.889
3,2,1,55.16,59.07
1,1,2,12.31,0.591
1,1,2,36.36,0.852
1,2,2,45.2,1.595
1,1,1,49.04,0.693
2,2,1,24.7,5.462
3,1,3,30.92,12.583
1,1,5,30.54,0.685
1,1,4,10.5,0.435
2,2,1,42.01,4.679
1,3,1,15.94,0.842
2,2,2,24.97,6.265
1,1,1,7.29,0.563
1,3,4,47.63,0.763
1,1,3,14.93,0.405
1,1,1,34.12,0.584
2,1,3,35.32,3.755
1,2,1,33.48,1.682
1,2,3,51.73,1.286
3,3,2,40.21,23.133
1,2,1,44.85,1.574
1,1,2,24.46,0.603
3,2,1,33.92,20.341
1,1,2,36.36,0.609
2,2,1,6.74,3.741
1,2,1,13.02,1.369
2,1,2,13.76,3.24
1,2,1,36.61,2.486
1,1,1,13.94,0.733
3,1,4,41.37,9.436
1,3,4,54.95,0.913
1,1,2,49.99,0.881
1,3,2,9.5,0.912
1,2,2,50.32,1.281
1,3,3,25.2,0.602
1,1,2,2.93,0.708
1,3,2,13.05,0.765
3,2,2,13.94,32.143
2,1,2,27.63,2.636
3,1,2,50.34,15.341
1,3,4,5.94,0.465
1,1,1,46.69,1.258
1,1,4,41.96,0.517
1,1,2,14.07,0.877
1,1,1,9.37,0.58
2,1,1,52.68,2.952
2,2,5,51.38,5.57
1,1,2,10.65,0.661
1,3,3,20.75,0.901
1,2,2,35.38,0.734
1,1,1,10.21,0.85
1,1,1,14.92,1.003
2,1,3,31.36,3.059
1,2,2,26.6,0.901
1,1,1,17.27,0.516
2,3,1,18.76,2.529
3,2,4,79.55,63.989
2,3,1,22.15,3.448
1,2,4,17.36,0.906
1,1,2,26.72,0.445
2,1,1,16.18,2.958
2,1,2,36.06,3.166
3,1,2,19.22,13.225
1,1,1,48.83,1.236
2,1,2,30.72,2.563
1,1,2,8.2,0.778
1,1,1,0.61,0.588
1,1,4,9.13,0.361
1,1,1,14.7,0.589
1,2,3,15.11,1.184
1,3,2,31.86,0.949
2,2,1,17.97,7.55
2,3,1,12.07,4.516
1,2,2,49.54,1.379
2,1,2,49.6,5.16
1,1,3,35.1,0.377
1,1,5,11.55,0.474
3,1,1,31.29,21.016
1,1,2,32.06,0.932
1,3,1,13.5,0.52
2,1,3,24.4,2.906
1,3,3,30.45,0.693
1,1,1,10.98,0.866
2,2,1,50.58,5.93
2,1,5,52.17,1.887
1,2,1,35.8,2.007
2,1,1,57.1,4.933
1,2,3,34.35,1.285
1,1,2,10.28,0.589
1,3,1,13.09,1.122
1,2,5,19.0,0.642
3,2,2,13.72,26.059
2,1,2,13.95,3.339
1,2,4,15.79,0.773
1,1,3,27.6,0.587
1,1,2,60.07,1.774
2,1,3,21.68,2.842
1,3,1,37.38,0.626
3,1,1,53.34,27.05
1,2,1,37.69,1.484
1,1,3,53.06,1.515
3,2,1,38.12,49.803
2,1,1,33.4,4.05
1,3,2,24.47,0.589
1,1,1,20.02,0.715
2,2,2,28.87,4.748
2,3,4,27.16,2.365
2,2,3,38.19,9.707
2,1,1,48.31,3.294
3,3,4,39.95,17.466
1,1,1,24.12,0.622
1,2,1,16.23,1.12
1,2,2,32.55,1.072
2,1,2,20.54,3.62
1,3,4,9.24,0.415
1,1,2,40.89,0.789
2,3,2,44.13,4.875
1,1,2,16.54,0.486
3,3,1,20.8,31.618
1,2,2,17.44,0.962
2,1,1,34.25,6.325
1,1,1,69.72,1.328
1,1,1,26.0,0.476
1,1,1,6.37,0.678
1,1,1,17.39,0.631
2,2,2,29.54,3.139
2,2,3,25.03,6.248
1,1,1,13.81,0.557
1,3,2,31.62,0.521
3,1,2,23.71,9.54
1,2,2,31.22,0.956
3,3,4,18.86,14.378
1,1,2,23.49,0.651
1,1,4,23.92,0.494
1,1,3,20.26,0.466
1,1,1,28.33,0.91
2,3,1,64.29,12.524
2,1,3,23.83,3.0
2,3,4,36.29,3.281
2,2,3,37.68,10.556
2,3,1,42.18,7.789
2,1,2,59.15,4.674
2,2,1,35.85,8.657
2,1,1,39.18,4.042
1,1,4,28.65,0.396
1,2,5,50.32,0.97
1,1,1,8.2,0.819
1,3,1,5.96,0.876
1,1,1,24.79,0.928
1,1,1,29.6,0.483
1,3,2,10.96,0.769
1,3,1,0.68,0.981
2,3,4,6.67,4.329
2,2,1,15.04,4.394
1,2,2,49.0,2.499
3,1,2,6.15,12.652
3,2,1,11.35,20.97
2,2,3,23.88,4.006
1,1,2,21.38,0.408
1,3,3,29.56,0.72
1,1,1,16.88,0.461
2,2,4,24.93,3.064
2,2,1,19.67,4.947
2,1,1,2.4,3.051
2,1,1,20.79,3.069
3,2,1,19.53,22.496
1,3,1,27.51,1.05
3,1,3,7.17,14.845
2,2,2,28.33,4.203
1,1,5,14.66,0.487
2,1,2,29.01,2.806
1,1,2,21.12,0.585
1,2,1,19.51,0.918
3,1,1,37.78,14.679
1,1,4,68.05,0.637
1,1,5,59.73,0.323
3,1,2,19.08,20.077
1,3,1,77.32,3.524
1,2,4,31.88,0.79
1,3,2,52.79,1.449
1,2,1,25.98,1.53
1,1,2,29.9,0.532
1,2,2,26.42,0.995
2,1,5,62.43,1.757
1,1,1,29.28,1.113
1,1,1,32.1,0.995
1,1,1,38.42,0.643
1,2,3,5.85,0.648
2,1,1,25.69,3.508
1,1,1,54.21,1.679
1,2,1,6.7,1.187
1,2,1,49.97,2.584
1,1,4,31.66,0.787
1,1,5,32.78,0.59
1,2,1,46.03,1.753
1,2,2,18.45,1.739
1,1,1,41.95,1.693
1,2,5,19.47,0.588
2,2,1,38.61,9.995
1,2,4,29.86,1.323
1,1,1,17.29,0.677
1,3,1,49.72,1.894
1,2,1,11.29,1.263
1,1,2,22.84,0.627
1,3,1,35.86,1.367
1,2,1,29.74,1.529
1,1,1,32.9,1.346
1,3,4,28.35,0.62
3,2,1,21.61,41.002
2,1,1,25.08,4.607
1,2,3,27.3,0.986
3,1,2,18.37,18.051
1,1,4,13.57,0.456
1,1,3,32.65,0.983
1,1,4,8.88,0.487
3,1,3,37.03,14.055
1,1,4,23.61,0.375
2,1,3,51.46,3.401
2,2,2,14.91,5.562
1,1,1,24.98,0.855
1,1,2,1.78,0.559
1,1,3,37.49,1.131
2,2,2,27.82,8.914
1,1,4,44.03,0.662
1,2,4,11.68,1.107
1,1,1,19.39,0.558
2,2,2,36.1,8.99
2,3,1,20.72,4.711
1,2,2,41.41,1.622
1,2,1,21.29,1.172
1,1,2,16.53,0.503
1,1,5,56.15,0.364
1,1,1,21.14,0.61
2,2,1,7.55,6.513
1,2,1,74.39,3.009
1,1,2,23.69,0.483
1,2,3,33.81,1.268
1,2,1,22.81,0.957
1,3,2,68.71,1.029
2,3,2,30.76,4.541
1,1,3,52.19,0.758
1,3,2,55.03,1.604
1,1,4,23.93,0.497
1,2,4,18.83,0.752
2,2,1,65.45,19.509
2,1,1,46.52,5.843
2,2,1,32.14,7.981
2,2,5,24.82,3.828
2,2,2,26.66,6.546
1,2,5,56.77,0.892
1,1,1,9.77,0.825
2,1,2,15.96,2.779
1,1,5,42.17,0.411
1,1,2,26.25,0.341
3,2,3,25.68,22.926
1,1,4,26.06,0.547
1,1,1,25.47,0.614
1,1,1,6.96,0.777
1,3,4,18.36,0.429
1,3,2,20.18,0.669
1,1,1,39.65,0.499
1,1,1,23.49,0.663
1,1,2,31.8,0.67
1,3,3,15.14,0.644
1,2,1,6.06,1.132
1,1,2,17.63,0.888
1,1,1,35.3,0.795
2,3,3,54.6,6.981
1,1,5,16.62,0.373
3,3,1,47.02,14.422
2,2,1,35.65,6.372
1,2,1,19.21,1.405
1,3,4,59.22,0.8
1,2,2,44.11,1.973
1,2,2,5.33,1.311
3,1,2,40.23,31.824
2,3,2,26.82,3.91
2,3,4,20.83,2.671
2,3,3,43.34,3.268
3,1,3,40.98,21.711
2,3,1,42.04,6.789
1,1,5,3.55,0.364
1,1,2,24.15,0.413
1,2,1,54.69,1.892
1,2,3,8.72,0.639
1,1,3,44.62,0.624
1,1,2,21.43,0.867
2,1,1,9.59,3.009
1,3,2,46.53,1.206
2,1,3,30.25,1.797
1,2,1,30.65,1.902
1,3,1,44.26,1.443
2,3,4,24.26,3.83
1,1,1,46.44,0.926
2,2,1,13.18,8.673
2,1,1,7.68,2.983
1,2,1,16.01,1.038
1,2,2,50.94,1.203
1,3,4,21.09,0.578
1,2,2,4.77,0.738
3,2,2,46.31,23.753
2,3,3,47.56,3.46
1,3,2,51.35,1.497
2,1,1,37.4,3.504
3,2,2,7.84,21.79
1,3,3,12.85,0.485
1,3,3,14.39,0.803
2,3,1,13.05,5.004
2,2,2,21.42,7.237
1,1,1,32.26,1.269
1,1,1,31.61,0.52
1,1,1,40.4,0.486
2,2,2,13.0,4.067
2,3,1,21.91,4.427
1,1,1,16.74,0.657
2,2,2,20.06,4.702
1,2,4,14.48,0.679
2,1,3,17.65,2.351
2,1,2,47.45,5.825
1,1,1,14.22,0.756
1,2,2,72.57,1.548
1,2,1,27.97,1.124
2,1,1,28.25,3.412
2,3,1,8.48,4.215
1,1,2,38.05,0.909
3,2,1,7.1,37.232
2,1,2,42.23,5.946
1,1,2,34.11,0.654
1,2,5,26.62,0.873
1,1,1,52.6,1.119
1,2,1,31.13,0.894
3,1,4,9.59,9.049
2,1,1,29.63,3.304
1,3,2,27.56,0.78
1,2,3,20.48,0.627
1,2,3,13.31,0.762
1,3,2,41.13,0.783
1,2,1,26.52,1.689
2,1,2,14.84,3.2
2,2,3,32.92,3.509
3,2,2,21.97,24.375
1,1,4,10.74,0.588
1,2,2,14.27,1.832
2,2,3,34.08,6.223
1,2,1,14.88,1.154
1,1,1,60.29,0.835
3,2,4,61.77,105.485
2,1,1,28.65,2.044
2,1,1,23.29,5.561
1,2,4,28.09,0.764
1,1,1,6.67,0.887
1,2,2,54.6,2.06
1,1,2,47.72,0.733
1,2,2,4.74,0.91
2,1,2,29.06,4.903
1,1,1,37.5,1.389
1,3,3,22.09,0.474
2,1,2,19.25,5.089
2,3,3,25.45,3.98
1,2,2,13.91,1.441
2,1,2,54.12,5.24
1,1,1,27.93,1.237
1,1,2,19.48,0.597
1,2,2,39.09,1.421
2,1,2,27.09,4.245
2,3,1,21.58,4.096
3,1,4,60.6,17.042
1,1,1,9.92,0.765
1,1,1,44.71,0.834
1,2,4,32.05,0.832
3,1,1,77.6,49.087
2,2,2,23.22,5.919
3,2,2,18.95,19.201
1,3,1,65.48,3.588
1,1,2,9.82,0.832
1,2,2,31.87,1.359
1,1,3,48.73,0.367
1,1,1,13.16,0.671
1,3,1,11.55,0.906
1,3,3,25.12,0.747
1,1,3,33.65,0.546
3,2,2,17.11,24.416
2,2,4,44.37,7.747
2,1,5,36.7,2.044
1,1,1,18.67,0.711
2,3,1,25.53,7.026
1,2,1,28.22,1.621
1,1,5,26.27,0.399
1,1,1,29.82,0.772
1,3,2,8.4,0.701
2,1,1,0.75,2.566
2,2,1,43.16,7.988
1,1,2,7.7,0.654
2,1,3,12.04,2.124
1,1,4,17.63,0.356
1,1,2,35.61,0.623
2,1,2,25.77,2.206
2,1,4,6.66,2.071
2,2,1,19.52,5.138
1,1,3,12.64,0.472
1,3,1,15.15,0.773
1,3,1,48.62,0.997
1,1,1,26.25,0.763
1,2,2,23.61,1.281
1,1,4,32.56,0.476
1,1,1,56.11,1.274
1,1,2,6.45,0.433
2,3,3,8.79,3.768
1,1,1,11.27,0.764
1,1,1,35.85,1.019
3,2,2,13.92,26.127
2,2,1,51.26,15.154
1,1,2,21.25,0.551
1,2,3,14.31,1.093
1,2,4,3.02,0.811
3,1,2,14.58,19.066
1,1,1,12.12,0.585
1,2,2,44.37,1.01
2,2,1,46.57,8.7
2,1,1,8.62,3.851
1,1,3,8.08,0.453
1,1,1,47.15,1.247
1,3,1,8.88,0.642
1,1,2,14.82,0.763
1,2,2,58.13,1.944
2,1,1,58.82,9.624
2,1,1,47.48,4.843
2,3,1,20.01,5.61
2,3,4,10.63,2.759
1,1,1,24.76,0.607
1,3,5,28.1,0.567
2,1,1,22.57,3.07
1,2,1,45.15,2.081
1,1,2,34.41,0.544
1,2,2,5.96,1.143
2,2,1,23.92,7.433
1,1,3,25.11,0.402
1,3,3,66.24,1.128
1,1,2,18.33,0.622
2,2,2,49.96,3.708
1,3,1,19.35,0.938
1,1,2,26.07,0.91
2,3,1,24.7,7.702
2,2,1,46.45,11.312
1,2,5,54.25,0.798
1,1,4,32.25,0.632
3,1,2,48.52,26.795
1,1,1,23.03,0.517
2,3,1,18.61,5.352
2,1,3,38.59,2.693
2,1,4,50.4,2.707
1,1,1,14.78,0.673
1,3,4,4.81,0.704
1,2,2,32.62,0.989
1,1,1,23.11,0.58
1,2,1,57.65,2.191
1,1,3,18.6,0.675
1,3,2,25.7,0.984
2,2,1,30.77,6.863
1,1,2,11.76,0.602
1,1,3,18.41,0.476
1,2,5,42.27,0.505
2,2,1,14.25,7.072
1,1,3,28.8,0.748
2,3,2,10.73,4.207
1,2,3,13.61,0.741
1,3,5,23.76,0.547
2,1,1,39.15,3.558
1,2,2,26.83,0.814
2,3,1,21.01,5.861
3,1,2,22.82,14.967
1,2,3,22.03,0.956
1,2,4,31.45,0.545
3,1,3,26.06,19.118
2,3,2,28.29,2.755
2,1,1,39.64,4.838
1,1,3,16.18,0.549
1,2,1,2.93,1.193
2,1,2,25.08,3.764
2,3,3,41.5,3.617
1,1,2,31.38,0.522
1,3,2,14.05,0.826
2,2,4,40.81,3.149
1,2,1,24.21,1.291
3,3,1,51.81,35.361
1,3,3,27.96,0.827
1,3,2,3.87,0.587
1,2,2,22.93,1.21
1,2,5,19.88,0.505
1,1,4,50.0,0.508
1,1,1,3.67,0.885
1,2,2,15.69,1.301
1,1,2,38.6,1.046
2,2,3,14.8,3.022
1,2,1,18.92,1.038
1,2,1,25.89,1.06
2,2,3,40.99,5.359
1,3,4,21.65,0.671
1,1,1,43.95,1.131
2,2,1,7.84,6.921
1,2,3,22.06,0.952
1,1,4,56.24,0.843
2,2,2,47.8,5.542
3,1,2,25.86,18.466
2,2,2,26.82,7.196
1,3,3,24.2,0.896
2,1,2,35.29,3.003
1,2,1,17.86,1.769
1,3,2,55.47,1.056
1,2,1,12.94,1.489
2,1,1,21.07,3.338
1,2,2,28.29,0.821
2,1,1,6.72,3.989
3,1,1,19.41,12.292
1,3,1,11.71,0.977
1,1,3,44.85,0.441
3,3,2,34.52,23.515
1,2,1,16.88,1.179
2,1,3,32.42,3.668
1,3,4,61.32,0.544
1,1,1,36.07,0.882
1,3,3,54.16,0.73
1,2,1,71.04,3.465
3,2,5,9.51,14.013
1,1,1,76.41,2.751
1,3,4,15.59,0.607
2,3,2,9.11,5.04
3,2,1,18.51,41.735
1,3,5,74.23,0.673
2,2,3,22.91,3.253
1,2,3,9.36,0.844
2,2,2,38.31,5.655
2,1,2,6.63,2.405
2,1,2,32.23,5.085
2,2,3,4.95,4.801
3,1,1,10.58,15.106
1,3,1,54.87,1.462
2,2,2,35.9,2.052
2,1,4,50.29,3.134
1,2,2,24.09,0.983
3,2,2,54.96,32.375
2,2,3,9.18,6.32
2,3,2,18.09,4.635
1,2,1,42.45,2.906
2,2,1,3.34,6.173
1,2,1,25.94,1.084
3,2,3,38.79,28.346
1,1,2,4.59,0.698
2,1,3,12.1,1.999
1,2,1,9.07,1.114
2,2,2,14.54,5.617
1,1,2,13.5,0.591
2,1,3,6.61,3.63
2,1,5,16.1,1.779
1,2,4,22.94,0.808
2,1,2,34.79,2.783
2,1,2,15.77,3.45
1,1,4,48.22,0.484
1,1,1,12.66,0.901
1,3,2,43.74,0.835
1,1,1,8.69,0.738
1,1,3,54.97,0.856
1,1,2,29.52,0.55
1,2,2,34.83,1.834
3,3,1,27.64,23.548
1,3,2,34.54,0.892
2,1,2,18.69,2.568
2,2,3,16.34,6.791
2,3,4,31.99,4.554
1,1,2,24.28,0.874
1,3,1,42.12,1.984
2,3,3,9.65,3.062
2,3,2,10.87,2.451
2,3,2,22.29,4.532
1,1,2,49.22,1.601
1,2,1,38.87,1.603
1,1,3,63.58,0.76
2,1,4,27.79,2.142
2,2,1,61.41,14.586
1,3,2,13.79,0.839
1,1,2,16.83,0.55
1,2,1,13.43,1.225
1,1,1,11.3,0.673
1,1,1,19.78,0.524
1,1,1,30.9,0.942
1,2,1,18.58,0.977
2,1,2,24.46,2.493
2,1,2,19.47,2.703
1,1,5,8.11,0.348
1,1,1,43.32,0.648
2,2,3,16.59,4.568
1,1,5,23.69,0.624
1,1,3,19.63,0.633
1,1,1,10.95,1.052
3,2,2,33.56,41.848
1,1,2,16.64,0.572
3,1,3,32.69,13.773
1,1,1,22.75,1.074
1,3,1,35.21,1.351
1,2,2,17.1,0.836
2,1,2,2.07,3.412
1,2,2,27.92,1.18
1,3,2,57.63,1.818
3,2,3,29.72,14.307
1,2,1,7.99,1.047
1,1,2,38.57,0.487
2,2,3,32.03,9.757
1,1,1,22.36,1.093
1,1,3,41.41,0.706
2,3,3,46.22,7.053
1,2,2,15.62,0.66
1,1,5,27.26,0.418
1,2,4,45.41,0.958
1,3,4,21.22,0.644
1,2,1,29.91,1.446
1,2,5,45.77,0.683
1,1,4,31.1,0.572
1,2,2,5.25,0.875
1,3,3,31.29,1.145
1,1,3,1.86,0.541
1,2,3,18.17,0.987
3,2,2,17.15,25.812
1,1,2,41.77,0.919
1,1,2,5.61,0.471
2,3,3,7.17,4.42
1,1,3,61.32,1.462
3,1,2,36.1,19.357
2,1,2,22.6,2.987
1,2,4,16.49,1.206
1,1,1,31.0,0.77
1,1,1,36.91,0.49
2,1,1,11.38,2.71
1,3,2,21.94,1.003
2,1,1,59.04,8.141
2,1,5,37.54,2.771
2,2,3,43.8,11.461
1,3,1,29.58,1.24
2,2,1,46.72,6.918
2,1,2,18.44,4.292
1,1,1,25.98,0.399
2,1,1,30.71,4.134
1,1,1,3.34,0.536
3,1,3,30.71,9.66
1,2,1,12.01,1.174
1,3,1,13.95,0.845
2,3,3,12.86,4.053
1,1,2,35.78,0.603
1,1,2,39.8,0.526
1,2,2,36.63,1.136
2,2,5,16.51,3.384
1,2,1,30.51,2.179
2,3,2,17.77,4.24
1,1,2,25.39,0.532
1,1,2,23.35,0.668
1,2,1,49.1,1.562
1,2,1,44.54,1.721
3,1,2,10.76,15.79
2,1,1,10.38,5.003
3,3,2,45.74,22.411
2,2,2,35.69,9.856
2,2,4,20.3,3.595
3,1,2,42.16,26.911
1,3,3,5.93,0.572
3,2,1,19.22,22.484
1,1,4,34.84,0.493
1,1,1,37.27,0.66
1,1,2,18.51,0.591
1,1,4,20.42,0.468
1,1,2,57.1,1.034
1,1,3,8.2,0.585
1,1,2,21.76,0.361
2,2,2,54.5,21.645
1,1,2,23.24,0.751
1,1,4,8.93,0.499
2,3,4,15.27,4.081
2,1,3,4.63,2.62
2,1,2,64.02,6.398
1,2,2,15.34,1.121
1,3,2,60.51,1.352
3,2,4,18.57,12.678
1,1,3,16.95,0.382
2,2,1,12.64,8.565
1,1,4,21.04,0.392
1,2,1,39.85,1.696
2,1,1,21.19,4.282
1,1,2,31.35,0.61
1,2,2,48.67,2.712
2,1,1,28.05,2.818
1,2,2,24.37,0.943
1,1,2,8.73,0.48
1,3,2,0.54,0.538
1,2,1,5.94,1.177
2,1,3,39.1,3.82
1,2,2,19.92,0.932
1,3,1,27.62,0.923
1,1,2,21.24,0.68
2,2,1,4.38,4.821
1,2,2,56.68,2.929
3,2,1,21.97,25.931
1,1,2,9.49,0.685
1,2,1,3.7,1.465
2,1,2,12.15,2.462
1,1,1,7.02,0.608
2,1,3,27.33,2.744
3,1,1,48.79,29.75
2,2,2,31.41,5.804
1,1,3,45.29,1.124
2,1,2,55.87,4.147
1,1,1,26.71,0.847
2,1,3,40.2,3.583
1,2,2,49.22,1.655
1,3,2,41.6,1.664
1,1,2,10.03,0.687
1,2,2,28.21,1.364
2,2,2,16.0,4.425
1,1,1,25.9,1.062
1,1,2,34.24,0.72
2,1,1,24.53,4.276
1,1,4,21.15,0.374
3,1,5,42.39,11.299
1,2,3,38.83,0.955
1,1,3,44.26,0.67
1,2,1,21.18,0.783
1,3,1,2.97,0.932
1,1,1,19.75,0.456
2,3,2,47.81,4.465
1,1,2,53.84,1.211
3,1,1,24.68,12.057
1,2,2,20.31,1.217
2,2,3,12.94,6.052
1,2,1,39.28,1.89
1,2,4,69.13,3.176
1,1,2,45.83,0.985
1,1,3,18.75,0.722
1,1,2,41.82,0.771
1,3,2,43.95,1.225
1,3,3,15.52,0.869
3,1,1,43.56,26.898
1,2,1,9.11,1.478
1,1,4,5.23,0.641
1,2,2,19.01,1.146
1,1,1,73.2,1.366
1,2,2,22.09,1.582
2,1,2,28.51,2.278
2,2,3,7.03,4.702
2,1,4,10.93,1.967
1,2,1,42.21,1.447
1,1,2,43.61,0.899
2,3,1,9.98,4.688
1,2,3,43.77,0.705
1,1,1,26.7,0.557
1,1,1,50.24,1.623
2,1,2,52.47,4.401
1,2,2,43.44,1.537
3,1,1,18.27,11.099
1,2,3,26.73,0.748
3,2,1,32.24,29.087
1,1,3,37.92,0.625
2,1,2,2.38,2.163
1,3,1,20.3,0.876
2,2,4,23.62,4.337
1,2,1,7.63,0.802
2,2,4,31.94,2.561
2,1,3,41.65,4.647
1,3,2,12.76,0.658
1,1,3,31.09,0.545
1,1,3,5.93,0.631
3,2,1,16.73,26.397
3,3,2,61.97,43.962
1,2,2,36.86,1.014
1,2,1,31.08,0.891
1,1,3,28.26,0.895
1,1,1,46.8,1.451
1,3,5,34.7,0.813
2,2,1,26.56,6.596
1,3,1,32.19,1.264
2,3,2,12.36,3.663
3,1,3,43.19,21.211
1,2,2,26.9,0.896
1,2,1,25.31,1.37
1,1,3,36.35,0.449
1,2,3,8.47,0.737
2,3,1,47.9,5.642
1,3,3,26.16,0.675
1,2,1,10.7,1.167
2,1,3,43.69,4.23
1,3,1,55.2,2.321
1,3,2,46.55,1.405
3,2,1,42.15,34.187
1,1,2,44.8,1.173
1,1,3,48.91,0.62
1,1,1,19.84,0.662
1,1,4,16.67,0.658
1,1,2,48.6,0.754
2,1,2,40.93,4.814
1,2,2,40.75,0.94
1,1,5,7.97,0.422
1,3,3,21.64,0.748
1,1,3,53.59,1.141
3,1,1,30.92,23.082
2,1,4,13.65,2.151
2,2,2,22.46,5.007
1,1,4,6.22,0.526
1,1,1,19.67,0.843
2,2,4,17.7,3.889
2,2,1,26.17,6.526
2,1,2,26.88,2.014
1,3,1,23.84,0.843
1,2,3,20.5,0.917
1,2,1,7.91,0.979
1,3,1,4.15,0.49
1,2,1,16.02,1.567
1,1,4,15.78,0.49
1,3,3,28.5,0.866
1,2,2,16.63,0.86
1,1,3,18.82,0.521
1,1,1,46.57,1.718
1,1,2,28.96,0.569
1,1,2,31.27,0.601
3,1,1,31.33,18.421
1,2,2,12.09,0.917
2,1,1,30.94,4.076
1,1,1,8.48,0.619
2,1,2,39.68,5.409
1,1,1,46.52,1.079
2,3,1,39.54,5.804
2,1,2,27.83,4.849
1,3,1,23.46,0.889
2,3,1,16.42,7.233
2,1,4,40.39,1.567
2,1,2,33.49,2.854
1,3,5,25.97,0.497
1,1,5,64.8,0.884
2,1,1,16.56,3.893
2,3,4,27.74,5.356
3,2,2,72.89,65.312
1,1,1,33.05,1.1
2,1,5,17.28,1.351
2,2,5,14.61,3.493
2,1,2,46.32,7.583
2,2,1,14.94,5.956
1,1,1,22.49,0.662
2,3,2,23.65,3.286
2,2,2,38.32,3.873
1,3,2,39.97,0.915
1,3,2,61.94,2.268
2,1,1,5.23,2.895
1,1,3,33.71,0.354
1,3,2,27.13,0.674
2,1,1,46.0,5.037
3,1,3,20.53,10.929
2,2,3,37.91,4.012
1,1,3,17.26,0.702
1,1,1,48.44,1.732
1,1,1,32.23,0.86
1,1,2,13.16,0.443
2,3,1,47.52,11.552
1,2,1,52.08,1.707
1,1,1,32.36,0.773
2,1,2,16.46,2.53
1,2,1,47.61,1.738
1,1,4,47.92,0.687
1,1,3,35.97,0.487
1,1,3,28.18,0.468
1,2,1,47.46,1.372
3,3,4,5.35,12.638
2,2,5,20.46,3.276
2,1,2,18.4,2.43
2,1,2,9.57,3.847
1,1,2,13.6,0.504
2,1,1,44.57,3.515
1,2,1,30.07,1.714
1,3,1,29.13,1.261
1,1,1,3.54,0.498
1,1,1,37.35,0.831
1,2,1,36.32,1.22
1,1,2,13.89,0.62
1,1,2,56.54,0.711
1,1,1,13.86,0.677
1,2,1,28.15,1.662
1,2,2,23.32,1.105
1,2,2,17.81,0.724
1,3,4,36.72,0.824
1,1,4,12.23,0.491
1,1,1,22.56,0.822
2,1,1,44.13,5.855
2,1,1,16.64,4.162
1,2,4,9.04,0.963
1,1,1,16.42,0.541
2,2,3,25.82,4.627
1,1,1,30.41,0.451
1,1,2,47.64,0.876
1,1,2,31.94,0.699
2,1,3,24.58,2.847
1,1,2,38.99,0.83
3,2,2,58.59,34.861
2,2,2,7.55,4.308
1,2,2,33.52,0.98
1,1,3,17.13,0.542
1,3,1,58.28,1.621
1,2,2,40.32,0.868
1,2,2,27.32,0.96
1,3,5,35.93,0.688
2,2,3,58.71,10.089
2,3,3,24.44,3.551
3,1,1,68.35,37.619
1,3,3,25.28,1.028
2,3,1,27.01,5.397
2,1,1,9.01,2.553
2,1,2,27.31,2.046
2,3,3,60.8,5.587
1,1,3,18.4,0.477
2,2,1,11.15,5.167
1,1,1,56.98,0.784
2,1,3,61.69,4.438
1,2,3,16.05,0.467
1,1,3,24.78,0.463
1,2,1,23.39,0.68
1,2,4,6.52,1.036
1,3,4,25.02,0.342
2,1,1,55.44,7.158
1,2,2,50.45,1.634
1,1,4,10.0,0.363
1,3,3,26.23,0.604
1,3,2,29.35,1.499
1,1,1,30.89,0.575
2,3,1,17.58,2.866
3,2,1,9.28,20.196
1,1,1,38.62,0.744
1,1,3,8.58,0.551
2,1,1,21.15,3.834
1,2,1,6.79,0.891
2,1,1,39.33,3.811
1,1,1,38.21,0.683
2,3,3,10.48,2.996
1,2,3,36.62,1.519
3,3,2,13.6,32.944
3,1,1,14.09,13.29
1,1,1,35.25,0.71
1,3,5,8.8,0.366
1,2,2,18.35,1.059
1,1,1,43.56,1.174
3,1,2,21.37,17.953
1,1,1,51.64,0.633
1,2,2,41.02,1.232
1,1,5,22.48,0.311
1,1,1,21.99,0.623
2,3,2,35.48,7.0
2,1,1,23.04,3.504
2,2,1,14.32,5.936
1,1,2,46.3,1.172
2,1,5,21.83,1.437
1,1,2,31.7,0.533
1,1,1,24.69,0.66
1,2,3,37.94,1.087
3,1,3,48.09,18.498
2,1,3,28.4,2.513
2,1,5,28.72,2.262
1,3,4,17.46,0.631
1,2,2,5.54,1.089
1,1,2,17.14,0.669
2,3,1,54.56,5.316
2,1,2,34.04,3.85
2,1,1,45.8,3.025
1,2,3,8.14,0.987
1,1,2,57.05,1.835
1,1,2,24.72,0.508
2,1,2,54.25,5.694
3,2,1,47.34,46.513
1,2,2,30.69,1.916
2,1,1,22.59,3.905
2,1,3,6.84,5.27
1,1,1,18.09,0.606
1,1,2,54.22,0.631
1,1,1,19.89,0.503
3,2,2,5.88,21.081
1,1,1,24.91,0.655
1,1,4,2.52,0.392
1,3,2,24.68,0.768
2,1,2,38.12,6.724
1,2,3,27.38,1.207
3,1,2,43.85,13.319
1,2,1,63.82,2.19
3,2,2,10.63,42.543
1,2,3,76.45,1.532
1,1,4,43.87,0.552
2,1,1,23.77,4.366
1,1,1,26.24,0.706
1,2,3,57.83,1.152
2,3,1,21.01,7.081
1,1,1,18.11,0.68
1,1,2,48.27,0.831
2,1,1,47.17,6.071
2,1,4,31.22,1.821
1,2,1,36.05,1.084
1,1,2,43.98,0.885
1,2,1,21.85,0.684
1,1,3,37.09,0.461
1,2,5,32.59,0.73
1,2,3,44.41,1.002
2,3,1,12.79,4.833
1,2,1,40.77,1.779
1,2,1,39.46,2.034
2,2,2,23.32,7.367
2,1,2,18.88,2.419
2,1,2,21.78,2.947
1,3,4,9.51,0.518
2,3,1,64.65,10.246
3,3,3,16.51,14.771
1,2,2,19.17,0.94
1,1,2,25.63,0.706
1,3,1,43.96,0.717
2,2,2,29.8,4.067
1,1,1,62.58,1.324
1,1,3,22.19,0.396
1,2,2,16.24,1.475
3,2,2,23.34,25.156
1,1,3,14.77,0.665
1,3,1,4.97,0.688
3,1,2,16.03,15.18
1,1,1,38.45,0.536
1,1,2,46.71,0.648
1,1,5,45.92,0.57
1,1,4,37.83,0.577
1,2,2,26.41,1.468
1,1,2,29.41,0.855
1,2,1,11.17,1.651
2,2,3,32.87,6.79
1,3,1,54.32,2.031
1,3,5,48.2,0.392
2,3,2,11.66,3.852
3,3,1,51.23,30.61
1,1,2,10.86,0.373
1,2,4,15.51,0.789
1,3,3,35.51,0.54
2,3,1,30.1,5.348
2,3,2,27.48,3.749
1,1,2,47.46,0.789
1,1,2,7.75,0.572
1,1,1,32.93,0.847
2,1,1,36.18,2.18
1,2,4,31.86,0.834
1,3,1,14.59,0.656
1,2,1,45.99,1.474
2,2,1,16.96,6.001
3,3,3,57.63,50.288
1,2,1,15.01,1.211
3,1,1,14.58,24.621
1,2,5,29.39,0.725
2,1,4,30.57,2.407
2,1,1,46.59,3.158
1,1,2,27.64,0.525
1,3,2,17.94,0.673
1,1,2,27.12,0.6
2,3,1,11.56,4.751
1,1,3,48.14,1.169
1,1,1,10.59,0.78
1,3,3,0.44,0.519
1,1,1,7.64,0.504
1,2,1,49.03,1.749
2,3,1,37.15,2.757
1,1,1,12.2,0.85
1,1,1,20.83,0.397
1,2,2,7.95,0.823
3,1,1,55.65,36.144
1,1,3,18.7,0.667
1,2,5,28.75,1.008
1,3,2,27.74,0.634
1,1,1,23.09,0.78
1,1,2,49.54,0.796
1,2,1,38.28,1.077
1,2,1,12.07,0.839
2,2,2,58.32,9.189
1,3,2,11.77,0.752
1,1,1,15.29,0.92
2,2,1,50.73,10.993
1,1,2,29.04,0.631
1,1,1,14.35,0.614
3,2,3,62.81,65.101
1,1,1,45.79,0.644
2,1,2,17.59,2.526
1,1,4,61.88,0.387
3,1,3,50.21,20.4
1,1,3,44.42,0.937
1,1,1,74.05,1.826
2,1,1,4.14,2.787
1,2,3,13.25,0.866
1,1,3,12.97,0.508
1,1,1,7.33,0.485
1,2,1,32.99,1.252
2,3,3,17.09,4.688
1,2,1,19.36,1.226
1,1,2,19.37,0.682
1,2,2,35.65,1.444
1,1,4,28.31,0.403
2,1,3,26.23,4.649
1,3,2,7.74,1.087
1,1,1,16.28,0.857
1,3,4,10.45,0.641
1,1,2,41.83,1.086
1,2,1,32.02,0.988
2,1,2,7.28,2.841
1,2,3,23.53,1.032
1,2,4,32.56,0.83
3,1,1,17.69,21.987
1,1,1,35.37,0.477
2,2,3,19.38,7.586
1,2,4,13.74,0.883
1,2,5,17.48,0.682
1,3,2,42.98,1.091
1,1,1,72.33,1.888
2,3,1,3.48,5.188
1,1,1,34.46,0.578
1,3,4,27.58,0.34
2,1,5,19.05,1.66
1,2,3,16.39,1.217
1,3,3,32.17,0.747
1,3,2,15.44,0.834
1,1,4,40.29,0.786
3,2,1,17.56,42.522
1,1,2,37.66,1.215
2,1,1,13.89,2.93
1,2,3,31.35,1.662
1,1,4,33.48,0.764
1,2,1,21.64,1.124
1,2,1,25.02,0.885
1,3,3,39.79,0.701
1,1,1,29.54,0.54
1,1,1,46.05,1.088
1,1,1,22.19,0.86
1,2,1,35.0,0.919
1,3,5,24.86,0.634
2,1,2,26.71,3.574
1,1,2,35.93,0.787
1,2,5,8.74,0.567
2,1,2,29.97,3.443
1,1,1,3.12,0.707
1,1,4,43.22,0.529
2,2,2,33.56,6.377
1,1,2,40.22,0.56
1,2,3,18.95,0.776
1,2,1,55.68,3.197
1,1,5,4.38,0.377
1,2,3,21.32,0.973
1,1,1,50.36,0.832
1,3,2,27.75,0.846
1,3,1,14.99,0.788
1,2,1,17.05,1.224
1,1,2,34.15,0.54
1,3,1,24.03,0.774
1,1,1,13.77,0.681
1,2,3,29.06,1.419
1,3,2,52.74,1.382
2,2,3,6.33,3.71
3,1,3,11.89,12.719
1,1,3,17.28,0.54
1,2,2,41.42,1.78
2,1,2,44.73,3.276
2,1,2,24.08,3.72
3,1,1,24.67,15.245
2,2,1,23.37,4.879
2,3,1,25.46,3.517
1,1,1,28.45,1.014
1,2,1,22.12,1.034
1,2,2,44.45,1.041
1,2,2,8.31,0.932
2,2,1,53.73,10.154
3,2,1,18.22,28.164
1,3,4,13.16,0.619
1,1,2,10.17,1.005
2,1,2,24.3,3.508
2,3,2,9.59,4.354
2,1,3,18.12,3.009
2,3,1,36.47,3.952
3,1,2,11.06,17.106
1,1,1,44.15,1.043
1,1,2,33.63,0.652
1,1,5,26.5,0.468
1,3,1,85.0,2.775
2,2,5,35.66,1.964
1,1,3,13.42,0.447
2,2,4,62.05,6.521
1,2,2,23.19,1.013
2,2,2,32.48,6.813
1,1,3,5.5,0.497
1,3,2,27.41,1.135
1,1,3,12.53,0.635
1,3,2,57.98,1.454
1,2,3,1.13,1.013
2,3,2,41.6,4.446
1,3,1,23.09,1.113
3,1,4,14.57,10.5
3,1,5,37.71,7.64
1,2,1,20.1,1.123
1,1,1,11.86,0.862
1,2,1,51.93,1.659
1,1,1,27.73,0.608
1,3,1,16.23,0.657
2,1,1,40.99,3.867
3,1,3,25.79,10.289
1,1,1,49.59,1.213
2,1,3,4.23,2.656
2,3,2,19.18,4.827
1,1,2,43.24,1.057
2,2,1,16.06,4.537
3,1,2,36.98,16.693
3,3,3,23.0,14.977
2,3,2,50.88,3.576
1,3,2,4.59,0.537
1,1,1,46.65,0.729
3,1,1,35.75,21.65
1,1,1,25.65,0.828
1,3,1,14.65,0.901
1,3,2,29.52,0.829
1,1,3,2.13,0.483
1,1,4,19.38,0.446
2,2,2,27.77,4.055
1,2,2,25.97,1.154
1,1,1,32.88,0.568
1,2,2,34.68,1.34
1,2,2,17.15,1.383
2,1,2,8.96,4.071
3,1,2,11.13,15.054
2,1,5,23.88,1.576
1,1,2,6.47,0.604
2,2,2,35.75,7.099
1,2,2,46.53,0.976
2,1,2,42.6,3.635
2,1,3,12.33,2.954
1,3,1,37.69,1.438
1,3,4,69.63,0.746
2,2,1,41.29,6.558
1,1,4,2.76,0.466
2,2,1,48.19,8.916
1,1,1,50.52,1.903
1,3,2,52.47,1.165
2,2,4,26.89,4.328
1,1,3,9.83,0.387
1,1,1,32.1,0.713
1,2,1,37.55,0.968
1,1,1,22.72,0.876
1,1,5,79.28,1.499
2,1,1,65.21,4.503
1,3,4,23.75,0.658
2,2,1,31.66,6.288
1,1,1,27.07,0.787
1,2,3,24.07,0.844
1,1,2,51.68,0.745
3,1,2,59.63,16.639
1,1,2,18.9,0.485
1,1,1,22.43,0.57
1,1,2,9.15,0.458
1,3,1,12.9,0.666
2,1,1,47.53,5.982
1,2,3,39.08,0.817
1,3,2,31.99,1.237
1,1,1,51.68,1.487
2,1,2,33.4,4.139
2,2,1,47.87,5.97
1,2,2,49.26,1.146
2,3,2,38.79,5.049
1,1,1,46.9,0.773
1,3,2,37.42,1.374
2,1,1,24.52,3.161
1,1,1,28.56,0.433
3,3,2,37.94,40.285
1,1,1,55.22,1.444
2,2,4,17.96,5.222
1,1,1,31.13,1.008
2,2,1,29.93,9.624
1,1,4,15.93,0.355
2,2,1,22.75,4.335
1,2,1,42.4,1.949
1,2,3,23.93,0.949
2,1,1,14.23,4.805
1,1,1,72.51,1.927
2,1,3,46.82,4.27
1,2,4,40.52,1.244
3,3,1,62.71,94.908
2,1,2,44.74,3.622
1,3,4,36.53,0.525
2,3,2,19.0,5.214
1,1,4,34.3,0.795
2,2,1,30.76,6.842
2,1,1,8.86,2.479
2,1,2,20.73,1.917
2,3,1,32.54,5.632
2,1,1,49.79,4.418
1,3,1,51.1,1.906
3,2,4,42.47,23.186
1,2,2,12.17,1.027
1,1,5,28.89,0.545
2,1,1,44.97,3.419
1,1,2,65.26,1.739
1,2,1,50.54,1.395
2,1,1,33.8,3.331
1,2,3,18.83,0.805
1,1,3,10.84,0.576
1,2,3,24.59,1.276
1,2,4,19.21,0.711
1,3,2,1.47,1.114
1,1,4,61.15,0.472
2,1,1,25.82,3.378
1,3,2,20.3,1.088
2,3,2,46.97,6.861
3,2,2,14.29,22.73
1,1,2,8.45,0.468
3,2,2,17.09,18.543
1,3,5,43.71,0.404
2,1,3,2.79,2.865
3,1,2,24.86,8.715
2,3,1,32.35,2.94
1,1,1,10.92,0.66
1,2,2,43.07,1.185
1,3,1,15.08,0.941
3,1,4,19.41,6.035
1,3,2,22.94,1.413
1,3,3,26.61,0.881
1,2,2,26.64,1.84
1,2,2,11.89,1.051
1,1,1,10.82,0.668
1,2,5,22.21,0.583
1,1,1,12.04,0.648
1,1,2,54.21,1.004
1,2,5,20.77,0.466
1,3,1,44.25,1.339
1,1,1,28.4,1.024
2,1,1,24.51,3.635
1,1,2,40.18,1.462
1,3,2,38.73,0.875
1,1,2,21.21,0.726
1,1,5,24.38,0.537
2,3,5,25.38,3.278
2,1,1,40.67,6.886
1,2,2,33.67,2.219
1,2,2,11.3,1.299
1,3,1,22.57,0.998
2,1,1,57.82,5.062
1,2,1,4.55,1.532
3,1,2,11.44,10.739
1,2,3,59.76,1.07
3,1,3,27.75,14.493
1,1,1,20.83,0.795
1,3,1,12.02,0.662
1,2,3,16.65,0.927
1,2,1,49.77,1.33
3,1,3,35.34,11.926
1,2,2,36.66,1.096
1,1,1,6.66,0.434
3,2,2,14.18,42.673
1,2,3,26.86,0.713
1,3,3,10.17,0.545
1,1,2,11.79,0.689
1,3,1,23.74,0.939
3,1,4,17.12,6.682
1,2,1,18.9,1.501
2,1,1,34.74,2.539
1,3,2,39.47,1.298
1,1,1,54.96,1.394
2,1,3,9.49,3.097
2,3,2,48.26,5.786
1,1,1,33.14,0.723
1,3,2,27.53,0.561
1,3,1,6.85,0.986
2,2,1,19.47,5.054
1,1,3,62.52,1.369
1,1,1,32.88,0.58
1,1,2,46.28,0.708
2,3,2,40.77,4.249
1,1,3,6.91,0.616
2,1,1,8.66,2.993
2,1,1,32.32,2.731
1,2,5,14.96,0.579
1,2,2,5.63,1.131
1,2,1,44.22,1.3
1,3,3,64.85,1.076
3,1,1,52.72,64.607
1,1,2,31.64,0.773
1,2,2,15.22,0.861
1,1,3,16.38,0.623
2,1,4,32.82,2.597
1,2,1,30.14,1.338
2,1,1,35.53,6.119
1,3,3,53.59,1.112
1,2,2,38.02,1.524
1,1,1,46.81,0.998
2,1,1,16.41,3.394
2,1,1,20.92,2.532
1,1,1,27.38,0.465
1,2,2,57.2,2.194
3,2,1,40.56,35.183
2,1,1,24.31,3.133
1,1,4,31.01,0.667
2,1,1,5.99,2.909
3,1,1,23.68,11.553
1,1,3,17.94,0.421
1,1,3,20.64,0.322
1,3,5,4.77,0.654
1,1,1,20.71,0.622
2,1,3,13.41,2.918
1,1,2,12.14,0.724
1,1,1,33.49,0.74
1,1,1,26.51,0.944
2,3,1,31.87,9.189
1,3,1,41.37,1.646
1,1,2,50.46,0.656
1,1,1,13.13,0.619
2,3,1,15.45,3.417
1,1,1,76.31,2.209
1,1,2,32.12,0.752
2,1,4,28.27,2.329
1,2,2,60.58,2.192
2,1,1,17.05,2.726
1,2,3,44.51,1.917
2,3,2,14.05,3.219
1,1,2,19.49,0.874
1,3,4,26.81,0.67
1,2,1,51.27,1.891
3,1,1,31.64,22.978
2,3,3,35.3,3.624
1,3,3,36.52,1.043
1,1,2,16.13,0.715
1,3,1,26.52,0.588
1,3,2,56.35,1.637
1,1,3,24.53,0.439
2,1,3,8.01,3.008
1,1,4,26.65,0.587
2,1,4,41.63,2.079
1,1,3,30.02,0.444
2,1,3,16.03,2.145
1,3,2,26.63,1.053
1,1,5,24.41,0.5
2,2,1,10.04,5.506
1,3,1,38.7,0.94
2,2,3,34.06,4.542
2,3,1,23.0,2.977
3,1,1,33.06,25.426
2,1,2,46.63,6.369
1,2,1,39.1,1.722
1,2,2,13.77,1.539
2,2,1,15.72,6.606
1,1,2,18.81,0.569
1,1,1,4.41,0.477
1,1,1,53.18,1.048
2,3,3,44.96,3.057
1,3,1,43.04,0.831
1,1,2,12.45,0.587
3,2,2,27.39,12.894
2,1,2,50.5,6.231
1,2,2,61.07,2.679
1,1,1,62.89,0.929
2,1,2,35.66,4.286
1,1,1,34.92,1.082
2,3,3,8.49,3.506
2,1,2,16.9,3.381
1,3,2,23.63,0.772
1,1,4,31.43,0.362
1,1,1,37.12,0.848
1,1,1,14.18,0.672
1,1,5,37.87,0.66
1,2,1,38.9,1.558
3,1,2,28.45,14.851
2,1,4,33.13,2.359
1,3,5,42.61,0.644
1,3,1,44.38,1.127
1,1,3,35.1,0.675
1,2,2,33.45,1.231
1,1,2,35.48,0.704
1,1,2,45.2,0.662
1,3,4,24.67,0.657
1,3,4,15.43,0.671
1,3,3,7.59,0.716
2,2,2,10.72,5.679
3,3,1,34.53,25.106
2,1,1,52.96,3.374
3,1,2,25.38,13.829
1,2,1,20.26,1.434
1,2,1,27.95,1.574
2,1,1,25.29,2.847
1,2,1,16.07,2.153
1,1,2,35.34,0.713
3,2,1,8.52,25.454
2,1,3,46.01,3.313
3,2,3,13.57,20.423
1,3,4,34.48,0.401
2,3,1,47.63,3.867
1,3,1,12.58,0.844
1,1,1,67.62,1.001
2,1,2,31.47,2.358
1,2,3,49.1,0.868
2,2,4,8.04,3.493
2,2,4,31.77,4.207
2,1,1,8.9,2.803
1,1,1,61.17,1.469
1,2,3,57.91,1.615
3,1,2,39.18,9.902
1,1,1,57.99,0.837
1,3,5,13.4,0.481
1,3,1,9.08,1.123
1,1,3,35.59,0.568
3,3,2,17.57,19.916
1,3,2,15.24,0.653
2,1,1,10.26,2.894
1,1,5,23.64,0.409
1,1,2,3.02,0.708
1,2,2,21.19,1.084
2,1,3,4.97,3.053
1,3,1,34.91,0.74
1,1,1,20.17,0.736
1,1,1,6.51,0.677
1,2,2,38.06,1.408
1,2,2,18.94,1.081
1,1,1,24.94,0.487
1,3,1,2.9,0.828
2,1,1,41.16,2.877
1,1,5,22.13,0.397
2,3,4,12.02,1.999
2,3,2,23.22,7.731
2,1,1,40.46,4.711
2,1,3,35.14,1.905
1,1,2,34.59,0.778
1,1,2,65.36,1.074
1,1,2,73.93,1.457
1,2,2,28.81,1.863
2,3,1,22.65,3.736
1,1,2,17.07,0.355
1,3,1,24.14,0.953
1,1,5,50.1,1.094
2,1,2,14.57,2.6
1,1,2,24.71,0.592
1,1,5,45.05,0.327
1,1,2,14.57,0.495
3,2,2,12.28,39.702
2,1,2,37.18,4.643
1,2,2,24.73,1.251
2,1,2,38.09,2.443
1,2,1,4.14,1.057
1,2,2,23.27,1.412
1,3,2,27.96,0.752
1,2,1,6.97,1.439
2,2,1,17.11,3.783
1,3,1,40.49,0.804
2,3,1,22.07,4.339
1,3,1,18.39,0.889
1,1,5,65.85,0.41
1,2,3,32.6,1.155
2,2,1,54.52,8.46
1,3,3,57.2,1.395
1,2,2,42.46,1.481
1,1,2,32.61,0.623
1,1,4,28.11,0.441
1,1,1,63.19,2.065
2,2,2,60.57,12.887
1,1,2,6.78,0.69
1,3,3,17.24,0.652
2,3,2,32.4,3.466
2,2,2,35.27,8.549
2,1,2,2.02,3.114
1,2,2,66.64,2.308
3,3,2,34.29,29.92
1,2,1,20.64,1.36
1,2,2,11.77,1.124
1,1,2,31.75,0.549
1,1,3,17.06,0.495
1,2,2,17.53,0.988
3,3,4,9.24,13.316
1,2,1,30.51,1.081
1,1,1,66.03,1.796
1,2,2,79.28,3.115
1,1,1,18.57,0.581
2,1,2,9.66,1.863
3,1,2,40.39,16.513
2,2,1,25.08,6.182
3,3,2,57.51,54.393
1,1,2,47.22,0.67
1,1,1,41.69,0.901
1,2,1,34.73,0.827
2,3,2,48.7,7.17
1,1,4,10.56,0.402
1,1,4,31.89,0.832
1,1,1,31.32,0.493
1,2,2,16.95,1.291
2,1,1,14.08,3.677
2,1,1,38.08,4.566
1,1,2,27.68,0.575
1,1,1,4.97,0.587
1,2,3,32.95,0.67
1,1,2,53.87,0.82
1,2,3,4.74,0.846
1,1,1,73.55,1.809
1,2,3,18.72,0.802
2,1,5,13.35,2.56
2,2,2,51.88,5.234
1,2,3,6.56,0.804
2,1,3,20.83,2.634
2,3,2,28.84,5.271
1,1,3,34.42,0.411
1,1,2,16.47,0.737
1,1,3,43.94,0.721
1,1,1,32.27,0.813
1,3,2,7.16,0.72
1,1,2,15.88,0.608
3,1,2,14.61,10.611
2,2,1,22.71,8.561
1,2,2,14.83,0.93
2,3,5,10.81,4.132
3,2,1,22.75,24.061
1,1,5,54.9,0.533
1,1,3,26.3,0.514
2,3,1,15.86,3.668
3,2,2,59.38,46.875
2,1,1,63.0,9.673
1,2,1,24.84,0.903
2,1,3,10.93,3.012
1,1,3,21.09,0.45
1,1,2,11.47,0.599
1,3,3,20.39,0.812
2,1,2,42.24,5.079
1,1,2,22.69,0.616
1,3,1,10.7,0.768
2,1,2,22.39,3.511
1,2,5,13.63,0.662
2,3,1,30.29,3.557
1,1,4,27.95,0.398
1,2,1,31.95,1.598
1,1,1,4.77,0.638
3,3,2,59.09,42.328
3,1,4,18.3,8.937
1,1,1,30.63,0.583
2,2,2,42.49,5.642
2,3,1,18.02,4.714
1,1,1,24.39,1.189
1,1,2,30.08,0.515
2,2,5,44.36,5.131
1,1,1,11.99,0.621
3,1,1,26.49,15.072
1,1,3,57.59,0.931
3,1,1,23.9,15.875
3,1,1,34.92,14.713
1,2,2,50.56,1.071
1,1,1,42.13,1.104
2,2,2,22.11,5.813
2,1,1,7.97,3.403
1,2,1,22.15,1.917
1,1,1,28.0,0.621
2,1,3,39.39,2.749
1,2,1,50.92,1.445
2,1,4,47.44,6.091
1,1,1,38.07,0.899
3,1,1,31.31,12.528
1,3,4,15.24,0.454
3,2,2,10.74,26.759
1,2,1,29.81,1.597
3,1,1,22.93,10.977
1,1,2,27.9,0.483
2,1,4,12.36,2.006
2,2,1,69.49,18.086
2,1,4,15.6,3.275
1,1,2,8.05,0.563
1,1,2,38.24,0.716
1,2,2,25.8,0.994
1,1,2,37.93,0.676
2,1,2,7.18,3.828
3,2,2,59.3,34.662
2,1,2,75.06,2.977
1,3,1,30.04,1.003
1,1,4,7.1,0.448
1,2,3,21.48,0.633
1,2,1,43.75,1.629
2,3,1,48.58,7.005
1,3,1,8.44,0.908
1,1,1,16.3,0.483
2,2,2,16.85,7.005
1,1,5,10.33,0.354
1,3,1,39.02,0.919
1,2,1,50.42,2.335
1,1,2,47.57,0.637
1,1,4,35.28,0.485
1,3,4,19.13,0.364
2,2,2,18.96,5.939
1,2,1,11.07,1.01
1,3,2,50.05,1.242
2,1,3,34.85,1.392
1,1,1,54.87,0.824
1,3,3,25.08,0.543
1,2,1,6.51,1.106
1,2,2,32.88,1.478
1,1,5,38.15,0.684
3,1,4,30.22,15.413
1,1,1,37.02,0.916
1,1,3,15.59,0.525
1,1,1,44.22,0.786
1,3,4,57.24,1.253
2,3,2,8.25,3.65
2,2,4,9.33,4.599
3,1,1,36.94,30.752
1,2,3,39.24,0.696
1,1,1,9.92,0.559
2,1,2,15.62,2.583
1,1,3,37.62,0.394
1,2,2,64.32,1.444
1,1,4,7.7,0.504
1,2,4,36.3,1.347
2,2,1,13.32,5.483
2,1,4,39.92,3.135
2,1,2,1.67,2.6
1,3,3,15.24,1.125
2,2,4,16.91,3.015
2,1,2,58.61,3.572
2,2,1,23.84,5.947
1,1,1,23.08,0.718
3,2,1,2.49,30.469
1,2,1,12.38,1.378
2,1,3,4.29,2.409
2,2,3,32.14,6.079
2,2,1,28.76,6.028
3,2,5,44.3,30.674
1,1,1,21.47,0.681
2,1,2,27.51,2.852
1,1,2,1.58,0.726
2,2,3,22.18,3.883
1,1,1,42.01,0.766
1,2,2,9.26,1.006
3,3,1,43.46,42.433
2,3,2,15.12,3.7
1,3,2,16.74,0.629
1,3,1,25.98,1.047
1,2,1,61.01,1.196
1,1,2,9.12,0.615
1,1,3,26.49,0.56
3,1,2,4.21,12.16
1,1,2,36.08,0.622
1,2,3,8.92,0.809
2,2,4,47.34,3.549
1,3,2,6.64,0.678
1,1,2,5.87,0.581
1,3,5,40.38,0.62
1,3,1,21.46,0.659
1,2,3,27.75,0.775
2,1,4,17.73,1.724
1,2,1,18.22,1.264
2,2,1,18.56,7.234
3,2,2,15.54,25.678
2,2,3,56.83,5.979
3,3,2,18.3,21.279
3,1,1,33.97,18.382
2,1,2,46.75,2.656
1,2,1,17.01,1.056
1,3,1,9.34,0.748
2,1,1,40.33,4.147
2,1,4,50.7,4.577
2,2,3,76.12,20.687
2,2,1,32.37,11.899
2,2,2,71.43,6.614
2,1,1,15.92,4.593
2,1,2,64.65,4.165
1,1,1,13.55,0.776
1,1,1,18.05,0.672
1,2,3,26.16,0.768
1,1,1,15.28,0.556
1,2,3,25.86,0.621
1,2,1,26.45,1.045
3,3,3,63.82,32.645
1,3,1,37.18,0.907
2,1,2,14.26,3.55
1,1,4,28.13,0.559
2,1,1,29.77,1.987
1,2,1,35.73,1.511
1,1,2,27.37,0.639
2,3,1,18.4,2.853
1,2,1,29.45,0.907
1,3,1,21.72,0.85
2,2,3,19.93,3.704
2,3,3,41.93,3.548
1,3,1,19.4,0.861
3,1,5,42.07,11.984
1,2,1,16.95,2.121
1,3,1,24.33,0.878
1,3,3,42.34,0.396
1,3,2,9.21,0.69
1,2,1,22.0,0.948
2,2,1,75.65,21.44
1,2,3,34.63,0.985
3,1,1,48.82,21.809
1,1,4,10.97,0.508
2,1,1,23.81,2.92
1,1,1,28.65,1.11
1,1,2,42.11,0.503
1,1,2,23.94,0.786
2,1,2,9.27,2.58
2,3,2,4.68,3.359
1,3,2,33.97,1.179
1,2,1,37.47,1.496
1,2,1,65.45,1.892
1,3,3,25.82,0.621
2,1,2,42.91,4.46
1,2,1,26.21,1.465
2,2,1,60.78,14.04
3,2,2,13.59,19.851
1,3,2,4.6,0.82
3,1,5,41.26,9.01
2,3,1,19.39,5.803
1,1,1,33.01,0.598
2,2,3,6.66,5.756
1,1,5,19.12,0.472
2,1,4,17.5,1.689
2,2,3,55.75,12.209
2,2,4,24.87,4.781
2,1,2,22.09,2.965
2,3,1,46.93,4.212
1,2,1,31.49,1.21
3,1,2,46.08,17.869
2,1,1,8.07,4.033
2,3,2,54.41,3.602
2,3,3,17.02,3.398
1,2,1,36.65,2.072
1,2,2,9.99,1.269
2,2,4,51.59,2.522
3,2,2,11.98,38.088
2,3,2,28.48,2.379
1,1,3,28.11,0.648
1,2,1,27.75,0.991
1,2,3,7.64,0.999
1,1,3,19.53,0.554
2,1,1,20.15,2.66
1,1,3,19.25,0.568
1,3,1,5.03,0.952
1,1,3,4.13,0.638
3,1,1,18.71,11.714
2,2,2,71.46,11.001
1,1,1,7.13,0.446
1,2,2,26.84,1.254
1,2,4,21.5,1.177
1,2,2,23.36,1.45
2,1,2,48.94,4.058
1,2,2,25.71,0.819
1,1,2,18.95,0.584
1,2,3,15.61,1.334
1,2,3,15.95,0.88
1,3,1,55.53,0.952
2,2,4,36.94,2.51
1,2,2,26.55,1.158
1,2,3,49.98,2.279
2,1,3,10.7,2.593
3,1,1,12.86,18.908
1,2,4,47.51,1.324
1,2,3,34.11,1.261
3,1,1,41.33,14.599
1,2,1,26.95,1.326
3,1,1,28.24,22.4
2,1,4,69.59,2.638
1,1,2,27.54,0.678
1,1,1,26.72,0.729
3,1,4,8.07,12.581
1,2,2,34.17,2.534
1,1,1,54.17,1.122
1,3,2,16.54,1.07
2,2,4,8.93,3.974
2,1,1,39.32,3.77
2,3,3,35.52,5.108
1,1,2,33.81,0.673
1,2,1,20.66,1.791
2,1,2,25.45,4.406
1,3,3,46.1,0.803
2,1,4,22.78,3.381
2,1,2,21.09,2.861
1,1,3,40.26,0.607
3,1,2,3.79,16.205
1,1,1,14.35,0.517
1,2,2,16.86,1.167
1,2,2,36.58,2.197
1,1,1,38.71,0.719
1,1,1,30.09,0.906
1,1,1,83.64,1.628
2,1,3,30.98,4.153
2,2,3,3.53,4.994
1,1,2,47.54,0.673
2,3,4,22.74,3.164
2,2,3,25.32,4.185
1,2,2,18.94,1.068
3,3,3,15.25,16.92
1,2,2,13.19,1.081
1,2,2,15.6,0.845
1,2,2,69.6,2.501
1,2,1,17.36,1.482
1,3,1,3.87,1.047
1,2,2,16.85,0.874
1,3,2,33.88,0.47
3,1,1,25.4,22.031
2,1,1,44.69,5.608
2,3,2,12.81,2.037
2,1,4,55.32,4.89
2,3,1,54.43,6.561
1,3,1,62.44,1.191
1,1,2,2.2,0.691
1,3,2,48.33,0.927
1,3,3,11.6,0.678
1,1,1,36.75,1.353
1,3,2,49.67,0.983
1,2,4,20.61,0.775
1,1,5,5.76,0.237
2,1,1,32.17,4.297
1,3,1,59.37,1.581
1,2,3,30.87,0.747
1,2,1,48.19,0.763
1,2,2,12.36,1.122
2,2,2,21.3,6.116
1,1,2,28.63,0.334
1,3,1,62.72,2.003
3,2,1,3.66,22.363
1,3,5,45.11,0.81
2,2,4,33.24,6.155
2,1,3,55.21,2.546
1,1,1,16.79,0.99
1,2,4,16.92,0.739
1,2,1,6.2,0.661
1,3,1,32.12,1.158
1,3,4,74.44,1.875
2,1,1,31.24,3.038
1,3,1,33.23,0.913
1,3,2,39.74,0.782
1,1,3,26.27,0.465
1,1,2,13.94,0.973
2,2,3,25.31,5.952
1,1,2,34.63,0.837
2,1,1,36.67,5.354
2,2,1,20.61,7.786
1,3,2,43.35,0.974
2,3,1,57.84,8.649
1,1,2,22.18,0.519
1,2,5,52.52,0.481
1,1,1,2.58,0.534
1,3,2,43.75,0.819
2,2,1,46.96,15.253
1,1,1,32.93,0.924
1,3,5,62.03,0.431
2,1,3,44.56,3.696
1,1,1,8.18,0.841
2,1,1,15.05,3.941
1,1,1,8.35,0.931
3,1,2,55.27,27.613
1,3,4,4.25,0.555
2,2,1,35.61,5.342
1,2,2,59.54,0.622
3,1,1,60.71,19.441
3,1,4,28.85,23.204
2,1,5,24.99,2.767
1,2,2,12.62,1.248
1,2,1,39.6,1.938
2,1,3,11.21,2.94
2,1,3,13.24,2.54
2,1,1,34.07,3.334
2,2,4,19.89,4.429
1,1,4,28.83,0.408
1,2,1,44.39,1.602
1,3,1,16.38,0.991
2,1,4,21.28,1.632
1,1,1,40.21,0.974
1,1,2,5.85,0.47
2,2,2,55.5,6.744
1,1,1,44.51,1.019
1,1,2,34.12,1.116
1,2,1,30.62,1.332
1,2,5,31.57,0.519
1,2,1,42.57,1.466
2,1,2,51.85,6.178
2,3,4,11.15,2.473
2,1,2,29.05,2.283
3,3,4,44.93,15.426
1,1,3,20.71,0.45
1,1,1,34.47,0.748
1,1,1,10.92,0.746
2,3,2,33.2,6.469
1,2,2,21.71,1.08
3,2,5,26.88,27.294
1,3,2,22.19,1.121
2,1,3,33.29,6.321
1,1,1,49.91,1.549
2,1,3,35.33,5.53
1,1,3,26.31,0.666
1,1,1,34.06,0.834
2,1,2,31.66,2.548
1,1,2,20.34,0.516
2,2,1,25.21,7.678
2,1,1,39.46,3.555
2,1,2,20.37,4.747
1,2,1,9.69,1.217
1,1,5,3.67,0.331
1,1,1,37.09,0.707
2,2,2,24.99,4.188
1,3,1,15.86,0.48
3,3,5,31.63,15.827
3,3,3,6.11,13.343
1,2,1,10.84,1.494
2,1,2,31.47,2.484
1,2,2,6.8,0.936
1,2,3,44.35,1.357
1,1,1,14.62,0.68
2,3,1,39.22,4.743
2,3,3,2.62,2.156
1,2,1,20.18,1.415
1,1,3,39.34,0.845
1,2,3,30.35,1.118
1,3,1,11.5,0.862
1,1,3,11.85,0.341
2,1,1,47.78,12.136
3,2,2,5.25,28.402
1,1,1,22.08,0.76
2,1,1,35.54,3.566
2,1,1,36.96,5.694
1,2,3,18.94,0.666
2,1,2,8.98,2.409
1,1,1,23.95,0.654
1,1,4,16.25,0.585
1,1,2,62.02,1.077
2,1,1,28.37,3.232
1,1,3,46.09,0.729
1,1,1,11.46,0.876
1,1,1,13.91,0.437
1,2,1,22.17,1.77
1,3,5,26.32,0.552
1,1,2,48.44,0.922
2,3,5,52.7,2.191
1,1,5,12.01,0.409
1,2,1,30.57,0.845
2,1,1,23.88,3.023
2,3,3,13.81,2.804
1,2,2,12.76,1.243
1,2,1,22.05,1.4
1,1,1,32.97,0.953
1,3,1,30.77,0.728
2,3,1,16.18,5.224
1,1,1,54.51,1.099
1,1,1,49.94,0.717
1,3,2,24.79,0.83
1,2,1,28.74,1.306
1,1,4,44.74,0.645
2,1,5,33.38,2.037
1,2,1,9.15,1.61
1,3,5,6.01,0.415
2,1,1,47.69,4.861
1,1,1,30.51,1.158
1,1,2,25.13,0.598
1,3,1,28.54,0.76
1,3,2,37.68,1.249
1,2,1,15.14,1.182
1,1,2,22.19,0.802
2,2,4,27.22,8.03
2,2,4,35.3,8.302
1,3,3,65.34,1.564
1,2,2,31.3,1.061
2,2,4,19.88,3.871
1,3,1,10.01,0.631
1,1,2,28.44,0.431
2,2,1,21.83,7.178
1,3,3,0.53,0.659
3,1,4,34.47,12.272
1,1,1,30.7,1.449
2,1,1,14.82,3.855
1,3,3,12.82,0.749
1,2,2,30.32,1.068
1,2,3,22.08,0.684
3,2,1,22.56,24.617
1,1,1,15.89,0.624
1,1,2,37.82,1.216
3,1,3,16.52,12.895
1,1,2,19.05,0.763
1,3,1,30.55,1.322
1,3,3,23.91,0.612
2,1,1,42.29,2.289
1,1,4,33.52,0.505
1,2,1,4.2,1.357
3,2,1,17.22,33.416
2,1,4,9.47,2.244
1,1,3,63.68,0.605
1,2,2,37.83,0.713
1,2,3,17.17,0.809
1,2,3,39.17,1.068
1,1,2,59.68,0.997
2,1,1,25.13,4.999
2,2,1,49.61,8.835
1,1,3,23.44,0.573
1,1,1,14.68,0.974
1,1,5,27.14,0.541
2,2,4,6.62,3.363
2,1,1,43.3,3.559
2,1,2,23.95,3.36
3,1,1,39.28,16.738
2,3,2,57.94,4.688
3,3,1,25.46,23.199
2,2,3,37.79,5.315
1,1,2,63.21,0.576
2,2,1,66.99,13.935
1,3,1,21.23,0.709
1,2,5,7.03,0.668
1,1,2,40.87,1.447
1,1,2,30.88,0.719
2,1,2,33.05,5.279
1,1,3,19.28,0.601
1,2,3,60.34,1.484
3,2,3,4.48,18.181
1,1,3,50.42,0.585
1,1,1,47.86,0.767
1,1,4,22.6,0.465
1,3,2,28.69,0.608
3,1,2,17.72,15.906
1,1,2,9.79,0.524
3,3,2,40.57,19.321
1,2,1,1.9,1.492
2,1,1,24.02,3.196
1,2,1,21.12,1.318
1,2,1,53.6,1.896
1,3,2,37.0,1.11
1,2,2,19.76,1.521
3,3,5,52.56,26.034
2,2,2,16.44,4.685
1,2,5,32.11,0.77
2,3,2,46.11,5.426
1,1,4,53.57,0.646
3,1,5,37.79,12.038
1,1,2,22.32,0.651
1,1,1,31.69,0.578
1,1,2,33.3,0.521
1,1,2,38.32,0.444
3,2,4,29.25,33.061
1,3,1,44.54,1.151
1,1,5,5.74,0.317
2,2,3,1.28,6.721
1,3,3,27.57,0.661
1,1,3,16.82,0.691
2,1,1,31.74,2.408
1,3,1,19.15,1.073
2,1,5,33.28,2.231
1,3,3,5.58,0.526
1,1,1,40.79,0.872
1,2,3,19.26,1.381
1,3,1,4.61,1.248
1,3,2,20.7,1.071
1,1,2,48.04,0.812
2,1,4,30.77,2.252
1,1,1,34.67,0.504
2,1,1,37.48,3.759
1,1,2,13.71,0.731
3,1,3,17.6,21.551
1,2,1,29.8,1.296
2,3,2,24.14,4.096
1,3,1,19.25,0.701
1,1,3,42.76,1.436
1,3,2,9.57,0.735
3,1,1,42.67,14.317
2,3,4,13.62,4.289
2,2,3,27.89,5.666
1,1,1,9.92,0.442
1,3,1,13.48,0.768
1,1,2,12.66,0.663
2,2,4,7.48,2.827
1,2,1,18.94,1.089
2,1,2,20.68,2.925
2,1,3,9.99,2.177
1,1,1,14.71,0.632
2,1,2,37.88,2.813
1,3,1,52.12,1.56
1,1,1,49.21,0.732
1,2,1,35.15,1.348
1,2,1,23.46,1.503
1,2,2,57.3,2.237
2,1,1,13.38,4.89
2,1,3,7.37,3.423
1,3,1,33.29,1.36
3,1,3,2.56,11.991
2,1,2,33.18,2.091
1,3,1,39.5,1.146
1,3,2,25.64,0.931
3,2,2,47.45,37.783
1,3,3,59.15,0.661
1,3,1,36.86,1.102
3,1,1,24.28,12.133
2,1,1,15.21,2.63
2,2,1,13.8,5.49
2,2,3,33.17,4.169
1,3,1,27.31,1.142
2,1,3,14.82,2.648
2,1,2,36.19,2.019
1,1,2,23.09,0.708
1,3,1,31.71,0.906
1,2,1,21.77,0.76
2,1,4,11.83,2.216
2,2,3,35.19,10.184
2,2,2,69.59,13.94
1,1,1,22.14,0.841
2,3,1,1.86,3.549
1,1,1,35.17,0.663
3,2,2,7.65,18.669
1,1,3,17.45,0.775
2,2,1,22.14,7.587
1,3,2,7.94,0.863
1,2,3,15.78,0.76
1,2,3,24.4,1.027
2,2,1,21.16,8.159
1,2,2,54.68,2.651
2,3,2,54.76,7.082
1,2,2,63.02,2.271
1,2,3,22.17,1.529
1,1,4,29.03,0.325
1,1,5,50.9,0.671
1,1,1,18.14,0.726
1,2,5,34.12,1.092
1,3,3,32.48,0.986
2,2,2,31.26,5.535
1,1,1,50.97,0.696
1,2,1,32.87,1.142
2,1,1,44.92,3.87
1,2,1,27.17,1.17
1,2,2,18.06,1.264
1,2,1,30.67,0.986
1,3,1,26.63,0.756
1,2,2,60.82,1.123
1,2,1,4.97,1.095
1,2,2,11.5,0.81
2,3,2,18.92,4.269
2,2,2,47.91,7.619
1,1,1,77.01,2.285
1,1,2,23.69,0.707
1,1,2,14.02,0.547
1,1,2,40.53,0.766
3,3,3,15.95,13.096
1,1,1,55.17,0.916
1,1,3,29.84,0.516
2,1,4,18.45,2.842
3,1,3,17.84,12.19
1,1,3,53.35,1.576
2,2,2,25.9,3.004
2,1,4,16.75,1.829
2,1,4,34.22,2.594
1,2,1,18.33,1.189
2,3,2,17.12,3.163
1,1,2,64.85,0.929
1,1,1,29.82,0.698
1,1,1,65.63,0.93
1,1,2,13.13,0.609
1,1,1,8.85,1.249
1,3,1,29.38,0.687
1,1,3,7.54,0.558
3,1,2,39.19,18.313
1,2,2,55.15,1.983
1,3,2,27.18,0.764
2,1,1,48.03,5.782
1,1,2,5.46,0.499
2,1,2,39.1,5.003
1,3,1,17.04,0.771
2,3,5,22.07,2.752
1,3,2,22.12,0.862
1,1,1,20.94,0.591
2,1,5,37.37,1.909
1,1,3,16.98,0.593
1,1,2,17.36,0.607
1,1,2,2.27,0.612
2,1,2,46.19,4.628
1,3,2,21.33,0.944
2,2,2,9.97,4.444
2,1,1,25.46,4.145
1,1,1,11.85,0.624
3,3,4,34.96,11.592
2,3,1,42.46,10.229
1,1,2,16.72,0.426
1,3,1,1.47,1.047
1,1,1,32.32,0.636
3,2,3,35.48,28.229
1,2,1,28.07,1.151
1,2,2,14.4,1.103
3,1,2,15.62,9.779
2,2,3,74.21,13.811
1,1,2,39.49,0.97
2,1,1,2.34,2.505
2,1,3,1.58,2.307
1,2,2,16.99,1.002
1,1,2,54.67,1.202
2,1,3,25.78,2.232
1,1,4,18.43,0.548
3,2,1,19.09,22.951
1,1,1,21.92,0.594
2,1,1,9.27,5.039
2,1,1,7.15,3.883
1,1,2,24.97,0.672
1,3,1,69.53,2.311
3,1,1,26.3,22.554
2,2,2,26.52,4.266
1,3,2,33.05,0.616
1,1,4,47.79,0.411
1,2,1,14.27,1.124
1,1,1,10.52,0.869
1,3,2,26.97,0.614
1,1,1,13.53,0.809
1,1,1,13.07,0.744
2,1,1,14.25,2.546
3,3,2,49.35,43.116
3,1,2,46.81,26.695
2,3,2,26.09,6.346
1,3,2,26.78,0.753
1,3,4,49.16,1.519
1,1,2,25.99,0.34
1,2,1,29.3,0.921
2,1,1,34.67,4.66
2,1,2,13.67,3.776
2,1,2,22.22,2.68
1,3,3,33.76,0.54
1,1,2,23.86,0.539
2,3,2,21.18,3.933
1,1,1,38.26,0.889
1,2,1,7.33,1.71
2,2,1,39.64,11.932
2,1,2,18.65,3.301
1,2,1,18.54,1.458
1,1,2,18.62,0.457
2,1,1,5.66,4.535
3,2,2,14.03,25.049
1,2,4,41.51,1.426
2,2,1,8.23,4.208
1,3,1,16.62,0.84
2,2,3,33.15,7.162
1,1,4,41.7,0.805
2,3,4,22.19,2.728
2,3,3,16.7,3.982
1,1,1,32.91,0.787
1,3,1,33.95,0.917
2,3,2,36.36,2.753
1,2,2,32.83,1.593
2,3,1,7.24,4.084
1,1,1,13.67,0.562
1,1,1,18.29,0.963
2,1,2,39.31,4.945
1,1,1,8.21,1.379
2,2,4,13.22,5.756
1,1,4,44.93,0.686
1,1,4,53.5,0.938
1,1,3,49.86,0.944
1,1,1,25.05,0.69
2,3,3,36.43,3.135
1,3,1,23.82,0.646
1,1,1,56.01,0.761
3,2,2,60.15,50.695
1,2,3,5.47,0.775
1,2,1,26.6,1.462
2,1,1,47.8,4.511
2,1,1,19.75,4.155
1,1,3,53.7,0.523
3,2,2,7.47,24.889
1,1,3,65.48,0.444
1,2,1,34.69,1.801
1,2,2,26.7,1.615
3,2,1,27.77,25.063
1,2,2,27.78,1.449
2,1,2,55.11,6.18
1,2,4,35.24,0.943
1,1,5,30.75,0.225
2,1,1,23.07,2.585
3,3,2,40.39,17.464
1,2,2,8.16,1.196
1,2,1,23.18,1.412
2,1,1,16.15,3.54
1,2,1,21.87,1.604
1,1,2,17.6,0.761
1,1,5,14.89,0.48
3,1,1,44.39,18.489
1,2,3,40.31,1.182
1,1,1,4.46,1.05
1,1,3,30.12,0.578
1,1,2,7.25,0.571
1,1,1,29.02,0.774
1,1,4,66.16,0.848
2,2,1,44.4,9.809
1,1,1,36.52,1.418
1,2,1,12.44,1.209
2,1,5,35.6,1.7
1,1,2,23.25,0.736
1,1,1,8.74,0.561
1,1,2,18.81,0.762
1,3,5,13.0,0.462
2,1,2,33.69,4.186
2,3,1,49.51,8.588
2,1,2,48.16,2.502
1,1,2,39.31,0.653
3,1,2,10.5,11.392
1,1,4,60.56,0.636
1,3,2,7.87,1.124
1,2,2,38.45,1.183
1,2,3,63.87,2.113
1,1,2,49.5,0.517
1,1,1,17.08,0.645
2,2,3,25.55,4.794
2,2,1,37.56,8.822
2,1,2,8.17,3.331
1,2,1,13.69,1.102
1,2,2,80.49,2.508
2,1,3,10.78,2.202
1,1,1,15.29,0.679
1,2,1,39.22,1.762
1,1,2,28.64,0.779
1,1,1,26.14,0.415
1,2,4,11.68,0.89
2,3,2,49.64,6.349
2,1,2,42.95,2.488
3,1,2,23.92,25.473
1,1,2,38.25,0.359
1,1,1,5.0,0.612
2,1,1,29.85,3.018
1,3,4,29.26,0.508
1,3,2,8.29,0.83
2,1,1,47.52,5.889
1,3,4,41.68,0.87
1,1,2,26.73,0.762
1,1,2,24.9,0.824
1,3,1,28.51,1.229
1,1,1,60.63,1.127
1,1,2,8.85,0.706
1,1,2,44.37,1.027
2,1,3,26.19,3.367
2,3,1,23.65,4.007
3,1,2,22.3,13.742
2,1,2,13.24,2.157
1,3,3,11.79,0.486
1,1,4,17.26,0.385
1,3,1,18.76,0.845
1,1,4,9.31,0.442
2,2,3,47.79,5.358
1,3,2,24.44,0.72
3,3,1,58.52,56.212
1,1,3,46.09,1.178
1,2,1,34.14,2.153
2,1,5,30.69,1.94
1,1,2,25.62,0.914
2,1,1,16.16,4.079
2,2,3,21.78,6.018
2,1,3,34.73,3.668
2,3,2,6.72,3.339
1,1,3,18.03,0.529
1,1,2,5.37,0.557
2,2,2,8.31,4.939
1,2,1,27.79,0.956
2,1,1,19.64,3.104
1,2,1,11.55,0.968
1,1,3,11.22,0.492
1,1,5,12.59,0.376
3,3,2,50.12,22.439
1,2,2,49.46,1.247
1,1,1,9.19,0.758
1,3,4,9.77,0.569
1,3,4,36.54,0.48
1,1,2,36.29,0.931
2,3,3,9.68,3.15
1,1,3,48.07,0.527
1,3,1,23.21,1.113
1,2,2,25.7,1.178
1,1,1,29.8,0.571
2,1,2,49.43,4.071
3,1,1,35.38,14.359
2,1,3,20.48,2.881
2,2,2,49.02,9.081
1,1,3,25.39,0.711
2,1,3,11.97,2.587
1,2,2,10.19,1.148
2,2,1,27.61,8.981
2,1,3,25.3,3.994
1,1,2,68.22,1.162
1,2,1,14.25,1.017
1,1,1,36.82,0.992
1,1,5,35.38,0.475
1,3,4,18.42,0.828
3,1,1,5.57,20.375
1,3,2,40.28,1.646
1,1,1,7.43,0.561
1,3,5,65.3,1.233
1,1,5,17.85,0.283
1,2,1,26.72,1.107
1,3,1,44.91,1.541
1,1,1,42.45,0.873
1,1,3,34.63,0.547
1,1,2,13.79,0.449
1,2,4,42.59,0.965
2,2,1,16.57,7.465
2,3,1,22.11,3.193
1,1,4,33.91,0.482
2,1,4,59.94,6.857
3,1,4,11.59,10.507
1,1,1,19.44,0.805
1,1,5,37.39,0.377
1,1,1,47.71,0.876
1,1,2,14.9,0.489
2,1,1,39.64,5.166
2,2,3,2.83,3.764
1,2,3,12.45,0.995
1,3,2,9.16,0.918
2,1,2,67.33,4.816
1,2,4,28.47,0.608
1,2,1,8.11,1.264
1,3,4,20.92,0.73
2,2,5,4.74,3.651
2,1,1,43.28,4.334
2,1,3,7.19,2.726
2,2,1,5.31,7.362
1,2,1,3.39,0.958
1,1,2,1.93,0.74
2,2,2,54.84,12.077
3,1,2,56.6,18.182
1,3,1,10.56,1.28
1,3,1,15.48,0.956
3,3,3,8.8,10.716
1,3,1,17.07,0.741
1,3,2,45.72,1.13
1,1,3,23.08,0.28
1,2,1,13.95,1.511
2,1,2,3.84,2.968
2,1,1,45.3,3.85
1,1,1,28.68,0.964
1,2,1,14.05,1.206
1,1,4,38.0,0.529
1,3,1,46.4,1.301
1,3,3,53.53,0.984
1,3,5,22.39,0.301
2,1,2,56.77,4.652
3,3,4,32.32,14.511
1,1,3,3.97,0.532
2,1,2,43.6,6.032
2,2,3,33.53,3.822
1,1,2,7.03,0.533
3,3,1,18.83,20.187
1,3,5,20.47,0.55
1,2,1,31.89,1.113
1,1,3,7.8,0.523
1,3,1,41.3,0.982
2,2,1,53.13,10.354
2,1,2,45.94,1.87
1,1,2,18.32,1.032
1,1,2,27.18,0.45
3,3,2,54.88,35.259
2,3,2,21.18,4.192
2,2,1,35.12,11.531
1,1,3,37.91,1.14
1,2,1,39.0,1.183
1,1,3,21.91,0.547
2,1,3,47.7,3.329
2,3,1,30.52,4.656
3,3,1,44.03,18.235
1,1,1,14.82,0.813
3,3,2,16.28,18.626
3,1,4,12.98,8.777
2,1,1,32.65,4.698
2,2,1,24.8,7.739
1,2,1,39.76,1.358
1,2,3,14.71,0.733
1,1,1,14.15,0.502
1,1,1,28.56,0.777
1,2,3,33.66,1.497
2,2,3,25.61,8.547
1,1,1,27.63,0.663
1,2,4,28.78,0.891
1,2,2,44.32,1.227
2,2,2,17.96,4.954
3,2,5,10.72,17.789
1,1,2,35.32,1.206
2,1,3,12.74,2.374
3,1,1,30.97,20.139
2,1,1,20.14,2.981
2,2,1,27.12,8.467
2,3,3,22.38,3.902
3,2,2,10.68,30.67
1,2,2,40.62,0.69
2,2,2,35.37,7.672
1,3,4,70.97,1.11
1,3,1,15.22,0.681
2,3,4,10.3,3.139
2,1,2,22.88,4.345
2,2,2,46.35,11.846
3,2,2,16.01,12.267
2,1,2,15.52,3.687
1,1,2,50.98,1.565
3,1,1,36.25,11.074
1,1,1,31.84,0.979
1,1,2,87.96,2.238
1,1,3,14.31,0.551
1,1,4,35.49,0.422
2,1,1,46.4,5.798
2,3,1,32.86,4.543
1,1,1,38.57,0.972
2,2,3,10.94,4.28
2,1,2,9.15,3.791
3,1,1,28.96,18.833
1,1,1,31.11,0.759
2,3,2,47.75,7.2
2,2,5,42.74,4.802
1,1,4,22.82,0.585
1,3,2,25.28,0.765
1,2,5,36.33,1.176
1,1,1,53.02,1.307
1,1,4,22.76,0.661
2,1,4,13.03,2.066
1,2,2,36.67,1.96
2,1,3,17.65,3.039
1,1,3,37.11,0.519
1,2,4,32.82,0.877
2,1,1,45.58,4.125
2,2,1,4.55,6.067
2,3,1,28.58,9.466
2,1,1,30.35,4.911
3,1,5,14.13,9.03
3,1,1,21.31,27.713
2,1,1,8.93,3.181
1,3,1,49.1,0.798
1,1,4,25.23,0.674
2,1,5,49.18,1.987
1,2,1,49.16,2.23
1,2,5,5.4,0.626
1,1,1,27.31,0.56
3,1,3,11.83,8.677
1,1,4,23.43,0.284
2,1,1,46.18,3.478
3,1,1,38.2,17.79
2,1,1,58.9,5.132
1,1,2,27.01,0.435
2,3,3,39.84,3.611
2,1,4,21.52,2.06
1,2,2,30.36,0.866
2,1,2,40.96,3.399
1,1,1,33.06,0.967
2,3,2,17.62,3.683
3,2,1,74.82,89.859
1,1,1,28.03,0.875
3,2,3,3.88,22.286
1,2,2,25.83,1.315
2,2,3,37.62,6.021
2,1,1,40.73,3.838
1,1,1,5.48,0.848
3,3,1,40.72,15.896
3,1,2,39.45,20.811
1,2,5,35.2,0.781
2,2,2,10.69,4.956
1,2,1,18.16,1.334
1,2,1,39.7,1.834
1,1,1,29.44,0.587
1,3,2,16.66,0.543
1,1,2,13.22,0.844
1,1,1,37.83,1.352
3,3,2,30.23,15.955
1,2,2,29.69,0.777
2,1,2,25.03,2.529
1,3,5,30.85,0.658
1,1,3,13.97,0.531
2,1,2,26.7,3.202
1,3,1,43.75,0.929
1,2,3,29.61,0.91
3,1,1,18.3,15.653
1,3,1,38.45,0.842
1,2,2,12.04,0.918
2,3,2,24.98,3.921
1,2,1,19.1,1.353
2,1,1,63.51,9.598
1,3,3,9.11,0.523
1,3,5,70.87,1.77
1,2,1,41.9,1.423
1,1,1,56.82,1.386
2,3,3,12.96,2.64
3,2,2,31.66,25.171
2,1,1,5.03,3.041
1,1,2,21.11,0.812
3,3,1,20.42,19.594
2,2,1,36.69,5.546
1,2,3,35.04,1.282
1,2,2,17.49,1.187
1,2,1,36.82,1.004
1,2,4,12.16,0.774
1,1,1,37.95,0.727
1,1,1,35.91,0.933
3,3,2,68.58,42.004
1,1,1,35.92,0.852
1,1,4,16.18,0.498
3,1,2,1.35,15.106
1,3,2,29.59,0.833
1,1,1,31.9,0.759
1,2,1,10.9,0.935
2,1,2,26.59,2.771
1,1,2,32.54,0.83
2,1,1,4.97,3.217
2,3,1,30.44,5.338
2,1,2,59.25,4.994
2,1,2,20.59,2.466
2,1,1,16.95,3.333
2,2,1,21.22,5.703
1,1,1,53.51,1.856
1,2,2,28.54,1.473
1,2,2,35.34,1.5
1,2,1,40.23,1.87
1,1,2,43.32,0.729
2,2,2,66.68,11.248
1,1,3,12.83,0.39
1,3,2,24.92,1.025
1,2,2,22.08,1.223
3,1,3,26.6,8.634
1,2,3,52.67,0.76
2,3,1,37.23,6.719
2,1,1,40.01,3.491
1,1,2,30.83,0.723
2,1,1,21.57,4.119
3,1,1,57.13,40.115
2,2,1,28.82,6.396
3,3,2,22.81,21.996
1,1,2,8.14,0.528
3,3,1,56.46,47.246
2,1,1,17.94,2.871
2,3,1,26.07,4.543
2,1,1,21.13,3.786
2,3,1,39.0,3.374
1,3,3,9.34,0.613
1,1,2,17.83,0.7
1,1,1,27.03,0.584
2,1,1,15.27,4.753
1,1,4,44.55,0.464
2,3,2,35.43,2.792
1,2,1,24.51,1.322
1,2,4,10.5,0.923
1,2,3,64.21,3.251
1,1,1,17.96,1.297
2,2,3,24.37,6.416
1,1,2,8.15,0.372
1,2,5,15.31,0.599
1,2,3,27.61,0.951
1,2,1,21.86,1.264
1,1,3,25.98,0.593
1,2,1,43.28,2.19
2,1,3,17.3,2.689
2,1,1,38.25,3.606
3,2,2,45.94,19.726
1,1,1,2.69,0.382
1,1,2,22.86,0.466
1,3,1,14.09,0.759
2,1,1,5.12,2.834
1,1,1,47.05,1.456
1,1,3,8.34,0.506
1,1,1,3.87,0.618
1,1,3,44.53,0.351
1,1,4,28.5,0.563
2,1,1,16.07,4.077
2,1,3,34.73,2.534
1,1,1,33.0,0.456
1,3,1,8.36,0.806
1,1,4,22.22,0.618
1,1,2,33.94,0.688
1,2,2,37.05,0.982
1,1,1,24.93,0.894
1,2,5,7.73,0.48
1,1,1,39.87,0.609
2,3,2,40.76,4.713
2,1,3,19.15,2.121
1,1,2,14.11,0.461
1,1,1,23.95,0.78
3,1,3,49.96,17.607
1,1,4,9.99,0.465
2,2,4,27.96,3.396
1,2,3,30.47,1.277
3,2,2,30.27,37.695
1,1,1,29.56,1.151
1,1,1,34.57,1.232
3,1,3,15.14,16.227
2,3,1,44.08,4.919
1,1,2,39.53,0.876
2,3,1,35.85,7.326
2,3,2,10.54,3.751
1,1,1,24.06,0.645
1,3,1,22.0,1.002
1,3,3,29.67,0.442
3,2,2,38.44,24.507
1,3,2,11.41,0.593
1,1,2,11.03,0.494
1,2,3,51.16,1.105
1,1,5,35.75,0.426
1,3,1,40.01,0.775
1,2,2,12.47,0.913
1,1,2,10.15,0.565
1,2,1,53.9,1.595
1,2,2,28.13,1.07
1,3,1,56.42,1.262
1,1,4,40.73,0.672
2,2,1,11.42,5.154
1,2,3,36.88,0.887
1,2,1,16.38,0.625
1,2,1,27.36,1.248
2,1,3,46.65,2.131
2,1,3,7.31,3.227
3,1,1,42.81,16.53
1,2,1,15.8,0.868
1,1,2,13.07,0.695
1,3,3,76.26,0.948
1,1,1,45.36,0.694
3,1,1,40.15,14.318
1,3,4,34.5,1.08
2,1,3,30.77,2.47
3,1,1,14.76,16.956
2,1,2,34.09,3.571
1,2,3,43.11,1.428
2,1,3,15.64,1.989
1,3,2,16.6,0.502
1,2,1,9.67,1.7
1,1,4,48.84,1.109
3,2,2,17.94,24.29
2,3,1,29.24,4.688
1,3,2,18.52,0.703
2,1,4,18.95,3.26
1,3,2,10.87,0.512
2,1,2,46.99,3.745
1,1,3,11.04,0.546
1,2,2,55.59,1.817
1,2,3,35.04,0.907
2,1,1,10.24,3.368
3,2,1,47.62,31.626
1,1,3,26.06,0.566
1,1,2,18.25,0.692
1,3,4,65.46,1.12
2,1,2,30.38,3.452
1,2,1,17.6,0.941
1,1,3,5.9,0.572
1,1,1,36.97,0.54
1,1,5,41.55,0.774
3,2,2,33.76,36.471
1,1,2,27.66,1.468
1,2,2,34.89,1.47
1,1,1,23.56,0.796
1,1,2,8.93,0.544
1,2,2,30.1,0.683
1,2,4,41.1,1.241
2,3,1,24.44,4.409
1,2,2,37.47,1.329
1,1,1,33.04,0.714
1,1,2,37.34,0.46
1,2,4,47.16,1.237
1,1,1,23.21,0.551
2,1,4,11.18,1.712
1,2,3,63.03,2.374
2,2,2,5.84,4.32
1,1,4,52.84,1.147
1,2,2,20.39,1.678
1,1,4,60.19,0.912
2,2,2,67.79,11.536
1,1,4,22.91,0.512
2,2,4,22.1,3.562
1,1,1,4.38,0.577
2,1,2,54.69,4.921
1,1,5,10.88,0.431
1,3,2,10.54,0.518
2,3,2,16.7,2.103
1,1,1,18.97,0.531
1,2,2,10.4,1.129
1,3,1,7.86,1.191
2,1,3,13.15,1.993
2,2,5,4.59,2.955
1,1,1,35.74,0.856
1,1,2,26.58,0.8
1,1,1,50.38,0.844
1,3,3,22.08,0.853
1,2,2,33.48,0.671
1,2,1,32.15,1.241
1,2,1,49.39,1.825
1,1,4,27.35,0.685
1,2,4,14.24,0.694
1,2,4,37.79,0.852
1,1,3,25.76,0.718
1,1,1,2.91,0.859
2,1,1,26.17,3.009
1,2,4,42.04,0.669
1,2,1,37.59,1.73
2,1,1,26.62,3.18
1,1,4,24.88,0.433
1,2,1,28.72,1.087
2,1,2,36.12,4.848
2,2,1,42.64,6.598
3,2,1,33.75,26.942
2,3,3,40.11,3.703
2,1,4,17.04,2.149
1,2,1,54.25,1.951
1,2,1,21.8,1.76
1,1,5,25.43,0.499
1,2,2,22.45,1.271
3,1,3,24.97,19.275
1,2,4,21.12,0.751
2,2,1,14.67,5.437
1,3,1,3.71,0.904
1,3,3,28.69,0.526
2,3,1,6.04,6.692
1,2,2,12.67,1.57
1,2,1,9.4,1.443
1,2,3,53.98,3.089
1,2,5,21.57,0.935
1,3,1,6.92,0.952
2,1,2,36.56,3.364
2,2,1,15.21,5.525
2,1,3,21.01,3.403
2,1,3,32.38,3.793
2,2,4,21.48,4.037
1,2,1,4.45,0.978
2,1,1,39.55,4.396
2,1,2,22.66,3.639
1,1,2,6.52,0.469
1,2,4,61.12,1.833
2,1,2,23.95,3.643
3,2,5,21.79,14.328
3,1,1,23.91,15.375
1,2,2,22.66,1.177
2,1,1,9.54,3.597
1,1,1,6.42,0.536
2,1,2,12.84,2.224
2,2,3,5.13,5.512
3,3,1,2.7,29.77
3,2,1,9.24,26.307
1,3,2,53.86,1.068
3,2,1,15.34,32.963
2,1,1,13.33,3.345
1,2,3,22.26,0.678
1,2,2,62.36,1.985
2,2,3,20.83,4.477
1,3,1,34.55,0.665
1,2,1,29.72,1.54
1,2,1,12.22,1.808
1,1,2,5.99,0.646
1,1,2,32.44,0.399
2,1,3,37.71,4.1
1,1,1,47.31,1.007
2,2,1,50.65,8.947
1,1,2,24.42,0.531
2,1,4,3.88,1.905
1,2,3,41.97,0.797
2,3,3,36.26,4.757
2,1,1,27.4,3.307
2,2,4,58.01,5.665
1,1,1,16.24,0.56
1,3,2,31.92,1.463
1,1,4,44.02,0.833
1,2,1,20.96,1.48
1,1,5,11.05,0.289
2,3,4,11.47,3.988
1,1,1,62.05,1.153
1,3,3,16.54,0.798
1,1,3,23.48,0.365
1,2,2,39.58,1.525
2,1,2,17.93,3.352
1,1,3,10.93,0.442
1,2,1,33.25,0.946
1,1,3,24.61,0.65
2,1,3,9.25,2.893
2,1,4,27.2,1.624
1,1,3,20.71,0.433
1,2,1,11.7,1.667
2,1,1,19.25,2.766
2,3,4,41.18,3.202
1,1,5,20.05,0.356
1,3,2,51.76,0.737
1,1,2,46.23,1.333
2,2,1,38.19,10.821
1,2,2,8.81,1.008
2,1,2,15.38,1.762
2,1,3,5.78,2.562
2,1,1,22.56,4.047
3,3,4,32.24,13.932
1,3,5,42.77,0.903
2,1,5,50.28,3.324
2,1,3,25.71,2.294
2,1,2,12.99,1.89
1,1,1,13.02,0.922
1,1,2,31.97,0.484
3,2,5,26.17,16.142
1,2,2,14.59,1.102
3,1,3,30.48,16.887
1,2,1,20.37,1.519
1,1,5,52.84,0.512
3,2,5,43.9,17.791
2,1,1,31.84,3.293
1,1,1,68.59,1.187
1,1,2,11.36,0.775
1,1,3,13.78,0.405
1,2,3,27.05,0.716
1,1,2,29.43,0.667
1,1,3,41.63,0.845
1,2,3,29.51,0.698
1,2,2,25.82,1.44
3,1,4,22.51,14.636
2,3,1,54.99,9.14
1,2,1,20.28,1.267
3,3,1,8.91,25.241
1,3,1,40.77,1.288
1,2,1,20.95,0.889
1,1,1,42.2,0.726
2,2,2,6.64,5.698
1,1,1,31.86,1.068
1,1,1,32.94,0.528
3,1,2,44.25,24.601
2,1,1,17.83,2.527
2,1,1,31.54,5.579
2,2,1,13.44,6.726
2,3,1,10.14,4.137
1,2,1,31.85,1.091
2,1,4,25.9,2.28
1,3,4,12.05,0.778
1,3,2,41.3,1.016
3,1,2,19.06,15.059
1,3,1,10.12,0.982
1,2,1,34.99,1.18
1,1,3,46.59,0.56
2,1,4,14.19,1.896
3,2,3,42.19,28.151
1,3,2,8.94,0.718
1,1,2,3.66,0.539
2,3,1,8.17,4.785
2,1,2,38.52,5.401
1,2,1,26.3,1.758
1,2,3,32.7,1.101
1,1,1,57.28,1.266
1,1,2,12.66,0.572
2,1,3,42.96,5.593
1,1,4,46.63,0.663
2,1,1,11.61,4.497
2,2,1,35.62,7.846
2,1,2,15.23,3.567
2,1,1,35.92,4.569
1,1,1,43.12,0.94
1,2,2,17.49,1.05
1,3,1,4.28,0.82
2,2,3,47.36,6.675
2,1,3,11.54,2.635
1,1,2,17.38,0.952
2,2,3,20.05,2.876
1,2,2,23.78,1.132
1,1,1,11.57,0.653
1,2,1,31.96,0.914
3,1,3,15.66,13.742
1,1,1,9.48,0.553
1,2,1,7.22,1.177
2,1,3,36.68,2.975
1,1,2,29.41,0.635
1,2,1,35.55,1.239
1,1,2,6.79,0.605
1,1,1,46.53,0.732
1,1,2,13.56,0.468
1,2,2,44.59,1.463
2,3,2,29.55,5.204
2,2,1,21.18,8.025
3,3,2,37.43,22.94
1,3,2,11.43,0.912
1,3,3,17.88,0.701
1,1,3,54.6,1.83
1,2,1,17.3,1.6
2,2,2,39.3,5.641
1,1,2,45.41,0.666
2,1,3,22.05,2.37
2,3,1,43.44,7.808
1,1,2,46.18,1.393
3,3,3,18.58,18.548
1,1,2,4.74,0.82
3,1,1,23.79,19.864
2,1,1,49.09,6.316
1,2,1,40.05,1.956
1,1,3,22.42,0.846
1,2,1,27.69,0.769
2,2,1,30.4,6.04
1,1,1,5.39,0.952
2,1,1,26.26,4.391
1,2,4,44.5,0.991
3,3,1,27.36,26.329
1,2,1,11.87,1.741
2,2,2,14.7,4.478
2,2,1,37.3,7.661
1,3,1,6.7,0.853
1,1,2,6.59,0.639
1,1,3,37.91,0.615
2,1,1,5.24,3.553
2,1,1,33.06,5.0
1,1,2,13.32,0.473
2,3,1,27.92,7.06
3,2,1,39.04,35.529
2,2,1,33.2,4.482
1,3,1,27.04,0.775
1,1,2,19.96,0.641
3,3,2,57.34,42.125
2,2,2,38.13,9.84
2,1,4,65.8,5.848
3,1,2,51.71,19.847
1,1,3,25.22,0.611
2,3,2,37.33,4.841
2,3,1,14.3,4.852
2,1,5,23.65,2.718
2,2,1,42.26,6.992
1,1,2,58.72,0.943
1,2,4,35.29,1.418
3,1,2,40.05,17.692
2,1,1,52.79,4.045
1,3,1,7.78,0.937
3,1,1,23.31,41.279
1,2,1,41.92,1.403
1,1,2,32.67,0.873
3,1,4,4.35,20.183
2,2,2,56.81,10.457
2,3,4,7.03,2.601
2,2,1,14.8,10.083
1,1,2,31.91,0.483
1,3,1,67.06,1.442
2,1,1,22.01,5.009
1,3,1,43.8,1.844
1,3,3,32.6,0.861
1,3,3,29.57,1.136
1,2,2,6.12,0.99
1,3,1,44.05,0.621
2,3,1,29.44,5.012
2,3,1,22.73,3.531
1,1,2,28.5,0.552
1,1,1,45.71,0.93
1,3,5,9.11,0.503
2,1,3,12.49,2.367
1,2,3,14.38,0.848
1,2,1,10.96,1.168
2,1,1,50.11,4.489
1,1,2,31.35,1.102
2,1,1,31.65,3.845
2,1,2,37.82,2.504
1,3,2,29.17,1.899
1,1,1,10.56,0.79
1,1,1,20.7,0.86
2,1,2,21.31,4.115
3,1,2,36.1,21.283
2,2,1,12.05,6.159
3,1,3,23.72,16.482
2,1,2,37.98,2.071
1,3,5,21.64,0.588
1,2,1,18.32,1.067
2,1,2,44.3,5.998
2,2,2,24.17,4.4
1,1,3,12.59,0.626
1,1,5,15.94,0.264
1,1,2,19.84,0.581
1,2,2,16.68,1.669
2,1,2,33.18,3.122
2,2,1,10.26,4.852
2,2,4,23.94,3.757
1,1,1,28.44,0.646
2,1,3,37.55,4.617
1,1,3,31.34,0.881
1,3,4,32.5,0.884
2,2,2,42.4,9.036
3,1,2,31.17,13.44
3,2,5,21.32,18.434
1,1,2,35.89,0.776
1,1,1,44.66,0.687
2,1,1,11.12,2.528
2,2,1,22.45,5.253
1,1,1,49.99,0.93
1,3,3,19.51,0.981
1,1,1,39.99,1.293
1,1,2,28.03,0.915
1,2,1,71.32,3.698
2,3,2,20.81,4.975
1,1,1,2.36,0.435
2,2,3,34.63,3.111
2,1,3,43.82,2.864
1,1,2,42.07,0.64
1,1,1,51.38,0.894
3,1,3,9.08,10.962
1,3,2,36.11,0.576
2,2,4,6.97,3.078
1,1,4,49.71,0.502
1,2,3,49.82,1.641
3,1,3,53.29,27.935
1,1,2,33.81,0.586
1,1,2,27.97,0.605
3,1,1,10.6,16.384
1,1,2,31.92,0.451
1,1,4,52.5,0.82
3,1,1,49.99,33.98
1,1,2,36.01,0.589
2,1,2,45.89,4.075
2,2,2,19.67,5.213
2,2,2,41.7,8.668
1,2,2,26.22,1.579
1,3,1,29.54,0.567
2,1,4,57.72,5.461
2,2,1,38.38,3.946
1,2,1,36.15,1.644
1,1,2,39.51,1.035
1,2,2,14.77,1.108
1,2,1,24.4,1.136
2,1,1,33.51,4.681
3,2,3,28.71,17.483
1,1,2,23.78,0.88
3,1,4,45.42,14.663
2,2,2,60.47,14.018
2,3,1,7.58,3.824
3,3,2,63.3,61.369
1,2,2,38.34,1.383
3,1,2,17.3,14.787
1,2,1,35.3,1.351
1,3,2,11.04,0.46
1,3,1,17.79,0.977
1,3,1,46.35,1.338
2,2,1,17.45,5.147
1,2,4,11.28,0.601
1,1,2,54.87,1.433
1,2,5,22.02,0.808
1,1,2,42.46,1.308
1,1,1,13.84,0.675
1,2,3,44.14,1.345
3,3,2,25.31,20.335
2,1,2,25.59,4.51
1,1,5,21.6,0.276
2,1,3,19.0,2.148
2,2,2,34.44,6.314
1,3,1,3.14,0.797
1,2,3,33.1,0.927
1,1,2,34.87,1.111
1,2,4,25.86,0.756
2,1,1,16.05,3.418
1,1,4,16.59,0.406
1,2,1,21.97,0.944
1,2,2,35.15,1.11
2,2,2,27.6,4.548
3,3,3,35.73,13.146
1,1,2,15.6,0.592
1,1,2,22.25,0.426
2,2,2,33.12,5.252
1,3,4,10.45,0.432
1,3,2,20.76,0.636
2,3,2,3.8,3.865
1,2,1,45.5,1.185
1,3,1,28.6,1.176
1,2,2,2.29,0.867
1,1,5,38.08,0.644
3,2,2,42.04,15.581
1,2,1,36.65,1.863
1,2,1,8.19,1.146
2,1,1,25.46,3.294
2,3,1,38.63,4.276
1,3,1,25.52,0.714
2,3,1,39.71,6.331
2,1,2,57.95,4.78
1,1,1,33.79,1.072
1,3,1,9.02,0.982
2,3,5,51.0,2.401
1,1,3,37.14,0.669
1,2,1,9.78,1.319
1,1,2,18.84,0.539
1,3,5,34.67,0.596
1,1,1,22.53,0.613
1,1,4,59.03,0.835
2,1,2,23.01,3.841
2,1,1,21.21,2.693
1,3,4,19.96,0.73
1,2,3,6.63,0.966
3,1,1,65.65,24.008
2,1,1,47.37,4.88
2,2,1,22.64,5.7
1,3,2,45.25,1.122
1,1,2,21.43,0.697
1,2,2,35.26,1.606
2,3,3,38.4,3.552
3,1,1,43.87,28.163
1,3,1,27.42,0.93
2,1,1,46.77,4.964
2,1,1,24.93,5.268
2,3,5,41.0,2.292
1,3,2,39.74,0.836
1,1,1,27.32,1.136
3,2,1,18.4,29.762
1,2,1,24.87,1.789
1,3,5,5.92,0.581
1,2,4,7.01,0.761
1,3,1,12.24,0.687
1,2,3,55.56,2.291
1,1,3,18.23,0.761
3,1,5,33.79,11.733
1,3,1,30.32,0.772
3,3,1,17.66,11.37
3,1,2,4.74,17.933
2,2,3,18.48,5.744
2,1,1,33.55,2.902
2,2,2,44.99,9.631
1,1,3,7.07,0.524
1,3,2,16.91,1.399
3,2,2,43.53,43.027
1,2,2,20.57,1.312
3,1,2,23.28,22.006
1,1,3,50.74,0.692
1,2,2,22.65,1.256
2,1,2,7.51,3.058
2,1,1,29.87,3.371
1,3,2,21.99,0.786
2,1,1,4.28,3.672
1,1,3,54.64,0.596
1,3,1,23.49,1.072
2,2,4,8.27,6.49
1,1,1,28.16,0.503
1,2,1,11.97,0.992
1,1,5,37.64,0.628
1,1,1,25.05,0.74
3,1,3,23.69,13.676
1,1,1,22.32,0.66
2,3,3,46.15,3.138
2,3,2,38.92,3.199
1,1,1,32.51,0.476
3,3,3,65.36,18.132
1,3,1,7.7,0.715
1,1,1,10.67,0.801
2,1,2,14.54,1.53
2,1,3,49.94,2.395
1,1,5,13.36,0.308
2,1,4,15.12,1.552
3,1,4,15.67,15.354
1,2,4,42.44,0.917
2,1,2,16.13,3.011
1,1,2,5.68,0.573
1,1,2,20.35,0.94
1,2,4,19.98,0.58
1,1,4,37.64,1.001
2,1,2,21.98,1.957
1,2,3,15.99,1.023
1,1,4,10.01,0.339
1,1,2,64.51,0.444
1,1,5,23.23,0.309
1,3,2,21.05,0.691
1,2,2,38.97,1.285
1,2,5,20.43,0.694
1,3,1,7.91,1.126
1,2,1,19.73,1.018
1,1,2,12.45,0.738
1,3,1,78.63,2.843
2,1,3,29.03,2.883
2,1,3,46.02,1.922
1,1,2,33.61,0.643
1,1,2,13.47,0.633
1,2,1,34.75,1.967
1,1,5,28.96,0.552
1,2,2,32.94,0.747
3,2,3,12.97,26.282
1,3,1,60.49,2.256
1,1,2,35.07,0.9
2,1,2,51.86,3.265
3,2,2,66.76,54.003
1,1,5,31.94,0.559
1,1,4,34.73,0.326
1,1,1,16.94,0.585
2,1,1,14.84,3.378
1,1,2,29.12,0.742
1,3,1,33.73,0.784
1,1,2,22.22,0.487
1,2,1,34.77,1.832
2,1,2,15.99,3.276
1,1,3,16.62,0.572
1,2,1,9.01,1.996
1,3,1,16.09,1.267
2,2,1,45.94,10.731
1,3,2,16.41,0.612
3,1,2,18.13,15.231
1,1,1,44.82,0.529
1,1,2,22.47,0.678
1,2,2,41.06,1.279
1,2,1,20.3,2.035
1,2,1,13.82,0.896
1,3,2,27.44,0.61
1,1,2,43.85,0.753
1,2,2,29.36,1.503
2,1,2,27.72,3.606
1,1,3,19.03,0.6
2,1,1,3.89,3.013
2,2,2,54.53,9.071
2,3,2,60.59,8.836
1,2,1,41.83,1.622
1,2,1,33.27,1.483
2,3,4,34.45,4.362
1,2,1,20.17,1.027
1,1,1,23.98,0.567
1,2,1,38.98,2.374
1,1,3,9.83,0.645
1,1,4,33.42,0.327
1,3,4,35.11,0.822
2,1,1,16.61,4.825
1,3,4,23.1,0.926
1,2,4,42.87,1.036
3,2,2,3.9,21.361
1,2,3,31.17,1.539
1,2,1,31.39,1.657
1,3,2,46.82,1.078
1,2,1,22.97,1.559
1,1,4,28.01,0.483
1,3,1,18.63,1.412
2,1,1,10.1,3.51
2,1,2,44.31,2.543
1,3,1,17.12,0.902
2,1,2,32.62,4.35
1,1,3,25.19,0.442
2,2,1,9.22,5.391
1,3,2,9.45,0.764
2,3,1,11.03,4.598
1,1,2,67.03,1.169
1,2,2,4.32,1.271
2,1,1,55.73,7.147
1,2,4,44.89,0.95
1,1,4,8.52,0.363
1,1,1,18.64,0.617
2,3,2,64.61,15.227
1,1,4,65.08,1.575
1,2,1,68.45,2.182
2,1,2,61.19,9.204
1,1,2,8.82,0.808
1,2,4,16.12,0.753
2,1,4,24.27,1.448
3,1,1,45.62,23.221
2,1,5,17.94,1.764
1,1,1,37.96,0.759
1,3,2,44.81,1.364
2,1,1,21.62,2.882
1,2,2,37.14,1.186
2,1,2,24.09,3.851
1,2,1,21.59,1.017
2,2,1,6.71,6.817
1,1,1,54.02,0.756
3,1,1,31.17,14.662
1,1,1,36.38,0.777
2,3,1,43.88,4.227
1,2,2,28.87,1.822
1,1,3,14.59,0.677
1,2,2,25.25,0.931
1,2,1,7.94,1.453
1,1,3,29.43,0.851
1,1,2,35.38,0.766
3,1,3,50.59,17.371
2,1,3,21.77,1.982
2,3,1,40.74,4.838
1,2,1,27.53,1.344
1,3,4,22.48,0.601
1,2,3,33.85,1.343
1,3,1,5.89,1.086
1,1,2,43.09,0.861
2,1,2,13.45,2.544
1,1,2,23.65,0.508
1,1,2,49.39,0.961
1,1,3,25.97,0.554
1,2,1,32.45,1.355
1,1,4,25.82,0.53
1,1,2,36.14,0.647
1,1,4,52.94,1.067
1,3,5,44.28,0.662
2,1,2,21.3,3.02
3,1,1,25.91,19.583
1,2,1,48.26,3.177
1,1,3,1.26,0.38
1,1,2,39.22,0.61
2,1,2,20.45,4.484
1,3,2,14.88,0.722
1,1,1,60.69,0.763
1,2,1,35.7,1.867
3,1,2,28.23,16.026
1,3,2,34.17,0.779
1,2,1,63.3,2.783
1,3,1,16.44,1.001
1,3,1,3.77,0.958
1,3,1,47.94,1.28
2,1,1,19.32,3.155
2,2,5,19.56,3.806
3,2,1,34.14,19.737
3,1,1,60.54,44.112
1,1,3,42.62,0.713
2,1,2,25.09,4.351
2,3,1,51.07,4.952
1,3,3,52.52,1.447
2,3,4,16.25,4.161
3,1,1,49.91,17.853
2,2,1,17.04,6.904
2,1,4,5.97,1.731
1,3,2,4.0,0.602
2,1,1,12.73,4.251
1,2,3,48.11,1.009
2,3,3,46.59,6.487
2,1,1,15.73,4.22
1,1,1,18.07,0.607
1,1,3,26.0,0.466
2,1,1,56.31,4.982
1,2,2,6.58,1.193
1,3,3,23.14,0.654
1,3,1,10.68,0.876
2,3,3,13.48,2.709
1,1,2,34.66,1.251
1,1,3,19.8,0.528
2,1,2,17.9,2.885
1,2,2,23.21,0.863
2,2,2,30.62,7.404
1,2,3,53.18,1.435
1,1,3,14.49,0.668
2,2,2,14.83,4.412
1,1,1,71.75,1.156
3,1,4,2.95,9.699
1,2,4,14.57,1.023
2,3,1,1.28,5.34
1,2,2,17.94,0.715
2,1,1,9.87,4.701
1,1,1,45.96,0.893
2,3,1,28.67,5.465
1,2,1,64.64,2.293
2,3,1,53.1,9.695
1,1,1,21.15,0.64
1,1,4,24.92,0.408
2,2,5,12.09,3.497
1,3,2,35.68,0.874
2,3,4,30.95,2.442
2,2,3,52.5,7.739
1,3,1,63.31,2.176
2,2,2,8.99,7.334
1,2,4,56.96,1.413
1,3,1,31.82,0.702
1,1,2,22.57,0.728
1,1,2,39.01,1.017
2,1,3,16.87,3.82
3,2,1,21.41,35.335
3,3,3,29.22,20.267
2,1,1,45.33,7.896
1,2,1,28.92,1.184
1,2,1,8.67,1.35
1,2,3,27.1,1.257
2,1,2,21.64,2.52
1,1,1,43.46,0.803
3,1,1,22.14,19.757
1,1,1,19.44,0.451
1,1,1,4.66,0.774
2,1,3,32.67,7.68
1,2,5,42.63,0.769
1,2,4,25.4,0.955
1,2,1,10.81,0.824
3,1,1,16.59,12.902
1,2,1,4.88,1.656
1,1,1,9.4,0.781
1,2,1,36.59,1.752
1,3,2,17.72,0.773
1,2,3,20.64,1.134
1,1,2,29.71,0.846
1,1,2,36.16,0.697
3,2,2,13.21,23.724
2,3,2,22.22,3.346
2,2,4,23.52,7.704
1,1,1,56.84,1.092
1,2,2,15.82,1.014
1,1,1,38.29,0.898
1,1,2,23.65,0.624
1,1,1,7.74,0.578
1,2,2,17.13,0.708
1,3,2,13.96,1.045
1,1,3,55.44,0.695
1,2,1,12.34,1.315
1,2,5,29.43,0.92
2,2,3,22.76,4.58
1,1,2,3.76,0.587
2,2,2,12.85,7.799
1,3,2,12.99,1.179
3,1,1,48.06,17.507
1,2,1,10.51,1.177
1,2,1,50.25,2.483
2,3,5,9.35,1.769
1,1,1,40.63,1.383
1,3,4,42.66,0.679
1,1,4,9.89,0.405
3,1,3,39.03,13.077
2,1,3,30.91,2.874
1,2,2,45.62,1.379
2,1,1,57.98,8.205
1,1,1,13.67,0.465
1,3,3,7.58,0.76
1,2,3,35.28,0.716
1,2,5,31.34,0.657
3,1,1,23.44,17.047
2,3,1,48.77,6.033
3,2,2,58.23,36.433
2,3,1,19.49,6.276
1,1,1,25.29,0.85
2,1,2,32.39,3.542
1,2,4,2.73,0.542
2,2,1,62.19,16.338
1,3,1,18.06,0.906
2,1,1,29.39,2.964
2,2,1,48.29,10.06
1,1,3,18.84,0.474
1,1,1,44.32,1.277
1,3,1,42.32,0.968
1,2,5,42.34,0.678
2,1,2,13.19,2.387
1,2,1,26.41,1.041
1,1,1,42.51,1.205
1,1,1,9.38,0.714
1,1,2,41.78,0.86
1,2,3,32.24,1.294
2,2,2,31.24,5.61
2,1,3,3.33,1.874
3,1,3,18.68,13.567
1,1,1,9.08,0.753
1,2,1,16.51,1.522
1,1,1,46.62,0.949
1,3,1,29.23,0.658
1,2,4,33.25,1.198
1,1,4,18.9,0.42
2,3,5,19.71,1.897
1,2,2,29.68,0.758
1,1,4,26.83,0.487
1,3,1,42.5,1.301
2,2,2,25.12,5.966
1,1,2,61.34,1.425
2,1,1,3.44,4.119
1,3,2,16.03,0.649
1,1,2,41.69,0.797
1,1,4,47.95,0.904
1,3,2,15.68,0.669
1,1,3,21.26,0.519
2,3,3,57.41,5.445
2,1,2,32.59,4.326
1,1,1,21.52,0.951
1,2,1,32.57,1.1
1,1,3,10.19,0.449
3,1,1,29.57,19.755
1,1,2,4.38,0.379
1,1,1,10.35,0.694
1,3,1,28.0,0.773
2,1,1,41.08,3.996
1,3,2,12.05,0.723
1,2,2,48.71,1.992
1,2,3,34.15,2.273
2,2,5,38.77,3.858
1,1,2,4.29,0.735
3,3,1,67.37,32.336
2,2,2,27.8,5.675
1,3,2,2.28,0.705
3,1,1,39.98,25.773
2,2,2,14.73,5.084
1,2,2,22.16,1.1
2,1,2,22.53,3.401
1,1,2,37.61,0.496
1,2,4,35.63,1.225
1,1,3,54.69,0.441
2,1,1,9.9,2.486
3,3,3,20.05,10.9
1,1,1,78.59,1.631
2,3,2,14.15,5.957
2,2,5,49.88,4.261
2,3,1,24.49,7.05
1,2,2,35.62,1.894
1,2,1,45.2,1.657
1,1,5,39.17,0.559
1,3,1,11.78,0.851
1,1,3,31.9,0.624
1,2,2,26.04,1.057
1,1,2,36.5,0.546
2,1,1,26.44,2.384
1,3,1,47.48,1.297
1,1,2,23.09,0.663
2,1,1,14.07,3.532
1,1,2,37.08,0.467
2,3,1,28.69,4.626
2,2,1,40.51,5.697
1,1,1,23.13,0.499
1,3,1,27.58,0.748
1,2,1,26.09,1.378
1,3,2,11.77,0.635
1,1,5,13.08,0.416
1,1,3,22.28,0.538
1,2,3,25.78,0.812
1,1,1,21.35,0.48
1,2,1,35.78,1.413
1,2,1,41.82,2.125
1,1,1,50.98,0.649
1,1,3,21.11,0.663
2,3,4,42.21,4.713
3,2,3,22.04,33.418
2,2,2,35.74,9.358
1,2,4,6.96,1.02
1,1,1,12.79,0.784
2,2,1,50.38,5.174
2,3,2,36.82,5.138
3,3,2,12.34,17.532
1,1,1,10.8,1.071
1,1,2,28.63,0.649
1,1,1,35.43,0.969
3,1,2,25.0,14.135
2,1,1,34.95,5.67
2,2,4,12.71,4.917
2,1,3,17.44,2.453
3,2,5,35.32,19.363
1,3,2,24.42,0.656
3,1,1,50.04,32.918
2,1,2,46.69,7.051
2,1,1,37.8,5.011
3,3,2,21.53,23.748
1,2,5,35.11,0.78
2,1,4,25.06,2.172
1,1,1,34.47,0.767
2,3,2,30.69,3.369
2,2,3,12.65,3.986
2,1,1,28.35,3.929
1,1,2,14.22,0.506
2,3,2,43.13,3.105
2,3,1,25.95,4.254
2,1,3,28.47,2.317
1,2,2,36.86,1.071
2,1,4,25.05,1.773
2,2,2,9.35,2.812
1,3,3,29.16,0.688
1,1,1,18.59,0.657
2,1,2,26.61,5.747
2,2,4,30.53,4.214
1,1,4,3.93,0.345
1,1,1,18.26,0.413
2,1,1,1.98,3.274
3,1,5,22.95,10.326
1,1,2,30.52,0.681
3,3,1,38.77,16.72
1,3,2,5.74,0.473
1,2,2,56.31,1.378
2,1,3,12.65,4.051
1,1,1,46.06,0.482
1,2,2,15.35,1.075
3,2,1,38.94,32.843
1,1,3,29.15,0.521
1,3,5,16.91,0.394
1,2,4,32.03,0.77
1,1,2,16.69,0.491
2,3,1,40.2,7.454
1,2,3,48.13,1.133
1,3,1,23.2,0.779
1,3,1,35.32,0.989
2,1,3,51.64,3.505
3,2,2,29.26,17.76
1,1,2,38.15,0.495
2,1,2,15.72,2.363
3,1,3,26.75,11.823
1,2,4,42.44,1.161
1,3,1,15.59,0.613
2,1,2,28.95,3.247
3,1,2,24.85,12.247
1,3,5,17.25,0.343
1,1,3,52.66,1.159
2,1,3,35.05,3.207
2,2,1,21.14,3.477
1,1,3,11.39,0.732
1,1,1,44.94,1.155
1,2,4,29.45,1.206
3,1,2,33.35,23.517
2,1,1,9.76,2.44
1,1,1,40.42,0.878
2,3,2,42.8,6.833
1,1,2,35.26,0.746
3,3,1,56.17,37.558
1,3,1,30.66,0.719
1,2,1,2.14,1.17
1,3,2,11.12,0.658
1,2,1,32.76,1.194
2,1,1,5.76,2.797
1,1,1,24.53,0.496
1,3,2,22.92,0.848
2,3,2,60.19,7.456
1,3,1,18.0,0.858
1,1,4,62.8,1.287
1,1,1,5.72,0.56
3,1,1,15.41,21.1
2,3,3,19.69,3.069
2,1,2,18.33,2.036
2,2,2,25.57,5.183
1,3,1,20.6,0.784
1,3,4,48.73,0.737
2,1,1,26.06,4.678
1,1,5,19.12,0.71
3,2,4,47.5,24.674
1,1,1,32.74,0.998
1,1,1,31.06,0.567
1,1,2,43.18,0.75
1,1,5,56.18,0.499
2,1,1,12.87,2.371
2,1,3,35.79,3.922
2,3,2,21.69,6.14
3,2,1,33.57,35.238
1,3,3,15.57,0.599
1,2,2,57.63,2.218
2,2,3,38.61,5.529
1,1,1,31.22,0.604
1,2,2,28.43,0.941
1,1,1,36.76,0.694
2,2,1,25.45,6.898
2,2,4,9.99,3.363
1,1,1,35.02,0.606
1,2,2,47.24,1.668
1,3,3,68.5,1.519
1,1,2,49.0,1.039
1,1,3,78.92,1.396
2,1,2,4.64,2.562
3,3,2,9.28,12.275
2,3,1,47.35,3.782
2,3,1,49.06,5.37
3,2,4,8.7,16.245
2,3,1,36.99,8.93
1,2,3,62.06,1.383
2,1,5,57.02,2.763
1,1,4,39.14,0.887
1,3,4,62.99,1.153
1,3,4,20.62,0.628
2,1,1,39.53,4.867
2,1,1,15.23,2.232
2,3,5,14.82,2.705
1,2,1,52.99,2.6
2,2,1,25.09,9.818
2,1,4,26.88,2.589
2,2,1,37.07,7.133
1,1,1,20.59,0.43
1,1,1,65.59,1.822
1,1,1,19.3,0.741
3,3,5,16.34,9.076
1,1,2,25.34,0.68
2,2,1,45.87,10.543
1,2,2,34.04,1.407
3,1,1,26.42,20.783
1,3,1,30.11,1.364
2,2,1,52.27,11.535
2,2,3,14.81,5.529
2,1,1,45.5,2.818
2,3,2,30.95,4.389
1,3,2,35.75,0.998
1,2,2,35.47,1.804
1,1,2,60.07,1.039
2,3,1,20.05,4.982
2,1,2,7.01,3.346
1,3,1,21.58,0.778
2,1,1,11.68,4.308
1,1,2,36.8,0.636
1,1,2,60.59,0.934
1,1,4,13.72,0.378
2,1,2,47.4,9.835
1,1,1,24.36,0.884
3,2,1,35.95,38.966
2,3,3,68.93,3.552
1,1,1,38.9,0.837
1,1,2,36.32,0.654
2,1,1,25.93,4.842
2,2,4,11.25,3.249
1,1,2,69.24,0.748
1,1,2,22.01,0.482
1,2,4,13.33,1.045
1,1,1,19.65,0.714
1,2,2,10.45,1.364
2,1,1,56.57,5.811
1,2,2,22.85,0.906
2,1,3,17.88,3.237
1,2,1,19.71,1.544
2,1,1,38.02,2.347
3,2,1,18.16,29.085
1,1,2,6.66,0.566
1,1,1,14.83,0.744
1,2,2,15.97,0.983
1,2,4,53.04,2.009
2,1,1,36.13,3.198
2,1,2,39.46,4.202
2,1,2,48.75,5.022
3,1,2,43.49,22.059
1,2,2,14.49,0.708
1,3,2,29.15,1.203
1,2,2,27.22,1.484
2,1,2,55.63,8.687
1,1,2,10.7,0.644
1,2,1,40.22,1.207
3,1,4,35.49,9.709
1,1,1,34.42,1.034
1,1,1,18.08,1.047
1,2,3,4.18,0.981
1,3,1,22.58,0.925
1,1,1,3.09,0.783
1,1,4,40.51,0.525
1,1,2,32.2,0.543
2,1,2,17.66,3.148
1,1,1,16.89,0.783
2,2,2,68.23,16.88
2,2,3,28.99,6.567
2,2,2,3.6,6.614
3,1,2,25.98,23.141
1,1,1,23.5,0.627
1,3,1,15.48,0.817
1,3,2,10.81,0.581
1,1,1,53.46,2.511
2,3,2,33.23,8.018
1,3,3,32.35,0.697
1,2,4,32.49,0.973
1,1,2,46.73,1.217
2,1,4,22.66,2.028
1,3,4,18.43,0.639
1,1,2,3.8,0.427
2,1,3,22.9,1.599
2,2,1,14.91,5.184
1,3,1,13.64,0.868
1,3,1,19.41,0.892
2,3,2,10.54,2.962
1,1,2,19.26,0.343
3,2,2,29.19,32.251
2,3,1,26.38,4.239
2,3,1,38.86,7.547
2,2,1,20.72,3.884
3,2,1,20.94,27.914
1,3,2,20.57,1.453
1,2,1,48.64,1.202
2,1,2,27.81,2.6
1,1,2,43.56,0.45
2,3,1,45.03,5.215
1,1,3,52.92,0.588
1,1,1,22.87,0.677
1,3,1,16.15,0.936
2,2,3,30.8,4.803
1,1,2,23.12,0.864
1,2,1,16.0,1.578
1,2,2,43.48,1.802
1,2,1,30.01,2.285
2,1,2,12.79,2.433
3,3,1,30.29,47.393
2,1,5,28.39,1.611
2,2,2,8.23,4.628
1,2,1,49.05,1.788
3,1,3,18.83,14.547
2,1,5,20.48,1.984
2,1,3,34.75,2.316
1,1,1,1.93,0.83
1,3,5,14.37,0.468
1,3,2,3.2,0.67
1,3,3,26.87,0.808
1,3,1,15.89,1.025
2,1,1,19.04,4.26
1,2,1,40.83,1.651
1,1,5,22.3,0.299
2,1,1,16.15,2.712
3,2,2,55.69,29.057
1,1,3,24.71,0.732
1,3,1,24.09,0.783
2,3,2,37.4,5.678
3,3,4,48.77,25.654
2,1,1,24.67,3.261
1,1,2,1.4,0.314
2,1,4,31.63,5.411
2,3,2,65.47,6.462
1,2,2,39.62,0.908
1,2,1,14.95,1.271
2,1,3,26.09,2.226
2,1,5,11.08,1.211
1,1,1,28.83,0.608
2,3,1,50.51,12.581
2,2,1,7.47,8.159
1,1,1,18.57,0.788
1,1,1,20.98,0.779
1,2,1,13.96,1.067
3,2,5,9.31,14.428
1,1,4,16.39,0.363
2,3,3,45.26,3.841
1,1,2,32.99,0.823
2,1,4,28.99,2.123
3,3,1,61.69,35.289
3,3,1,47.55,34.339
2,1,3,45.21,2.765
1,2,1,2.76,1.07
1,1,3,61.9,0.551
1,1,1,25.97,0.486
2,3,2,49.56,7.072
1,3,3,36.31,0.64
1,1,2,23.01,0.83
1,2,1,13.81,1.13
2,1,2,58.73,8.151
1,2,2,49.34,1.209
1,3,2,30.0,0.772
1,1,1,31.04,0.591
1,1,1,18.66,0.687
2,3,2,42.31,8.572
2,1,1,23.45,3.264
2,1,2,38.28,3.42
1,1,1,14.38,0.735
1,1,5,18.03,0.296
2,2,2,19.96,4.842
1,1,2,23.5,0.738
2,1,2,7.36,3.262
3,2,1,56.66,102.341
1,1,1,35.97,0.921
2,1,1,26.36,3.325
1,3,2,18.45,0.833
1,3,5,30.72,0.683
1,3,2,40.99,0.975
2,2,3,4.08,6.529
3,1,1,31.54,23.0
1,3,2,47.34,1.217
2,1,1,37.63,3.954
1,2,2,3.98,1.036
1,3,1,33.19,0.76
2,3,3,25.29,4.158
2,2,1,40.74,6.979
2,3,1,7.98,3.462
3,1,4,23.45,9.806
1,1,4,26.45,0.509
1,2,2,43.88,0.866
1,3,3,50.49,1.133
2,1,4,18.52,1.566
1,1,4,9.74,0.483
1,3,1,17.88,0.938
2,3,1,27.93,7.563
1,1,3,20.43,0.737
2,3,1,47.36,7.359
3,1,2,19.66,16.342
1,1,4,34.57,0.552
1,2,1,11.65,1.512
3,1,1,23.96,30.701
2,2,1,36.7,8.272
1,1,1,7.98,0.527
2,2,1,33.62,6.587
1,2,1,27.14,0.972
2,3,2,22.58,5.081
1,1,5,24.1,0.424
1,2,1,27.2,1.631
2,3,4,21.72,2.573
1,2,2,60.54,2.447
2,1,5,48.86,2.312
2,2,2,10.72,5.284
3,3,2,11.1,16.741
1,1,1,40.54,1.781
1,3,2,14.63,0.725
1,1,1,17.76,0.737
1,3,1,18.37,1.365
1,1,2,41.72,0.795
1,1,2,20.45,0.665
1,2,2,57.78,2.163
3,2,2,42.65,18.768
1,2,2,36.87,1.674
1,1,1,48.99,0.877
2,1,3,25.09,3.957
1,1,1,9.53,0.627
2,1,3,58.93,6.732
2,1,1,30.12,2.734
2,2,2,29.87,8.488
2,2,3,27.89,4.669
2,1,1,27.32,3.347
3,2,3,11.92,31.209
1,2,1,28.63,1.103
1,2,2,20.13,1.188
2,2,4,14.48,5.504
1,2,4,17.45,1.184
1,1,2,35.48,0.827
2,2,1,22.57,12.393
1,1,2,17.2,0.539
1,2,1,15.27,0.936
2,2,2,29.22,5.237
1,2,2,35.36,0.741
1,2,2,24.73,1.474
2,1,3,32.8,2.703
2,2,3,26.99,3.225
1,2,1,57.4,3.018
1,1,2,53.92,0.881
1,1,2,20.18,0.423
2,3,2,49.17,7.662
1,3,2,24.53,0.529
3,1,5,45.8,13.385
2,1,5,26.68,1.73
1,3,1,18.49,1.162
2,2,3,39.63,5.166
3,1,1,24.74,24.782
2,1,2,12.35,2.953
2,1,2,44.6,2.327
1,2,3,44.69,1.065
2,1,2,61.72,6.857
2,1,2,35.62,2.661
1,1,3,60.97,0.59
1,3,1,21.91,0.794
3,1,3,33.49,20.173
1,2,2,26.23,0.85
1,1,1,36.63,1.036
1,1,1,25.19,0.74
1,1,1,28.67,1.047
1,1,4,14.83,0.639
1,2,4,36.23,0.667
1,2,4,28.71,0.733
1,1,3,47.0,1.084
1,3,4,22.02,0.853
1,1,5,36.86,0.371
1,3,3,27.74,0.705
1,2,2,36.0,1.152
1,1,3,52.07,0.753
2,1,1,13.43,3.43
1,1,2,5.41,0.857
2,2,4,21.38,3.267
1,2,1,32.15,1.657
1,1,1,54.49,0.983
1,3,4,22.76,0.868
1,3,1,16.57,1.079
2,1,1,72.96,10.19
2,1,1,15.38,2.373
1,3,2,12.99,0.644
1,3,2,7.63,0.697
1,1,1,27.31,0.636
3,3,2,73.65,37.237
1,3,3,40.66,0.544
1,3,1,17.23,1.033
1,2,1,31.26,1.258
3,1,2,20.47,10.84
3,2,2,15.69,19.29
1,2,3,18.62,1.06
1,1,1,10.08,0.498
2,2,1,7.14,6.327
1,2,4,45.27,1.301
1,2,1,11.5,1.389
1,3,1,14.24,0.668
1,3,1,16.1,1.468
1,1,2,10.29,0.485
2,2,1,24.43,6.106
2,2,3,22.16,4.465
1,1,2,44.52,0.736
1,2,1,22.79,0.874
1,2,1,11.33,1.171
2,3,1,8.58,4.094
1,1,4,11.5,0.45
1,3,2,19.53,1.462
1,1,4,13.82,0.555
1,1,5,48.6,0.424
1,2,3,27.49,1.296
1,2,2,48.78,1.012
2,1,5,54.77,2.136
1,1,3,30.49,0.421
2,1,2,47.45,3.442
2,3,2,51.42,3.517
1,3,2,14.69,1.33
2,1,3,41.76,3.268
3,2,1,33.05,21.878
1,2,1,16.17,1.32
2,1,3,26.98,2.505
2,2,4,34.22,2.858
2,3,2,34.71,5.947
1,1,2,17.32,0.879
1,1,1,33.92,0.599
1,3,3,61.18,1.347
1,2,2,29.0,0.941
1,1,3,22.84,0.593
2,1,1,31.09,4.253
1,2,2,57.71,0.915
1,2,1,51.99,1.311
1,1,1,47.92,0.943
1,2,2,64.64,2.218
2,1,2,40.42,4.346
2,1,4,46.55,3.758
1,1,4,48.59,0.379
1,3,3,56.25,0.977
1,1,1,39.21,0.787
3,1,3,16.54,11.966
1,2,1,18.59,1.521
1,1,2,28.12,0.508
1,2,2,53.98,1.96
1,1,3,33.06,0.637
1,1,1,9.65,0.654
3,1,4,28.62,8.47
1,3,1,27.79,0.548
1,1,1,35.8,1.01
1,1,2,33.68,1.009
1,2,2,8.02,0.918
3,3,2,22.06,23.898
2,1,1,13.67,2.854
3,1,2,29.27,15.548
2,1,1,23.03,6.393
2,1,5,60.83,3.203
1,1,2,42.38,0.548
1,1,1,30.8,1.117
2,2,3,21.46,6.0
2,1,1,11.23,4.078
1,2,2,23.66,0.988
1,2,1,32.29,1.171
2,1,1,42.99,5.169
1,2,5,3.28,0.663
1,2,1,8.15,2.017
1,1,1,42.7,0.63
1,3,1,22.9,0.997
1,2,3,25.81,0.969
2,3,2,52.89,6.527
2,2,1,16.45,6.298
1,3,2,29.88,0.986
1,1,4,14.87,0.499
1,3,2,18.78,1.024
1,3,1,21.06,0.996
1,1,1,46.19,1.201
2,2,3,25.11,2.788
2,1,2,17.01,2.86
1,2,1,55.39,1.993
2,3,2,2.24,2.909
1,1,2,39.84,0.772
2,1,1,35.61,4.143
1,1,3,39.74,0.73
2,2,1,21.82,8.779
1,1,1,29.04,1.113
1,3,1,43.06,1.291
1,1,1,34.12,0.669
2,1,4,50.62,2.619
3,3,3,28.25,18.744
2,2,2,19.32,4.132
2,1,2,32.03,5.062
1,2,4,37.83,0.908
2,3,2,23.46,3.078
2,3,2,17.63,4.197
1,1,1,12.13,0.751
1,1,2,19.64,0.768
1,2,2,32.48,0.852
1,2,1,7.45,1.014
1,1,4,17.5,0.377
2,1,2,14.14,1.787
2,1,2,35.27,4.106
1,3,1,38.07,1.247
3,1,2,45.35,31.405
2,1,1,36.8,4.448
1,1,3,21.92,0.588
3,2,2,63.17,71.782
2,3,4,24.71,3.126
1,1,2,28.96,0.57
3,2,2,37.64,39.505
1,2,1,43.39,1.232
1,3,1,15.06,1.042
1,1,2,2.92,0.525
2,3,3,59.05,5.156
3,3,3,24.16,29.223
1,3,5,48.84,0.858
1,2,1,38.25,1.544
1,1,1,2.28,0.694
2,1,1,36.16,3.417
1,1,1,55.61,0.776
1,1,1,20.78,0.781
1,3,2,22.19,0.785
1,3,2,22.4,0.672
3,1,1,42.61,25.456
3,1,2,66.26,32.312
1,1,5,26.66,0.453
2,1,2,25.14,3.152
2,3,2,18.46,4.183
1,3,2,53.17,1.71
1,1,1,31.96,0.729
2,3,2,24.26,3.331
1,1,2,11.13,0.643
2,2,4,45.36,3.244
1,1,3,65.83,0.451
2,1,2,55.05,7.808
1,2,4,24.71,0.506
1,1,1,25.62,0.792
1,1,2,9.53,0.616
1,1,3,33.79,0.473
2,1,2,25.29,2.298
2,1,2,24.17,2.418
1,1,3,15.41,0.477
2,1,5,36.35,2.101
1,1,1,26.66,0.621
1,1,4,12.06,0.255
3,1,1,24.23,17.884
1,2,2,39.8,1.319
2,1,3,50.47,2.799
1,1,1,43.97,1.209
1,1,2,51.3,0.603
2,1,4,17.06,2.108
2,1,2,55.5,6.911
1,2,2,26.38,1.109
2,1,1,31.81,3.981
2,2,4,57.14,8.552
2,1,1,17.45,4.861
1,1,1,18.59,0.614
1,1,1,37.86,0.533
2,1,2,14.87,1.811
2,2,3,33.01,3.941
1,2,2,48.87,0.837
1,1,2,3.66,0.502
1,1,2,24.63,0.623
1,1,3,24.06,0.429
1,1,1,18.38,0.608
2,2,2,42.22,6.911
2,3,1,37.74,10.433
3,2,3,4.25,18.109
2,1,3,28.54,1.792
1,1,1,16.92,0.839
2,1,3,23.18,2.548
2,3,1,17.03,4.393
2,1,4,29.09,1.653
1,1,2,26.23,0.922
2,2,1,20.07,5.516
1,2,2,21.53,1.014
1,3,1,10.08,0.517
1,2,2,28.3,1.147
1,1,2,32.06,0.687
2,2,2,39.88,6.361
1,1,1,10.79,0.464
1,3,3,59.53,1.089
2,1,2,27.88,2.842
2,3,1,30.12,3.643
1,1,1,35.85,1.061
1,2,4,6.84,0.794
1,2,1,22.76,1.673
2,1,1,39.07,8.049
2,1,1,31.34,4.683
1,2,2,12.23,1.022
3,2,1,25.84,30.201
2,1,3,37.18,3.732
2,1,2,39.23,2.988
1,1,1,25.69,0.967
3,1,1,45.12,12.519
1,2,2,8.27,1.045
1,1,1,48.72,1.14
1,1,5,45.5,0.298
1,1,1,40.38,0.553
1,3,1,11.88,0.877
1,1,1,25.03,0.765
1,2,3,19.85,1.247
1,3,5,44.07,0.56
2,2,3,15.34,4.854
2,1,4,33.06,3.097
1,2,1,12.32,1.526
1,3,1,3.75,0.872
1,1,2,32.05,0.38
2,3,1,17.3,4.574
2,2,1,28.2,4.692
1,2,4,36.2,0.894
3,2,1,3.4,20.061
2,1,1,28.84,3.478
2,1,2,74.81,5.644
2,2,1,65.86,15.447
1,3,1,19.98,1.148
3,1,4,14.72,11.703
3,2,2,33.01,28.777
2,2,5,31.42,4.867
2,1,1,67.08,3.253
3,2,3,30.13,31.919
2,1,3,21.43,1.636
1,1,2,27.71,0.531
1,1,1,2.77,0.515
2,1,1,36.83,4.143
2,1,3,15.67,5.106
1,1,4,1.53,0.393
1,2,4,18.87,0.826
3,3,2,61.14,24.928
1,2,1,18.2,0.85
1,2,1,3.89,1.036
2,2,3,29.72,6.534
1,3,3,24.26,0.828
1,2,2,53.58,1.35
2,1,5,37.15,3.285
3,1,5,15.7,7.454
1,1,1,38.22,0.626
1,3,2,36.52,0.92
1,2,3,34.22,1.31
2,1,4,17.07,2.405
1,1,1,25.29,0.88
1,3,2,37.97,0.926
2,2,1,40.72,7.944
3,1,5,27.15,10.5
1,1,1,46.82,1.134
1,1,2,27.93,0.527
2,3,2,58.69,5.95
1,2,2,29.42,1.331
2,1,3,30.62,2.666
1,1,2,37.46,0.693
1,2,2,5.76,1.255
1,2,3,55.3,1.179
1,1,1,26.29,0.61
2,2,3,7.98,4.277
2,1,2,16.43,2.378
2,3,2,17.56,3.785
2,3,2,31.46,5.688
1,1,1,46.46,0.958
3,1,1,11.92,20.125
2,1,1,41.0,4.401
1,1,1,11.13,0.726
2,2,1,49.64,6.838
2,3,1,13.77,3.467
1,1,2,10.05,0.55
1,3,1,11.74,1.106
1,3,3,25.03,0.595
3,2,5,27.94,18.073
2,1,2,35.66,3.287
2,3,1,1.93,3.746
3,1,1,7.35,18.085
1,3,1,42.08,1.173
3,1,1,44.59,37.682
1,1,2,32.77,0.525
2,1,1,34.0,1.758
1,1,1,47.79,0.626
1,2,1,2.7,1.318
1,1,1,10.42,0.471
1,2,1,24.08,1.39
1,1,1,31.28,0.557
1,2,2,6.78,1.196
2,2,1,41.94,8.624
3,3,2,33.43,16.271
1,3,3,10.71,0.88
1,1,1,20.51,0.636
1,1,1,35.7,0.734
2,1,1,44.26,7.605
2,1,3,22.49,1.619
3,1,2,50.42,31.918
1,3,5,25.78,0.366
1,2,2,27.23,0.663
3,3,2,6.24,25.246
2,1,2,18.22,2.025
1,3,1,20.86,0.713
3,2,1,30.73,37.363
1,1,3,33.05,0.519
1,1,1,27.88,0.626
1,2,1,29.42,1.481
2,1,5,6.64,2.366
2,1,2,9.22,2.934
1,3,1,58.61,1.323
1,1,2,53.15,0.588
1,1,3,14.87,0.476
1,1,2,23.5,0.478
2,2,3,41.25,7.784
1,2,2,15.27,0.712
2,3,1,30.93,4.013
2,2,1,50.34,11.485
1,3,3,56.48,0.916
2,2,4,40.27,5.881
2,1,1,20.3,4.064
1,2,2,12.52,0.863
1,1,1,29.04,0.972
2,2,3,50.16,9.517
2,1,3,36.92,4.936
2,1,4,20.76,1.894
1,1,2,8.42,0.547
2,2,5,58.88,6.665
2,3,5,44.37,6.326
1,2,2,49.33,3.797
1,1,1,15.61,0.645
1,3,1,10.64,1.204
2,1,1,33.37,3.541
1,1,3,7.65,0.684
2,1,3,6.55,2.292
1,1,1,46.92,0.665
2,1,1,12.67,3.379
1,1,1,20.43,0.397
2,1,1,18.97,2.109
1,1,5,8.99,0.367
2,1,1,50.95,4.458
3,2,2,24.62,28.581
1,1,2,16.55,0.52
1,2,3,16.97,1.496
1,2,2,15.74,1.306
1,2,2,5.73,0.781
2,2,4,61.7,8.971
1,1,2,9.41,0.52
2,2,2,42.91,12.751
1,1,4,17.51,0.418
3,1,3,32.63,12.823
1,2,1,35.68,1.222
3,3,1,8.83,21.341
1,1,3,6.36,0.495
3,1,2,41.85,19.167
2,1,3,14.21,2.396
1,1,4,5.42,0.513
2,3,3,26.86,2.422
1,1,2,31.01,0.629
1,3,5,59.7,0.915
1,3,2,7.77,0.427
2,1,5,10.58,1.364
2,1,4,43.19,1.784
1,1,2,23.03,1.009
2,2,1,49.9,14.08
1,1,2,5.67,0.864
1,1,3,3.57,0.697
1,1,1,51.82,0.787
1,1,2,41.18,0.469
2,1,2,36.75,4.35
1,2,1,53.92,1.324
1,1,2,25.46,0.679
1,2,1,23.07,0.979
2,1,4,55.16,4.806
2,2,1,27.43,8.665
1,1,3,26.51,0.576
2,2,2,41.88,8.17
1,1,3,49.03,0.353
2,2,1,34.39,11.677
1,1,1,28.58,0.558
1,2,1,33.49,1.003
1,1,2,18.57,0.622
1,3,2,14.58,0.76
1,1,1,54.29,1.062
2,2,2,21.44,4.204
1,1,1,16.11,0.698
1,2,2,7.91,0.917
2,3,2,8.33,3.399
2,3,1,5.52,3.058
3,2,2,35.18,42.153
1,1,1,41.65,0.908
2,1,3,31.69,3.219
2,1,1,31.22,6.054
1,2,2,20.28,1.259
1,1,2,39.45,0.767
1,1,2,29.37,0.499
1,1,4,36.69,0.606
2,1,3,13.41,2.572
2,2,1,25.22,11.035
1,2,2,38.76,0.926
1,1,1,38.87,0.988
3,1,1,30.21,17.826
1,3,1,13.03,0.852
1,1,2,25.26,0.5
3,2,4,44.6,30.417
1,2,2,33.79,1.756
2,1,1,36.93,2.967
2,3,1,16.05,5.039
1,1,1,9.88,0.562
1,3,2,27.19,0.981
2,1,4,52.4,3.715
1,3,4,16.24,0.606
1,1,4,26.47,0.49
1,1,4,24.51,0.598
2,2,2,24.98,4.064
1,3,1,46.85,0.866
1,1,1,59.22,1.313
1,3,2,14.07,0.764
1,2,1,66.18,2.694
2,3,2,31.49,3.039
2,3,2,7.51,3.263
1,1,1,18.7,0.654
2,1,3,24.03,2.286
2,2,2,8.15,5.891
2,3,1,33.17,4.581
1,1,1,20.67,0.533
1,3,5,6.14,0.335
2,1,4,34.94,2.352
2,2,3,5.15,5.427
2,2,3,38.46,7.374
1,2,2,59.56,2.412
1,1,2,27.93,1.004
1,1,4,19.37,0.284
1,1,1,19.87,0.616
1,2,1,13.95,0.864
1,1,1,18.07,0.733
1,3,1,8.11,1.078
1,1,1,57.62,1.477
3,1,2,10.46,14.947
1,3,3,8.58,0.686
1,2,2,23.52,1.03
2,1,3,36.14,2.445
1,3,1,41.7,0.964
1,1,3,40.64,0.703
1,2,3,22.29,0.64
1,2,1,16.0,0.781
1,1,3,28.59,0.717
1,2,4,41.0,0.938
1,2,2,22.35,0.864
1,2,1,26.17,1.544
1,2,2,13.92,0.947
2,1,1,44.93,5.732
1,1,3,49.06,1.842
1,1,2,15.89,0.527
1,1,1,28.34,0.512
2,1,4,26.64,2.144
1,1,1,11.86,0.482
2,3,1,5.84,4.426
1,1,3,28.08,0.561
3,3,2,29.27,19.104
1,1,4,50.45,0.696
2,2,1,51.98,12.005
1,1,2,17.95,0.529
1,3,1,42.77,0.962
2,1,5,10.02,1.684
3,1,1,36.21,14.85
2,3,1,64.08,8.152
1,1,1,39.58,1.188
1,1,1,32.51,0.86
1,1,4,29.0,0.477
2,1,1,23.92,4.312
1,1,2,13.16,0.528
1,1,4,30.8,0.298
1,1,1,12.39,0.667
3,1,4,8.51,10.996
1,2,5,10.7,0.69
1,2,2,29.1,1.235
1,2,1,18.37,1.464
1,1,2,50.21,0.767
1,2,3,4.43,0.87
2,3,2,32.67,6.646
1,3,3,14.79,0.728
1,3,1,6.77,0.897
1,1,1,42.62,1.073
1,3,2,15.41,0.976
2,1,2,23.25,3.354
1,1,1,16.04,0.859
2,1,1,29.99,3.092
1,1,2,69.03,1.162
1,2,2,52.03,1.669
1,3,2,28.88,0.663
1,2,2,24.69,1.307
1,2,3,4.24,0.967
1,1,2,35.9,0.617
2,2,1,10.04,3.656
1,1,2,76.22,1.139
1,1,1,3.26,0.505
1,1,2,33.44,0.823
1,3,2,61.02,1.502
1,1,4,48.96,1.018
1,3,1,63.57,1.147
1,1,2,27.34,0.646
2,1,1,11.4,2.42
1,2,1,18.46,1.162
1,2,2,21.34,1.37
2,3,1,26.31,4.203
1,1,3,13.43,0.675
2,1,2,3.77,2.97
1,1,1,9.75,0.474
1,1,3,35.66,0.328
1,2,3,25.14,0.881
2,2,1,27.45,7.333
1,1,5,18.61,0.402
1,3,3,30.38,0.996
1,1,1,36.49,1.044
1,1,1,23.51,0.669
1,1,1,21.34,0.797
1,2,1,46.54,1.183
2,2,1,29.65,4.224
3,2,1,47.49,17.386
3,1,1,30.09,14.857
1,3,2,26.11,0.497
1,1,2,8.75,0.641
2,2,1,40.2,8.142
2,2,1,34.35,8.062
1,1,2,42.26,1.143
2,1,5,16.63,1.882
1,1,3,17.96,0.609
2,1,2,26.49,2.962
3,1,1,9.63,17.021
3,1,2,37.24,14.117
1,1,1,4.58,0.847
1,1,2,10.41,0.51
2,3,1,18.77,2.707
2,3,1,54.65,6.813
1,2,3,9.06,0.976
1,3,1,19.95,0.654
1,1,3,28.1,0.392
1,1,1,9.33,0.575
3,1,2,56.68,18.512
2,2,1,65.54,13.887
1,2,2,30.83,1.748
1,2,2,24.34,1.295
1,1,4,23.14,0.456
1,1,5,26.16,0.56
1,1,2,37.51,0.541
2,1,1,15.15,4.334
2,1,2,17.22,3.649
1,2,3,10.65,0.8
3,2,1,30.6,28.002
3,1,1,45.68,12.593
2,2,3,14.74,1.937
3,1,2,44.02,17.377
1,1,1,25.34,0.638
3,2,3,15.32,33.073
3,2,1,21.35,35.326
2,2,1,25.61,6.977
1,1,1,20.62,0.89
1,1,3,25.64,0.601
1,2,2,15.13,0.81
2,1,1,34.02,3.598
1,3,1,10.64,0.675
2,1,1,62.29,4.802
2,1,1,50.7,6.224
1,2,1,26.21,0.745
1,1,2,28.51,0.381
2,2,3,23.95,5.192
1,1,4,23.92,0.404
3,3,2,29.83,28.342
2,3,1,14.91,4.897
1,2,1,51.98,1.416
1,2,1,33.2,0.996
2,1,2,22.33,3.836
2,2,1,40.86,7.443
1,2,1,21.35,1.235
3,2,1,8.97,31.621
1,1,3,54.05,1.503
1,2,1,31.86,1.874
1,1,3,43.68,0.525
2,2,4,16.97,6.029
3,2,1,17.04,28.035
1,3,2,11.07,0.711
1,1,1,26.76,0.648
1,1,3,16.29,0.605
2,1,1,25.06,3.875
2,2,2,12.2,4.452
1,1,4,6.42,0.599
2,1,2,23.44,1.692
2,1,1,5.32,2.643
2,2,1,23.5,6.252
2,1,5,10.93,2.231
1,1,1,29.05,0.635
3,1,1,12.23,12.67
1,2,2,15.61,1.169
3,1,1,14.03,20.209
1,1,2,4.49,0.622
2,3,2,28.3,4.454
1,1,2,30.92,0.934
1,1,4,24.27,0.462
3,2,2,52.35,28.83
1,1,3,46.43,0.538
1,1,2,19.9,0.728
2,1,3,48.89,4.582
1,2,2,6.39,0.766
1,1,1,37.1,0.849
3,3,4,14.99,10.602
1,1,2,42.69,1.32
1,3,3,23.05,0.693
2,1,2,13.35,3.416
2,1,2,47.77,4.175
1,1,1,36.38,0.697
1,2,1,18.65,1.278
1,1,4,17.97,0.595
1,1,2,15.2,0.609
1,2,1,42.93,1.214
3,1,1,6.02,14.031
1,2,1,13.69,1.252
1,1,2,3.86,0.451
3,1,1,33.03,19.683
1,3,3,16.52,0.614
3,1,2,14.65,19.256
2,1,4,30.97,2.893
1,2,2,72.61,1.958
1,3,2,40.26,1.392
1,1,1,16.64,0.823
1,3,1,33.75,1.986
1,1,2,45.97,0.652
1,1,1,13.42,0.971
1,2,3,17.75,0.678
2,2,2,20.0,6.145
1,1,1,18.11,0.585
1,2,2,28.0,1.241
1,2,1,52.97,1.457
1,1,2,37.84,0.507
2,1,1,28.89,6.138
2,2,2,35.4,5.076
1,1,1,56.39,1.175
1,1,3,3.6,0.648
1,3,1,32.82,1.104
2,1,3,16.25,2.142
1,2,1,25.7,1.074
2,3,4,36.25,4.181
1,1,2,39.3,0.52
1,2,2,14.67,0.905
1,2,2,4.02,1.141
1,1,1,29.07,1.003
1,2,1,16.51,0.801
1,1,1,33.52,0.813
1,3,2,41.1,0.838
3,1,1,21.67,17.476
1,1,3,22.72,0.314
2,1,1,20.6,2.324
1,1,1,21.42,0.534
1,2,2,46.57,1.26
1,2,2,31.76,1.13
2,3,1,16.77,3.612
2,1,4,17.65,2.366
2,2,1,47.2,13.022
1,1,1,17.41,0.96
1,3,1,28.83,1.361
2,1,1,26.45,3.94
2,2,3,68.5,13.195
1,3,5,50.71,0.937
2,2,3,4.72,3.911
2,1,2,51.89,3.723
1,1,1,4.39,0.501
2,1,3,53.57,3.337
1,2,2,23.88,0.717
1,2,2,22.52,1.078
2,2,4,5.69,4.036
3,1,1,27.82,17.328
1,2,2,27.06,1.074
1,1,2,33.07,0.842
1,1,4,11.36,0.414
1,1,1,13.71,0.725
2,2,2,27.83,5.399
1,1,1,46.98,0.88
1,2,1,31.79,1.265
2,3,1,20.45,3.64
1,2,5,29.36,0.698
1,2,2,3.68,1.705
2,3,1,23.12,4.855
1,3,2,10.77,1.169
1,1,3,70.83,0.839
1,1,1,7.86,1.043
1,1,2,25.14,0.375
3,1,2,23.84,18.545
2,1,3,21.11,3.843
1,2,1,16.77,1.332
1,3,1,8.0,0.813
1,3,3,35.49,0.696
2,1,4,22.45,2.891
2,1,1,14.73,2.428
2,3,3,41.73,3.298
1,2,3,48.59,1.882
3,3,1,57.91,32.673
2,1,5,83.13,11.921
1,1,1,3.61,0.594
1,1,1,55.78,0.935
1,3,5,12.47,0.536
1,1,2,36.2,0.667
1,1,2,9.32,0.618
1,2,2,1.52,0.746
2,1,5,18.67,1.749
2,1,3,58.54,8.76
1,3,3,10.87,0.686
1,1,2,15.55,0.539
1,2,1,9.16,1.494
1,1,1,20.83,0.703
2,3,3,5.95,2.66
1,2,1,15.96,1.528
3,3,1,48.95,29.334
2,3,1,29.52,5.017
2,2,1,85.04,25.165
1,1,4,5.92,0.358
1,1,1,36.39,0.728
3,1,2,24.03,13.58
2,2,1,17.15,5.622
3,3,1,18.72,27.964
2,1,2,55.75,14.615
1,1,4,11.26,0.455
1,1,2,26.8,0.573
1,2,4,19.93,1.443
1,3,5,55.44,0.46
3,2,4,17.62,10.789
2,2,1,8.22,6.302
1,1,1,24.29,0.71
1,1,2,20.02,0.661
1,1,2,26.22,0.555
1,1,1,12.7,0.672
3,3,2,48.91,27.194
2,2,1,11.49,7.741
1,1,2,40.36,0.384
2,2,1,57.18,7.915
1,2,4,16.65,0.802
3,3,1,16.73,20.675
2,1,2,25.0,3.046
1,1,1,24.28,0.72
2,1,3,21.36,4.025
1,1,4,7.49,0.385
2,1,4,39.04,3.89
1,3,1,10.97,0.701
1,3,2,35.72,0.999
2,2,3,18.15,5.161
1,2,2,15.56,1.352
1,2,2,37.29,1.784
2,2,1,2.37,6.861
1,3,2,34.07,1.09
2,3,1,21.07,9.356
2,1,3,25.28,2.431
1,2,4,26.96,0.833
3,1,3,51.31,32.879
1,1,4,32.72,0.397
1,1,5,27.84,0.307
1,1,1,33.29,1.049
2,1,2,2.71,2.648
1,3,1,11.59,0.657
1,2,2,9.08,0.856
1,1,4,5.16,0.483
2,2,2,76.31,6.952
1,2,2,25.51,1.299
1,2,4,15.11,0.776
1,1,2,29.39,0.455
1,1,1,40.49,1.45
2,1,3,4.81,2.721
1,2,2,28.61,1.056
1,1,3,26.05,0.537
1,1,3,29.41,0.547
2,2,1,22.1,5.573
1,1,4,6.52,0.458
1,2,2,26.13,1.105
2,2,1,6.22,6.274
2,1,1,34.49,3.791
1,3,1,47.7,0.631
1,1,2,49.89,0.574
1,2,1,35.06,1.161
2,2,2,7.28,4.252
1,2,1,27.69,1.224
1,1,1,65.18,1.007
1,1,2,14.78,0.298
1,3,1,17.42,0.563
2,3,2,14.78,6.741
1,1,2,27.04,0.759
1,1,2,13.93,0.506
2,1,1,33.48,2.655
2,3,1,16.16,6.379
3,3,1,29.42,15.315
2,1,2,8.7,2.561
1,2,1,14.01,0.907
1,1,2,20.83,0.558
3,2,2,8.28,28.522
2,1,2,39.96,3.769
1,1,5,10.22,0.416
1,1,3,9.59,0.35
1,3,1,41.88,1.335
1,1,1,14.14,0.379
2,1,1,12.17,3.686
2,2,1,13.64,8.778
1,1,3,30.08,0.463
3,1,2,26.73,11.651
3,2,2,28.58,26.921
1,1,2,19.61,1.144
1,1,1,15.13,0.774
2,3,1,39.5,3.859
1,2,5,25.39,0.99
3,2,1,18.49,40.7
1,1,1,53.1,0.967
2,2,4,32.92,4.341
1,1,4,14.9,0.327
1,3,1,20.98,0.85
2,2,3,7.1,4.596
1,2,2,33.88,0.787
1,1,1,42.55,0.59
1,1,1,27.62,0.545
1,1,1,8.34,0.799
1,1,3,26.52,0.727
1,1,3,11.15,0.563
1,1,2,74.5,1.746
1,1,1,25.95,0.81
1,2,1,26.63,1.487
2,1,1,32.94,5.772
1,3,1,10.28,0.764
2,2,1,12.97,5.251
1,1,2,33.98,0.669
1,1,1,41.78,0.901
1,1,1,31.69,0.895
1,1,1,19.1,0.853
1,1,2,14.6,0.836
2,1,4,6.44,1.974
1,1,2,12.3,0.562
1,1,1,38.06,0.852
2,1,1,28.56,3.28
1,2,5,14.57,0.554
2,2,1,7.11,5.971
1,1,1,16.8,0.49
1,1,4,68.02,0.905
1,3,2,37.32,0.58
1,3,1,13.18,0.923
1,1,1,38.59,0.827
3,1,1,9.42,23.262
1,1,1,10.66,0.686
3,2,1,55.6,39.063
1,3,2,43.71,0.706
1,1,1,3.92,0.863
1,2,1,50.38,2.231
3,2,1,34.93,24.526
1,1,1,19.72,0.83
2,1,2,40.83,4.847
1,1,4,26.54,0.512
2,1,4,36.25,3.354
2,1,2,40.88,3.133
2,1,1,28.16,2.372
2,3,2,26.76,4.551
1,1,2,45.49,0.805
3,1,2,53.75,26.882
1,2,2,17.83,1.273
1,3,2,25.76,0.979
2,2,2,48.29,9.531
2,2,3,32.08,3.627
1,1,2,11.18,0.495
2,1,3,6.96,2.882
1,3,3,12.51,0.579
1,3,3,37.09,0.841
1,1,2,54.04,0.918
2,3,3,33.07,5.212
2,1,4,52.49,3.867
2,1,1,36.95,4.042
1,2,2,27.33,1.467
3,2,1,13.36,28.497
1,1,2,37.72,0.84
1,1,1,29.96,0.844
3,2,2,21.77,25.132
2,1,1,38.52,4.845
3,1,1,18.44,21.657
2,3,3,8.99,4.089
1,3,1,33.29,0.966
1,3,2,16.07,1.132
2,2,1,23.44,5.025
1,3,2,26.55,1.065
2,3,1,19.43,7.006
1,2,4,10.79,0.851
1,2,2,27.23,0.832
2,2,1,20.82,5.17
3,1,3,13.84,11.515
1,1,1,23.67,0.63
1,3,1,26.55,1.077
1,1,1,59.59,0.626
1,1,2,41.9,0.733
2,3,2,40.22,8.076
1,3,1,22.81,1.014
1,2,3,50.88,2.076
2,3,2,47.25,3.61
2,3,4,82.48,16.505
1,1,2,6.75,0.531
3,2,1,36.33,33.371
1,1,1,28.79,0.863
1,2,2,54.07,2.142
2,1,1,17.5,3.816
1,1,5,31.69,0.547
3,3,4,2.55,8.079
2,1,1,54.33,5.359
3,3,4,24.74,21.716
1,1,2,19.29,0.618
1,1,1,12.21,0.619
2,1,2,17.57,2.989
2,3,1,37.36,5.494
2,1,1,27.14,3.473
1,2,1,63.2,3.304
2,3,1,49.43,4.786
1,2,3,40.96,1.584
1,3,1,10.31,0.883
1,1,4,22.93,0.434
2,1,1,18.09,3.058
1,2,1,75.29,2.677
1,3,4,10.61,0.662
2,2,2,26.77,7.027
3,1,3,12.85,15.15
1,3,4,14.78,0.467
2,1,1,43.53,3.067
2,1,4,1.51,2.224
1,2,3,28.43,0.834
2,1,2,42.75,3.702
3,3,5,14.16,10.173
2,2,5,36.55,3.511
1,3,1,38.51,1.24
2,1,3,30.24,2.737
2,2,1,18.77,6.271
2,2,1,33.99,2.802
1,1,3,25.71,0.408
1,1,2,14.11,0.647
2,3,2,7.26,2.73
1,1,1,41.36,0.638
3,1,2,6.65,10.519
1,2,1,56.22,1.753
2,3,2,17.06,2.786
1,3,1,47.3,1.27
2,3,3,19.6,2.107
2,2,4,40.57,8.256
1,1,4,39.6,0.763
1,2,2,56.38,2.12
3,2,3,16.16,18.077
2,1,1,12.15,3.298
1,3,2,37.99,0.686
1,3,2,26.97,0.859
3,3,1,5.31,15.322
2,1,1,32.3,4.788
1,1,2,37.69,0.679
1,1,2,16.38,0.531
1,1,1,4.87,1.236
2,2,1,35.26,5.53
2,2,2,7.84,3.536
1,1,1,23.22,0.483
1,2,5,32.37,1.022
1,1,1,32.32,0.491
1,3,1,43.63,1.345
3,1,1,40.65,19.926
2,1,1,31.76,2.91
1,3,3,4.96,0.679
1,2,1,26.32,1.376
1,1,2,12.34,0.552
2,1,1,20.47,2.548
1,2,1,26.02,0.99
1,2,1,26.83,0.904
3,3,2,7.03,18.898
1,1,3,34.89,0.521
2,3,1,12.96,4.017
1,1,1,42.58,1.341
1,1,2,15.71,0.569
2,2,1,59.27,15.895
2,3,1,44.21,7.296
2,1,1,42.19,4.781
1,1,4,22.05,0.404
1,2,1,34.86,2.126
1,2,1,38.24,1.096
1,3,2,33.16,0.846
1,2,4,19.63,1.148
1,2,1,24.41,0.887
1,3,2,7.67,1.315
1,1,3,25.64,0.363
1,1,5,66.25,1.573
1,2,1,36.34,1.113
2,2,3,36.77,5.411
3,3,4,37.4,43.1
1,1,2,25.32,0.46
1,1,1,17.57,0.557
2,1,1,20.89,2.597
1,2,2,22.82,1.118
2,1,1,48.57,5.794
1,2,3,10.11,0.887
2,2,2,40.12,11.471
1,1,5,57.01,0.554
2,1,2,44.26,2.835
1,2,2,9.24,1.218
1,2,3,5.17,1.139
1,1,2,12.22,0.545
1,2,2,36.86,0.966
3,3,2,13.21,18.77
1,3,3,14.73,0.735
1,3,1,29.32,1.013
1,2,4,36.58,1.062
1,3,1,53.59,1.712
2,2,2,15.25,4.187
2,1,1,16.32,3.459
1,1,3,10.15,0.414
1,2,5,47.77,0.853
2,2,2,26.6,6.618
1,3,2,10.79,0.763
2,3,2,14.95,1.776
1,1,2,34.63,0.453
1,3,3,40.26,1.362
1,1,3,18.97,0.779
1,1,2,33.81,0.616
2,1,1,37.13,3.723
1,3,1,20.91,1.217
2,3,2,22.91,3.96
1,2,1,42.85,1.71
2,2,2,17.76,5.37
1,1,1,29.68,0.77
1,3,4,11.32,0.313
1,3,5,15.55,0.438
1,1,1,16.62,0.523
1,1,2,9.98,0.701
1,1,2,45.68,0.324
1,3,2,8.78,0.764
1,2,1,9.85,1.393
1,1,3,32.24,0.756
2,2,2,26.13,5.07
3,1,1,4.53,15.967
2,2,4,8.46,4.048
3,2,2,29.63,30.95
3,2,4,36.91,26.849
1,1,1,18.42,0.392
1,3,2,39.61,0.874
1,3,2,5.3,0.83
1,1,1,13.81,0.613
2,2,1,6.24,4.829
2,2,4,26.66,4.489
2,2,1,18.42,7.679
2,1,1,7.43,2.513
2,2,3,33.78,5.494
1,2,4,24.48,0.671
1,1,4,73.98,1.042
3,1,2,29.78,25.506
2,2,2,43.31,5.756
1,1,1,50.44,1.054
1,3,1,18.42,1.261
2,2,1,20.64,7.119
2,2,4,37.34,5.355
1,1,2,11.15,0.767
3,1,2,4.8,18.91
1,3,1,21.71,0.772
3,1,1,28.18,20.781
2,2,2,45.8,5.501
2,1,2,16.11,2.992
3,2,4,21.32,11.429
2,1,5,25.31,1.726
1,1,2,47.09,1.111
2,3,3,36.25,2.685
1,3,2,9.99,0.473
1,1,1,26.5,0.669
2,3,1,26.41,6.442
1,1,2,7.19,0.706
1,2,1,55.37,1.42
1,3,2,23.74,0.791
1,1,2,21.66,0.574
1,2,1,34.24,2.507
2,2,3,30.52,4.0
1,1,1,7.99,0.621
2,3,1,24.36,3.857
1,2,1,11.85,1.345
1,2,1,18.08,1.379
1,1,2,45.35,1.074
1,1,3,40.28,0.356
2,2,2,61.58,8.078
3,3,1,16.37,21.208
1,2,4,26.89,0.943
1,1,1,22.02,0.489
2,3,2,24.63,4.669
1,3,4,29.51,0.414
1,2,3,32.43,0.943
1,1,1,71.99,1.625
2,2,2,49.82,6.414
1,1,2,34.53,1.034
2,1,2,10.9,2.951
1,3,1,37.27,1.111
1,3,4,18.95,0.496
3,2,2,48.46,37.518
1,1,2,62.97,1.481
1,1,1,26.78,0.726
1,1,1,11.55,0.584
2,1,2,13.29,2.619
1,1,1,3.5,0.656
1,2,3,9.27,1.237
1,1,1,41.26,1.042
1,1,3,36.43,0.977
1,3,1,15.36,0.693
1,2,5,14.09,0.661
1,2,2,6.72,0.924
1,2,1,41.31,0.647
2,3,2,18.96,3.408
2,2,2,14.53,5.793
2,1,1,39.73,4.663
1,2,1,14.26,1.844
1,1,2,35.23,0.712
2,3,2,52.69,5.339
1,1,2,20.32,0.861
2,2,2,54.49,10.341
1,3,4,52.22,1.186
1,1,1,16.97,0.554
2,3,4,49.94,6.324
1,2,1,19.54,0.845
1,3,2,7.72,0.937
2,2,2,26.64,4.113
1,1,3,51.91,1.098
1,1,1,38.18,1.059
1,1,5,32.1,0.656
1,2,1,2.98,0.917
1,1,2,35.34,0.666
2,1,2,24.4,2.763
2,2,1,15.91,7.969
1,1,1,30.17,0.657
2,2,4,15.86,4.562
2,1,2,7.88,3.445
1,1,1,9.84,0.629
1,2,2,30.06,1.185
1,1,1,49.02,1.083
1,1,4,57.46,0.571
2,1,1,23.47,3.147
2,1,3,43.93,2.896
2,1,1,46.5,4.786
1,2,3,39.27,1.392
1,2,1,44.71,1.439
1,1,2,6.23,0.506
1,1,4,4.63,0.439
1,3,2,24.82,0.477
1,1,3,22.09,0.427
2,3,1,29.98,6.022
1,1,2,35.19,0.572
1,2,2,31.64,1.239
1,2,1,29.08,2.058
2,2,1,29.53,5.015
1,2,1,24.54,1.24
1,2,2,54.26,1.49
1,3,1,18.82,1.126
1,1,1,39.58,0.812
1,2,3,13.6,0.975
2,1,4,14.95,1.543
1,1,1,33.71,0.644
1,2,3,35.34,1.182
1,2,1,42.38,1.171
1,3,1,54.54,1.115
3,2,1,39.05,37.37
2,2,2,32.77,5.459
1,1,1,55.5,1.263
1,1,4,18.15,0.444
1,2,2,39.92,1.806
1,1,1,13.43,0.423
1,3,3,30.01,0.579
2,3,4,28.83,2.808
2,1,1,21.86,4.333
1,1,1,53.19,0.953
2,1,3,21.22,3.044
1,1,3,50.84,1.735
1,1,4,47.22,0.573
1,1,2,35.67,0.63
1,2,1,53.91,2.428
1,1,1,20.96,0.888
3,3,2,42.34,38.169
1,2,1,21.99,0.905
1,2,1,14.02,1.471
1,1,2,65.92,0.992
1,1,2,3.87,0.676
1,1,2,37.12,0.567
1,3,5,10.65,0.617
1,3,1,31.02,1.013
1,1,3,22.1,0.391
1,1,1,27.38,0.755
2,1,1,29.02,3.875
3,1,3,25.49,23.085
1,3,2,26.23,0.505
2,2,1,36.85,6.44
2,1,1,31.92,3.495
1,1,1,10.17,0.732
2,1,5,8.42,1.233
1,2,1,31.8,0.865
3,2,1,6.99,22.785
1,2,4,36.03,0.993
1,3,4,31.61,0.453
2,2,2,34.91,10.895
3,3,3,8.83,16.324
1,2,2,34.23,1.014
3,3,1,13.9,23.506
2,1,1,23.41,2.628
2,1,4,33.17,2.692
2,3,2,43.86,3.192
2,1,2,15.5,3.362
1,1,5,23.22,0.335
2,2,2,20.83,5.024
1,2,1,49.37,1.398
3,1,1,16.22,17.991
2,2,1,31.67,5.475
2,1,2,21.19,3.02
1,1,3,29.41,0.535
1,3,4,13.78,0.407
1,1,2,15.96,0.442
1,1,1,30.78,0.54
2,1,4,19.42,2.171
2,3,4,4.21,2.585
2,1,2,19.06,4.065
1,1,5,30.43,0.374
3,1,1,12.3,15.463
2,1,2,27.34,2.081
2,1,2,21.72,3.44
1,1,3,39.8,0.74
2,1,1,16.38,2.651
1,3,4,26.27,0.718
1,1,4,58.73,0.808
2,2,2,31.25,4.816
2,3,1,49.45,5.332
1,3,2,61.77,1.182
3,3,2,24.35,11.926
2,2,1,18.43,8.502
1,1,1,24.02,0.667
1,1,1,24.84,0.531
1,1,2,42.51,0.458
2,2,1,69.46,14.257
2,1,1,15.98,3.136
1,2,1,50.91,1.999
1,3,5,17.5,0.42
1,1,1,76.87,1.594
1,3,1,13.46,1.269
2,2,1,10.46,6.437
1,2,5,65.36,1.687
1,1,2,18.16,0.648
1,1,1,1.69,0.515
2,2,3,22.47,3.936
1,3,1,12.85,0.815
1,2,2,11.71,1.32
1,2,2,36.33,1.996
3,1,1,24.03,15.235
1,2,2,21.28,1.711
1,2,1,1.87,1.432
1,1,5,12.74,0.537
1,2,3,12.79,1.036
2,1,2,9.13,2.66
2,2,1,13.2,7.432
1,3,1,14.91,0.968
2,3,2,51.25,7.128
2,1,5,31.05,2.685
1,2,2,59.19,1.43
1,2,3,3.2,0.69
2,2,1,31.76,6.034
2,1,1,58.03,5.634
1,2,1,52.88,1.977
1,2,1,17.63,0.687
3,3,1,31.2,29.765
1,3,1,20.62,0.504
1,2,1,12.79,1.391
1,1,1,14.0,0.697
2,2,1,28.97,9.565
2,3,1,8.5,3.057
1,1,2,5.96,0.608
1,3,1,9.39,0.641
1,1,2,57.59,1.082
2,3,1,17.58,4.925
1,3,2,46.77,1.754
1,3,2,15.44,0.8
1,1,3,28.51,0.552
1,3,3,40.13,1.171
1,1,2,22.77,0.438
3,1,3,13.29,22.675
2,1,1,51.23,6.144
1,3,2,32.74,0.907
2,1,1,23.84,2.208
2,1,5,6.27,1.559
3,2,2,23.89,35.808
3,3,2,8.38,13.13
2,1,3,21.98,1.631
1,1,2,22.77,0.609
1,1,2,2.71,0.486
1,2,2,9.22,0.639
1,2,4,47.29,1.883
2,1,1,39.93,4.994
1,2,1,21.19,1.09
2,1,1,22.63,3.044
3,1,2,69.42,17.112
1,1,3,33.84,0.63
2,2,2,40.11,7.119
2,3,2,30.03,5.769
1,1,2,11.89,0.635
3,2,4,25.23,15.824
1,3,1,49.71,0.97
1,2,3,26.85,0.909
1,1,1,12.97,0.727
1,1,1,55.82,0.722
1,1,3,28.65,0.736
2,3,2,26.92,3.778
2,3,1,30.73,5.13
1,1,1,17.91,0.554
1,2,4,9.65,0.789
1,1,1,14.48,0.806
1,1,2,24.93,0.931
1,1,1,19.48,0.611
1,1,4,13.15,0.572
2,2,3,11.94,4.276
3,1,2,28.27,11.936
1,2,2,28.99,1.127
2,3,1,9.64,3.913
3,3,4,33.82,19.783
1,1,5,10.83,0.28
1,1,1,25.55,0.713
1,3,2,12.17,0.917
1,3,2,36.43,1.417
1,2,1,55.63,2.143
1,1,4,4.82,0.363
1,1,1,5.05,0.511
1,1,1,83.54,3.078
1,1,2,17.09,0.725
1,1,1,62.29,1.344
1,2,1,6.64,1.104
1,2,2,12.16,0.953
1,2,2,8.88,1.09
1,3,2,23.36,0.57
2,2,4,21.2,4.685
1,1,2,25.49,0.422
2,3,4,55.73,5.739
2,1,1,10.08,3.369
1,1,1,9.86,0.916
1,1,1,36.84,1.078
2,3,2,51.17,6.956
1,1,4,41.52,0.376
2,1,2,30.62,4.5
2,2,1,19.92,4.685
1,3,1,20.53,0.945
1,3,1,17.49,0.882
2,1,2,33.06,3.539
1,3,2,8.61,0.768
1,1,1,60.45,0.677
2,1,3,27.86,3.289
1,1,5,15.52,0.39
2,1,1,15.84,2.821
2,2,1,18.23,4.473
1,2,2,2.81,1.04
1,2,2,38.91,1.165
1,2,2,3.82,1.035
2,2,2,22.87,5.339
1,3,3,10.43,0.665
1,1,1,38.51,0.993
2,1,1,36.1,3.999
1,3,5,62.55,1.363
1,1,3,32.04,0.601
2,1,1,51.86,3.156
1,1,1,50.26,0.555
1,2,3,4.41,1.068
1,1,4,26.82,0.464
1,1,1,34.83,0.858
1,1,3,40.59,0.784
1,1,1,19.31,0.653
3,3,2,6.52,18.287
1,2,2,15.61,1.437
1,3,2,35.83,0.72
2,1,1,25.52,2.714
1,2,1,15.73,1.438
3,2,1,19.74,32.093
1,1,2,31.66,0.701
1,1,2,32.74,0.498
1,1,1,47.04,0.483
1,1,3,14.21,0.561
3,2,1,7.21,18.884
3,3,2,46.4,28.471
1,1,1,15.6,0.677
1,1,1,12.14,0.401
1,1,1,56.29,1.181
1,2,2,30.63,0.844
1,1,1,35.76,0.635
1,3,2,28.69,0.879
1,3,1,36.97,1.316
1,3,3,25.98,0.441
2,2,4,17.86,3.529
1,3,5,56.88,0.508
1,3,2,8.2,0.876
1,1,2,21.11,1.058
2,2,1,9.45,5.698
2,2,1,28.3,7.992
1,2,2,18.42,0.909
2,1,4,63.94,3.426
2,1,1,22.47,3.277
1,2,1,35.35,1.409
1,1,2,59.72,0.977
3,1,3,39.15,21.648
1,3,1,32.89,0.632
1,3,1,35.96,1.057
1,3,1,22.01,1.011
1,3,1,20.11,0.879
2,1,1,36.3,5.755
2,2,1,45.96,12.916
2,1,2,33.56,3.404
2,1,1,31.25,3.905
2,2,1,6.96,7.052
1,3,2,36.37,0.67
2,3,4,17.99,2.896
1,2,5,27.63,0.617
1,1,4,34.26,0.803
3,1,1,19.74,15.264
3,2,1,18.93,19.914
1,1,1,43.98,0.94
1,1,1,8.64,0.715
1,1,2,28.69,0.612
2,1,1,52.43,4.395
1,3,1,4.86,0.965
1,1,3,47.56,0.789
1,1,2,14.15,0.736
2,2,3,35.7,6.474
3,2,1,16.18,28.722
3,3,2,33.82,17.247
2,3,2,14.17,4.673
1,1,4,19.87,0.43
1,1,3,50.5,0.652
1,1,5,28.01,0.318
1,3,3,40.88,1.149
2,1,4,28.07,2.657
1,3,3,40.15,0.618
2,3,1,22.52,2.913
1,3,1,37.72,0.835
1,2,2,5.49,0.918
2,2,4,26.96,3.162
1,2,1,20.81,1.244
1,1,3,52.06,0.747
2,1,2,35.53,3.458
1,2,2,52.63,1.496
1,2,4,18.79,0.67
1,3,1,26.29,1.056
3,1,4,57.66,16.77
1,1,1,63.06,1.485
1,2,1,19.7,2.03
1,1,2,26.29,0.459
1,2,1,11.22,1.314
3,1,1,13.15,11.939
1,2,5,30.35,0.838
2,1,1,21.66,4.166
2,1,1,63.58,4.69
1,2,4,13.46,0.607
2,2,1,22.01,7.922
3,3,2,47.34,34.829
3,2,2,28.12,19.693
2,2,1,18.25,10.99
1,2,2,16.75,1.362
1,2,4,20.28,0.919
1,3,1,27.69,0.805
2,1,2,24.32,2.951
1,2,3,34.19,0.647
2,1,1,38.99,3.743
2,1,1,6.14,4.112
1,2,1,19.82,1.541
3,2,1,14.0,28.615
1,2,2,7.84,1.379
1,1,3,60.36,0.828
2,1,2,42.36,5.844
1,2,2,8.05,1.213
1,2,1,19.03,1.46
3,1,1,3.32,13.954
3,1,2,9.73,17.65
2,2,2,44.38,8.897
1,1,3,14.11,0.443
1,2,2,48.14,1.271
1,2,2,44.69,2.338
1,1,5,49.4,0.6
3,2,1,51.96,68.484
1,1,1,23.88,0.858
2,3,1,57.32,8.588
1,1,2,9.52,0.737
1,1,2,23.85,0.48
1,2,1,7.2,0.918
1,1,3,28.63,0.693
1,3,1,13.48,0.558
3,1,1,15.42,18.368
2,1,2,36.51,3.719
2,3,3,8.97,3.13
1,3,1,18.74,0.936
2,1,1,52.35,4.542
2,1,2,43.88,7.988
1,3,2,5.69,0.628
2,1,4,2.29,2.423
2,3,4,17.93,2.519
3,2,1,6.12,19.928
3,3,1,40.47,20.124
1,2,1,11.79,1.262
1,3,2,22.18,1.057
1,1,1,7.8,0.798
1,3,1,18.93,0.803
1,1,3,16.47,0.416
1,1,1,35.18,0.997
2,2,2,13.02,4.623
1,1,4,10.62,0.362
2,1,1,33.12,3.801
3,2,3,25.46,26.893
1,2,1,38.13,1.082
1,2,4,49.8,1.299
2,1,2,25.02,2.674
1,1,3,21.82,0.474
1,1,1,28.89,0.899
2,2,2,63.64,18.42
1,1,3,34.91,0.589
1,3,1,65.51,2.29
3,3,1,9.64,17.352
1,3,1,25.92,1.361
1,1,1,21.75,0.885
1,2,3,29.41,1.05
1,2,5,20.48,0.77
1,2,1,38.83,1.382
1,3,1,43.23,1.662
1,3,2,7.86,0.61
3,1,2,25.26,9.889
2,1,4,38.25,6.803
1,2,1,26.29,1.362
2,1,1,20.88,3.675
1,2,1,13.77,1.502
2,2,2,10.4,4.072
1,2,1,30.56,1.904
2,1,1,12.87,3.145
3,2,2,12.49,25.805
1,1,2,23.18,0.396
1,1,1,21.13,0.608
1,2,2,27.9,1.116
1,1,1,45.32,0.81
1,3,2,36.49,2.573
2,1,1,11.2,2.947
1,3,2,13.92,0.738
1,3,1,5.93,0.814
2,1,1,48.28,6.695
2,1,2,32.15,4.475
1,1,2,11.82,0.849
3,2,2,25.61,41.481
2,1,4,10.65,2.539
3,3,4,29.59,8.036
1,2,2,23.91,1.454
1,2,4,20.5,0.627
1,2,3,16.14,0.606
3,2,2,37.64,21.897
2,1,1,39.05,3.443
2,2,1,32.06,8.025
1,2,2,23.95,0.977
1,2,3,21.27,0.986
2,3,2,23.96,3.328
1,2,3,56.94,2.62
1,2,2,23.98,1.637
2,2,4,8.61,3.135
2,2,1,48.98,6.46
1,3,3,20.04,0.569
2,2,1,10.84,4.74
1,1,3,58.21,1.031
1,2,1,39.5,1.928
1,3,1,1.57,0.991
1,1,1,12.96,0.753
1,3,2,5.91,0.576
1,3,1,52.7,1.493
1,1,3,71.31,1.051
1,3,1,3.55,1.0
1,2,1,15.02,1.86
2,3,1,22.27,3.121
1,2,3,49.14,1.105
1,2,1,4.59,1.08
1,1,1,59.2,1.551
1,1,1,22.41,0.654
2,1,1,51.18,4.913
2,2,2,15.77,6.17
1,1,2,25.14,1.164
1,3,1,39.68,2.462
1,1,1,42.58,0.542
1,2,3,41.16,0.815
2,3,1,34.24,3.837
1,1,1,35.15,0.978
2,1,1,22.73,3.092
2,1,1,5.6,3.285
1,3,2,27.08,1.057
1,3,2,47.02,0.851
2,2,2,21.62,5.97
2,2,5,21.12,2.259
1,1,4,29.58,0.412
2,2,3,34.2,6.141
1,2,1,37.16,1.567
1,1,1,27.71,0.477
2,3,1,25.82,3.751
1,3,2,36.27,1.262
1,3,1,74.94,1.11
1,1,1,33.88,0.654
2,1,1,22.82,4.143
2,3,2,20.89,3.352
2,1,2,81.45,10.539
2,1,2,29.27,2.788
1,1,1,21.64,0.659
1,1,4,21.68,0.36
1,1,3,3.84,0.488
1,1,1,45.69,0.642
2,2,2,36.71,7.765
1,1,5,11.12,0.393
3,1,1,44.08,21.986
1,2,2,13.22,0.962
2,1,1,41.32,3.61
1,1,4,17.78,0.74
2,2,2,60.72,7.717
1,2,4,27.04,1.041
1,2,1,44.8,1.382
3,1,1,5.59,14.758
2,3,3,8.21,3.727
1,1,1,18.27,0.861
2,1,5,14.29,2.455
1,1,2,35.84,0.905
2,2,1,29.27,4.527
1,2,5,47.84,0.816
2,3,1,11.98,5.616
1,2,1,41.46,2.127
2,1,4,16.59,2.045
3,2,2,34.14,56.702
3,1,4,28.0,7.648
2,3,4,33.18,1.466
2,1,5,10.51,3.001
1,1,2,29.99,0.809
1,3,2,29.12,1.392
1,2,1,27.57,2.237
1,1,1,11.75,0.578
1,2,3,13.87,0.876
2,1,5,50.76,2.842
1,1,2,71.63,1.331
1,1,2,7.64,0.662
1,3,2,31.07,0.54
2,2,2,31.12,5.959
1,1,1,60.5,1.459
1,2,1,41.48,1.824
1,3,1,26.36,0.759
1,2,1,21.29,1.809
1,1,1,38.88,0.793
2,3,2,31.45,3.728
3,3,4,14.29,11.291
2,1,1,61.83,4.799
1,3,1,16.31,0.826
1,1,5,15.44,0.273
1,1,1,26.75,0.956
2,1,3,31.12,3.297
3,3,4,25.45,14.12
1,2,3,7.12,0.781
1,3,1,26.02,0.643
3,2,4,9.64,16.14
1,2,2,62.41,1.541
3,3,1,29.53,28.485
1,1,2,6.98,0.682
2,2,4,51.84,3.408
1,1,2,13.64,0.724
2,1,3,44.77,3.85
3,1,4,25.01,11.498
1,2,1,10.26,1.11
2,3,3,35.36,5.767
1,1,3,53.53,0.669
1,3,3,60.92,2.071
1,2,1,16.1,1.365
2,2,3,37.65,4.207
1,2,1,37.47,0.747
1,1,3,14.21,0.538
1,1,1,55.41,1.416
1,1,1,41.88,1.457
1,1,3,15.46,0.37
1,1,1,22.71,0.529
2,1,2,26.53,3.016
1,2,2,49.6,1.399
3,2,2,29.39,33.635
1,2,2,32.23,2.32
1,1,3,8.48,0.538
1,2,1,36.44,2.765
1,3,3,20.37,1.155
2,3,1,41.18,4.092
1,2,1,29.69,1.231
1,2,1,40.37,0.991
1,3,1,9.36,1.215
2,1,1,35.59,3.334
1,1,3,53.87,0.943
1,2,1,45.75,1.785
1,1,3,49.62,0.718
1,1,1,33.09,1.127
3,3,1,16.86,21.254
1,1,5,31.09,0.512
1,2,1,27.63,1.103
1,1,2,3.03,0.546
3,1,2,14.38,11.837
1,1,3,15.39,0.718
2,1,3,8.86,2.185
2,1,1,32.86,3.122
1,2,4,30.71,1.123
2,2,1,18.19,3.028
1,1,4,55.01,0.795
1,2,4,50.37,1.938
1,1,1,11.42,0.584
1,1,2,47.62,0.799
1,1,3,53.53,0.948
2,2,3,72.09,9.27
2,2,2,33.93,5.987
2,1,5,7.6,2.097
1,1,1,62.41,1.224
1,2,3,42.3,1.097
1,2,4,11.46,0.868
2,2,1,22.24,6.054
1,1,1,35.44,0.562
1,2,4,17.33,1.139
2,1,2,22.89,3.515
2,2,1,19.85,5.085
1,1,5,9.92,0.348
2,1,1,34.69,3.739
1,1,1,21.66,0.716
2,2,3,11.66,4.967
2,1,2,52.88,4.141
2,1,3,35.17,4.639
1,2,2,12.34,0.639
1,2,1,19.15,0.949
1,1,1,41.51,0.885
1,2,2,26.33,1.027
3,3,3,17.9,15.788
1,2,2,27.32,0.869
1,2,3,34.89,0.584
1,3,1,46.04,1.647
1,3,2,22.24,1.07
1,1,3,24.51,0.516
1,1,3,41.72,0.903
2,2,1,56.15,11.48
3,1,1,8.33,13.246
2,1,2,7.39,2.211
3,3,1,17.63,29.188
1,2,1,25.12,1.002
3,1,2,11.05,11.486
1,1,1,66.29,1.327
1,2,1,26.99,0.991
1,1,1,15.5,0.759
1,1,1,34.64,0.641
2,3,2,20.56,5.774
1,3,2,36.36,0.833
1,1,1,15.06,0.902
1,2,1,73.09,1.307
1,1,2,42.86,0.751
2,3,2,38.93,8.118
1,1,1,7.42,0.639
1,1,1,34.08,0.448
2,1,4,34.25,2.814
2,1,1,30.35,2.764
1,2,2,64.12,2.388
1,1,1,57.76,1.259
3,2,2,9.22,22.027
1,2,1,7.79,1.084
1,1,1,64.85,2.942
1,1,2,28.47,0.922
1,1,1,4.59,0.93
3,2,4,44.79,32.008
3,1,2,15.68,15.99
1,2,1,15.44,1.506
2,2,2,7.91,6.477
2,3,2,35.63,4.659
1,3,1,64.4,1.355
2,1,1,49.54,9.635
3,2,2,56.03,35.986
1,2,1,28.33,1.649
1,3,2,5.5,0.864
2,1,1,10.55,2.628
2,1,1,39.63,3.511
1,1,1,3.45,0.764
1,1,2,34.0,0.697
2,2,4,34.07,3.319
1,3,1,46.37,0.959
2,1,1,14.67,3.822
2,1,4,23.53,2.294
1,2,3,24.94,1.051
2,1,1,51.34,8.216
2,1,3,15.77,3.345
1,1,1,34.5,1.01
1,1,1,6.16,0.461
1,2,3,11.9,0.94
2,2,1,17.53,4.987
2,1,1,11.69,3.232
1,2,1,28.87,1.322
2,2,1,15.66,6.612
2,1,2,20.78,4.438
1,2,5,19.04,0.683
1,1,3,4.01,0.689
2,1,3,39.4,4.268
1,3,2,33.14,0.746
2,3,1,55.47,7.742
1,2,2,27.18,1.144
1,1,1,18.19,0.524
1,1,2,45.12,0.699
1,2,2,39.94,1.476
3,1,2,7.2,13.251
1,1,2,39.58,0.815
1,2,3,30.52,1.493
1,3,1,5.25,0.78
2,1,4,28.44,2.273
1,3,1,39.72,0.496
2,1,1,19.36,2.794
1,1,3,23.18,0.679
1,3,2,34.54,0.591
2,1,2,24.34,2.52
1,2,2,20.93,1.49
2,1,2,48.21,4.167
2,1,2,20.93,1.945
2,2,1,12.73,7.14
1,1,5,31.45,0.293
2,2,1,51.49,10.862
1,2,2,27.08,1.025
1,3,2,5.64,0.62
1,1,1,36.54,1.368
1,1,2,9.25,0.557
1,2,1,20.32,1.228
2,3,1,34.98,3.823
1,3,2,3.05,0.715
1,1,4,32.15,0.407
1,1,3,40.26,0.873
2,1,1,22.92,2.801
1,2,3,16.55,1.012
2,1,1,35.08,4.876
1,3,1,17.41,0.909
2,2,3,28.38,4.164
1,1,4,40.87,0.589
2,2,2,14.18,3.487
1,3,1,48.2,1.709
1,1,1,33.69,0.716
3,1,1,25.37,18.892
2,2,1,10.18,6.495
1,1,5,7.85,0.294
1,1,2,36.78,0.623
2,1,1,15.55,2.552
1,2,3,48.04,1.763
3,3,3,28.75,9.658
1,3,1,7.58,1.331
1,1,2,28.21,0.765
1,1,1,25.68,1.018
1,3,1,20.85,0.862
1,2,1,4.86,0.9
1,1,5,47.18,0.466
3,2,1,24.81,34.406
1,2,2,6.28,1.261
2,2,2,17.52,5.0
1,1,2,9.21,0.471
2,2,1,14.13,9.649
1,1,4,16.64,0.554
2,3,1,39.46,6.238
2,3,1,13.54,4.901
2,3,3,11.82,5.307
3,1,2,50.88,17.127
1,1,1,24.38,0.629
1,2,3,17.16,0.908
1,1,1,49.93,1.105
2,1,1,6.23,4.657
1,2,5,39.62,0.604
2,1,1,18.5,4.258
3,1,3,25.33,9.976
1,3,1,25.12,0.804
1,1,5,25.71,0.36
1,3,2,11.75,0.92
1,2,1,27.47,1.246
1,2,2,8.66,1.035
1,1,3,22.08,0.809
2,1,1,8.14,4.3
2,3,1,28.66,5.765
1,2,2,36.39,1.23
1,1,1,16.22,0.485
2,1,3,47.16,3.225
1,1,4,10.56,0.682
2,2,1,28.57,10.438
1,1,1,32.18,0.815
3,1,1,69.95,26.314
2,3,2,36.39,3.221
2,1,2,40.48,3.017
2,1,1,44.66,3.936
1,1,1,46.45,1.503
1,2,2,41.74,1.489
2,1,1,31.93,4.751
1,3,3,30.61,0.859
1,1,2,18.03,0.595
1,1,2,19.49,0.803
1,1,5,20.25,0.294
1,2,1,8.02,1.352
1,2,1,60.0,0.986
1,1,1,36.83,0.871
1,1,5,49.81,0.676
2,1,1,21.17,2.872
1,1,1,29.0,1.003
3,1,1,36.84,18.844
3,1,1,17.35,19.956
1,3,3,9.46,0.502
1,2,1,37.6,1.246
1,2,5,15.04,0.634
2,2,2,60.88,7.989
1,1,2,12.72,0.522
1,3,1,50.59,1.33
1,1,1,8.06,0.92
2,3,1,22.41,5.067
1,3,1,21.49,0.907
1,1,1,5.92,0.582
2,1,4,14.96,3.274
1,1,2,14.95,0.484
2,2,4,45.94,4.488
2,1,2,47.44,6.069
1,3,1,46.67,0.853
1,3,4,33.26,0.498
1,1,5,21.94,0.444
3,1,2,25.58,17.164
2,3,2,42.0,2.684
1,1,5,15.84,0.295
2,2,3,16.37,4.251
1,2,2,41.95,0.9
1,2,2,41.63,1.225
1,1,1,30.35,0.588
2,1,1,8.58,3.286
1,2,1,20.08,1.253
2,1,1,3.55,3.63
1,2,2,16.17,1.016
2,1,1,20.07,3.154
2,1,2,12.51,2.232
1,1,3,44.64,1.116
1,2,2,9.5,1.108
2,2,1,17.63,6.69
1,1,2,41.84,0.79
1,1,1,8.71,0.645
2,2,3,20.36,4.837
1,1,3,64.16,2.28
2,2,2,26.19,7.93
1,3,2,60.56,1.539
1,1,3,14.92,0.544
2,2,5,12.03,3.142
2,1,1,19.12,4.734
1,2,2,32.26,1.702
1,3,2,30.91,0.631
1,3,1,24.95,0.976
1,1,1,24.95,1.16
3,3,3,15.99,21.132
1,1,5,33.52,0.467
1,2,1,34.78,1.633
1,2,1,44.93,1.936
1,2,2,44.02,1.072
2,1,1,19.99,2.955
1,3,4,18.98,0.417
1,1,1,21.3,0.917
1,1,4,69.87,1.28
1,1,1,22.81,0.65
1,1,1,13.88,0.848
2,1,3,31.63,2.85
1,1,3,33.91,0.416
1,1,5,17.51,0.399
1,3,4,38.82,0.693
2,1,4,17.51,2.194
1,3,1,47.07,1.585
1,2,2,28.85,1.613
1,1,1,33.26,0.916
1,1,1,20.3,0.91
1,3,4,18.44,0.435
2,2,1,16.69,5.825
1,1,1,22.91,0.636
3,1,5,56.89,8.327
1,2,5,51.33,0.805
2,3,2,26.32,4.431
1,2,1,62.24,4.237
1,1,1,51.85,1.002
2,1,1,26.88,3.247
1,1,5,27.13,0.535
1,2,1,29.0,1.443
2,2,2,33.27,5.576
2,2,2,35.74,6.405
2,2,1,35.79,9.697
1,2,2,31.47,0.83
2,1,2,23.84,3.34
2,1,3,36.44,3.747
2,1,1,34.85,4.165
1,1,3,9.95,0.539
2,1,2,11.64,2.34
2,1,1,24.12,4.181
1,1,2,60.84,1.118
1,1,1,40.21,0.858
1,1,2,17.67,0.734
1,1,1,23.99,0.89
2,2,1,28.23,5.413
1,2,1,66.52,2.529
1,2,1,17.36,1.241
3,3,4,7.83,11.708
3,1,3,15.16,13.022
1,1,2,11.77,0.443
1,3,2,65.84,1.398
1,1,2,39.79,1.673
1,1,2,36.87,0.468
1,2,2,18.91,0.922
1,1,1,13.09,0.686
2,3,1,20.34,5.361
1,3,3,24.6,1.268
1,3,2,30.75,0.809
2,1,5,29.82,1.503
1,1,3,5.47,0.501
1,1,3,26.9,0.766
1,2,3,23.38,0.582
1,1,1,9.11,0.941
1,1,4,19.29,0.458
1,1,1,14.83,0.499
1,3,1,32.17,1.039
2,3,2,8.44,6.367
2,2,2,31.91,5.54
1,2,5,57.11,0.758
2,3,1,14.52,3.153
1,1,1,50.57,1.026
1,1,3,19.12,0.522
1,1,5,49.11,0.192
1,1,3,22.77,0.534
1,2,1,17.01,1.146
3,1,2,21.27,17.244
1,2,3,28.88,0.814
1,2,1,23.0,1.436
1,1,3,46.8,0.597
2,1,1,7.64,3.187
1,3,3,25.23,0.625
3,2,5,42.59,31.302
1,2,1,40.81,1.081
2,1,1,25.79,3.187
1,2,1,66.09,4.374
1,1,1,13.06,0.598
1,1,1,41.89,0.891
1,1,3,8.53,0.59
1,1,1,49.9,0.465
1,3,1,17.65,0.731
1,2,1,35.65,1.021
1,1,3,1.4,0.608
1,2,1,36.6,1.265
2,1,1,51.94,3.805
2,1,3,30.58,2.363
3,1,2,34.17,15.794
1,1,4,17.94,0.376
1,1,2,27.14,0.738
3,3,2,25.95,20.046
3,2,1,30.82,46.529
3,3,5,36.42,15.341
2,1,2,21.22,2.886
2,1,1,44.45,3.798
3,2,2,36.84,19.328
1,2,2,29.45,1.208
1,2,1,3.23,1.308
3,2,1,25.69,27.68
2,1,1,20.46,3.427
1,2,1,22.17,1.532
1,3,1,19.88,0.719
2,2,3,18.22,5.952
1,3,1,44.78,1.108
2,1,2,22.65,3.435
1,1,1,1.77,0.47
1,3,1,38.71,1.075
2,2,1,13.18,5.975
3,2,1,11.45,19.236
1,1,4,20.38,0.504
1,1,1,17.17,0.522
1,1,2,20.86,0.809
1,1,1,9.69,0.551
3,3,3,31.18,25.235
1,1,1,25.35,0.534
3,1,1,65.78,32.04
2,1,3,29.72,2.153
1,1,2,28.52,0.585
1,2,2,26.8,1.217
3,1,5,44.2,17.243
1,3,3,26.73,0.783
2,1,1,59.78,4.184
1,3,3,34.54,0.625
1,1,2,18.37,0.469
1,3,4,45.1,1.173
1,2,4,37.72,0.682
2,3,1,32.71,5.0
1,3,3,21.88,0.779
1,1,2,20.89,0.923
1,1,1,37.92,0.824
1,1,3,23.93,0.529
3,1,2,34.29,10.768
2,1,2,6.93,3.482
2,1,2,50.23,4.322
3,1,1,63.93,36.336
1,1,4,13.17,0.357
1,3,1,24.12,0.584
1,2,2,24.52,0.966
2,3,1,30.07,8.302
1,1,3,28.82,0.512
2,3,1,47.39,2.68
1,1,1,11.81,0.657
1,1,3,21.53,0.778
1,1,1,32.08,1.22
1,1,1,9.94,0.687
1,1,1,4.21,0.607
2,3,1,34.67,5.422
2,2,1,49.52,7.627
1,2,1,26.31,0.933
2,1,5,44.46,1.893
1,2,2,3.92,1.192
2,1,1,26.68,3.378
1,3,3,41.22,0.673
2,1,1,35.28,4.029
1,1,2,35.37,0.842
1,1,3,38.44,0.859
2,2,2,37.97,6.583
1,2,3,48.42,2.21
2,2,3,49.57,4.778
1,1,2,32.08,0.899
1,1,1,41.26,0.88
1,1,3,22.9,0.377
2,3,4,40.26,3.86
1,1,3,29.4,0.486
1,1,2,27.0,0.719
1,1,1,14.65,0.554
1,1,1,7.87,0.671
2,2,2,30.83,3.903
2,1,3,43.31,3.278
1,1,2,28.78,0.701
1,1,1,21.4,0.991
1,1,3,35.85,0.772
2,1,3,25.98,3.165
2,1,3,51.2,5.195
1,2,5,29.82,0.612
2,1,3,7.74,1.658
1,1,3,9.26,0.646
1,1,1,21.96,0.703
1,2,4,6.63,0.638
1,1,2,3.01,0.553
1,1,4,14.41,0.428
1,1,4,43.48,0.638
1,2,1,11.22,0.931
1,1,1,46.7,1.235
1,1,2,12.53,0.812
1,2,1,6.18,1.938
2,3,3,32.81,3.153
1,2,1,33.07,0.98
1,1,2,3.6,1.095
1,3,3,46.51,1.248
1,1,3,19.64,1.032
1,2,1,33.64,0.971
1,2,2,23.17,1.094
1,2,2,12.93,1.072
1,1,1,5.69,0.617
2,1,1,8.58,3.284
1,1,2,52.48,0.56
1,1,1,34.35,0.639
1,2,1,13.93,1.469
2,1,1,20.13,2.099
2,2,1,33.1,9.559
2,2,1,0.37,7.069
3,2,1,10.27,22.483
1,3,4,13.07,0.695
1,1,2,6.93,0.589
2,1,2,58.74,5.113
1,2,3,26.61,0.721
2,2,2,8.35,5.579
1,1,1,27.35,0.643
1,1,2,51.46,0.613
1,2,3,29.67,1.249
1,1,3,19.73,0.421
1,1,3,7.99,0.499
1,1,2,24.46,0.364
1,1,1,16.66,0.492
1,1,4,49.85,0.55
2,2,5,42.21,3.115
2,2,5,30.86,3.157
2,2,1,12.79,6.701
1,3,2,25.46,0.885
1,1,1,46.89,1.37
1,3,2,45.89,1.213
1,1,1,9.08,0.608
1,1,2,18.04,0.99
2,2,4,27.58,3.987
1,1,1,32.7,0.46
1,1,2,10.19,0.567
1,2,1,42.2,1.605
1,2,4,26.77,1.008
1,1,3,34.58,0.64
2,1,1,35.92,2.789
2,2,2,49.2,4.992
2,2,2,49.14,5.961
2,2,5,30.7,6.158
1,3,1,28.05,1.177
2,3,2,40.52,5.679
2,1,2,22.95,2.234
1,1,1,32.54,0.684
2,3,3,25.95,4.254
3,1,1,24.7,13.45
2,1,1,38.65,5.651
1,1,2,23.07,0.961
1,2,1,17.24,1.66
2,1,1,60.77,7.19
2,1,1,10.79,3.51
1,1,4,40.0,0.674
1,2,4,8.65,0.835
1,1,2,9.99,0.559
1,2,2,28.16,0.799
2,2,1,9.78,4.08
1,1,2,58.78,1.449
1,1,4,19.03,0.571
2,2,4,23.18,3.28
1,2,3,43.78,1.019
2,1,2,16.46,3.713
1,1,2,31.1,1.156
1,1,2,58.94,0.652
2,1,4,57.69,3.703
1,3,2,21.37,0.649
1,2,2,18.66,1.221
1,1,5,21.81,0.332
2,1,1,54.47,6.388
1,3,1,34.72,0.805
1,1,4,30.93,0.561
1,1,3,18.25,0.335
2,1,1,13.01,2.91
1,3,2,16.96,0.706
2,3,4,70.22,13.771
2,3,2,8.24,4.053
2,1,2,36.95,2.7
1,2,1,36.37,1.317
1,2,2,35.42,1.462
2,1,4,29.06,2.425
2,3,2,39.25,3.429
2,3,1,9.96,3.894
3,1,1,33.73,11.996
1,1,1,24.25,0.592
1,1,1,3.09,0.662
2,3,3,27.86,4.33
1,3,3,41.96,1.109
2,2,1,59.44,11.973
2,1,1,23.86,3.486
1,2,3,31.17,0.806
1,1,5,7.92,0.34
2,2,2,19.68,3.697
3,2,1,8.47,24.937
1,1,2,62.43,1.217
1,1,4,19.98,0.362
2,1,1,42.8,4.52
2,2,1,72.11,12.103
2,1,1,62.84,8.089
1,2,4,22.83,1.1
1,1,2,31.67,0.637
1,2,1,40.5,1.265
2,3,2,23.87,2.805
1,1,2,24.42,1.166
1,2,2,32.81,1.757
1,3,2,67.06,2.322
1,1,5,4.67,0.345
1,1,1,34.96,0.722
2,1,2,8.58,3.506
1,2,1,12.84,1.143
2,2,2,19.5,9.261
1,2,2,16.33,0.774
2,2,2,51.6,3.917
1,1,3,43.6,0.798
1,1,3,18.56,0.473
1,1,3,11.71,0.593
3,3,2,17.52,14.72
2,1,1,17.15,3.534
2,1,4,19.14,2.099
1,2,5,45.53,1.251
1,2,1,20.35,1.603
3,2,2,50.32,34.402
1,2,3,30.35,1.228
2,3,1,15.14,4.723
2,1,2,16.59,3.725
2,3,4,59.63,4.599
1,3,1,23.96,1.38
1,1,2,18.22,0.882
1,2,1,60.1,1.764
3,3,2,15.81,16.91
2,1,1,40.47,5.202
1,1,1,8.53,0.559
2,1,1,16.15,3.273
1,2,2,20.44,1.362
1,2,1,37.45,1.614
1,1,1,22.05,0.811
2,2,1,24.02,3.287
1,2,2,30.81,1.152
1,1,1,16.52,0.612
1,1,2,25.03,0.998
1,1,2,45.93,0.981
1,1,2,18.73,0.548
1,2,3,18.02,0.889
2,3,2,1.96,4.054
3,3,1,8.31,29.379
1,1,4,38.55,0.558
3,2,1,26.7,25.034
2,1,2,52.57,5.499
2,1,3,35.46,3.922
1,1,1,9.38,0.747
2,3,5,21.03,2.222
1,1,1,36.59,0.789
1,1,2,6.54,0.748
2,1,3,30.75,5.226
1,1,1,15.92,0.714
2,1,2,40.55,2.779
2,1,2,43.19,3.328
1,3,4,13.77,0.551
1,1,1,26.74,0.661
2,2,2,26.02,5.688
1,3,1,10.93,0.803
2,2,3,22.22,5.133
2,2,4,24.24,4.163
1,3,1,26.82,1.036
1,1,1,35.48,0.666
3,3,2,41.49,21.218
3,1,2,43.09,23.524
1,1,2,61.03,1.071
1,1,1,41.92,1.21
1,3,1,17.06,0.94
2,1,2,38.03,2.244
1,1,1,55.16,0.741
1,1,1,15.12,0.624
1,1,1,29.74,0.706
3,3,3,22.33,11.176
1,2,3,7.19,0.684
2,2,1,29.42,11.411
1,1,1,54.85,1.426
2,3,1,20.01,4.508
1,1,1,60.52,1.062
3,1,2,61.24,20.795
2,1,2,32.9,2.283
1,1,4,20.75,0.515
1,3,3,51.95,0.515
1,2,2,44.04,2.393
1,1,2,11.54,0.651
3,2,1,7.93,22.949
1,2,5,22.72,0.606
2,1,4,21.94,1.986
1,1,2,20.84,0.535
2,1,3,31.88,2.965
2,3,3,0.88,2.66
2,3,3,35.8,2.995
1,3,1,60.36,1.031
2,2,2,62.85,9.721
2,1,3,6.54,1.641
1,2,2,34.91,1.458
3,3,2,32.57,17.098
2,2,2,42.48,6.643
1,3,1,55.95,1.073
1,1,4,7.13,0.579
1,2,2,29.78,1.461
1,3,2,8.51,0.816
2,2,2,41.49,4.771
2,1,4,31.27,1.757
1,1,1,11.91,0.5
1,1,1,11.57,0.941
1,3,2,22.19,0.614
1,2,2,60.83,3.12
2,3,1,32.41,5.738
2,1,3,18.63,2.942
1,1,1,15.73,0.845
1,2,2,26.98,2.18
2,1,1,19.13,3.779
1,2,3,18.87,0.977
1,1,2,25.36,1.015
3,1,1,40.03,21.543
2,1,2,19.58,3.764
2,3,2,36.77,4.439
1,2,1,47.18,0.995
2,2,3,5.35,5.677
2,2,4,26.93,4.601
1,3,1,22.91,0.969
1,2,4,31.24,1.298
1,1,2,28.89,0.853
1,1,2,32.69,0.686
3,2,2,15.34,20.52
2,1,2,16.08,2.378
1,1,1,31.2,0.675
1,3,1,38.61,0.773
1,2,3,18.84,0.77
1,2,3,39.0,1.682
1,2,2,24.95,1.523
3,1,1,33.96,24.018
3,3,2,11.11,24.614
3,1,1,5.91,12.124
1,2,1,12.89,0.97
2,1,3,29.62,2.444
2,3,2,33.29,2.513
1,1,5,29.46,0.301
1,1,2,38.35,0.743
1,3,4,46.41,0.529
1,1,2,10.72,0.574
2,2,2,12.45,6.018
2,1,2,24.45,2.884
3,1,2,50.74,20.366
1,1,3,15.58,0.734
1,1,2,35.64,0.794
1,3,3,32.56,0.818
1,3,4,38.4,0.648
3,1,2,46.22,26.33
1,2,2,37.17,2.806
1,3,3,11.56,0.781
1,1,2,54.78,1.023
2,3,2,5.94,3.681
1,1,2,30.62,0.781
1,1,1,64.78,2.303
2,3,2,19.7,4.36
1,1,4,32.8,0.526
2,1,1,45.68,4.558
2,1,3,53.02,3.53
1,1,2,45.66,0.593
1,2,4,34.69,1.366
1,2,1,13.52,0.697
1,1,3,39.35,0.523
2,3,1,30.38,4.686
1,3,2,20.22,0.614
1,3,1,54.41,1.075
2,2,1,52.93,7.221
2,2,4,28.25,3.774
2,3,2,11.44,3.291
2,1,1,17.99,4.618
1,2,1,54.43,2.608
1,2,2,15.18,0.981
1,2,2,11.07,0.903
2,1,2,15.33,2.772
1,1,1,56.2,1.095
3,3,3,14.44,17.153
2,1,1,41.59,5.006
1,3,4,34.44,0.471
2,2,2,35.02,7.91
1,1,4,18.22,0.342
3,2,1,39.53,55.209
1,3,2,20.25,0.762
2,1,1,41.36,2.253
2,2,1,12.66,4.898
1,3,2,17.0,0.58
2,1,2,53.21,8.044
1,3,1,22.82,0.788
1,1,3,9.67,0.341
1,2,4,47.64,1.297
2,1,2,21.64,3.363
2,2,1,24.36,5.644
1,1,2,7.0,0.479
2,3,3,15.59,3.885
2,3,2,14.98,3.102
1,3,1,1.68,1.133
3,3,2,6.28,20.015
1,2,3,56.55,1.491
2,1,1,50.49,3.423
1,3,3,11.7,1.142
3,1,1,29.82,15.506
1,3,2,55.56,1.0
1,2,3,23.43,1.059
2,2,1,10.64,5.433
2,2,3,45.48,7.514
2,1,2,34.27,6.382
2,2,1,13.95,10.631
2,1,4,30.63,2.555
1,3,2,28.39,1.27
1,1,1,39.85,0.975
1,3,3,31.54,1.041
1,2,1,30.18,1.925
2,2,2,24.14,4.403
1,2,2,17.31,0.531
1,1,1,34.11,0.758
1,2,2,11.58,0.857
2,1,1,78.62,8.086
1,2,1,38.15,1.251
1,1,3,42.18,0.812
2,3,2,29.16,3.366
1,2,5,31.9,0.62
2,2,1,17.2,5.609
1,1,4,19.79,0.506
2,2,1,28.99,8.11
1,2,1,32.59,1.446
1,1,2,31.91,0.649
1,1,2,24.66,0.791
2,1,1,24.96,4.143
2,1,2,22.47,4.324
1,1,1,45.91,0.882
2,2,1,32.88,4.549
1,2,1,17.4,1.364
2,1,1,50.13,6.451
3,3,2,23.85,29.589
1,1,1,23.74,0.541
1,2,1,56.49,1.68
2,3,4,51.69,4.006
2,2,3,10.54,4.815
2,1,1,29.82,3.241
1,3,2,23.85,0.735
2,2,3,21.36,5.094
1,1,1,39.81,1.358
3,2,4,9.88,26.655
2,1,2,50.34,6.62
2,1,1,33.13,3.023
2,1,2,43.63,2.945
3,1,3,46.58,16.66
1,1,1,12.32,0.604
3,1,2,49.98,23.642
1,2,2,65.9,0.957
1,1,2,56.41,0.595
1,2,1,68.8,2.449
1,2,1,34.28,1.295
1,3,4,16.67,0.331
1,1,2,34.93,1.007
1,2,1,7.96,0.688
1,2,2,12.57,0.955
1,2,1,26.42,1.076
2,2,3,45.47,6.462
1,2,1,25.78,1.211
2,2,1,17.84,5.319
2,2,1,1.06,5.85
2,1,4,35.82,6.324
1,2,1,48.56,2.311
1,2,1,17.17,1.424
1,3,1,44.84,0.931
1,1,2,11.09,0.582
2,1,1,26.81,4.643
1,2,4,9.65,0.389
3,3,1,19.86,16.732
1,3,1,54.85,1.071
2,2,5,46.34,3.514
1,2,1,12.13,1.32
3,1,2,9.12,15.316
2,1,1,28.73,4.616
1,1,2,52.02,0.556
1,3,1,50.79,1.057
2,1,2,12.76,3.498
1,2,2,56.38,2.629
1,3,1,78.36,2.004
3,1,1,19.96,19.974
2,1,3,66.81,4.184
1,2,2,10.81,0.827
1,1,2,33.5,0.644
1,2,1,29.12,1.432
2,1,1,15.59,4.702
1,2,4,21.76,1.022
1,3,4,51.6,0.801
1,1,3,44.87,0.748
3,2,2,30.79,26.189
1,3,2,27.32,0.593
2,1,2,15.16,4.277
1,1,2,10.77,0.333
2,2,1,35.12,5.702
1,2,2,48.32,1.929
2,1,1,13.82,2.644
3,2,2,28.15,24.409
1,2,3,19.79,0.629
1,1,1,23.16,0.97
3,1,3,11.52,14.118
1,2,3,23.1,1.105
2,1,2,32.88,3.634
2,1,2,10.22,2.745
1,1,2,12.2,0.611
1,1,2,31.48,0.391
1,1,3,17.12,0.515
1,2,3,55.91,1.416
1,3,4,21.72,0.474
2,2,1,27.59,7.758
1,1,1,54.48,0.87
2,2,2,7.3,3.354
1,2,1,25.49,1.773
1,1,2,17.39,0.641
1,1,1,19.5,0.762
1,1,2,7.44,0.478
1,1,2,48.54,1.02
3,3,1,5.95,21.899
1,1,1,15.68,0.706
1,2,2,16.36,0.853
2,1,5,38.61,1.59
2,1,4,37.74,2.321
1,2,1,21.97,1.274
1,2,3,6.27,0.809
1,1,1,29.01,0.637
1,2,1,54.42,2.824
1,2,1,35.05,2.304
1,1,1,39.0,0.483
2,2,1,17.09,6.72
2,2,3,24.27,5.154
1,2,2,30.48,1.006
1,1,2,39.79,1.213
2,1,1,56.96,6.066
1,2,1,29.28,1.446
2,1,1,48.01,5.129
2,2,1,47.45,7.41
2,1,2,41.63,3.887
2,2,1,49.34,14.72
1,1,2,77.39,1.056
3,1,2,30.08,29.146
2,3,3,29.94,2.853
1,1,1,45.91,0.907
1,3,2,18.48,0.686
1,2,2,67.86,1.86
1,3,1,25.98,0.896
1,3,2,31.75,0.609
2,3,2,38.57,4.761
1,1,2,42.45,0.936
1,3,5,19.18,0.478
2,1,5,41.14,2.52
1,3,1,28.31,0.451
1,1,2,30.96,0.929
1,1,4,10.68,0.365
1,3,5,15.21,0.605
3,2,1,7.35,31.11
1,2,2,47.81,1.41
1,3,1,39.53,0.693
3,3,1,23.73,13.935
2,2,1,13.83,5.949
1,2,3,21.16,0.732
1,1,1,21.38,0.588
2,2,2,65.93,12.228
1,2,1,11.96,2.109
1,2,1,18.56,1.277
1,2,4,33.58,1.192
1,2,3,40.53,1.113
1,1,1,28.39,0.49
3,1,3,13.41,10.426
3,1,3,40.62,13.81
2,2,1,42.52,10.318
2,1,1,28.05,3.114
2,2,2,10.68,3.853
3,2,2,5.63,25.734
2,3,1,22.01,5.53
2,2,3,26.77,3.443
1,3,1,21.29,1.048
1,2,1,14.0,1.246
1,2,5,55.49,1.103
2,1,1,23.69,3.316
3,1,5,21.99,6.963
3,1,3,38.78,14.161
2,2,2,17.87,3.935
2,1,3,26.32,4.087
1,1,2,16.01,0.83
1,3,1,31.86,0.88
2,1,2,52.96,8.343
1,3,5,16.74,0.698
2,3,2,15.22,2.477
2,1,3,21.66,2.721
1,1,1,11.75,0.55
2,2,1,21.04,7.451
1,1,2,23.67,0.496
2,1,1,21.75,3.805
2,2,3,21.16,4.881
1,2,1,11.51,1.556
2,1,4,33.9,2.433
1,1,2,12.92,0.809
1,1,1,25.02,0.608
1,3,5,43.46,0.386
2,3,4,8.69,2.31
3,3,2,37.7,18.996
1,1,5,21.0,0.555
2,1,1,36.46,3.362
2,3,3,18.72,2.835
3,3,4,18.0,13.632
1,1,1,17.49,0.599
1,1,2,20.08,0.646
1,2,2,6.69,1.181
3,2,3,43.83,33.342
1,2,1,6.89,1.742
1,3,3,12.25,0.485
3,1,3,31.18,14.242
1,3,1,4.19,0.66
2,1,1,23.67,3.144
3,2,1,28.22,32.946
1,2,2,5.72,0.797
1,2,1,31.53,1.333
1,1,2,31.85,1.133
2,1,2,36.07,4.014
1,3,2,5.93,0.934
1,1,2,46.53,0.659
1,1,1,21.31,0.675
1,1,4,32.83,0.272
2,2,1,29.83,5.211
1,2,3,31.71,1.068
2,2,5,62.82,6.847
3,1,4,55.6,31.408
2,3,2,15.27,4.204
2,1,2,10.87,2.872
1,3,2,23.15,0.709
1,1,1,39.77,0.695
1,2,3,11.87,0.754
1,2,4,31.41,1.022
3,2,5,25.09,14.408
1,3,2,30.64,0.957
1,2,3,31.44,0.713
2,2,2,30.27,5.736
3,1,3,16.14,9.611
2,2,3,41.24,5.779
1,2,1,47.58,1.203
1,3,1,48.09,1.151
1,2,1,48.98,0.827
2,1,2,23.38,3.739
2,1,2,33.35,4.427
2,1,3,19.03,2.688
1,2,1,32.25,1.724
3,2,1,18.87,25.613
1,2,3,14.5,0.913
1,2,1,46.76,1.598
2,1,5,17.82,2.451
1,2,4,24.83,0.821
1,3,1,10.8,0.582
1,2,2,22.77,0.618
1,1,1,27.32,0.797
1,1,1,23.35,0.896
2,1,1,43.36,2.256
1,1,1,28.6,0.908
3,2,5,20.48,15.703
2,1,4,21.45,2.229
2,1,2,6.82,2.343
2,2,2,25.84,4.469
2,1,2,16.65,1.78
1,3,2,34.75,1.075
3,2,1,34.49,36.719
1,2,5,23.76,0.694
1,2,1,27.99,1.43
1,2,2,36.81,0.981
1,2,1,23.4,1.484
2,3,2,26.96,3.179
3,1,3,20.94,12.619
2,1,2,28.85,2.509
1,2,1,9.05,1.127
1,1,3,56.01,1.079
1,1,1,27.1,0.482
1,1,3,5.49,0.617
1,1,5,19.34,0.398
2,1,1,10.96,2.96
2,3,3,31.0,3.421
2,2,4,42.69,4.611
1,1,2,31.35,0.651
1,2,3,10.09,0.958
2,1,2,8.6,3.379
1,1,4,5.84,0.388
1,1,1,21.57,0.782
2,1,1,58.52,2.974
1,3,3,25.56,0.503
1,1,1,51.21,1.287
1,1,5,25.45,0.374
1,2,3,17.41,0.688
2,2,3,14.0,5.727
1,3,2,45.02,1.03
2,2,2,74.35,15.341
1,3,1,25.47,1.361
1,2,4,8.93,0.848
1,2,1,39.84,1.981
3,1,2,16.89,16.918
1,1,1,29.1,0.683
2,1,2,1.1,3.461
2,2,1,20.53,6.986
1,1,1,24.15,0.76
1,1,3,8.71,0.703
2,1,1,11.08,2.681
2,1,2,32.82,2.495
1,2,2,48.74,1.442
3,1,4,39.87,9.347
2,1,2,41.19,3.309
2,1,1,34.48,3.604
1,1,2,20.46,1.102
1,2,1,11.84,1.429
1,1,1,49.67,0.46
3,2,2,27.1,13.685
1,1,1,30.87,0.733
2,2,2,30.89,5.681
1,1,1,38.4,0.876
1,2,4,31.21,0.791
1,1,1,6.75,0.643
2,2,1,20.75,5.844
1,3,1,32.85,1.247
2,2,1,61.74,9.099
2,1,1,27.96,4.553
3,1,2,41.47,20.121
2,1,2,43.2,4.232
2,1,2,23.29,3.688
2,2,1,47.74,3.947
1,2,1,36.14,2.571
1,2,2,58.23,2.118
2,1,3,53.68,6.134
1,1,1,32.63,0.792
1,1,3,51.25,0.635
2,1,2,44.43,3.879
2,1,2,33.44,4.522
1,3,2,21.17,0.999
2,1,2,40.25,4.97
1,1,1,13.84,0.421
1,3,3,15.86,0.639
3,3,3,41.35,12.808
1,1,4,34.55,0.414
1,2,3,19.16,0.572
3,3,1,37.72,40.768
1,1,1,45.56,1.097
1,2,1,46.48,2.298
3,3,2,70.28,48.121
1,3,2,50.43,1.275
3,3,2,29.95,31.42
2,2,2,14.29,3.598
1,2,4,37.92,0.987
1,1,4,50.79,0.381
1,3,2,25.01,1.015
1,2,1,7.77,1.493
1,1,1,35.63,0.752
2,3,5,22.35,1.802
3,1,1,13.58,17.349
3,3,2,11.1,12.657
3,2,3,16.2,16.394
1,1,1,42.41,0.927
1,1,1,37.27,1.159
1,2,3,32.14,0.982
2,2,3,66.97,10.173
3,1,3,31.89,9.618
2,1,3,5.72,2.438
2,1,1,36.75,3.172
1,3,1,29.35,0.9
1,1,2,25.24,0.501
1,1,1,14.71,1.146
1,1,3,39.59,0.911
1,1,1,40.83,0.59
2,3,3,38.64,2.712
1,2,3,12.57,1.55
2,2,4,71.67,10.173
2,3,5,23.34,3.021
1,3,1,39.28,2.265
2,3,1,5.21,4.641
2,3,2,59.57,5.824
3,2,2,9.58,38.94
1,3,1,18.31,0.537
2,2,4,30.37,4.525
1,3,3,3.55,0.674
1,3,4,45.51,0.812
1,2,2,6.54,1.366
1,1,1,9.78,0.644
1,3,2,26.81,1.369
2,2,1,17.76,7.167
1,3,3,21.26,0.454
1,1,2,17.0,0.428
2,2,2,17.57,6.417
1,3,2,5.48,0.756
1,1,4,19.01,0.414
1,1,4,36.62,0.557
1,3,2,20.69,0.888
1,1,1,23.2,0.579
2,2,1,48.17,9.645
2,2,2,26.49,4.158
1,1,1,12.47,0.451
1,1,2,18.11,0.447
2,3,1,13.11,5.02
1,2,1,13.71,1.163
1,3,3,41.76,1.917
1,3,3,68.93,1.753
2,1,4,50.8,3.612
2,3,2,5.21,2.59
1,1,1,31.35,0.825
1,3,3,25.01,0.653
2,2,1,11.67,5.492
1,1,2,18.79,0.505
1,2,1,65.55,1.416
2,3,2,22.45,5.606
1,3,5,36.75,0.782
1,1,2,25.43,0.812
2,2,3,22.79,5.704
2,1,1,62.13,5.11
1,1,3,9.62,0.669
1,1,1,15.99,0.542
1,2,1,14.11,1.454
1,1,2,17.35,0.752
1,2,2,52.96,1.823
1,3,2,28.24,0.679
1,2,1,14.41,1.534
1,1,2,15.29,0.664
1,3,2,45.43,1.36
1,2,2,10.94,1.355
2,2,3,25.7,6.799
3,3,4,31.96,22.158
2,1,1,32.04,2.618
2,1,4,34.41,2.789
1,1,2,36.63,0.836
2,1,1,20.83,3.126
1,1,4,56.11,1.041
2,2,1,1.14,5.24
3,1,2,17.4,13.372
1,2,4,15.52,0.812
3,1,1,46.93,18.578
2,1,3,36.48,3.455
2,1,1,33.01,5.382
1,1,1,37.83,0.638
1,3,2,61.98,3.264
2,1,2,28.35,2.555
1,1,1,25.99,0.479
1,1,2,36.49,1.315
1,3,1,61.57,1.935
1,2,1,28.7,1.066
2,1,2,24.73,2.102
2,1,1,3.04,2.675
2,3,1,33.0,5.637
2,1,2,10.49,2.783
2,1,5,7.74,1.344
3,1,3,12.29,16.548
1,3,1,15.36,0.87
2,1,2,11.95,1.983
2,2,2,14.31,4.171
2,2,2,20.28,4.826
2,1,2,48.68,2.713
1,1,5,15.58,0.407
1,3,4,10.94,0.797
2,3,1,12.76,6.333
2,3,2,53.05,6.087
1,2,2,46.54,1.451
1,1,2,33.35,0.427
1,2,1,5.13,1.303
1,2,1,10.15,1.044
1,2,2,31.29,1.434
1,1,3,44.43,0.752
1,2,1,34.61,1.073
1,1,2,27.83,0.775
2,1,2,3.21,2.987
1,1,2,40.92,0.761
2,2,4,20.72,4.634
1,2,4,36.66,1.368
1,1,3,58.82,1.533
1,3,1,7.9,1.251
1,1,4,41.03,0.678
1,3,1,16.82,0.647
1,1,1,19.07,0.64
1,1,3,14.62,0.628
2,1,3,48.72,5.33
1,1,1,25.68,0.905
1,1,4,23.12,0.403
2,1,2,18.55,3.517
1,1,2,18.31,0.407
1,1,1,11.89,0.802
1,1,1,1.88,0.471
2,1,4,29.74,2.203
1,1,1,16.79,0.729
3,1,2,44.55,17.921
1,2,5,17.99,0.701
1,1,3,25.92,0.676
2,1,2,7.99,3.492
2,1,2,10.46,1.791
3,1,1,50.42,29.936
2,1,3,57.1,4.415
1,1,2,34.9,1.181
2,1,1,6.65,3.374
1,1,1,24.83,0.609
1,2,3,27.11,1.168
1,1,2,23.87,0.706
1,3,4,5.76,0.551
2,3,4,22.3,2.585
2,1,2,42.62,2.501
3,3,5,40.02,12.274
1,2,1,31.25,1.333
1,2,2,29.97,1.669
1,2,1,11.4,0.987
1,1,1,57.91,1.035
1,1,2,19.31,0.445
1,2,3,40.74,1.122
2,3,2,18.86,2.672
1,1,1,40.31,0.682
2,1,5,23.97,1.682
1,2,2,26.75,0.924
1,2,1,16.48,1.155
3,2,2,30.95,37.526
1,1,1,13.97,0.528
1,1,2,14.17,0.621
3,2,1,37.03,22.887
1,1,3,16.99,0.368
1,1,2,30.62,0.671
1,2,4,76.64,1.779
2,1,1,44.31,9.562
2,3,1,20.23,3.898
2,1,1,21.9,4.342
3,1,4,19.61,14.951
1,1,5,11.11,0.338
1,1,3,30.51,0.403
3,1,2,30.06,17.435
1,1,2,12.86,0.627
3,1,1,17.88,15.764
3,2,2,71.17,49.19
3,2,5,18.59,17.976
1,1,1,37.45,0.647
1,1,1,16.12,0.688
2,2,2,44.37,6.293
1,2,3,8.05,1.005
1,2,2,26.94,1.017
1,2,2,31.35,1.466
1,1,2,7.28,0.59
2,2,1,39.72,6.052
3,2,2,25.72,33.607
1,1,5,15.09,0.283
1,1,1,45.34,0.965
1,1,2,36.06,0.787
1,1,3,56.66,0.686
2,1,1,24.86,3.395
2,3,1,20.33,2.885
1,1,2,49.87,0.383
2,1,1,37.21,2.558
1,3,2,28.56,1.384
1,3,3,34.51,1.046
2,1,2,36.71,2.63
1,2,2,23.37,0.808
1,2,2,37.67,0.811
2,1,2,3.81,2.519
1,2,3,32.92,1.143
1,3,2,23.07,0.623
2,1,3,5.88,2.585
1,1,2,4.99,0.517
1,2,1,29.93,1.706
1,3,1,34.22,1.142
2,3,3,62.76,10.688
1,2,3,12.93,0.657
2,2,1,29.54,7.201
1,2,1,12.3,1.264
2,1,2,45.16,3.715
2,3,3,49.36,4.103
2,1,3,23.57,2.449
2,1,1,23.06,3.965
1,1,1,27.92,0.574
1,2,1,17.71,1.484
1,1,3,6.54,0.713
1,1,2,34.92,0.851
1,1,5,10.38,0.331
2,3,1,42.34,9.547
1,3,3,34.57,0.717
3,1,3,20.6,18.459
2,3,5,43.48,3.585
1,1,2,36.16,0.997
1,2,1,23.73,1.362
1,1,4,13.95,0.494
1,3,1,40.71,1.228
1,1,4,56.47,1.113
1,2,2,32.47,1.374
2,2,1,16.72,4.815
1,2,1,42.69,1.722
1,1,3,27.24,0.54
1,2,2,20.46,1.347
1,2,5,35.86,0.791
1,1,2,58.28,0.779
2,1,3,27.68,3.875
2,2,3,22.98,4.533
1,1,2,49.31,0.623
3,2,3,40.22,17.666
2,3,2,35.62,4.926
1,1,4,21.92,0.386
2,3,4,18.98,4.015
2,2,1,30.93,8.012
1,2,2,2.84,1.205
1,1,1,36.93,0.898
2,3,1,46.0,4.113
1,2,2,36.01,1.308
1,2,2,6.84,0.908
2,3,1,76.56,10.986
2,1,3,22.17,1.555
2,1,4,80.24,13.727
1,1,1,48.36,0.773
1,3,1,27.12,0.948
2,3,1,36.99,13.145
2,1,1,6.98,3.762
2,2,2,43.51,7.682
1,3,1,33.78,1.415
3,1,1,9.95,18.948
1,1,3,28.52,0.637
1,3,3,42.5,0.764
2,1,1,13.36,2.714
1,2,4,33.38,0.777
2,2,1,19.73,6.991
1,1,2,56.97,1.688
2,1,2,58.79,5.822
1,3,1,40.29,1.46
1,2,1,34.42,1.037
2,2,1,10.55,4.523
2,1,1,25.77,2.826
3,1,3,22.61,10.965
1,1,4,38.52,0.522
2,2,5,27.43,4.054
1,1,2,7.5,0.584
1,3,2,22.78,0.798
1,3,4,19.6,0.693
1,3,3,8.69,0.594
1,1,2,23.34,0.558
1,2,1,12.75,0.985
1,3,1,9.08,0.852
2,1,1,14.86,3.135
1,1,5,35.14,0.532
2,1,3,18.97,1.915
2,3,2,26.73,4.721
1,2,2,25.52,1.285
2,3,1,45.06,3.289
1,1,5,19.44,0.367
1,2,2,18.89,1.515
2,1,3,38.51,4.55
2,1,2,27.52,2.03
1,3,2,45.44,1.409
2,1,2,28.14,2.046
2,2,1,13.19,8.279
1,1,2,29.44,0.439
1,3,5,29.42,0.356
2,2,1,10.56,6.632
3,2,1,32.23,25.251
2,2,3,26.55,7.238
2,1,2,7.04,1.641
1,3,1,41.4,1.433
1,1,1,29.72,0.873
3,1,2,15.94,19.671
2,2,1,36.03,6.908
1,1,1,22.58,1.135
2,1,3,45.89,3.011
1,2,3,50.84,2.116
1,2,2,6.24,0.842
2,3,1,36.8,4.504
1,1,1,25.49,0.472
1,3,1,13.78,0.924
1,2,1,21.44,1.044
1,3,1,33.27,1.361
3,2,1,25.92,30.027
1,3,1,33.97,0.804
1,2,1,22.88,1.171
2,3,1,36.3,7.492
2,2,5,71.19,16.566
2,1,1,35.95,2.406
3,1,1,39.64,15.692
2,1,1,28.13,4.3
2,2,1,9.38,5.964
1,1,5,19.49,0.354
1,1,2,17.03,0.982
1,1,5,38.97,0.271
2,2,1,30.62,5.233
2,3,3,45.14,4.782
2,1,1,17.64,3.288
2,1,2,31.66,3.495
2,2,3,54.95,6.139
1,2,1,29.92,1.491
1,2,2,46.06,1.775
1,3,1,8.26,0.89
1,2,2,25.56,1.213
3,1,1,27.1,13.811
1,3,3,32.01,0.618
1,1,1,31.99,0.542
2,1,1,52.71,5.465
1,1,1,24.21,0.643
1,1,3,2.39,0.53
1,1,1,13.6,0.628
1,1,3,17.61,0.336
2,3,2,9.38,3.051
1,3,1,26.28,0.899
1,3,2,26.89,0.415
1,2,4,39.14,1.252
1,2,3,46.65,1.34
1,1,1,50.77,1.178
1,1,1,35.67,0.832
2,2,4,8.85,4.545
1,3,1,32.38,1.273
3,1,2,59.97,39.435
2,2,5,14.25,2.418
1,1,1,44.11,1.19
1,1,5,34.1,0.281
2,3,1,7.26,3.767
1,3,1,12.6,1.189
2,1,1,44.86,7.553
1,1,2,23.2,0.322
1,2,1,40.78,2.167
2,1,3,20.87,2.922
2,2,4,48.98,6.722
1,3,2,12.09,0.522
2,1,1,44.41,2.807
1,3,1,6.68,0.684
1,1,4,54.13,0.711
2,1,2,7.58,2.774
1,2,1,25.61,1.938
1,2,1,12.41,1.272
1,2,1,16.25,1.024
3,2,1,54.42,36.872
1,3,2,33.27,0.793
2,1,3,52.45,4.393
2,1,2,18.15,3.842
2,2,1,42.02,10.025
1,2,1,22.67,1.567
1,2,4,15.33,0.674
3,1,2,33.55,16.828
1,2,2,30.24,1.589
1,1,4,50.1,0.853
1,1,3,23.6,0.732
2,1,2,48.25,3.428
3,2,1,23.41,19.431
1,2,1,23.32,1.911
1,2,1,40.36,1.843
2,1,1,21.75,2.449
1,1,2,48.53,1.034
2,1,1,19.17,2.345
1,1,2,29.88,0.742
1,1,1,59.74,1.323
1,2,4,9.34,0.662
1,3,2,32.21,0.693
1,3,2,24.43,0.544
2,1,3,36.95,2.798
1,1,1,19.46,0.67
2,3,1,25.26,6.713
1,2,1,3.9,1.389
1,1,3,44.52,0.854
1,3,2,51.1,1.462
1,1,1,12.62,0.588
1,1,1,19.98,0.695
2,1,1,9.62,5.294
1,1,2,0.6,0.599
1,1,3,12.5,0.527
1,1,2,11.89,0.495
2,2,1,29.29,5.351
1,3,2,29.96,0.721
1,3,1,27.84,1.034
1,1,5,36.69,0.755
1,2,1,62.17,3.199
1,1,2,7.12,0.546
2,2,1,29.59,10.645
2,1,1,40.35,4.834
1,2,3,1.96,0.757
1,1,1,30.96,0.917
1,2,2,9.97,0.885
3,2,1,53.96,40.634
2,2,1,20.93,6.115
1,1,1,16.16,0.661
3,1,1,41.56,22.712
1,1,2,54.11,1.193
1,1,1,28.02,0.61
3,1,1,32.99,39.166
2,2,3,37.13,5.672
1,1,1,15.67,0.943
2,1,1,38.96,4.308
3,3,1,31.59,17.635
1,2,2,5.92,0.928
1,2,2,40.1,1.275
1,1,1,34.08,0.752
3,2,1,52.82,23.814
1,2,1,27.49,1.068
1,1,4,17.38,0.321
1,3,1,38.9,0.957
1,1,2,22.15,0.479
2,2,3,51.93,13.763
1,1,2,26.35,0.859
2,1,5,37.9,3.447
2,1,1,26.35,2.543
1,2,1,18.27,1.091
2,2,1,54.35,14.737
1,3,2,8.17,0.731
1,1,2,53.98,0.364
2,2,3,18.15,4.409
1,2,3,56.02,1.556
1,2,3,29.12,0.649
1,1,1,18.14,0.584
1,2,1,57.41,2.619
2,2,3,39.17,3.582
1,3,2,26.06,1.053
1,2,3,53.97,1.16
3,2,3,34.09,15.265
1,1,1,7.52,0.666
3,1,1,31.5,12.692
2,3,4,26.98,3.533
2,2,4,33.59,4.06
1,1,2,41.9,0.709
2,3,2,23.24,3.606
3,1,2,36.5,18.388
2,2,3,38.75,6.353
2,1,1,53.6,5.058
1,1,4,31.85,0.66
1,1,1,45.88,1.717
3,2,5,38.43,18.99
1,1,2,33.49,0.76
1,1,1,7.0,0.688
1,1,1,40.65,0.471
2,3,2,12.86,4.917
2,1,5,35.27,2.756
2,1,3,23.58,2.533
1,1,1,38.8,0.636
1,1,3,27.25,0.336
1,2,3,35.6,0.884
3,3,1,31.61,26.016
1,1,1,54.67,1.226
3,2,3,42.15,26.762
1,1,4,18.94,0.414
2,1,2,47.03,6.597
1,1,3,11.92,0.703
2,3,2,31.75,3.208
2,3,1,21.51,6.509
2,1,1,9.09,3.737
2,2,1,21.02,7.423
1,1,4,40.95,0.435
3,2,1,68.05,65.288
2,3,3,18.42,3.378
1,3,2,51.98,1.499
1,2,2,33.73,0.813
1,1,2,42.3,1.21
2,1,1,36.26,3.338
2,1,1,22.67,3.05
1,1,3,19.82,0.361
2,1,3,4.72,2.741
1,2,5,46.25,1.074
1,1,2,42.05,0.805
2,2,1,22.01,7.419
1,2,2,28.82,1.684
1,1,1,5.2,0.631
1,3,1,12.45,1.055
1,3,1,11.65,1.026
1,1,1,18.84,0.614
1,3,2,43.5,1.4
1,3,4,37.59,0.758
3,1,2,15.8,10.768
1,1,2,37.66,0.787
2,1,2,29.96,2.778
2,1,4,42.21,2.571
1,3,3,36.79,0.752
1,3,1,20.41,0.838
1,2,3,23.95,0.798
2,1,2,20.52,3.998
2,1,4,14.59,2.014
1,2,2,23.23,1.121
1,1,2,30.63,0.936
1,2,2,8.97,1.577
2,1,3,22.12,2.874
1,3,1,15.25,0.715
1,1,3,38.26,0.783
2,1,2,15.73,2.689
2,1,3,56.01,5.88
1,1,3,22.52,0.718
1,1,1,21.64,0.697
1,2,2,53.41,1.525
2,3,1,19.9,4.302
1,3,1,42.15,1.311
1,2,1,17.37,0.925
1,3,5,11.25,0.476
2,1,2,14.18,3.359
2,2,2,65.02,10.478
2,1,1,47.97,7.764
2,2,4,21.43,5.769
2,3,1,24.01,4.698
2,2,1,35.14,4.293
1,1,1,12.95,0.761
1,1,3,52.28,0.484
3,3,2,12.08,13.102
2,3,1,29.29,5.419
3,2,3,8.75,23.571
1,1,2,16.37,0.869
3,1,1,38.77,11.151
1,1,1,39.66,0.9
1,1,4,34.58,0.612
1,1,4,14.88,0.439
1,1,2,15.63,1.05
1,2,4,10.97,0.791
1,1,1,39.65,0.745
1,1,2,37.33,0.58
3,1,4,32.56,8.144
3,2,4,11.95,21.687
2,1,3,28.23,3.476
3,2,2,20.5,24.789
2,1,2,10.82,3.354
3,1,1,25.54,22.381
1,3,1,11.45,1.028
1,1,2,43.46,1.06
2,2,1,6.45,6.564
1,1,1,6.82,0.632
2,2,2,31.25,5.715
1,1,2,49.97,0.497
1,1,3,13.84,0.576
1,2,3,6.48,0.719
2,3,2,64.3,4.69
1,1,1,14.82,0.57
1,2,2,20.61,1.369
2,1,3,37.63,3.529
1,2,2,20.25,1.138
1,3,2,14.53,0.757
2,1,1,23.62,3.553
1,3,2,17.37,0.718
3,3,1,22.87,26.637
1,3,1,5.82,0.819
3,1,3,22.01,12.647
2,2,5,12.89,3.379
2,1,1,30.31,4.14
2,1,3,53.06,4.896
2,1,1,26.7,3.374
1,1,1,62.3,0.78
1,2,3,16.33,1.147
1,1,1,41.94,1.341
1,1,5,7.49,0.256
1,1,1,39.6,0.693
2,3,4,57.23,6.897
1,3,3,16.32,0.636
1,1,1,18.68,0.493
1,1,3,13.82,0.475
1,1,1,22.52,0.555
1,1,3,35.33,0.5
2,1,1,14.54,2.807
1,2,1,44.5,1.904
3,3,2,36.9,25.963
1,1,3,24.13,0.785
1,1,1,4.03,0.589
1,2,3,28.09,0.98
1,1,1,43.35,0.573
1,2,4,13.15,0.413
1,2,3,42.4,0.859
2,1,1,4.89,3.369
2,1,2,37.05,3.221
1,1,2,30.21,0.78
3,3,2,25.55,36.558
2,1,3,37.49,7.665
1,1,4,34.97,0.388
1,1,4,6.19,0.302
1,1,1,49.65,0.799
2,2,3,41.12,4.958
1,1,2,30.28,0.585
1,1,5,60.67,0.765
1,3,4,13.36,0.881
1,1,2,44.41,0.82
1,1,1,25.65,0.721
1,1,1,34.55,0.938
3,2,1,14.27,27.793
1,3,4,10.78,1.002
1,2,2,5.39,0.939
1,2,2,36.55,0.862
1,2,1,30.75,1.327
2,1,3,15.52,2.328
3,3,2,43.09,35.612
2,3,2,30.33,4.604
1,2,4,8.68,1.073
2,3,1,40.14,4.97
2,2,2,20.39,4.417
1,2,4,41.65,1.578
3,2,5,36.64,17.318
2,1,3,17.56,2.159
2,2,1,4.87,9.568
1,1,1,19.99,0.951
1,3,2,4.03,0.844
2,1,1,20.05,3.374
1,2,5,16.04,0.457
3,1,2,13.92,14.008
1,2,2,30.12,1.288
1,2,4,6.43,0.54
2,3,3,10.59,4.03
1,3,2,16.14,0.62
1,2,1,57.38,1.65
2,2,1,49.84,9.206
2,1,1,18.23,3.733
1,3,1,18.74,0.526
1,2,1,35.69,1.956
2,1,2,19.79,2.556
1,3,3,23.88,0.692
2,2,2,6.12,3.809
2,2,1,64.76,15.27
1,1,1,15.8,0.703
1,1,1,25.4,0.789
1,2,2,36.47,1.144
1,1,2,24.45,0.501
2,2,4,6.84,3.471
2,2,3,49.54,8.704
3,1,1,10.72,19.883
1,1,1,11.74,0.694
2,3,1,2.38,4.897
2,2,2,18.41,4.673
1,1,2,22.76,0.639
2,2,2,14.27,4.895
1,1,1,47.94,0.606
1,1,1,1.11,0.552
3,1,1,70.56,39.032
1,1,1,8.75,0.751
1,1,4,8.74,0.434
1,1,1,35.02,0.773
3,3,2,49.4,34.744
1,2,4,22.61,0.984
3,1,2,28.26,20.317
3,1,1,5.11,15.002
1,1,3,25.74,0.514
1,1,2,30.33,0.752
1,3,2,8.84,1.327
1,2,1,48.3,1.198
1,3,1,38.21,1.475
2,1,1,9.81,3.633
3,1,2,47.32,18.598
1,3,5,44.0,0.83
1,2,1,33.49,1.022
1,2,3,47.96,1.569
1,1,3,48.86,0.95
1,1,1,66.15,1.307
3,1,3,3.52,13.836
1,1,4,13.86,0.458
1,2,5,60.81,1.689
2,3,1,21.05,3.42
1,3,1,51.37,0.729
3,1,1,14.24,12.304
3,1,3,30.61,13.211
1,3,2,18.51,0.564
1,1,2,14.93,0.489
2,1,1,23.67,2.968
1,1,2,40.93,0.654
1,1,1,39.12,0.858
3,1,2,50.07,24.023
1,1,2,23.41,0.664
1,2,4,21.94,0.638
1,2,4,25.74,0.709
1,1,2,30.08,0.736
2,1,1,34.44,3.81
2,1,1,26.0,4.588
2,2,1,25.49,3.995
1,2,2,14.87,0.972
2,1,2,53.09,4.804
1,2,2,60.33,1.762
1,2,3,17.21,0.813
1,1,2,30.27,0.735
1,3,4,34.43,0.919
1,3,1,6.88,1.034
1,1,5,8.31,0.325
1,2,1,37.91,2.139
1,1,2,24.44,0.954
2,3,1,31.54,3.148
1,1,3,26.2,0.464
2,1,1,17.82,3.549
1,2,2,40.77,0.96
1,1,2,17.25,0.313
1,3,1,38.46,1.071
1,3,3,22.59,0.969
1,3,1,27.48,0.848
1,1,5,25.83,0.424
1,1,1,11.66,0.466
1,3,2,20.63,0.933
1,1,1,18.64,0.636
2,2,2,11.8,6.593
1,2,1,3.08,1.261
3,3,4,42.95,16.97
1,2,1,28.79,1.861
1,2,2,2.0,0.846
1,2,1,10.6,1.326
2,2,2,36.2,7.099
1,1,1,46.35,1.077
3,2,3,58.55,44.409
2,3,2,40.63,4.826
1,2,2,8.12,1.168
1,3,2,31.5,0.78
1,2,1,20.38,0.869
1,1,3,18.69,0.413
3,3,2,41.66,14.758
2,1,4,19.78,2.156
1,1,3,15.24,0.417
1,1,2,25.58,0.309
1,2,2,21.18,1.381
2,2,1,23.9,11.008
1,2,2,17.02,1.578
2,2,2,15.66,5.934
1,3,2,40.94,0.914
3,1,1,23.65,17.49
1,2,1,11.72,0.692
1,2,1,27.66,1.629
3,3,1,8.94,32.496
2,1,2,11.39,2.725
1,1,1,58.4,1.377
2,1,1,19.56,2.817
1,1,1,36.42,0.797
1,2,2,30.24,0.609
1,2,2,27.01,1.586
1,2,2,19.08,1.285
2,3,3,56.01,5.56
1,2,3,38.34,0.999
1,2,1,27.24,1.229
2,1,1,34.03,3.486
1,3,1,29.83,0.704
1,1,2,13.67,0.424
1,3,1,3.29,0.89
2,1,1,67.53,15.789
1,1,4,23.91,0.345
3,2,4,50.21,17.851
2,3,3,31.29,2.268
2,1,1,23.13,3.312
2,3,2,28.82,3.481
1,1,1,45.0,0.959
3,1,1,0.58,12.935
1,1,2,9.19,0.428
1,2,3,25.34,0.953
1,2,2,28.32,1.143
2,3,2,24.95,4.741
1,1,2,21.32,0.408
2,2,2,32.73,3.38
3,2,2,19.15,27.144
1,1,1,44.17,0.481
1,2,2,27.71,1.764
1,1,1,25.93,0.925
1,2,1,44.26,1.959
2,2,1,16.8,5.782
1,3,3,14.16,0.52
1,1,1,51.53,1.002
1,1,1,33.44,0.919
1,1,4,33.53,0.425
1,1,1,7.31,0.628
1,1,5,27.38,0.37
2,2,4,13.25,3.426
1,1,5,19.53,0.576
1,2,2,11.17,1.112
1,2,1,28.72,1.396
2,1,2,41.89,2.867
2,2,1,46.91,7.168
1,1,2,39.63,1.953
1,3,1,27.26,0.635
2,2,1,18.11,4.471
2,2,5,16.81,3.487
2,1,2,37.48,3.661
2,2,1,60.51,3.633
1,2,3,20.32,1.039
1,3,3,20.19,0.7
2,2,1,27.05,7.504
1,1,2,12.08,0.55
1,2,2,33.48,1.649
2,2,2,14.25,5.203
3,3,1,45.53,37.921
1,1,2,40.23,0.555
2,1,4,27.36,1.803
1,3,2,27.41,1.418
2,2,2,25.27,3.992
2,1,1,20.53,3.601
2,2,1,26.61,4.567
3,1,5,29.46,7.761
3,1,2,51.04,28.83
3,1,1,30.47,15.867
1,1,1,3.92,0.461
1,3,2,27.27,0.88
1,3,3,30.28,0.677
1,2,1,22.94,0.975
2,1,1,33.4,2.879
1,2,4,18.28,0.55
3,3,1,44.03,25.097
1,3,4,24.51,0.785
1,1,1,17.36,0.751
1,2,1,20.61,1.134
1,1,3,14.36,0.482
1,2,2,32.17,0.799
1,1,2,55.16,0.802
1,3,1,22.02,0.883
2,2,4,64.62,7.513
1,1,1,58.19,1.793
2,2,1,14.76,5.722
2,1,5,28.64,2.207
1,3,4,12.38,0.631
1,2,1,30.82,1.564
2,1,1,19.85,4.798
2,2,1,51.57,12.002
1,3,1,11.0,0.898
2,2,2,4.66,5.752
1,3,3,58.47,0.907
1,1,1,3.43,0.648
1,1,2,9.61,0.691
2,3,1,29.33,7.098
1,1,2,53.38,0.713
1,3,2,2.88,0.74
1,3,2,15.21,0.88
1,2,2,18.42,1.348
1,2,1,65.99,2.761
1,2,2,19.75,1.066
2,1,1,31.62,4.956
2,1,5,38.81,3.65
1,3,1,36.26,1.255
1,2,2,18.33,0.953
1,1,1,14.06,0.43
2,1,3,11.17,2.327
1,1,1,40.0,0.898
2,1,3,5.69,2.701
1,1,2,28.91,0.948
1,2,5,63.57,1.33
1,3,2,46.8,1.333
2,1,1,14.67,4.436
1,3,3,8.48,0.655
1,2,2,8.56,1.135
1,3,1,11.2,0.959
3,1,2,44.82,27.569
1,1,1,16.77,0.832
2,1,4,47.54,6.588
3,2,1,38.96,45.594
1,1,3,23.36,0.397
1,1,4,33.03,0.514
1,2,2,18.56,0.809
2,3,2,53.37,9.065
3,2,1,42.8,39.895
3,2,2,21.03,24.58
1,1,2,1.7,0.52
3,1,1,26.47,13.563
1,1,2,30.5,0.568
2,1,1,11.13,2.253
1,1,1,30.85,0.448
1,3,2,25.11,0.822
2,1,1,21.1,2.795
1,2,1,25.23,1.163
3,2,1,42.69,43.932
1,1,3,18.91,0.53
2,1,1,9.82,2.932
1,1,2,11.71,0.679
1,1,2,23.36,0.644
1,3,5,17.01,0.448
2,3,1,38.08,4.475
2,3,1,6.93,4.538
1,1,1,19.14,0.547
1,1,1,31.9,0.729
1,2,2,50.48,2.191
2,1,2,47.87,4.022
2,1,2,34.43,2.025
2,1,3,27.67,2.974
1,1,1,21.91,0.642
1,1,4,69.03,1.522
1,2,5,21.77,0.691
3,2,2,33.69,45.677
1,2,1,8.12,0.904
1,1,3,17.61,0.84
2,1,1,19.83,2.638
1,1,2,9.44,0.497
1,1,3,42.8,0.808
1,2,2,16.51,1.167
2,1,1,33.27,2.417
2,1,4,20.03,1.893
1,2,1,52.98,1.896
1,1,2,54.07,1.367
1,1,2,36.75,0.745
2,1,2,8.8,2.872
1,1,2,11.94,0.788
1,1,1,26.44,0.734
1,3,1,40.35,0.831
3,2,2,11.55,27.237
1,1,1,19.86,0.683
1,2,1,4.07,1.134
1,3,1,2.16,0.903
2,1,1,41.69,5.104
2,2,1,5.8,7.68
3,1,2,17.49,15.056
1,2,3,14.78,0.614
1,1,2,29.62,0.55
1,1,4,41.54,0.545
2,2,1,14.0,4.767
2,1,2,46.97,2.773
1,2,1,43.46,2.296
1,2,4,67.73,1.934
1,3,1,41.29,1.027
2,2,3,39.42,4.35
1,3,2,14.11,0.69
1,2,4,41.13,1.106
1,2,1,35.76,1.691
1,3,1,9.19,0.863
1,1,2,44.9,0.852
2,1,2,24.67,2.921
2,3,2,11.15,5.409
1,1,1,57.57,1.426
1,1,2,42.73,1.019
2,2,1,8.77,6.773
2,1,2,41.26,4.784
2,1,1,12.28,3.492
2,3,3,49.85,3.791
2,1,1,60.43,4.877
2,2,1,32.54,5.667
1,1,2,8.56,0.387
1,1,1,35.0,0.966
1,2,2,40.11,1.109
2,3,1,18.81,4.48
2,1,3,8.13,2.9
3,2,2,28.82,32.441
1,2,1,18.52,1.637
1,1,2,1.54,0.44
2,2,4,59.72,10.973
2,3,1,11.5,4.056
2,1,1,60.81,10.591
1,1,2,63.9,0.856
3,1,3,23.94,13.594
3,1,2,11.21,9.798
3,2,2,12.13,27.705
2,1,2,51.73,4.552
2,1,2,9.13,2.98
1,1,1,30.66,0.855
1,2,1,21.31,1.166
1,1,2,55.55,0.89
1,2,2,4.6,1.451
3,3,2,50.95,17.591
2,1,4,25.0,1.103
1,1,5,30.88,0.453
2,2,1,28.36,9.318
1,1,5,32.72,0.638
1,3,1,10.75,1.113
2,1,4,17.55,2.039
1,1,1,60.34,1.411
2,1,3,60.14,4.974
2,1,2,53.31,4.53
1,1,1,67.1,1.469
1,1,1,5.32,0.687
1,1,2,9.34,0.455
3,1,1,28.87,12.369
1,1,2,34.94,0.749
2,1,1,8.82,3.313
2,2,3,10.83,5.269
1,1,2,39.49,0.729
1,2,2,9.27,1.292
1,3,1,11.85,0.786
1,3,1,18.4,0.695
1,3,1,37.29,1.109
2,1,1,7.34,2.688
2,1,1,14.28,2.444
1,2,2,16.88,1.367
1,3,1,15.43,0.925
1,3,3,51.78,1.348
2,1,2,49.05,2.508
3,2,2,32.07,22.909
2,1,3,59.22,4.515
1,1,2,30.41,0.585
3,3,2,42.21,34.581
2,3,1,47.87,6.826
1,2,2,34.78,1.266
1,1,1,41.18,1.2
1,1,2,75.18,1.773
2,1,5,51.19,3.11
1,1,3,31.98,0.875
1,1,2,21.85,0.489
1,1,3,27.66,0.68
1,1,3,34.16,0.717
2,3,2,26.39,4.048
1,1,4,13.9,0.632
1,1,4,42.47,0.818
2,1,2,27.77,4.836
3,2,3,14.45,23.71
1,1,3,7.43,0.425
1,2,1,44.45,2.386
1,2,3,15.1,1.048
1,1,2,10.6,0.599
2,2,1,14.34,4.639
3,1,2,22.46,15.096
1,2,4,18.35,1.264
1,3,2,32.91,0.854
1,1,3,26.98,0.291
2,1,2,12.84,3.064
1,3,1,12.4,0.965
1,3,1,38.16,1.246
1,1,1,10.17,0.681
2,1,1,18.02,2.502
3,2,1,45.6,40.545
1,2,1,78.08,5.364
2,1,1,30.11,5.654
2,2,2,14.76,5.175
1,1,2,36.7,0.879
3,2,2,29.0,17.961
2,2,1,25.97,6.388
1,1,3,40.51,0.87
2,1,1,19.72,3.755
1,2,1,30.37,1.743
1,1,2,35.7,0.592
1,1,1,66.72,1.293
2,2,1,24.3,5.848
3,2,1,24.52,27.935
1,1,1,10.76,0.681
1,2,3,25.62,1.047
1,1,3,15.61,0.488
3,1,1,14.36,16.742
1,3,2,32.85,1.491
3,2,4,20.35,17.169
1,1,2,33.06,0.706
1,1,2,53.22,1.188
1,1,1,20.73,0.618
1,2,2,71.79,3.956
1,2,1,48.78,1.668
3,2,2,35.12,25.512
1,3,2,12.2,0.835
1,2,2,10.39,0.612
2,2,2,21.76,7.331
1,3,3,27.52,0.664
2,2,2,19.69,5.213
2,1,4,44.25,2.431
3,2,5,40.24,22.591
1,3,2,24.74,0.858
1,2,2,4.71,1.125
1,2,3,33.0,1.173
1,1,2,41.31,0.61
1,1,1,16.37,0.532
1,2,2,12.42,1.32
1,1,1,23.11,0.649
3,3,2,14.92,20.635
3,1,4,14.37,10.788
1,3,1,11.81,0.773
3,1,1,11.19,13.625
2,1,1,1.26,2.321
1,1,1,50.24,1.099
3,1,1,49.83,25.415
3,2,4,40.01,13.3
2,2,1,23.54,3.996
2,3,4,38.66,3.402
1,3,2,27.04,0.704
1,1,1,22.02,0.638
2,2,1,38.11,6.126
1,3,2,37.44,1.084
1,1,2,16.82,0.619
2,1,2,30.03,4.041
2,1,5,29.75,3.196
2,3,1,42.1,4.095
1,3,3,7.99,0.558
1,2,3,69.92,3.921
1,1,1,23.93,0.65
2,2,1,16.65,6.481
1,3,1,29.24,1.239
3,1,2,12.03,9.098
2,1,2,68.69,8.303
1,1,4,24.43,0.586
2,3,4,39.98,4.607
1,2,2,37.26,1.597
1,2,3,37.09,1.012
1,1,3,12.92,0.434
1,1,5,28.48,0.237
2,2,1,32.87,3.965
1,1,1,12.44,1.035
2,2,2,15.93,4.049
1,1,5,18.2,0.53
1,1,1,8.49,0.53
2,2,2,7.01,4.604
2,1,2,17.53,2.881
3,2,1,29.75,33.554
2,2,1,6.49,6.935
1,1,5,37.93,0.45
1,1,1,30.81,0.668
1,1,2,15.16,0.492
3,3,2,34.47,21.826
1,2,4,11.45,1.362
1,2,1,15.67,1.057
1,3,2,32.47,0.691
1,2,2,20.22,1.148
2,1,3,53.09,3.398
1,3,3,10.77,0.634
3,3,2,14.35,11.588
1,3,3,26.2,0.668
2,1,4,53.89,5.578
1,2,1,45.92,1.498
1,1,1,9.21,0.567
1,1,1,14.5,0.59
1,1,2,45.15,0.884
3,1,2,48.71,17.028
2,1,1,36.45,6.452
1,1,2,5.81,0.54
1,1,3,29.29,0.682
1,1,2,26.79,0.858
2,2,5,21.93,2.221
1,1,3,6.87,0.516
1,2,3,44.36,1.025
1,3,1,69.21,2.133
3,2,5,19.15,16.699
1,1,1,69.86,0.848
2,1,3,18.07,3.317
3,3,2,30.23,14.676
1,1,2,23.63,0.762
1,2,1,29.06,1.139
1,2,1,33.68,1.558
2,1,1,51.43,4.288
1,1,3,25.11,0.563
1,2,3,32.35,0.702
1,1,1,17.11,0.587
2,1,4,17.62,1.947
2,1,4,3.94,2.459
1,2,1,35.99,1.189
2,1,3,26.24,2.777
1,2,1,8.6,1.647
1,1,2,19.24,0.612
1,1,3,36.14,0.613
2,1,4,21.68,2.57
2,1,1,6.92,3.834
1,1,1,18.67,0.709
1,2,2,68.53,5.206
1,1,1,32.68,0.66
1,1,3,34.48,0.571
1,1,5,22.84,0.444
1,2,1,42.55,1.418
1,2,2,37.92,1.176
1,1,1,45.22,2.086
1,1,4,36.43,0.749
1,1,2,19.29,0.723
2,1,2,50.21,2.804
1,1,3,54.87,1.051
2,1,1,13.58,2.277
1,3,1,35.99,0.995
1,1,1,13.58,0.804
1,3,2,42.26,0.572
1,1,2,4.91,0.666
2,2,2,15.07,6.143
1,2,1,22.87,1.197
1,1,1,8.47,0.528
1,3,1,54.91,1.096
1,3,5,6.33,0.408
3,2,2,39.57,39.945
3,2,2,20.56,21.242
1,1,2,38.41,0.679
1,1,1,66.05,0.935
1,1,1,24.39,0.696
1,2,4,44.99,0.692
1,1,2,22.81,0.767
1,3,4,10.33,0.518
1,2,3,14.77,0.752
1,1,5,41.0,0.716
1,1,1,59.4,0.503
1,1,1,21.0,0.474
2,2,2,38.96,6.757
1,3,2,42.29,1.053
2,3,1,42.42,6.384
1,2,1,47.35,1.35
1,1,2,53.69,0.859
2,3,1,45.63,4.274
1,3,2,27.59,0.703
3,2,2,14.37,23.722
3,1,2,37.19,13.266
1,1,3,19.38,0.426
1,1,4,32.91,0.543
1,1,3,7.14,0.573
3,2,3,44.72,48.892
1,2,2,24.43,1.17
2,3,2,32.23,2.15
1,1,1,35.25,1.051
1,1,3,26.67,0.527
1,1,1,31.13,0.457
2,1,1,28.56,4.465
2,1,4,22.83,1.725
1,2,1,44.56,1.627
1,2,2,8.72,0.998
1,3,1,12.61,0.806
1,1,1,16.56,0.726
2,2,1,33.36,6.659
1,2,3,29.1,0.867
3,1,1,52.08,11.826
1,2,3,27.66,0.572
2,1,2,54.68,3.708
3,1,1,27.48,16.592
2,1,2,34.51,4.753
3,2,1,3.66,23.287
1,2,4,38.5,1.13
2,2,3,11.13,3.956
1,1,1,20.51,0.464
1,1,1,18.63,0.93
1,2,5,26.83,0.806
2,1,4,8.37,2.021
3,2,2,32.61,38.357
1,1,3,13.47,0.464
2,2,3,11.2,4.586
2,3,1,11.88,3.42
2,2,2,34.93,6.943
1,2,1,18.24,0.828
1,1,3,26.81,0.37
1,1,1,33.59,0.683
2,3,3,5.17,3.367
1,3,2,2.4,0.912
2,1,2,14.97,3.324
3,1,1,22.26,15.975
1,1,1,11.38,0.691
2,1,3,26.58,2.409
1,2,4,35.98,1.102
2,3,5,13.87,1.27
1,1,1,40.28,0.706
3,3,1,26.19,26.82
2,3,1,76.7,8.814
2,2,2,18.19,5.932
1,2,5,40.23,0.659
1,1,1,9.91,0.57
2,2,2,61.45,5.673
3,1,4,33.15,9.204
3,2,1,20.48,26.102
2,3,1,27.39,4.392
2,1,1,32.48,1.849
1,1,2,27.47,0.472
2,1,1,30.26,2.892
1,1,2,43.88,1.38
2,1,3,11.22,2.764
1,2,1,29.96,1.156
3,3,3,23.22,13.418
1,1,1,5.02,0.513
1,2,5,1.48,0.57
2,2,2,25.69,8.428
2,1,3,36.38,5.849
2,1,1,4.64,3.083
2,3,1,69.99,8.027
1,1,2,6.4,0.609
1,3,1,22.24,0.872
2,3,3,38.72,2.461
3,3,1,51.02,22.578
2,1,2,2.92,3.475
1,1,3,33.17,0.629
2,1,2,39.76,3.12
1,1,2,34.75,0.605
3,3,2,61.26,44.94
1,2,1,26.81,1.285
1,1,5,57.85,0.893
1,1,2,57.21,0.748
2,1,1,31.49,4.822
2,1,1,54.22,7.906
2,1,1,4.11,2.831
1,1,3,31.16,0.525
2,1,1,16.29,3.203
1,1,1,13.59,0.781
1,1,1,64.5,1.089
2,1,1,7.92,3.745
1,1,4,16.62,0.4
1,1,4,16.18,0.239
1,1,1,37.78,0.904
2,2,3,12.24,6.835
1,1,1,24.58,0.786
1,1,1,16.81,0.702
1,1,1,65.58,3.169
2,1,1,31.8,4.615
1,3,1,42.86,0.946
1,3,1,43.41,1.488
1,1,1,30.39,0.693
1,1,5,38.95,0.437
1,2,1,36.42,1.64
2,1,2,76.87,9.392
1,2,3,22.12,1.009
1,2,1,2.52,1.237
1,2,3,16.31,0.772
1,1,3,24.77,0.554
2,1,1,14.0,2.684
2,1,4,47.83,3.75
2,2,2,40.5,9.944
1,3,2,6.0,1.078
1,1,4,15.57,0.396
1,1,1,21.27,0.552
1,2,3,45.99,2.21
2,1,1,21.17,4.785
1,1,1,43.91,1.017
1,1,2,40.03,0.759
2,2,1,7.87,5.809
1,1,2,37.14,0.569
3,2,1,10.31,28.323
1,2,1,27.12,1.611
2,1,2,22.47,3.796
2,3,4,10.47,2.268
2,2,1,24.58,6.336
1,1,1,45.73,0.752
1,1,2,27.62,0.682
1,1,1,56.5,0.618
2,2,2,13.6,6.015
1,2,1,21.57,1.599
1,1,5,46.12,0.373
1,2,1,47.54,1.557
2,2,3,51.08,9.774
1,1,4,24.98,0.445
1,1,1,9.65,0.655
2,3,2,27.54,2.602
2,1,4,7.74,2.81
2,3,5,64.55,3.136
1,3,2,48.31,1.059
1,2,2,25.25,1.424
1,2,2,43.63,1.679
1,1,2,14.45,0.711
1,1,5,17.06,0.478
1,1,1,35.91,0.822
1,2,5,28.83,0.597
1,3,2,11.34,0.681
2,1,2,29.72,3.29
1,1,3,48.2,0.521
3,1,2,40.5,10.014
2,2,2,24.55,4.705
1,2,1,18.15,1.21
1,3,2,25.75,0.962
3,1,1,10.31,20.248
3,2,3,47.22,66.734
1,1,1,22.32,0.92
1,3,2,70.11,2.006
3,2,2,39.11,21.458
2,1,2,32.04,2.3
2,1,2,14.02,3.284
1,2,3,51.82,1.378
2,2,1,63.07,8.181
1,1,1,32.15,1.014
1,1,2,51.81,0.859
2,1,1,11.25,4.916
1,1,2,42.51,0.584
1,1,4,12.03,0.379
2,1,2,40.39,3.382
2,1,3,7.96,2.939
3,1,2,27.84,12.413
1,1,4,40.55,0.383
1,1,1,49.89,1.021
1,2,3,16.53,0.848
1,2,3,9.97,0.85
1,3,2,42.77,1.361
1,2,1,14.17,1.37
1,1,1,12.97,0.691
1,1,3,52.96,0.349
1,2,2,19.94,1.067
1,2,2,9.23,0.926
1,1,3,11.67,0.392
2,2,1,33.82,6.993
1,2,3,37.14,1.603
3,2,2,9.13,24.44
1,2,1,34.14,1.716
2,1,2,10.1,3.703
2,2,2,51.26,7.763
2,1,2,34.1,3.031
2,3,1,15.17,4.463
1,1,3,37.24,0.795
1,2,2,6.47,1.351
2,3,3,58.36,10.11
1,1,4,46.62,0.639
2,1,3,28.94,1.94
2,1,3,13.88,2.604
1,2,1,58.84,1.186
1,1,1,47.79,0.671
2,2,1,29.1,4.899
2,2,1,34.8,5.343
2,1,1,29.68,4.614
2,2,3,34.46,6.023
1,3,1,19.43,1.051
1,3,4,20.4,0.747
1,1,4,15.32,0.288
1,3,1,56.95,1.645
2,2,1,39.59,7.386
2,3,2,19.94,4.575
2,1,1,15.59,4.847
1,2,4,14.97,0.715
1,2,1,12.9,1.343
1,3,5,11.46,0.357
1,1,1,60.06,1.333
1,2,1,16.42,1.308
1,1,1,10.63,0.895
1,3,1,14.08,0.774
1,3,2,39.39,1.097
2,3,1,25.63,4.514
2,2,3,10.82,3.605
1,1,2,50.6,0.568
2,2,2,53.37,10.342
1,3,3,47.76,0.494
1,1,1,19.5,0.714
2,2,5,43.83,4.404
1,1,3,22.38,0.502
2,1,2,21.33,6.263
1,1,3,76.24,0.908
1,2,2,25.49,1.484
1,1,1,71.51,1.726
1,1,1,16.61,0.57
1,3,1,19.92,0.709
1,1,1,9.94,0.918
1,3,2,23.65,1.33
1,1,2,13.4,0.584
1,2,4,23.43,1.013
2,1,1,38.6,3.282
2,1,2,20.69,3.487
2,2,1,17.34,7.991
2,1,2,29.52,2.182
1,1,2,11.07,0.428
2,2,2,38.92,6.54
2,1,2,5.73,2.613
2,3,3,46.75,4.884
2,1,2,20.93,2.117
3,3,1,35.38,17.601
1,1,5,7.65,0.396
3,3,5,15.57,8.665
1,1,3,29.97,0.358
1,1,1,21.95,0.661
1,1,1,14.12,0.601
1,2,3,10.14,1.059
1,2,3,35.5,1.52
1,1,2,22.25,0.527
1,2,1,54.62,1.781
2,1,1,13.15,3.477
1,1,1,42.87,0.6
1,1,3,38.19,0.591
2,2,2,45.02,6.116
2,2,4,17.93,3.793
2,2,3,6.05,4.396
1,1,2,27.05,0.683
3,2,1,34.52,46.879
2,1,3,30.93,3.244
1,2,1,13.27,1.693
1,3,1,18.03,0.542
1,1,1,33.08,0.469
2,2,3,17.65,5.334
2,1,2,55.99,3.016
2,2,4,39.56,4.568
3,2,3,17.97,28.832
2,1,1,41.49,6.039
1,1,3,16.22,0.43
1,1,4,55.95,0.792
1,1,1,30.5,0.7
1,1,1,10.09,0.486
1,3,3,28.13,0.868
1,3,4,7.72,0.807
2,1,2,30.97,3.751
1,1,2,36.26,0.747
2,1,1,51.2,4.401
3,2,1,18.89,22.049
1,1,1,35.85,0.377
1,1,2,15.42,0.726
1,2,1,31.53,1.483
2,1,1,31.31,4.221
2,2,3,41.05,7.306
1,3,1,17.7,1.193
2,3,1,21.83,5.478
2,2,2,40.26,6.199
1,1,1,57.31,1.182
2,2,1,24.93,6.185
1,3,1,9.76,0.962
1,1,2,16.15,0.743
3,3,2,19.62,14.116
1,1,1,43.08,0.726
2,1,5,10.07,1.816
2,2,2,46.12,5.644
1,1,1,40.21,0.755
2,1,1,29.39,4.615
1,3,2,25.15,1.03
1,3,2,27.4,0.741
1,2,1,18.87,0.97
2,2,2,16.93,4.554
3,1,1,57.95,17.239
1,2,2,17.09,0.87
1,1,3,16.54,0.615
3,1,2,47.09,14.301
2,1,1,59.06,3.854
1,1,1,32.02,1.316
1,1,1,24.13,0.809
1,1,1,24.65,0.443
1,1,1,7.89,0.688
1,1,4,27.27,0.513
2,2,1,22.23,5.752
2,1,1,29.49,3.762
1,1,4,23.19,0.552
2,1,2,34.12,3.544
1,3,3,48.42,0.998
2,3,3,14.74,3.088
1,3,2,31.28,0.785
1,2,1,48.13,1.616
1,3,1,26.09,0.612
1,1,1,3.44,0.773
2,1,4,11.26,2.501
1,3,1,58.98,1.894
1,1,4,25.76,0.417
1,2,2,30.92,1.672
2,3,2,16.97,3.123
2,1,1,15.81,5.11
2,1,1,55.48,2.769
2,1,2,19.34,2.97
2,2,5,32.39,3.159
1,2,1,44.3,1.148
2,2,2,23.32,5.998
1,1,2,41.73,0.971
2,1,3,18.48,3.059
3,3,3,9.53,11.749
1,3,2,30.16,0.572
1,1,3,14.64,0.356
1,2,1,35.52,1.095
3,3,1,29.91,17.689
1,2,3,13.97,1.122
2,3,1,14.79,6.393
1,2,4,5.92,0.751
1,1,1,10.58,0.362
1,2,2,15.9,0.854
2,2,3,67.59,12.209
1,1,2,26.12,0.557
3,1,2,25.53,22.129
2,3,2,34.76,3.904
3,2,1,19.02,39.836
1,1,1,16.16,0.544
1,2,2,23.09,1.073
1,2,1,65.9,4.304
1,1,2,53.14,0.845
1,2,2,17.65,1.149
1,3,3,36.81,0.845
3,3,4,30.7,15.384
1,1,3,9.52,0.5
1,1,1,35.73,0.753
2,1,3,64.1,3.32
1,2,2,35.4,0.914
1,1,1,3.41,0.802
3,2,2,10.02,27.227
1,2,1,48.09,1.094
1,1,1,15.25,0.992
1,3,3,41.33,1.051
1,1,1,22.8,0.896
1,3,3,17.05,0.54
2,1,4,37.82,3.115
1,1,3,4.65,0.48
1,1,2,25.64,0.64
1,3,3,27.52,0.926
3,1,2,15.93,13.836
1,2,1,17.11,0.741
1,1,2,39.14,0.857
1,1,2,28.59,0.688
1,2,2,27.15,1.276
1,1,2,43.55,0.8
1,1,2,37.45,0.857
1,2,3,22.03,1.119
1,3,5,5.21,0.378
2,1,4,9.19,1.705
1,1,5,42.91,0.481
1,2,1,36.5,1.686
1,3,3,24.11,0.8
1,1,1,6.61,0.788
1,1,1,38.87,0.892
1,1,3,33.59,0.428
1,1,1,37.46,0.539
1,1,1,28.58,0.87
1,1,1,53.78,1.075
1,2,5,9.86,0.591
1,1,2,26.72,0.559
1,1,1,28.71,0.519
1,2,4,62.88,2.911
1,2,1,26.59,1.239
1,3,5,7.14,0.437
3,2,2,27.48,30.199
1,3,1,57.08,1.562
1,1,1,26.93,0.765
2,2,2,49.27,8.039
1,1,1,12.64,0.62
1,2,1,27.7,1.406
2,1,1,37.54,4.489
1,1,1,50.55,1.291
2,1,4,34.13,1.545
1,2,1,14.78,1.503
1,2,2,8.35,0.687
1,2,1,34.05,1.008
2,2,3,20.65,3.912
1,1,4,21.08,0.339
1,2,1,13.44,0.816
3,2,1,25.71,37.619
3,1,2,35.44,23.982
1,1,3,34.35,0.513
1,1,1,37.03,0.749
2,1,2,27.9,2.826
2,1,3,37.93,2.812
3,3,1,31.29,22.603
2,1,2,11.02,3.832
2,1,1,30.64,4.227
1,3,4,44.34,0.735
1,1,1,17.26,0.87
1,1,1,46.38,0.876
2,1,3,28.82,2.129
1,1,1,38.39,1.002
1,1,5,37.96,0.613
1,3,4,20.64,0.541
3,2,1,23.57,39.339
1,2,1,11.6,1.479
2,1,2,46.75,2.128
2,1,1,20.4,4.516
1,2,3,42.14,0.928
1,1,3,36.43,0.586
1,1,2,18.13,0.882
2,1,4,23.68,2.089
1,1,3,8.56,0.475
3,2,3,11.2,18.859
2,1,2,12.05,3.35
1,1,2,12.61,0.573
1,2,2,20.11,0.549
1,3,1,18.93,0.889
1,1,1,22.15,0.72
1,1,1,12.4,0.581
1,2,1,38.32,1.986
3,1,2,42.49,38.724
2,1,4,47.03,2.541
2,1,2,32.14,4.998
1,2,5,32.13,0.502
2,2,4,5.04,3.223
2,1,2,14.99,5.113
1,3,2,24.23,1.136
2,1,2,47.47,3.555
2,1,2,36.74,3.906
3,1,1,26.68,11.118
1,2,5,4.76,0.651
2,1,2,27.45,2.887
1,3,1,20.53,1.111
1,3,1,20.4,1.014
1,1,3,43.34,0.689
1,1,2,47.48,0.943
1,2,2,17.4,0.941
1,1,2,18.95,0.503
1,1,1,42.39,0.842
2,1,2,12.23,2.59
2,3,1,21.22,5.01
2,2,2,38.61,6.729
1,2,1,15.9,1.183
3,2,3,55.79,20.655
1,1,1,49.63,1.153
1,1,1,25.15,0.603
1,1,2,16.7,0.632
1,1,1,38.35,0.661
2,1,2,35.5,2.496
1,2,1,35.03,1.649
3,3,4,19.08,14.535
1,2,1,31.65,1.221
1,1,4,46.53,0.546
1,2,2,4.7,0.788
1,1,3,16.0,0.668
3,3,2,20.69,17.989
1,2,2,19.36,1.403
1,1,1,25.12,0.72
2,1,1,14.09,2.475
1,2,1,32.55,1.301
1,3,2,21.84,0.85
1,1,2,29.66,0.566
1,2,4,12.03,0.575
2,2,2,34.54,9.575
2,1,1,17.54,2.961
1,1,3,1.28,0.841
2,1,1,19.64,3.753
2,1,3,54.96,4.141
1,1,3,28.05,0.889
1,1,3,13.0,0.385
1,1,1,12.13,0.687
1,1,2,24.43,0.407
1,2,1,34.35,1.518
1,1,1,3.42,0.776
1,1,1,17.71,0.282
2,1,1,26.59,3.773
1,2,4,11.42,0.94
3,3,1,50.64,28.259
1,2,1,31.54,1.263
1,2,1,30.49,1.471
2,1,4,10.52,2.165
1,2,2,16.1,0.949
3,2,5,53.87,19.761
1,1,4,50.43,0.49
1,3,3,56.96,1.157
1,1,1,47.22,0.756
1,1,2,36.1,0.678
2,3,2,31.2,8.059
2,3,4,7.3,2.672
1,1,1,4.03,0.526
2,1,2,26.97,6.388
2,2,4,11.17,5.812
1,2,1,41.45,1.477
1,3,3,30.42,1.413
3,2,1,43.24,41.382
2,2,2,12.5,7.201
1,2,4,32.0,1.073
1,3,1,14.97,1.06
2,2,3,73.82,19.132
3,1,1,16.42,12.704
1,2,1,66.94,1.936
2,2,1,65.63,10.882
1,3,3,49.8,1.431
1,1,2,32.84,0.904
2,1,1,21.28,3.664
1,2,3,24.04,0.964
1,3,3,38.99,0.63
2,1,3,36.18,4.818
1,1,5,6.92,0.28
1,1,3,4.15,0.52
1,1,1,21.74,0.677
1,2,2,10.44,0.773
1,1,1,35.04,0.78
1,3,4,27.21,0.492
3,1,5,57.91,11.514
2,1,4,41.55,2.261
2,1,2,8.57,2.845
1,1,2,18.48,0.756
1,3,4,38.78,1.114
2,2,1,78.16,9.466
2,3,2,10.59,3.049
2,1,3,45.88,6.441
1,1,2,27.07,0.406
1,3,4,60.89,0.974
1,2,1,75.38,1.821
1,2,1,7.3,1.351
2,1,4,21.42,2.262
1,1,3,5.49,0.59
1,1,4,42.88,0.485
1,1,1,58.68,0.92
2,1,3,11.29,2.789
2,1,3,52.65,6.531
1,2,1,32.5,0.883
3,2,4,47.29,23.691
1,3,3,21.35,0.525
2,1,1,25.26,4.186
2,3,5,17.28,1.85
3,1,4,21.19,6.418
2,2,2,26.38,2.226
1,1,2,11.57,0.384
1,1,2,21.73,0.531
2,3,5,69.67,4.023
2,2,1,51.66,9.232
1,1,2,37.75,0.71
2,3,2,23.5,3.66
1,3,1,24.45,1.297
1,1,1,54.69,0.983
1,1,4,23.05,0.315
2,1,2,16.94,2.698
2,2,4,22.98,4.962
2,1,1,44.59,9.107
1,1,2,34.41,0.767
1,3,4,20.42,0.778
1,3,1,40.49,1.456
1,1,1,37.61,0.633
1,3,1,51.33,1.129
2,1,1,21.46,2.995
2,1,2,28.88,4.061
3,1,4,30.83,10.509
1,1,5,15.07,0.224
2,2,3,27.87,3.273
1,2,1,11.24,1.249
1,2,3,19.02,0.885
2,2,1,41.26,5.556
3,1,2,37.37,13.018
1,3,2,23.02,0.763
2,2,1,29.7,4.6
1,3,2,37.64,1.161
1,2,2,19.33,1.974
1,1,1,12.18,0.956
1,2,2,16.21,1.154
2,1,2,10.85,3.436
1,1,1,32.09,0.6
2,2,2,73.99,8.913
2,1,4,17.04,2.285
2,3,1,49.47,6.553
1,1,1,13.44,0.507
1,3,1,20.33,0.844
1,3,1,30.08,0.887
1,1,2,27.69,0.517
1,1,1,15.11,0.613
1,1,1,37.84,0.519
2,1,1,30.81,4.715
1,1,3,7.86,0.539
1,1,1,14.71,0.609
2,1,1,20.32,2.665
3,2,3,43.9,42.344
2,2,5,24.31,2.529
1,3,3,35.93,0.979
2,1,2,55.21,4.858
1,3,2,32.89,0.926
2,2,1,27.76,6.87
1,2,2,11.5,0.995
2,1,1,32.49,2.984
1,1,3,10.35,0.469
2,1,3,57.56,2.344
2,1,4,25.98,2.918
2,1,2,24.42,3.877
1,1,1,23.96,0.691
2,1,1,20.24,3.269
1,2,1,8.99,0.946
2,1,1,29.64,4.2
1,2,1,45.17,1.826
1,1,1,37.29,0.913
2,3,1,8.44,4.258
1,1,3,51.65,0.628
2,3,1,12.94,4.181
1,1,4,36.65,0.528
2,1,3,20.84,2.7
1,1,1,41.07,0.633
2,3,1,10.59,4.285
1,2,4,37.58,1.313
1,1,1,18.34,0.626
1,1,3,7.15,0.438
2,3,2,39.47,3.312
1,3,2,59.48,1.498
1,1,2,10.58,1.028
1,1,3,1.42,0.575
2,3,2,3.82,2.897
1,1,2,50.09,1.779
1,1,1,21.67,0.382
1,3,2,8.24,0.685
1,2,1,19.43,1.128
1,1,3,47.21,1.389
1,1,1,10.71,0.762
1,1,1,9.3,0.482
3,1,2,27.81,18.281
1,2,1,82.95,7.145
2,1,2,37.32,1.671
1,1,1,28.54,0.4
1,2,2,26.49,1.564
2,2,1,42.64,10.624
2,1,4,44.37,3.732
2,3,1,14.97,2.651
2,2,3,20.2,3.586
1,3,1,41.15,0.761
3,1,1,59.69,29.371
1,3,1,63.84,1.999
2,1,2,36.2,3.377
2,3,1,36.07,6.819
1,2,2,36.97,1.302
1,1,1,12.47,0.918
3,1,2,35.41,15.357
1,3,4,17.92,0.478
1,1,2,44.86,1.09
2,2,3,21.94,6.327
1,1,3,14.77,0.713
1,1,3,19.48,0.343
2,1,2,38.65,4.149
3,3,1,24.32,24.851
1,1,2,30.64,0.905
3,1,1,9.7,20.344
1,2,2,32.87,1.226
1,2,4,22.62,1.044
1,1,1,25.57,0.846
1,2,1,22.64,1.596
2,1,1,10.71,2.737
1,3,1,16.05,0.941
1,3,1,10.79,1.17
2,3,3,47.96,5.934
2,1,2,9.07,2.274
2,1,3,24.71,2.609
2,3,2,16.83,3.0
3,2,2,9.73,22.902
2,3,1,9.07,2.592
3,2,1,17.7,41.502
3,3,3,58.24,41.339
2,1,1,15.91,2.593
1,1,4,22.75,0.519
1,2,2,25.33,1.369
1,3,2,21.29,0.713
1,1,5,30.97,0.42
1,3,2,13.46,0.704
1,1,1,44.45,0.812
1,2,4,9.79,0.688
2,2,2,2.63,7.036
1,2,3,27.72,0.589
3,1,1,49.72,23.404
2,1,1,6.58,3.178
2,3,1,36.46,4.431
1,3,1,55.29,0.737
3,2,2,22.73,32.043
1,3,2,27.51,0.869
2,1,1,43.24,5.015
1,2,3,32.75,0.728
1,1,2,28.97,0.773
1,2,4,23.09,1.029
2,1,2,6.12,2.699
2,1,1,8.64,3.193
2,1,3,20.08,2.856
2,2,1,22.78,3.857
1,2,1,32.95,1.033
3,3,3,16.96,14.313
1,3,2,34.81,1.273
3,2,2,30.16,27.473
2,1,4,2.54,2.27
1,3,1,16.64,0.752
1,2,3,22.91,1.035
2,3,2,53.7,5.334
3,1,1,33.25,23.982
2,1,2,7.49,2.633
2,2,1,9.79,4.715
3,1,1,34.98,12.817
1,3,2,18.42,1.123
1,2,2,18.33,1.306
2,1,2,51.48,4.668
1,1,2,13.34,0.556
2,1,1,14.67,3.749
1,1,3,11.37,0.721
2,1,3,24.58,2.386
1,1,2,12.5,0.852
2,2,2,29.81,6.948
1,1,1,36.81,1.512
1,1,1,19.68,0.779
1,2,1,4.25,0.967
2,1,2,30.24,3.585
1,3,2,47.13,0.859
1,1,1,38.38,0.366
2,2,1,3.79,5.607
1,1,2,35.03,0.487
1,1,1,30.17,0.613
1,1,3,6.83,0.614
1,1,2,37.66,0.867
1,1,2,65.94,1.414
1,1,2,20.25,1.036
1,1,2,19.84,0.699
1,1,1,54.79,0.742
1,3,2,22.73,0.825
1,1,1,21.3,0.617
1,2,3,39.67,1.235
1,3,1,36.65,1.625
1,3,1,23.77,0.649
3,2,1,11.87,28.177
1,1,1,6.31,0.781
2,3,3,11.52,4.863
1,3,1,34.55,1.41
1,2,2,38.99,1.008
2,2,2,50.28,6.947
1,1,2,39.93,0.813
3,2,1,18.64,30.444
1,1,3,24.73,0.374
1,1,4,18.51,0.574
1,1,3,15.89,0.712
2,1,1,14.46,3.616
1,2,3,9.08,0.702
1,1,2,38.53,1.335
3,1,1,34.19,25.517
1,1,5,7.77,0.319
1,1,1,41.24,0.696
1,2,1,28.05,0.941
2,1,2,45.42,2.492
1,1,2,30.56,0.854
2,3,1,25.36,3.843
3,2,1,33.4,51.202
1,2,1,11.21,0.898
1,2,1,47.95,1.599
1,3,3,34.17,0.861
1,2,1,54.67,2.776
1,1,2,34.45,0.677
1,2,2,47.3,1.556
2,2,1,13.19,7.338
1,3,3,46.94,0.763
3,2,4,4.98,20.492
3,1,1,30.78,13.428
1,1,2,20.25,0.563
2,1,2,21.69,3.73
2,2,2,8.13,5.85
1,1,3,41.1,0.785
1,1,1,32.81,1.057
1,3,2,18.68,1.098
1,1,2,23.87,0.896
2,3,1,29.21,2.682
1,3,1,11.38,1.077
1,3,2,18.59,0.999
2,1,1,11.09,2.862
3,1,1,27.56,16.409
1,3,1,16.21,0.878
1,2,3,17.73,0.958
1,1,2,8.36,0.656
3,3,1,57.94,42.643
1,2,1,42.11,1.305
1,2,4,47.96,0.795
2,2,4,53.51,8.476
1,2,3,8.37,1.028
1,1,3,14.7,0.445
2,1,1,26.4,2.934
2,2,1,61.24,9.377
1,1,1,14.5,0.686
3,1,2,13.14,14.007
1,1,1,39.86,0.915
1,2,2,20.19,0.995
1,3,2,26.56,0.811
1,1,3,9.94,0.525
1,2,3,45.09,1.611
1,1,1,28.74,0.801
1,1,2,11.04,0.57
3,1,1,7.84,15.448
1,1,3,22.75,0.612
1,1,1,14.87,0.588
1,1,4,41.83,0.617
2,1,1,8.84,3.352
1,2,2,16.82,0.698
1,2,3,25.38,0.872
2,1,2,26.94,4.094
1,1,2,49.85,0.766
2,2,4,28.44,5.766
1,3,2,12.51,0.812
2,2,1,17.81,8.723
1,3,1,67.7,2.226
3,1,2,10.05,13.747
1,1,3,32.91,0.389
1,2,1,17.74,0.98
2,1,1,24.54,3.53
1,1,1,50.98,0.56
1,3,1,35.55,1.441
1,1,2,67.33,0.802
1,3,1,7.65,0.865
1,3,2,20.97,1.043
1,1,2,17.43,0.532
1,3,1,42.44,0.98
1,2,1,11.33,1.266
2,2,3,23.12,6.232
1,1,2,5.5,0.766
1,1,1,10.76,0.579
1,1,1,44.57,0.869
1,1,3,25.9,0.545
1,2,2,29.18,1.412
1,3,1,23.77,1.391
1,3,2,16.54,0.956
2,1,1,62.46,5.316
1,2,3,15.24,0.93
1,1,3,19.55,0.687
1,1,2,25.21,0.573
1,1,3,21.13,0.636
2,2,1,26.45,6.514
2,1,3,51.5,3.843
3,1,3,32.66,11.489
1,1,5,25.92,0.498
1,1,1,50.1,0.857
2,1,1,31.04,3.219
2,1,2,15.64,2.257
1,2,3,28.83,1.349
1,3,1,23.3,1.283
1,1,5,35.99,0.389
1,1,1,44.35,0.684
1,2,3,14.04,1.049
1,2,2,8.34,0.809
3,3,2,29.66,17.095
1,1,3,22.36,0.677
2,3,1,12.13,4.971
1,1,2,39.45,0.883
2,3,1,42.18,4.759
2,1,1,53.21,6.536
1,3,2,64.16,2.1
1,1,1,61.42,2.214
1,1,2,25.84,0.343
1,2,2,12.45,1.336
2,1,1,20.34,2.78
2,2,3,48.1,8.544
2,1,2,26.72,5.448
1,2,1,4.21,0.868
2,2,3,7.23,4.586
2,2,1,14.28,7.53
1,2,4,14.76,0.766
2,1,1,35.04,3.839
1,2,1,53.59,1.658
1,2,1,35.89,2.439
2,2,2,35.08,7.667
1,2,3,22.87,1.144
1,2,4,39.62,3.069
1,1,2,44.26,0.604
2,1,3,66.91,5.88
1,2,3,21.73,1.164
1,1,2,60.01,1.364
1,1,2,19.97,0.532
1,1,1,39.89,0.978
1,3,4,22.94,0.653
2,3,1,12.37,4.718
2,3,2,38.49,4.012
2,1,2,31.91,3.718
2,1,1,34.55,5.299
1,3,1,23.22,0.576
1,2,2,47.26,1.593
1,3,2,21.89,0.943
1,1,2,45.55,1.139
2,2,1,34.68,6.132
1,2,1,12.73,0.872
2,2,3,7.24,3.866
1,1,1,35.71,1.383
1,3,1,56.8,1.567
3,1,3,58.31,30.463
1,2,2,33.41,1.437
1,2,2,15.73,1.02
1,1,1,14.2,0.705
1,1,3,73.99,0.807
1,1,2,25.99,0.938
3,3,2,30.21,22.404
2,3,1,73.26,7.153
2,1,1,39.83,2.894
2,2,3,3.06,4.36
1,1,1,14.86,0.509
3,2,2,20.67,57.523
1,1,2,30.17,0.696
1,1,4,30.14,0.494
3,2,1,9.16,34.657
1,3,1,14.49,0.701
1,1,2,13.16,0.605
2,1,1,59.94,6.136
1,2,1,64.36,3.717
1,2,2,33.86,0.904
1,3,4,13.09,0.571
1,1,4,14.49,0.333
1,1,3,14.61,0.669
1,3,4,28.81,0.657
1,1,1,6.05,0.665
1,1,1,10.08,0.482
1,3,2,45.41,0.619
1,1,1,18.02,0.787
1,3,1,11.77,0.907
1,1,3,11.55,0.406
1,2,4,71.71,1.054
1,3,5,36.68,0.614
2,1,1,42.89,4.27
1,1,1,12.31,0.936
1,1,2,39.66,0.572
1,2,3,33.01,1.353
2,1,2,70.89,3.478
1,2,1,21.69,1.288
2,2,2,31.36,4.756
2,1,2,30.59,2.632
1,2,2,15.25,0.806
1,1,2,21.66,0.624
3,1,1,26.51,17.539
1,1,1,55.11,0.811
1,3,2,35.55,0.877
1,1,2,39.88,0.894
1,1,3,11.74,0.429
2,2,1,13.61,8.534
1,1,4,41.13,0.96
1,1,1,26.59,0.525
1,1,2,24.67,0.566
3,1,4,3.51,9.312
1,3,2,4.42,0.8
2,1,1,34.55,3.478
1,1,1,58.73,0.791
2,2,2,18.14,5.096
1,1,1,18.4,0.889
1,1,1,18.1,0.731
3,2,3,28.29,22.803
2,2,3,55.75,11.479
1,1,2,7.38,1.098
3,1,2,28.58,15.403
1,1,3,22.72,0.714
2,1,1,9.65,2.979
2,3,1,28.54,6.883
2,1,2,8.83,1.877
1,2,1,60.98,2.641
2,1,2,38.62,6.238
2,1,2,17.7,2.491
1,2,1,22.37,1.833
3,1,4,46.26,19.89
1,1,1,11.13,0.646
1,2,2,30.31,1.692
2,3,2,2.93,3.191
1,1,2,28.14,0.801
2,2,2,4.37,6.373
1,2,1,45.72,1.15
1,2,2,21.78,1.049
2,3,2,31.2,4.154
2,2,2,23.59,5.299
2,3,1,15.7,3.523
1,1,4,60.46,0.784
1,1,5,88.21,0.702
2,1,1,36.22,4.401
3,2,1,9.04,32.371
2,1,2,19.13,2.947
1,1,2,37.92,0.794
1,2,1,50.1,1.755
1,2,2,50.74,1.327
1,2,1,46.89,0.99
1,1,3,31.89,0.57
1,3,1,25.45,0.977
2,1,1,45.34,7.882
1,2,3,17.62,0.776
1,1,1,1.79,0.571
2,1,1,41.54,3.171
1,2,2,22.46,0.863
2,1,2,22.96,3.487
2,1,1,13.02,3.232
2,1,3,51.9,3.731
2,1,2,25.14,3.2
2,1,1,59.38,7.892
1,3,4,60.98,0.68
2,1,2,41.71,3.477
2,3,1,2.7,3.876
1,1,3,44.28,0.601
2,2,1,25.25,5.466
1,3,3,40.83,0.693
1,2,4,68.18,1.712
1,1,3,22.57,0.551
2,2,2,10.36,5.05
1,3,2,4.53,0.567
1,1,1,34.83,1.422
1,2,3,30.41,1.016
2,1,1,40.34,5.047
3,3,2,52.42,16.148
1,1,1,27.71,0.769
1,2,1,39.26,1.607
2,1,2,47.31,3.441
1,2,4,24.18,0.75
1,1,1,11.21,0.566
2,3,2,34.21,5.418
2,1,4,18.66,1.861
1,3,1,37.72,2.619
1,1,3,40.48,0.584
1,3,3,36.58,0.546
3,1,5,57.47,15.804
2,3,1,11.85,4.963
1,2,3,37.52,1.103
3,1,1,20.17,14.029
1,3,1,16.81,0.576
2,1,2,11.34,2.839
2,1,3,41.11,3.319
2,1,1,50.71,3.695
2,2,1,9.94,6.003
1,2,1,30.51,1.808
1,1,2,21.5,0.824
1,2,2,13.54,1.141
2,3,2,22.81,3.758
1,1,3,45.42,0.402
1,3,2,46.48,0.94
1,1,4,12.09,0.433
1,2,1,38.47,1.322
1,2,2,42.1,2.286
1,2,3,21.8,0.981
1,1,4,34.66,0.791
1,2,3,43.68,1.065
1,1,2,26.22,0.609
3,1,3,42.14,13.352
2,2,1,63.39,12.353
2,2,5,38.95,4.006
3,3,4,46.64,20.012
1,1,2,35.02,0.803
2,3,3,12.68,3.874
1,2,2,45.49,2.03
1,2,4,60.34,1.62
1,1,1,40.17,0.754
2,3,3,10.9,4.186
1,2,1,9.52,1.134
1,1,1,10.1,0.624
2,2,1,29.16,7.403
1,1,1,26.6,0.681
2,3,1,20.65,3.264
2,3,2,41.23,3.038
1,2,1,26.86,1.346
1,1,2,14.25,0.497
1,1,2,16.59,0.439
2,1,3,46.3,4.581
2,2,2,40.69,12.635
2,2,2,23.98,6.418
1,2,1,34.68,1.133
1,1,1,26.81,0.726
2,1,1,30.27,3.133
2,1,1,39.96,3.603
1,1,3,31.06,0.613
1,1,1,8.22,0.773
1,3,3,35.5,0.68
1,2,1,40.21,2.606
2,2,2,46.17,6.694
3,1,2,77.47,22.964
1,2,4,43.05,1.273
1,3,1,27.81,1.072
1,1,4,19.07,0.42
1,2,1,9.06,1.39
1,1,1,34.14,0.832
1,1,4,42.71,0.424
1,2,2,34.45,1.563
2,3,3,20.51,3.307
2,2,3,7.53,6.858
2,3,1,59.44,14.319
1,2,3,16.2,1.227
1,2,2,44.03,1.249
1,2,4,22.55,0.614
1,1,1,26.16,0.7
1,3,1,11.33,0.774
1,1,1,14.22,0.768
3,2,2,10.9,26.982
3,3,1,47.69,21.868
2,1,1,40.98,6.219
2,1,3,66.42,8.979
2,1,1,56.87,6.0
2,1,1,4.41,2.971
2,3,1,12.95,6.592
1,1,2,38.51,0.565
3,3,1,58.9,47.139
2,2,3,16.9,5.344
1,2,1,37.65,1.101
1,3,2,32.77,1.024
2,1,3,19.13,2.807
3,1,4,33.62,10.027
1,2,1,23.13,1.459
1,2,1,53.96,1.134
1,1,2,32.98,0.844
1,3,1,16.33,0.722
1,2,4,5.98,0.825
1,1,3,39.07,0.836
1,1,3,33.53,0.74
1,1,1,3.54,0.796
2,1,3,67.4,3.992
1,3,3,29.82,0.467
1,1,4,19.2,0.368
1,3,1,39.75,0.589
2,2,4,14.79,3.984
1,1,2,7.87,0.703
1,3,2,21.79,0.575
1,1,1,16.83,0.597
1,1,4,27.26,0.749
3,1,1,33.44,21.661
1,3,2,23.12,0.694
1,2,1,56.44,1.403
1,1,1,26.37,0.601
1,2,1,31.72,1.549
2,1,4,4.86,2.36
2,1,2,6.28,2.955
2,3,1,39.0,5.316
1,2,4,2.31,0.528
1,2,4,56.34,1.029
3,2,4,64.69,64.778
1,1,2,8.58,0.564
2,3,2,30.23,3.817
2,1,1,31.12,4.091
1,1,5,10.4,0.326
3,1,1,51.86,18.622
1,3,1,29.03,1.692
2,2,2,40.9,4.882
1,1,2,53.47,0.739
1,1,2,37.06,0.797
1,1,1,17.2,0.516
1,1,4,45.47,0.633
3,1,1,42.65,21.003
1,1,1,21.17,0.516
1,1,2,41.13,0.932
1,3,2,54.19,1.172
2,1,4,15.07,1.8
1,3,5,26.19,0.364
1,3,2,26.46,0.698
2,1,2,12.69,2.116
2,1,1,57.45,6.785
3,2,1,53.35,52.086
2,3,2,5.66,4.016
1,2,1,29.19,1.233
2,1,2,13.36,2.973
1,1,2,11.59,0.418
1,2,2,17.71,1.312
1,1,2,13.68,0.661
1,1,1,13.64,0.511
1,1,2,34.69,0.531
1,2,2,22.01,0.879
2,1,1,25.48,3.614
3,3,1,30.25,16.795
1,1,2,7.84,0.621
1,2,2,42.13,1.605
1,3,4,7.16,0.6
1,3,4,43.51,0.853
3,1,4,60.73,15.262
1,2,4,41.68,1.001
1,3,2,21.68,0.995
1,2,4,56.3,0.82
1,3,1,44.48,1.569
1,3,4,21.89,0.867
3,1,2,50.85,35.564
2,1,1,14.1,3.007
1,2,3,29.72,1.36
2,2,1,29.81,9.018
2,1,2,42.19,3.681
1,3,1,22.04,0.957
2,1,2,41.57,3.328
2,3,1,75.24,7.285
2,1,1,22.44,3.228
1,2,1,4.64,0.989
2,3,2,39.33,4.744
2,2,2,32.93,5.479
2,1,1,6.73,3.489
1,1,2,37.41,0.866
1,2,1,42.96,1.763
2,2,2,22.77,4.594
2,3,1,38.66,5.807
3,2,1,7.55,20.456
1,1,1,13.85,0.939
1,1,2,38.76,0.835
2,2,4,29.66,3.529
2,2,1,19.75,6.555
1,1,2,37.11,0.749
2,3,1,75.68,10.37
1,2,1,35.51,1.456
1,2,3,9.88,0.737
1,2,2,11.39,1.472
1,1,1,14.71,0.775
2,3,1,6.02,3.048
1,2,1,13.0,1.202
2,2,1,13.56,6.487
1,2,3,55.26,1.497
2,2,4,53.6,4.077
1,3,3,20.52,0.732
1,1,2,15.48,0.581
1,3,2,16.84,0.505
3,1,3,18.25,12.732
3,1,1,8.03,9.686
1,3,2,42.69,2.18
1,2,2,75.04,2.748
1,1,1,37.32,0.426
1,1,1,25.23,0.704
1,2,2,14.76,1.165
3,1,2,62.72,28.107
2,1,1,15.98,3.024
1,3,1,58.51,1.146
3,1,1,8.32,13.969
2,1,1,22.22,2.563
1,2,2,4.89,0.834
2,2,2,15.41,4.571
1,1,3,24.38,0.798
1,2,2,35.52,1.621
1,1,1,22.48,0.543
1,3,3,50.34,0.761
1,2,1,43.41,1.667
2,2,3,26.21,5.309
1,2,2,29.81,1.342
1,1,5,32.11,0.262
3,1,1,16.2,16.856
3,1,1,36.41,27.128
2,2,2,3.56,4.658
2,3,2,23.88,4.492
3,1,2,70.9,39.0
2,3,2,34.03,5.684
1,1,4,28.65,0.323
1,1,4,11.41,0.437
1,1,4,7.83,0.5
1,1,2,25.74,0.868
1,3,4,18.58,0.754
1,1,1,44.19,0.681
1,2,2,19.51,1.39
1,3,5,24.09,0.693
1,2,1,49.7,2.058
1,1,2,15.29,0.454
2,1,3,43.58,2.792
1,2,2,42.79,1.718
1,3,1,21.22,1.096
1,1,1,18.78,0.946
2,3,4,23.69,3.596
2,3,3,45.48,4.605
1,2,2,21.98,1.16
2,2,5,27.32,4.593
2,3,1,60.71,4.968
3,3,3,11.39,18.993
2,2,1,31.89,11.08
1,1,3,8.32,0.488
1,2,1,25.18,1.296
1,1,3,18.87,0.748
1,2,2,26.22,1.058
1,2,1,61.75,2.269
3,1,3,31.21,16.179
1,1,3,67.78,0.744
1,2,3,11.55,1.016
3,1,4,22.9,9.805
1,3,4,11.06,0.676
1,1,2,39.33,0.553
1,3,2,44.8,1.087
1,1,1,16.47,0.853
1,1,4,4.75,0.539
1,1,5,22.41,0.271
1,1,1,7.3,0.671
1,2,1,60.57,1.532
2,3,2,17.83,3.542
1,2,3,11.92,0.968
1,1,1,44.8,0.657
1,1,1,33.32,0.899
2,1,2,21.91,3.853
2,1,1,13.63,3.144
1,1,3,50.85,0.871
2,2,2,6.94,6.3
1,2,1,52.98,2.659
2,1,4,70.48,5.588
3,1,3,15.88,15.072
1,2,1,40.4,1.723
1,1,2,5.71,0.553
1,1,2,3.29,0.614
2,1,3,7.63,2.309
1,3,2,21.38,0.576
1,3,1,22.84,0.855
2,1,2,20.05,2.436
1,2,1,11.99,1.441
2,3,1,21.55,6.163
1,2,1,11.87,1.121
3,1,2,49.2,28.586
2,3,2,43.71,6.912
1,2,2,47.99,1.853
1,2,2,73.13,2.632
1,1,4,25.66,0.62
2,1,1,7.43,3.257
1,1,1,15.24,0.92
3,2,2,4.43,23.039
2,2,1,28.53,4.581
3,2,1,70.79,36.909
1,1,2,43.56,0.884
1,2,4,24.91,0.954
1,2,1,22.62,1.667
1,3,3,31.86,0.594
1,1,1,44.79,1.027
1,1,4,9.01,0.404
2,3,1,64.59,10.166
1,1,1,4.8,0.443
1,1,4,4.38,0.372
1,3,2,19.06,0.914
2,2,4,25.69,3.347
2,2,1,47.08,7.907
1,1,2,24.25,1.02
1,2,1,38.14,1.403
1,3,1,17.56,1.128
2,1,2,17.22,2.674
1,3,4,27.87,0.705
1,1,4,45.08,0.656
3,3,4,25.26,16.786
1,3,1,2.36,0.855
1,3,4,38.31,0.707
1,1,2,26.64,0.611
2,2,1,33.62,6.379
1,1,1,54.29,1.455
3,1,1,3.96,9.893
2,1,1,8.61,2.851
2,1,1,27.0,3.119
1,2,1,40.97,1.737
1,2,1,14.14,1.145
2,1,4,51.65,4.402
3,1,1,25.72,16.59
2,1,3,61.58,4.462
3,1,2,6.98,10.531
2,1,2,14.49,3.203
1,2,3,26.36,1.043
1,3,2,27.2,0.796
1,1,2,53.63,0.983
1,2,1,46.78,1.372
1,3,2,27.98,0.783
1,1,3,64.81,1.165
1,1,3,44.75,0.933
1,1,1,61.81,1.066
2,2,2,10.82,5.228
2,1,1,25.3,5.737
1,2,4,36.39,0.959
2,1,4,19.9,2.728
1,2,1,6.36,1.1
1,2,3,15.81,0.756
1,2,2,50.73,1.521
1,1,4,28.4,0.569
1,3,1,29.24,1.46
2,2,2,18.01,5.251
1,2,1,17.39,1.352
2,3,1,25.42,5.55
1,1,2,29.19,0.533
1,1,4,21.18,0.349
2,1,1,15.1,4.047
2,1,5,20.89,2.296
1,1,1,20.02,0.51
2,3,1,55.75,12.395
1,1,1,37.84,0.472
2,1,3,31.3,3.774
2,2,2,30.17,6.357
1,1,2,37.46,0.466
1,1,1,8.54,1.035
3,3,2,44.59,19.264
1,3,3,9.65,0.514
2,2,2,19.0,6.168
1,1,2,38.42,0.998
1,1,1,9.21,0.56
1,1,3,49.13,0.751
2,1,2,22.75,2.816
1,2,1,1.4,1.304
1,1,1,58.08,1.013
1,2,4,14.24,0.579
2,2,3,41.94,5.634
1,1,2,38.82,0.81
1,1,2,74.81,2.258
1,1,1,29.33,1.104
1,3,2,45.77,0.695
1,3,3,10.98,0.673
1,2,1,11.25,1.179
2,2,2,31.73,6.379
3,2,2,22.99,17.69
1,1,4,39.15,0.652
1,1,1,20.53,0.669
3,2,2,31.69,55.787
1,3,2,45.31,1.777
1,1,1,24.94,0.84
2,1,3,37.08,3.529
1,1,3,26.71,0.698
1,1,1,28.02,0.519
3,2,2,49.12,46.252
1,3,3,51.76,0.601
2,1,4,17.54,2.163
1,1,1,16.98,0.558
1,1,3,29.35,0.688
2,2,3,25.74,4.838
3,3,1,39.56,26.575
2,2,4,27.12,7.877
1,2,1,29.07,0.992
2,2,2,52.62,8.683
1,3,1,41.59,0.756
1,2,1,50.53,2.334
2,2,1,37.03,9.385
1,3,1,6.07,0.958
1,2,2,15.35,1.104
2,1,1,33.17,5.999
2,3,1,36.47,6.734
1,2,2,57.7,1.424
1,3,2,55.1,0.892
2,1,2,9.44,3.072
1,3,4,42.24,0.605
1,2,4,13.31,0.843
1,2,1,14.93,1.016
1,2,1,21.36,1.701
1,3,3,3.27,0.66
3,3,3,21.44,16.053
2,2,1,22.44,5.92
1,2,1,36.2,1.817
1,3,4,21.48,0.525
2,2,4,5.5,4.865
1,1,4,14.58,0.384
2,1,2,34.26,2.622
1,2,1,46.78,2.507
2,1,2,25.6,4.306
1,2,1,55.63,2.09
2,3,1,32.24,5.081
2,2,3,19.77,8.199
1,1,2,6.22,0.569
3,3,3,35.26,25.482
1,2,1,16.67,1.128
1,1,1,27.63,0.549
2,1,3,14.67,2.898
2,2,2,38.05,5.656
1,2,5,16.82,0.699
1,2,3,7.37,1.261
1,1,1,32.1,0.69
1,1,3,69.52,1.243
1,2,1,15.98,0.839
1,1,1,58.4,1.51
1,3,1,15.33,0.64
2,1,2,31.78,4.879
2,1,4,55.34,5.795
3,1,4,17.8,8.636
1,1,4,15.6,0.408
1,1,3,25.6,0.502
1,1,4,46.06,0.448
1,3,1,4.29,0.708
1,1,3,32.06,0.515
1,1,1,22.96,1.243
2,1,1,4.76,3.851
3,1,2,23.96,16.167
1,1,1,17.2,0.563
1,1,1,15.84,0.603
2,1,2,17.51,2.37
2,1,1,28.66,4.683
1,3,4,15.03,0.595
2,1,1,19.39,3.574
1,2,4,29.72,0.933
2,1,1,30.69,3.862
2,2,1,24.23,6.363
1,1,1,47.69,0.864
1,1,1,26.87,0.778
2,1,2,18.25,2.72
1,2,2,10.02,0.954
2,3,1,15.02,6.009
1,1,1,40.27,0.714
2,2,1,53.87,8.807
2,2,3,57.38,5.497
2,3,5,28.86,3.487
1,2,2,26.46,1.201
1,1,2,32.72,0.343
1,2,1,27.19,1.191
1,3,1,24.29,1.178
1,3,5,26.83,0.299
1,3,1,42.15,0.578
3,1,2,20.32,12.862
2,1,2,22.28,1.862
2,1,1,49.18,4.92
3,3,1,17.34,13.466
2,1,5,64.97,2.637
1,1,1,68.66,0.992
1,2,1,74.14,2.294
2,1,4,48.11,5.619
2,3,2,93.21,10.554
2,2,3,36.05,3.797
1,1,1,36.47,0.859
2,2,1,21.44,5.93
1,2,2,58.48,1.346
1,1,2,44.83,0.979
1,3,3,40.95,1.154
1,2,1,78.31,1.617
1,2,2,26.04,1.512
2,2,3,34.66,6.291
1,1,1,59.42,1.139
3,2,4,26.18,20.458
1,1,1,62.77,1.26
1,3,1,16.47,1.126
1,3,2,25.74,0.643
1,2,1,19.51,1.191
1,1,2,37.75,1.034
1,1,1,19.65,0.571
1,3,2,19.12,0.761
1,1,2,20.56,0.745
1,1,1,12.1,0.53
1,1,2,13.96,0.684
1,1,4,5.52,0.393
1,1,1,20.0,0.694
1,1,4,31.03,0.401
2,1,1,12.98,4.592
1,2,1,61.66,1.867
2,2,2,41.64,4.86
2,1,5,12.8,1.834
1,3,1,20.32,0.574
2,3,1,66.79,17.381
2,1,1,59.89,12.883
2,2,1,15.86,5.703
2,3,2,51.14,3.417
1,1,3,43.45,0.79
1,1,2,55.36,1.158
1,2,1,38.88,1.02
2,1,2,25.62,4.5
1,2,5,25.41,0.991
1,1,2,34.35,0.623
3,1,2,24.18,17.746
1,3,3,24.98,0.78
1,3,1,40.33,0.915
1,2,4,19.74,1.085
1,3,1,11.38,0.85
1,2,2,20.63,1.295
1,1,1,23.74,1.341
3,2,2,46.07,42.179
1,3,2,37.37,0.648
1,2,4,8.42,0.934
2,3,2,50.48,4.958
1,2,1,13.46,1.093
1,1,1,49.54,0.623
1,1,4,18.26,0.343
2,2,2,30.31,9.915
1,1,2,31.21,1.077
2,1,1,31.74,4.641
2,1,5,17.3,1.253
2,1,1,20.12,4.062
1,1,3,15.29,0.38
2,1,5,4.79,2.16
1,1,1,28.81,1.231
1,3,3,19.02,0.574
1,3,1,20.27,0.715
1,1,1,42.89,1.017
3,1,1,11.22,22.018
1,1,2,49.0,0.221
1,2,1,2.96,1.305
1,2,2,31.37,2.017
1,1,5,46.46,0.511
2,2,2,6.11,5.88
1,1,2,25.34,0.683
2,1,1,49.18,7.274
1,2,2,53.95,2.077
3,1,2,17.99,21.806
2,3,1,23.04,4.565
1,1,2,33.75,0.646
2,2,2,51.81,10.359
1,3,3,20.94,0.865
1,3,2,10.91,1.051
1,2,2,22.01,0.943
1,2,1,23.31,1.199
3,2,1,21.64,30.689
2,1,1,35.75,3.355
1,1,2,13.27,0.537
3,1,1,16.4,15.468
1,3,2,32.07,0.97
1,1,4,19.82,0.576
2,2,3,7.74,4.079
1,3,2,49.6,0.558
2,1,2,56.71,2.686
1,2,5,2.16,0.743
1,2,3,8.09,0.695
1,1,1,28.46,0.79
1,2,4,21.55,0.859
1,1,2,20.67,0.754
1,1,1,17.89,0.621
1,1,3,15.62,0.606
2,1,4,20.47,1.327
1,1,1,22.97,1.031
1,2,1,30.73,1.946
1,2,1,18.98,0.808
1,1,2,29.95,0.782
1,1,4,24.42,0.406
1,3,3,9.58,0.772
1,1,2,25.74,0.583
3,2,2,23.04,21.503
1,1,1,25.75,0.965
1,1,1,7.73,0.727
2,1,1,42.59,7.436
1,2,1,65.13,1.803
1,2,2,43.06,1.501
1,3,3,13.38,0.76
1,1,2,11.21,0.663
2,2,2,17.98,4.055
1,1,1,23.69,0.546
2,1,2,20.4,4.114
1,1,3,52.41,0.741
2,1,2,38.5,5.751
1,1,1,44.25,0.996
2,3,2,12.2,5.125
1,1,2,33.12,0.726
1,3,2,42.14,1.071
1,2,4,16.86,0.672
3,3,2,19.88,13.912
1,2,3,51.7,1.237
1,2,2,22.55,0.812
3,1,5,20.8,8.865
2,1,2,29.87,3.871
2,2,1,50.58,8.302
1,1,2,32.64,1.015
1,1,5,48.92,0.688
3,1,1,11.52,12.823
1,2,1,22.43,0.914
2,2,3,7.09,4.184
2,2,5,20.0,2.407
3,1,2,32.64,20.895
1,2,2,49.31,1.469
1,3,1,22.79,0.634
2,1,2,11.84,3.696
3,1,2,50.14,45.139
3,2,1,12.52,26.915
1,1,3,35.75,0.857
1,2,2,28.52,1.024
2,1,1,47.66,4.897
1,2,5,25.58,0.576
1,3,1,23.42,0.852
1,1,2,37.0,0.742
1,1,1,21.2,0.565
1,3,1,47.95,2.814
1,3,1,13.59,0.672
3,1,4,41.97,10.576
2,1,2,22.2,4.704
1,2,1,33.42,1.725
2,2,2,31.23,7.511
1,2,5,43.98,0.965
2,2,1,47.27,5.777
2,2,1,29.02,6.409
1,2,1,34.59,1.577
3,1,1,24.31,11.898
1,2,3,17.65,0.827
2,2,4,50.55,6.429
3,3,1,31.89,21.693
2,2,1,22.86,5.713
1,2,4,35.74,1.013
1,1,2,18.77,0.445
1,2,1,16.69,0.842
1,1,1,39.4,0.665
1,2,2,59.03,1.587
1,1,2,35.96,0.744
1,2,2,27.61,1.542
1,1,1,20.94,0.745
1,3,1,40.52,0.804
2,1,1,52.94,3.307
1,1,1,15.44,0.858
2,1,2,43.83,5.669
2,1,4,29.61,5.321
1,1,2,11.76,0.467
1,1,1,25.89,0.495
2,2,1,13.74,8.112
1,2,1,22.38,1.464
1,1,4,21.58,0.314
2,1,1,43.53,3.11
2,1,3,37.82,6.282
1,3,1,35.28,1.552
1,1,1,10.16,0.616
2,2,2,4.94,6.582
1,3,3,10.21,0.894
2,1,1,27.22,3.826
1,2,2,35.72,1.328
1,1,2,2.34,0.41
1,2,3,18.45,0.594
2,1,2,12.39,2.123
1,2,1,28.63,1.636
3,3,1,75.94,33.472
2,1,1,28.56,3.56
2,2,1,0.72,5.498
2,2,3,34.81,2.555
1,2,4,51.17,1.761
1,1,1,20.46,0.549
1,1,2,30.66,0.48
1,3,3,24.55,0.597
1,1,1,31.64,0.629
2,2,2,46.21,8.686
2,2,2,50.21,9.066
1,1,4,55.86,0.444
1,1,4,25.18,0.646
2,1,3,21.42,1.519
2,1,1,49.28,2.733
3,3,2,52.58,36.749
1,2,2,12.32,0.905
1,1,4,35.45,0.328
2,2,4,20.19,3.696
1,2,2,12.17,1.537
2,1,1,39.45,3.519
1,1,2,16.26,0.918
1,2,4,38.72,0.826
1,1,3,31.2,0.599
2,1,1,30.55,5.988
1,1,2,40.73,0.578
2,2,2,52.57,8.699
2,2,2,5.52,8.047
2,2,1,46.53,12.916
3,2,1,32.14,46.508
2,1,3,32.89,2.316
2,1,2,26.08,5.979
1,2,3,17.08,0.848
2,1,3,14.11,1.889
3,1,2,47.89,26.132
2,1,2,15.6,3.73
1,1,3,14.83,0.648
1,2,4,13.74,0.646
2,1,5,46.67,2.461
3,1,2,3.37,11.582
1,3,3,31.93,0.715
3,1,3,36.38,11.48
1,1,1,58.95,1.082
1,1,1,14.63,0.674
3,2,1,43.57,42.911
3,3,3,10.12,14.014
1,3,1,46.38,1.515
3,1,2,50.15,12.881
2,1,1,27.65,4.7
2,2,3,37.64,5.452
2,3,2,47.93,5.427
1,1,4,28.05,0.389
1,3,1,48.19,0.93
1,2,4,54.37,1.621
1,1,3,45.56,0.684
1,2,2,43.1,1.33
1,3,2,14.67,0.845
1,1,1,57.23,1.505
1,3,4,3.19,0.596
1,1,2,3.39,0.989
1,3,2,24.74,1.152
1,1,2,11.98,0.63
1,2,1,32.94,1.965
2,1,2,41.69,4.843
2,1,2,20.57,5.855
2,1,2,47.26,3.601
2,1,1,56.22,6.618
3,2,2,35.78,36.376
2,3,4,27.45,3.259
1,2,1,32.24,1.278
1,3,2,28.98,0.923
2,1,2,14.76,2.376
2,2,2,10.64,6.933
2,1,4,17.96,2.338
1,3,1,20.58,0.851
3,2,2,8.25,25.791
1,3,1,4.69,0.809
3,3,3,44.01,18.106
1,1,1,17.81,0.559
1,2,1,30.05,1.598
1,3,1,41.05,1.053
1,1,4,39.35,0.604
1,2,4,15.87,0.898
2,1,1,12.81,5.132
1,1,4,9.92,0.33
1,2,1,9.1,1.349
1,1,3,45.41,0.52
2,3,1,20.21,5.242
1,2,1,45.94,2.319
1,2,4,32.15,0.694
2,3,2,14.08,2.599
1,2,3,6.66,1.243
3,1,1,15.96,19.868
1,3,3,40.42,1.29
2,2,2,47.17,5.626
2,1,1,14.76,3.204
1,3,4,29.53,0.534
2,1,1,38.65,4.792
1,1,3,44.09,0.687
1,3,4,23.22,0.763
2,1,3,27.38,2.953
3,1,1,60.97,27.916
1,2,2,34.28,1.334
2,2,1,30.03,5.251
1,1,2,49.03,1.79
1,2,1,51.26,3.045
1,2,1,34.8,1.814
2,1,3,17.49,1.184
2,2,2,14.39,4.656
1,1,4,30.39,0.546
3,3,4,14.27,12.185
2,3,1,26.09,4.804
1,2,1,44.7,1.814
1,1,1,22.95,0.564
1,1,1,11.8,0.615
1,2,4,32.27,0.584
1,1,1,11.41,0.666
1,1,4,32.86,0.331
1,1,1,22.77,0.774
1,2,1,25.16,1.27
2,1,1,46.01,4.612
2,1,1,12.05,5.495
3,3,3,23.45,12.563
2,3,1,67.05,11.1
1,2,4,33.45,0.842
1,2,1,16.51,0.984
1,1,1,18.22,0.684
3,3,3,15.11,21.928
1,3,1,3.48,0.99
1,1,2,14.84,0.539
2,2,2,19.17,4.971
1,1,1,11.76,0.588
3,1,3,24.62,10.383
1,1,3,25.42,0.526
1,3,1,48.45,1.026
3,1,2,33.7,19.074
1,3,4,41.14,0.693
1,2,2,39.78,1.892
2,1,2,53.93,3.356
2,2,2,9.04,4.952
1,1,1,11.27,0.704
1,2,2,26.55,1.291
1,1,1,39.67,0.738
1,2,5,50.15,0.954
1,3,1,20.57,0.854
1,2,1,24.68,0.977
2,3,2,33.82,4.716
1,1,2,40.7,0.955
1,1,4,10.06,0.399
1,2,2,55.7,1.71
1,1,1,3.33,0.571
1,2,1,32.69,1.117
3,2,1,25.49,31.032
1,1,1,29.83,0.72
2,1,1,39.03,6.11
2,3,1,3.4,5.878
2,1,1,26.08,2.154
2,2,1,11.48,4.309
2,3,4,33.03,5.509
1,2,3,50.48,1.119
1,2,2,35.68,1.182
2,1,2,53.31,2.778
1,1,1,38.79,0.58
1,2,1,17.46,1.015
2,1,1,17.33,3.671
1,2,1,35.59,1.075
1,1,1,14.87,0.768
2,1,2,25.89,3.153
1,2,1,41.2,1.959
2,1,2,57.08,4.633
2,2,2,26.73,6.466
1,1,4,22.36,0.357
1,1,2,39.17,1.025
3,1,4,27.8,15.304
1,2,2,37.48,1.943
3,2,3,13.58,25.402
1,1,2,41.39,0.524
1,2,2,3.6,1.202
2,2,3,42.15,4.419
1,1,1,12.66,0.803
1,1,1,10.02,0.491
2,2,1,47.52,8.638
1,2,1,31.3,1.391
1,3,1,21.39,1.068
2,2,1,9.74,9.133
1,1,4,34.68,0.72
2,2,2,22.25,3.782
1,1,2,13.3,0.768
2,2,4,49.96,4.401
1,3,3,20.05,0.703
3,1,1,13.01,16.469
1,1,1,33.91,0.866
3,1,2,47.38,26.282
2,1,2,18.79,4.567
2,1,2,34.17,3.785
1,1,1,28.52,1.103
1,1,4,25.44,0.527
1,3,1,9.92,0.849
2,1,1,54.08,5.336
1,1,1,20.4,0.825
1,1,1,27.04,0.676
1,2,1,8.93,0.831
1,3,1,13.12,0.897
1,1,4,74.7,0.736
1,3,1,22.1,0.713
1,3,1,41.89,0.725
1,1,1,45.49,1.473
1,1,1,23.2,0.913
1,3,4,27.35,0.504
3,3,4,35.49,14.087
1,2,4,67.33,2.077
2,1,4,29.56,2.001
1,1,3,31.46,0.581
2,1,4,7.75,1.898
1,1,1,21.19,0.674
2,2,2,60.63,12.149
2,1,2,23.79,4.806
2,2,1,24.44,6.678
1,2,3,47.83,1.443
2,3,2,37.57,4.146
1,2,1,18.17,1.47
1,3,4,45.55,0.669
2,1,1,50.03,7.705
2,3,3,22.69,4.353
2,2,2,29.89,8.612
2,2,1,14.06,5.974
2,1,1,29.62,4.962
1,1,3,33.56,0.421
1,1,4,33.61,0.62
1,1,1,41.65,0.66
1,1,2,22.81,0.406
2,2,3,16.16,4.108
1,1,2,11.45,0.524
2,1,1,61.95,3.237
1,1,4,27.63,0.864
1,3,1,16.95,0.578
3,1,3,16.45,9.346
1,2,1,27.21,1.467
1,1,1,12.95,0.607
2,2,2,15.79,7.326
1,1,3,71.84,1.555
1,3,4,76.44,1.612
2,1,1,7.14,3.762
1,1,1,28.12,0.513
3,1,1,54.24,39.699
2,3,2,6.14,2.822
1,1,2,19.61,0.579
3,1,4,19.49,13.561
1,3,2,4.47,0.67
1,3,1,20.62,1.032
2,3,1,25.33,3.75
1,1,3,25.77,0.421
1,2,3,27.47,1.638
1,2,1,12.49,1.292
1,2,1,30.87,1.243
1,1,4,18.21,0.454
1,1,1,18.47,0.613
3,1,3,19.24,16.325
2,2,1,17.12,6.978
1,2,1,35.89,1.773
1,3,1,51.68,1.988
1,2,1,24.85,0.939
1,3,4,39.36,0.662
2,3,1,39.86,4.383
2,1,3,11.78,2.762
1,1,1,20.87,0.424
3,3,1,23.91,23.647
2,2,3,37.92,8.384
1,1,3,12.97,0.368
3,1,5,5.77,5.631
1,1,1,9.36,0.502
3,1,2,22.84,14.402
2,3,2,2.05,3.259
1,1,2,33.52,0.703
1,2,2,26.9,1.101
1,3,3,31.78,0.622
2,3,2,4.46,2.968
2,1,2,24.4,3.696
1,1,3,33.14,0.834
2,1,2,4.87,3.274
1,1,2,20.55,0.66
1,1,3,7.2,0.377
1,2,1,38.52,1.257
2,1,3,15.89,4.301
2,1,4,24.19,2.781
1,1,2,53.12,1.15
2,1,1,18.12,3.039
2,1,2,11.86,1.934
1,1,1,27.55,0.874
1,2,2,38.66,1.476
1,2,2,43.55,0.802
1,1,4,10.38,0.445
1,2,1,71.18,3.625
2,3,3,9.81,4.107
1,2,4,18.38,0.909
2,2,3,39.84,4.305
3,2,1,23.7,42.986
1,1,2,37.35,0.803
1,3,1,28.08,1.375
1,2,1,30.81,1.985
2,2,5,19.73,3.017
1,2,2,6.86,0.837
1,1,1,26.51,0.748
2,1,1,8.04,3.266
2,2,3,19.73,3.918
1,2,3,2.61,0.661
2,3,1,42.4,5.669
3,2,1,22.55,52.889
2,1,3,38.1,5.424
1,1,1,3.8,0.457
2,1,2,35.32,2.825
2,2,2,13.72,5.467
1,2,1,29.21,1.396
2,1,2,29.48,3.859
1,1,1,33.45,0.971
1,2,4,15.33,0.949
2,3,3,43.34,10.05
2,1,3,34.06,2.243
1,2,4,23.35,1.203
1,1,2,60.35,0.852
1,1,3,8.84,0.601
1,2,2,19.0,1.097
2,3,1,11.78,4.865
1,1,5,34.94,0.431
2,1,4,61.61,3.503
1,1,1,23.44,0.899
2,2,1,26.52,7.497
1,1,5,51.52,0.389
2,1,1,7.68,2.367
1,2,2,46.16,1.084
1,2,2,31.0,0.82
2,1,1,22.82,3.532
1,2,1,14.5,0.959
1,3,2,7.89,0.653
3,2,2,57.0,30.561
2,2,3,13.31,6.177
1,1,3,56.91,0.781
2,1,2,10.37,2.53
1,1,1,8.5,0.511
1,1,4,21.96,0.463
1,2,1,53.71,3.224
1,1,2,18.71,0.584
1,2,2,75.03,4.951
1,3,5,5.13,0.393
1,1,2,16.89,0.983
1,1,1,61.65,1.737
1,2,4,15.05,1.037
1,1,1,28.77,0.693
1,1,4,40.84,0.329
1,1,1,30.3,1.011
1,3,2,14.74,0.701
1,2,2,30.91,0.731
1,1,2,31.93,0.875
2,2,1,23.08,5.825
2,1,4,24.29,2.587
2,1,1,42.49,5.527
1,2,1,45.75,1.568
1,2,2,7.88,1.949
1,3,2,70.74,2.207
3,2,3,12.87,26.221
1,2,1,36.26,1.517
2,3,2,45.95,5.454
1,1,2,22.65,0.991
3,2,1,70.04,87.862
1,3,2,6.48,0.748
1,2,4,37.09,1.08
1,1,2,9.94,0.506
2,3,1,44.86,6.586
2,1,2,12.86,2.076
2,1,2,8.79,4.552
2,2,2,45.11,3.989
1,1,5,39.46,0.742
1,1,2,26.82,0.988
2,1,4,32.68,3.42
1,1,1,56.25,1.491
1,1,3,29.65,0.876
1,1,1,19.97,1.127
1,1,5,5.78,0.394
1,3,1,17.84,0.787
2,1,2,33.69,2.916
2,2,2,29.2,5.555
1,3,3,45.87,0.755
1,1,2,17.07,0.553
2,3,3,9.33,4.573
2,2,1,10.82,5.77
2,3,1,18.79,3.148
1,1,1,27.68,0.527
3,2,3,8.04,21.594
2,1,3,18.46,2.305
1,3,3,36.17,1.111
2,1,1,56.87,5.453
1,1,4,11.72,0.442
2,2,3,36.76,5.928
2,1,3,40.21,2.629
1,1,2,49.5,1.138
1,1,3,22.35,0.554
1,1,1,37.73,0.609
2,1,2,16.75,2.779
2,1,2,22.04,2.164
1,1,1,23.59,0.607
3,2,5,23.88,10.095
1,1,5,13.87,0.437
1,2,3,28.06,1.029
1,2,3,15.69,0.677
2,2,1,25.02,7.972
2,2,3,21.21,4.938
2,2,1,8.76,4.751
2,2,1,41.14,9.586
1,1,5,14.34,0.307
1,1,1,8.63,0.831
2,1,4,42.18,3.769
1,1,2,15.51,0.465
1,1,1,22.83,0.764
1,1,3,27.37,0.717
1,2,2,32.25,1.031
1,1,2,47.98,0.711
1,2,2,9.93,1.387
3,2,2,51.71,24.987
1,1,3,7.36,0.591
3,1,2,50.34,39.219
1,1,2,22.1,0.534
2,1,3,39.51,3.758
1,3,1,37.56,1.054
1,3,1,42.22,1.464
1,1,1,23.44,0.774
1,2,4,20.56,0.694
2,3,3,46.07,3.714
1,1,2,10.26,0.499
1,1,1,28.22,0.827
2,1,3,32.57,4.018
2,1,1,13.33,4.066
1,1,3,11.47,0.46
1,1,1,19.62,0.692
1,1,1,24.91,0.718
1,3,1,32.32,0.946
2,1,4,28.18,2.307
1,1,3,69.53,1.555
3,2,4,12.28,18.319
1,2,1,25.07,1.133
1,1,2,41.58,0.676
2,2,4,75.71,3.269
3,1,2,62.12,16.139
2,1,2,69.45,11.039
1,3,5,37.28,0.474
2,3,2,26.0,6.046
1,1,1,25.91,1.493
2,1,1,29.78,6.969
2,1,1,38.55,6.246
1,3,4,32.26,0.625
2,2,1,36.43,9.815
2,2,4,15.52,3.421
2,3,2,12.9,3.868
3,1,1,8.61,12.575
2,3,2,30.35,3.924
1,3,1,4.39,0.958
1,2,2,44.22,1.537
1,1,4,19.11,0.33
1,3,3,45.83,0.787
2,1,4,27.0,2.442
2,1,2,40.75,3.574
1,1,2,18.66,0.567
3,1,1,41.47,20.43
2,2,1,26.07,6.237
3,1,1,15.75,13.053
1,2,4,61.26,1.14
1,1,3,24.48,0.545
2,1,2,27.83,2.57
2,1,1,10.79,3.614
3,1,1,53.66,14.987
2,3,2,15.28,5.226
1,1,5,27.51,0.741
1,1,4,61.25,0.68
2,2,1,22.62,3.573
1,2,1,30.42,1.552
3,2,1,33.81,26.363
2,2,3,17.3,3.204
2,1,1,19.7,4.197
3,2,1,36.99,32.212
1,1,1,43.97,0.505
1,1,4,9.83,0.416
2,1,1,23.03,3.482
2,1,1,24.49,3.101
2,3,1,15.32,5.824
1,3,3,8.56,0.773
2,2,2,33.61,8.039
1,2,1,25.8,1.004
1,3,1,31.74,0.889
3,1,1,44.1,14.245
1,2,3,13.19,1.007
1,1,2,14.12,0.805
1,3,1,25.69,0.862
2,2,1,10.94,6.074
1,2,2,30.48,1.216
1,1,3,34.57,0.577
1,2,1,25.12,1.232
2,1,3,11.11,1.632
1,2,3,5.77,0.909
2,1,2,7.91,2.259
2,1,1,17.48,3.555
1,1,1,17.28,0.553
1,1,2,37.08,0.397
1,1,2,7.46,0.788
1,1,1,20.82,0.547
1,1,2,6.8,0.499
2,1,1,26.13,4.001
1,1,1,3.42,0.536
1,1,3,24.2,0.773
1,2,2,13.82,0.819
1,3,1,29.66,1.053
1,1,2,19.32,0.59
1,1,2,21.93,0.646
2,2,2,46.16,5.701
1,3,1,36.47,2.035
1,3,3,24.34,0.586
3,1,1,9.55,19.549
1,1,4,16.96,0.431
2,2,2,14.4,4.928
1,3,3,52.7,0.861
1,2,2,10.89,1.151
1,1,3,60.99,0.921
2,1,1,10.14,4.057
2,1,2,48.58,3.869
1,1,5,55.14,0.712
1,1,1,34.41,0.917
1,3,2,10.12,0.681
1,2,4,21.97,0.836
1,1,2,74.27,0.856
3,2,3,57.4,26.076
1,1,2,17.54,1.161
1,1,2,71.24,1.373
2,1,1,41.22,2.821
1,3,2,8.75,0.988
3,2,1,21.44,32.342
1,1,2,16.58,1.016
2,1,1,26.22,2.291
1,1,2,6.52,0.52
1,1,1,11.76,0.779
1,3,2,29.38,0.936
2,3,2,28.71,8.264
1,2,1,30.36,1.242
1,1,2,29.26,0.4
1,1,4,25.89,0.285
1,1,2,14.87,0.67
2,1,3,11.01,2.469
3,3,2,58.13,23.619
2,1,3,24.35,2.586
1,2,1,41.15,1.788
2,1,1,40.61,3.558
1,2,4,6.16,0.565
1,3,2,27.6,0.742
1,1,3,10.26,0.395
2,1,2,31.24,2.496
2,1,2,17.61,1.998
1,1,3,15.67,0.566
2,1,1,18.99,4.368
2,3,4,30.95,3.108
3,1,5,14.68,7.23
3,1,4,38.31,8.195
1,2,3,10.07,0.878
1,1,2,59.12,1.412
2,2,1,5.92,4.64
2,1,2,38.61,2.325
1,1,3,43.66,0.95
2,3,2,27.31,5.538
2,3,2,20.48,5.692
1,1,2,36.7,0.409
1,2,1,30.3,1.35
1,2,2,10.81,1.053
1,1,5,46.0,0.371
1,1,3,30.14,0.597
1,2,1,30.77,0.959
2,2,3,17.86,3.976
1,2,1,43.99,1.382
2,1,2,28.9,4.623
1,2,5,26.29,0.578
2,1,3,31.85,2.411
1,2,2,17.27,1.213
2,1,1,20.69,4.061
1,2,1,45.53,2.201
1,1,1,11.94,0.714
1,2,1,22.19,2.217
1,2,2,4.49,1.116
2,1,1,27.22,4.387
1,1,1,19.43,0.551
3,2,5,21.18,14.848
1,1,2,24.43,0.662
1,2,1,22.18,1.344
3,1,2,3.95,15.905
1,1,4,32.73,0.413
2,1,4,1.28,2.837
1,1,1,10.09,0.641
1,2,5,28.68,0.642
2,2,2,19.72,5.637
1,1,3,12.26,0.377
2,1,1,52.44,5.432
1,1,2,23.97,0.964
2,3,1,20.91,3.799
1,1,2,23.45,0.876
1,3,5,36.02,0.397
1,2,2,34.13,0.834
2,3,1,29.75,4.087
3,1,5,10.95,9.058
3,3,1,19.88,28.486
2,3,2,57.07,6.647
2,1,1,27.68,2.357
2,3,3,10.65,2.072
1,1,4,12.99,0.493
1,1,3,42.88,0.42
2,1,2,9.81,2.178
1,1,4,10.37,0.418
2,2,3,30.83,4.225
1,2,3,27.0,0.773
1,1,1,26.65,0.797
2,1,2,24.0,3.164
1,1,1,25.36,0.96
3,2,1,60.37,71.135
3,1,1,31.37,18.601
2,1,2,21.18,3.784
2,2,2,48.6,7.937
1,2,3,39.34,1.032
1,2,2,56.33,1.475
2,3,1,42.05,4.016
1,2,2,22.87,1.22
1,1,2,46.98,1.268
1,3,1,5.33,0.866
2,2,1,11.27,8.071
2,1,2,29.22,3.867
1,2,1,31.68,1.153
1,1,5,4.42,0.413
2,1,1,40.06,3.531
1,1,1,39.49,0.705
1,1,2,11.02,0.521
1,1,1,36.76,0.99
2,2,3,50.54,11.626
1,1,2,15.35,0.78
1,1,3,6.31,0.369
1,2,1,6.05,1.335
1,1,1,12.37,0.55
3,2,2,37.74,51.045
2,2,4,37.82,3.773
2,1,1,28.83,3.214
1,2,3,57.95,0.618
1,1,2,29.22,0.977
1,2,1,38.48,1.051
1,1,4,45.08,0.29
2,1,1,16.97,3.4
1,1,3,20.85,0.315
2,1,2,28.6,4.011
1,2,2,21.02,1.005
1,1,1,6.86,0.432
1,1,2,35.62,0.681
1,1,2,55.34,0.912
1,3,2,28.57,0.805
1,3,3,37.82,1.189
3,3,1,33.13,16.233
1,2,1,56.26,2.158
1,1,2,26.31,0.6
1,2,2,32.35,1.712
1,2,2,32.68,1.07
2,3,1,48.72,5.955
1,2,3,34.44,1.579
2,2,1,56.05,5.552
2,2,2,50.35,9.158
1,3,3,67.75,1.3
1,1,2,37.67,0.716
1,3,5,66.23,0.541
1,1,1,13.43,0.659
1,1,1,32.24,0.807
1,1,3,55.78,0.854
2,1,1,10.92,2.817
1,2,2,14.08,0.911
2,1,1,14.43,4.236
2,1,3,15.93,2.222
1,1,1,23.27,0.612
1,1,1,49.23,0.994
1,2,3,46.53,2.514
1,1,2,46.3,1.298
1,3,1,24.27,1.126
1,1,1,16.68,0.957
2,1,3,34.71,2.843
1,3,3,41.88,0.827
2,1,2,46.49,6.913
1,2,3,8.38,0.836
1,2,2,28.9,1.918
1,2,1,45.61,2.45
1,3,4,30.86,0.795
1,1,2,30.19,0.814
1,2,1,38.51,1.386
1,2,2,21.33,0.81
1,1,2,43.29,1.001
1,1,4,5.71,0.37
1,1,3,8.51,0.429
1,1,4,30.8,0.458
1,2,4,37.31,0.696
1,2,1,39.03,1.264
1,1,1,52.15,0.883
1,1,1,35.83,0.875
3,1,2,16.05,10.888
2,1,2,13.9,2.289
1,1,2,39.76,0.638
1,2,3,26.41,1.035
2,1,4,6.96,2.619
1,2,1,43.93,1.785
1,1,1,8.11,0.562
2,1,1,55.41,6.803
1,1,1,28.43,0.812
1,1,1,18.52,0.819
1,3,1,43.85,1.057
1,3,2,37.03,1.003
1,1,2,11.29,0.502
1,3,1,31.31,0.72
2,1,2,19.64,3.06
1,2,2,9.49,0.916
1,1,3,25.53,0.675
1,2,1,44.08,2.354
3,3,4,29.85,15.656
1,3,1,9.3,0.979
1,3,2,33.0,0.814
1,1,4,36.95,0.717
1,2,2,19.64,0.873
1,1,4,25.27,0.727
1,1,5,28.76,0.19
3,1,2,1.73,16.184
2,1,2,23.05,3.743
1,2,1,28.75,1.392
2,2,1,29.95,5.188
1,1,3,42.12,0.547
1,3,3,36.24,0.955
1,1,3,20.57,0.562
1,3,1,42.51,1.707
1,2,4,4.72,0.754
2,1,3,16.1,1.763
1,2,1,17.07,1.64
1,1,4,18.33,0.626
1,1,1,19.31,0.78
1,3,2,17.43,0.667
3,1,1,17.59,12.533
1,3,2,33.25,1.174
1,2,1,41.55,1.198
2,2,1,30.26,7.486
2,1,1,44.85,6.827
1,3,2,67.97,3.672
1,1,1,52.5,0.703
2,3,4,51.46,3.113
1,1,2,25.97,0.366
1,2,1,6.02,0.923
2,1,1,40.95,5.785
2,2,3,37.33,7.455
2,3,2,36.21,3.393
3,1,2,20.84,21.826
1,1,3,42.01,0.868
2,2,2,4.06,7.094
2,1,3,1.86,3.329
1,1,2,33.28,0.731
3,3,1,15.93,16.019
2,1,1,31.48,2.509
2,3,1,21.14,6.106
1,1,4,36.75,0.324
1,2,4,28.93,0.66
3,1,2,21.29,13.468
3,2,1,14.99,18.405
1,2,2,14.78,0.941
1,1,3,29.65,0.481
2,1,2,26.79,2.73
1,2,2,13.7,1.033
1,1,1,48.13,0.731
3,1,1,27.39,22.785
1,1,1,44.78,0.589
2,1,2,42.42,1.789
1,1,2,25.24,0.476
1,2,1,44.5,1.538
1,2,1,19.2,1.678
1,1,2,9.38,0.577
2,2,2,22.88,3.063
1,1,3,29.88,0.464
3,1,1,9.72,12.367
1,2,1,4.12,0.991
3,1,2,38.82,14.81
1,2,2,29.98,1.035
1,3,5,24.26,0.405
1,2,2,14.21,0.877
1,1,2,58.46,1.235
1,2,2,30.94,0.901
3,3,1,22.93,43.563
2,2,1,10.14,6.313
1,2,1,58.88,1.282
1,1,5,31.6,0.496
1,2,5,6.97,0.732
2,1,4,26.23,1.969
2,2,3,36.05,5.474
1,2,3,18.68,0.989
1,1,1,18.84,0.508
1,3,2,43.21,1.28
1,2,2,50.51,1.359
1,2,3,27.23,0.731
1,2,2,24.66,0.959
2,3,1,31.29,4.513
1,2,2,13.03,1.103
3,2,3,35.55,32.523
2,2,3,31.65,3.137
1,3,1,30.97,1.11
1,2,2,34.52,1.615
1,3,2,14.96,0.82
2,2,2,18.62,5.924
1,1,2,7.93,0.62
3,3,1,11.97,20.478
2,2,2,22.44,5.205
1,2,1,8.74,1.399
1,2,2,28.88,0.599
1,2,2,25.83,0.948
1,2,1,50.25,2.16
1,3,1,26.09,1.541
2,2,1,19.94,8.443
1,2,4,28.82,1.112
1,2,4,18.13,1.009
2,2,1,5.29,6.378
2,2,1,28.8,5.296
1,3,1,25.91,0.939
1,2,1,32.82,1.466
2,1,1,26.46,4.583
1,1,2,23.56,0.411
1,1,2,27.56,0.672
2,2,2,18.33,5.467
2,1,2,43.82,1.663
1,3,1,31.0,1.125
1,1,1,54.32,0.983
2,3,3,16.43,3.893
1,3,2,25.99,0.689
3,3,1,10.01,22.058
1,1,4,2.36,0.345
2,1,1,9.06,2.549
3,2,1,43.24,35.993
1,3,4,53.06,1.021
2,2,1,22.95,7.539
1,1,5,34.29,0.406
2,1,2,0.8,3.675
3,1,2,53.98,23.336
3,2,1,26.15,46.487
1,3,2,15.62,0.565
2,1,1,6.07,4.001
2,3,1,35.87,4.839
1,2,1,7.69,1.469
2,1,2,13.18,2.445
1,1,1,45.8,0.649
3,2,1,47.09,36.065
2,1,2,25.01,3.121
1,1,1,14.48,0.868
1,3,2,41.32,0.906
3,1,3,19.78,9.35
1,3,2,16.24,0.619
1,1,1,48.68,0.669
1,1,2,21.37,0.59
1,2,2,46.41,1.862
1,3,5,80.62,1.176
1,1,1,22.07,1.075
3,1,3,45.05,13.987
2,2,1,11.39,6.157
2,3,1,16.85,6.111
1,1,2,12.65,0.494
2,2,5,27.39,3.364
1,1,5,1.81,0.399
2,1,2,33.65,3.66
2,1,2,13.3,3.323
1,2,1,49.85,2.625
3,3,2,57.57,27.831
3,1,4,48.62,16.35
1,2,1,2.88,1.13
3,2,1,25.06,33.588
2,1,3,33.0,2.466
1,1,2,49.16,1.262
1,3,1,24.99,1.168
2,1,2,19.48,2.08
2,1,1,58.71,7.198
1,1,4,43.76,0.566
1,2,4,28.45,1.525
1,1,2,5.3,0.741
1,3,5,19.66,0.401
1,2,2,8.23,1.321
1,1,4,10.97,0.382
2,1,1,32.4,4.001
1,3,3,26.15,0.894
2,2,1,20.68,4.963
2,2,1,34.54,8.828
3,1,1,13.04,25.255
3,1,2,19.75,12.855
3,2,1,43.47,39.372
1,1,1,26.35,0.805
1,2,3,17.95,0.978
1,3,1,31.1,0.748
1,3,1,59.67,1.425
1,1,2,36.57,0.424
1,1,2,12.39,0.621
1,2,1,26.34,1.536
1,1,1,28.35,0.876
1,2,1,29.46,1.308
3,2,2,77.0,92.232
1,1,1,9.39,0.648
1,1,5,24.39,0.393
1,2,1,14.98,1.2
1,3,3,29.6,1.078
3,1,4,49.21,13.65
1,1,1,15.86,0.701
1,1,1,8.32,0.849
2,3,3,44.49,5.0
1,1,2,29.89,0.558
1,1,1,14.1,0.659
1,2,3,32.68,0.819
1,1,4,41.14,0.691
1,1,1,40.97,0.843
2,3,4,40.49,5.703
1,2,2,24.01,0.939
1,1,2,8.74,0.517
1,2,3,10.57,1.104
1,2,4,14.7,0.698
1,1,3,23.12,0.456
3,3,1,34.96,31.958
2,1,1,29.86,4.304
3,1,2,6.9,11.139
1,1,3,22.17,0.694
1,2,2,9.31,0.985
1,2,3,13.71,1.126
1,2,4,24.48,0.789
1,2,3,40.87,1.144
1,1,1,58.56,1.686
2,2,2,17.75,7.672
2,1,2,18.8,1.987
1,3,1,16.68,0.907
1,2,4,11.86,0.531
1,1,1,15.67,0.921
2,1,1,5.12,2.456
1,1,2,25.24,0.513
2,1,1,42.76,4.025
1,2,2,34.27,1.516
2,1,3,55.35,6.358
2,1,4,47.94,3.036
1,1,4,51.37,0.546
2,1,3,7.35,2.758
3,1,5,41.71,6.993
1,2,1,38.14,1.379
1,3,4,1.76,0.695
1,1,5,53.52,0.64
1,2,2,23.73,0.657
3,3,5,22.36,13.972
1,1,3,24.12,0.538
2,3,2,13.67,3.164
2,3,1,19.57,6.297
1,2,4,41.27,0.752
1,1,4,26.7,0.465
2,2,2,25.49,6.837
1,1,1,37.39,0.833
1,2,1,24.71,1.357
3,2,1,16.06,27.148
1,2,1,44.01,2.392
2,3,2,65.94,9.245
1,1,2,16.24,0.401
2,2,4,26.78,4.61
2,1,1,17.01,2.339
1,2,1,13.34,1.833
1,1,2,29.05,0.874
1,1,2,15.37,0.714
2,1,1,23.23,4.185
1,1,3,12.21,0.337
1,3,2,13.5,0.787
1,1,1,18.56,0.705
3,3,2,34.11,19.527
1,2,1,36.06,1.696
2,3,2,12.12,3.693
3,2,1,52.05,30.204
1,1,1,4.81,0.694
3,1,2,29.51,21.11
1,1,2,39.68,0.708
2,2,1,25.69,5.697
2,2,2,11.27,5.959
1,2,5,55.08,1.225
1,2,2,17.84,1.131
2,1,1,45.15,6.311
1,1,1,12.9,0.599
1,2,1,16.19,1.199
2,2,3,7.93,4.179
1,1,1,30.21,0.709
1,2,1,47.44,1.667
1,1,3,13.22,0.595
1,1,2,17.47,0.564
1,1,1,22.77,0.619
1,1,1,26.39,0.693
1,1,2,19.07,0.446
1,2,4,36.66,0.894
3,2,2,13.55,15.996
2,3,2,41.16,4.298
1,1,3,20.75,0.372
1,1,2,44.29,0.905
1,2,4,43.18,0.911
1,2,1,60.06,1.191
2,2,1,54.94,8.974
1,1,1,27.9,0.687
1,1,3,26.89,0.481
2,2,2,12.33,5.046
2,2,2,44.36,11.564
1,1,1,50.33,0.983
2,3,4,46.76,2.634
1,2,2,3.62,1.119
2,1,1,16.89,3.642
1,2,1,22.71,0.867
1,1,1,51.85,1.171
1,3,2,16.02,0.974
1,1,2,16.08,0.572
1,3,2,32.58,0.916
2,2,2,61.16,6.662
1,1,3,26.64,0.666
3,3,1,17.91,25.217
1,3,4,1.53,0.704
3,2,2,40.52,29.922
1,1,1,18.44,0.429
1,2,1,11.63,1.751
1,2,4,5.11,0.775
1,1,3,6.75,0.319
1,1,2,33.69,0.688
2,3,1,25.73,5.162
1,2,1,21.96,1.373
1,1,2,29.67,0.804
1,3,3,37.63,1.328
2,1,3,23.02,2.74
1,2,5,43.48,0.571
1,1,1,55.87,0.58
1,1,1,19.96,0.566
2,1,3,14.66,2.517
2,1,3,19.17,2.912
1,3,2,18.96,0.668
1,3,1,22.24,1.107
1,1,1,40.61,0.554
1,3,1,33.5,1.077
2,3,5,43.45,4.142
2,1,1,34.21,2.135
1,1,2,24.37,0.502
2,1,1,28.75,3.949
1,1,3,29.81,0.351
2,1,4,74.24,5.793
2,2,2,18.33,3.647
2,2,4,18.18,4.675
1,2,2,50.13,1.519
1,2,2,48.68,1.262
1,2,3,31.27,1.525
1,3,1,26.22,0.898
1,1,4,13.61,0.38
2,1,3,22.88,1.917
1,1,4,20.53,0.325
1,2,1,23.25,1.334
2,1,2,24.14,4.079
1,2,2,24.4,1.256
1,1,5,34.76,0.302
1,1,1,13.14,0.581
2,2,3,5.12,4.241
1,1,1,10.75,0.786
1,2,3,44.73,1.288
1,2,2,43.47,1.676
1,3,1,29.47,1.303
3,3,2,12.13,23.302
2,1,1,13.26,4.015
1,1,3,44.81,1.292
1,1,2,57.85,1.375
1,3,1,8.42,0.872
2,2,1,6.04,6.604
1,3,3,32.03,0.53
1,3,2,7.94,0.726
1,3,4,39.49,1.011
1,1,1,31.0,0.505
3,2,3,64.07,48.542
1,1,2,6.8,0.617
3,1,2,56.13,23.195
1,1,2,24.2,0.61
1,3,1,12.66,0.747
2,2,1,26.42,8.325
1,2,4,45.92,0.913
2,2,2,8.79,4.526
1,2,1,30.53,1.222
1,1,3,14.15,0.296
1,3,4,6.56,0.514
3,1,1,16.51,16.436
2,2,2,64.06,11.136
2,1,1,6.36,2.162
2,2,1,38.18,3.988
1,1,2,51.79,1.056
2,3,1,34.02,7.771
1,1,2,4.4,0.958
2,1,1,49.65,9.656
2,1,1,30.29,3.28
1,1,3,42.51,0.821
2,2,4,9.45,2.989
2,2,1,36.51,14.041
1,1,3,11.03,0.442
2,1,3,6.43,2.451
1,1,3,1.58,0.414
2,2,2,33.31,4.644
2,2,2,12.42,6.44
1,3,4,8.19,0.615
1,1,1,16.96,0.56
1,1,2,19.52,0.549
2,1,5,29.35,2.515
2,2,1,7.47,8.344
2,2,1,51.43,11.39
2,3,4,6.7,2.354
1,1,1,27.4,1.025
1,3,4,24.78,0.664
3,2,4,40.3,38.792
1,1,1,13.98,0.672
1,3,2,21.94,1.097
1,1,1,55.59,0.981
1,1,1,23.77,0.737
2,1,1,21.63,4.14
1,2,2,18.58,1.028
1,1,1,16.67,0.689
1,2,1,27.89,0.973
1,1,3,47.59,1.52
1,3,3,45.19,0.623
2,1,1,28.2,3.85
1,1,2,17.36,0.562
2,3,1,34.28,4.062
1,3,2,4.42,0.768
1,1,1,10.28,0.443
2,2,4,3.84,2.78
1,1,4,9.29,0.555
1,2,3,37.58,0.916
1,1,2,51.38,0.643
2,1,3,30.11,1.689
2,1,1,14.15,3.059
1,1,1,14.28,0.982
2,1,1,9.32,3.771
1,2,2,22.25,1.327
2,1,3,28.51,2.088
3,1,1,30.62,12.723
1,1,3,47.34,0.548
1,2,4,39.66,1.195
2,1,2,28.71,3.474
1,2,1,18.53,1.021
2,3,4,12.78,3.295
1,3,1,12.67,1.054
3,1,4,14.74,11.615
1,3,1,30.57,1.019
2,3,3,10.77,3.424
1,1,3,7.4,0.407
2,3,1,54.12,13.284
3,3,2,40.93,18.15
2,2,1,5.03,5.643
2,2,2,31.6,3.212
1,3,1,10.09,1.165
1,1,2,23.92,0.716
1,2,3,10.8,0.902
1,3,1,20.54,0.977
1,1,1,49.1,1.215
2,1,1,25.57,3.687
2,1,2,56.7,3.915
1,3,4,27.66,0.875
1,2,3,22.67,0.938
1,2,4,11.99,0.742
2,1,5,39.9,1.575
2,2,1,40.19,10.634
1,1,1,52.03,1.09
1,3,1,46.22,1.236
2,2,4,1.32,2.273
1,2,4,26.7,0.739
2,3,1,19.26,4.321
1,2,3,42.86,1.384
3,1,1,45.1,23.044
2,2,1,24.56,8.161
1,3,4,22.66,0.697
1,3,1,29.81,0.966
1,1,2,32.3,0.981
1,1,1,15.41,0.479
1,2,2,28.84,0.979
1,1,5,17.7,0.49
2,1,1,25.63,4.171
1,1,1,25.51,0.511
1,3,1,22.19,0.726
2,1,1,30.1,3.212
1,2,2,13.61,0.947
1,3,1,8.18,0.953
2,1,1,64.15,4.573
2,3,3,53.04,5.657
1,1,1,5.46,0.755
3,1,5,19.1,10.8
1,1,2,30.62,0.52
1,3,4,34.27,0.955
1,2,5,24.18,0.744
1,3,3,28.03,0.677
1,1,2,6.22,0.683
1,1,2,24.75,0.467
2,2,4,14.81,3.217
1,1,3,24.04,0.859
2,1,2,21.02,4.571
1,3,1,13.08,0.968
2,2,5,25.69,2.316
1,2,3,24.8,1.114
1,1,4,30.96,0.425
2,1,3,54.61,7.193
1,2,1,36.17,2.194
2,2,4,4.45,4.009
2,2,1,22.41,6.881
2,3,1,30.84,5.279
1,1,1,7.13,0.788
2,1,2,18.43,3.519
1,1,2,26.64,0.614
3,1,2,15.86,14.497
1,1,2,27.07,0.527
1,1,4,64.24,0.867
3,1,1,39.27,19.985
1,2,1,11.04,0.955
2,3,1,16.37,4.047
1,2,5,67.18,1.292
2,2,4,39.48,4.792
1,1,1,16.41,0.59
1,1,2,30.97,0.561
1,1,1,28.2,0.655
1,1,2,11.26,0.794
2,2,1,12.48,5.287
2,2,1,16.92,9.081
2,1,4,16.72,3.286
2,2,2,30.91,3.899
2,1,1,57.03,12.374
1,1,1,15.86,0.781
1,1,2,56.58,1.023
2,2,2,14.0,5.336
2,1,3,23.37,1.947
1,3,3,52.02,0.887
1,1,1,16.73,0.991
1,3,1,12.2,0.598
2,1,1,44.33,4.402
1,3,1,53.12,2.522
2,1,3,15.92,2.637
2,1,3,12.9,2.388
3,1,2,14.61,10.995
1,1,2,19.23,0.433
2,2,2,29.71,5.67
2,3,4,38.49,2.802
1,1,1,28.59,0.813
1,1,2,42.87,1.079
1,1,1,38.07,1.306
1,3,1,28.87,0.749
1,1,2,56.87,1.008
1,1,4,4.56,0.592
2,1,1,41.86,6.378
1,1,1,13.68,0.629
1,1,1,30.16,0.827
2,2,1,17.18,6.445
2,1,1,32.9,3.439
3,3,5,13.1,8.225
2,2,2,10.44,8.422
2,1,3,40.02,3.064
1,1,1,12.14,0.576
1,1,1,38.5,0.689
1,2,1,37.6,1.571
3,3,1,53.74,30.166
1,1,1,22.39,0.545
1,1,3,23.99,0.468
1,3,3,45.02,0.972
2,1,1,16.89,2.389
1,1,2,36.84,0.434
2,1,1,13.07,3.734
3,3,2,17.47,16.351
1,1,2,15.88,0.766
2,2,1,22.8,4.287
1,2,3,37.29,1.111
1,1,1,10.69,0.523
1,1,1,13.11,0.705
2,1,1,14.06,4.143
1,1,2,38.96,0.757
2,2,3,50.63,7.952
2,2,1,24.92,5.311
1,2,2,78.69,2.65
1,3,1,47.08,1.951
1,3,3,27.18,0.572
1,3,1,10.66,1.001
3,2,3,44.56,31.52
1,1,2,29.94,0.944
2,1,3,29.89,2.941
3,1,2,32.69,19.415
1,3,1,31.97,1.348
1,1,4,30.85,0.523
2,1,2,22.64,2.576
2,1,2,59.9,4.045
1,1,1,3.39,0.694
2,3,2,6.95,2.951
3,3,1,32.5,12.429
2,1,3,19.99,3.318
2,3,2,21.48,5.267
2,2,1,9.0,4.74
2,1,1,17.01,3.588
1,1,3,6.64,0.712
3,1,3,19.37,10.546
1,1,2,33.43,0.791
2,2,2,44.57,16.355
1,1,1,83.22,1.493
2,3,1,25.79,7.157
2,2,2,30.69,7.881
2,1,2,61.95,3.557
1,1,3,42.28,0.511
2,1,1,48.62,7.479
1,3,4,40.79,0.874
1,1,1,15.07,0.498
1,3,5,28.31,0.488
3,2,5,62.2,27.813
3,2,1,25.54,34.964
1,2,2,39.75,1.271
2,2,2,36.51,10.738
1,1,1,44.52,1.314
1,1,1,9.0,0.398
2,2,3,66.24,9.586
2,2,3,42.06,6.216
2,1,2,18.34,3.178
1,1,2,61.4,0.418
1,1,1,36.88,0.642
1,1,3,61.91,0.624
2,1,1,10.62,3.563
1,2,1,6.95,0.955
1,2,1,13.86,1.328
1,1,1,19.18,1.053
1,1,1,8.09,0.654
1,1,1,34.66,0.642
2,1,2,25.34,4.145
1,3,1,12.08,0.706
1,1,2,47.73,0.478
3,1,1,12.98,22.707
1,2,2,8.32,1.222
1,2,5,14.3,0.736
2,2,3,20.28,4.005
1,1,1,9.17,0.433
3,2,2,52.5,36.795
1,3,2,11.39,0.604
2,1,1,20.21,3.509
1,1,3,20.05,0.691
1,1,4,10.78,0.444
1,1,3,40.41,0.538
1,1,1,10.41,0.555
1,1,1,6.14,0.71
1,2,1,12.8,1.508
1,2,3,52.98,1.256
1,3,1,16.62,0.924
1,3,1,3.14,0.855
1,3,3,17.7,0.946
1,2,5,51.46,0.443
2,1,2,40.48,5.169
3,1,3,25.45,12.492
1,3,1,19.09,0.982
3,2,1,49.71,58.598
2,2,1,40.46,11.203
3,1,1,7.38,13.946
1,3,1,40.75,1.58
1,2,1,48.9,1.6
2,2,1,23.76,4.822
1,3,2,13.72,1.023
2,1,1,24.34,3.364
2,1,5,41.65,2.705
1,3,2,22.06,1.177
1,1,2,42.12,0.634
1,1,1,14.17,0.759
2,3,2,43.96,9.35
2,1,2,22.17,2.555
2,3,1,26.76,7.177
1,3,4,20.45,0.905
3,1,1,18.34,17.285
1,1,1,6.94,0.832
1,1,5,33.82,0.292
1,1,1,22.18,1.132
1,1,1,19.88,0.931
1,3,4,5.7,0.589
1,3,1,29.03,1.092
1,1,4,17.14,0.27
1,1,2,11.04,0.538
1,1,1,20.63,0.583
3,3,2,52.5,24.757
1,1,2,32.7,0.542
1,1,2,37.01,0.758
1,1,2,22.69,0.746
2,2,1,38.72,5.859
1,2,1,7.82,1.038
1,3,2,17.71,0.521
2,1,1,17.29,2.738
1,1,5,23.95,0.366
1,1,1,15.08,0.79
3,1,1,54.53,14.845
1,2,4,8.17,0.813
1,1,2,11.73,0.373
1,2,2,8.81,0.695
2,1,1,37.99,3.522
1,1,3,55.61,1.103
1,1,1,6.7,0.605
1,3,1,12.45,0.819
1,1,1,18.87,0.462
1,2,1,16.43,0.933
1,3,4,21.9,0.471
1,1,4,30.7,0.411
1,1,1,57.35,1.314
3,2,1,59.19,36.653
2,1,1,5.52,4.499
1,1,3,25.07,0.648
1,1,1,64.78,1.022
2,1,4,6.56,2.489
2,1,1,10.59,3.281
1,2,2,24.62,1.502
1,1,3,9.42,0.488
1,2,2,21.97,1.231
1,1,5,22.0,0.184
1,2,1,43.24,1.912
1,1,2,24.28,0.742
2,2,3,27.4,4.741
1,2,3,29.02,1.559
1,1,2,21.77,0.552
1,3,2,34.89,1.091
1,2,4,39.6,0.783
1,2,3,29.21,1.279
2,2,4,31.25,3.061
1,1,4,17.93,0.495
1,1,3,8.78,0.516
1,1,1,40.66,0.88
3,2,1,28.27,25.903
2,3,5,39.83,2.42
1,1,3,29.79,0.826
2,1,5,25.44,2.151
1,2,1,13.51,0.951
1,1,3,36.61,0.729
1,3,2,14.68,0.732
2,1,2,18.56,3.21
3,2,2,25.05,20.58
2,1,1,25.02,3.333
2,1,2,18.39,2.418
1,2,1,6.71,0.818
3,1,1,26.2,21.59
1,3,2,20.56,0.682
3,3,4,0.32,12.691
1,2,4,52.16,1.596
1,1,3,20.46,0.472
1,1,1,26.28,0.471
1,2,1,45.49,2.558
1,1,1,52.39,1.146
2,2,1,30.51,6.338
2,3,1,17.63,3.025
1,2,2,37.85,1.322
1,1,1,17.87,0.517
1,2,1,33.96,1.737
1,1,2,17.32,0.526
1,1,1,26.67,0.827
2,1,2,54.81,2.679
2,1,1,13.55,4.008
1,2,1,28.59,1.014
2,3,2,51.3,8.9
1,1,4,9.55,0.63
2,2,1,25.55,5.401
2,1,2,55.26,6.324
1,1,5,32.47,0.435
1,3,5,34.88,0.461
2,1,1,32.01,4.198
2,1,3,35.63,4.775
2,1,1,26.16,3.701
1,1,1,46.87,0.774
1,1,3,40.05,0.535
1,2,3,43.95,0.526
1,2,4,33.42,1.062
1,2,1,3.93,1.067
1,2,2,23.21,0.98
2,2,1,25.65,7.345
1,1,1,9.57,0.53
2,1,3,18.1,2.673
1,3,3,14.91,0.58
1,2,5,54.44,1.543
1,1,3,17.13,0.564
2,2,2,32.92,8.393
1,2,3,39.25,0.757
1,1,4,45.0,0.603
3,2,1,8.15,43.393
1,1,2,11.75,0.654
1,3,1,39.67,0.514
2,1,2,27.33,3.281
1,2,1,57.56,2.099
2,1,1,14.73,2.693
3,3,2,38.95,20.82
2,2,4,39.24,7.342
1,1,2,57.59,1.377
1,1,4,48.99,0.702
2,1,2,63.41,4.753
1,1,1,20.08,0.711
1,1,2,19.72,0.407
3,2,2,51.6,61.929
2,2,1,17.31,4.031
1,1,1,27.02,0.646
2,1,1,35.05,4.733
1,3,2,5.72,0.663
3,1,1,36.24,18.165
1,1,3,23.82,0.592
1,1,2,46.73,0.799
1,1,1,45.73,1.925
1,1,1,3.54,0.676
1,3,2,15.7,1.033
2,1,3,25.77,3.663
1,1,2,11.33,0.475
2,2,1,20.27,6.61
1,2,2,14.94,1.493
1,2,4,64.26,1.815
1,1,1,10.54,0.48
2,1,3,43.32,1.805
1,2,1,44.66,2.018
1,3,1,34.39,0.849
1,1,1,40.38,0.338
2,3,3,12.43,2.678
3,2,2,56.84,32.748
2,3,1,16.49,5.842
2,1,2,4.72,2.886
2,1,1,7.41,4.057
2,1,1,21.41,2.744
2,1,2,2.89,2.657
1,1,2,14.04,0.572
1,1,2,37.13,0.419
2,2,2,50.76,10.876
2,2,2,42.53,7.181
2,3,1,7.12,5.069
1,3,2,49.89,0.72
2,1,1,39.05,7.839
1,3,1,28.4,0.708
1,1,1,13.18,0.577
1,2,1,43.79,1.861
1,2,1,53.99,1.979
1,1,1,22.46,0.798
2,3,1,26.31,4.994
2,1,2,23.94,2.411
1,2,3,15.45,0.595
1,2,2,47.54,1.062
2,1,2,5.08,3.401
3,1,4,50.93,22.773
2,2,2,25.29,4.914
1,1,4,29.1,0.483
1,1,4,5.75,0.243
2,1,1,56.9,5.479
1,2,4,36.79,0.842
2,1,1,10.13,3.812
1,2,1,30.05,1.252
2,2,4,38.06,4.242
1,2,1,27.83,1.992
1,3,2,22.07,1.025
1,2,2,12.12,0.921
1,1,2,19.93,0.891
1,3,2,19.86,0.704
1,1,1,30.26,0.756
1,1,3,25.12,0.487
1,1,2,30.38,0.459
1,2,5,48.22,1.719
1,1,2,22.46,0.672
3,1,1,34.42,22.192
1,2,3,10.09,0.793
2,1,2,24.85,3.707
1,1,2,8.98,0.638
1,2,4,19.83,0.434
2,1,1,53.71,3.901
2,3,4,25.92,2.741
2,2,1,49.51,9.432
1,1,4,65.09,0.727
1,1,1,10.16,0.721
1,1,1,22.74,0.372
1,2,4,28.31,0.673
3,3,2,19.22,14.49
1,2,2,48.64,1.969
1,2,2,29.93,2.075
1,1,1,19.92,0.713
1,1,2,51.75,0.586
1,2,3,17.05,1.056
1,1,1,63.01,1.215
3,3,2,9.73,16.455
1,1,2,45.14,0.618
1,2,4,8.23,0.886
1,2,4,40.13,1.45
1,3,1,29.75,1.389
1,1,2,15.77,0.581
2,1,2,38.12,5.567
1,1,1,24.2,0.947
1,2,1,26.0,0.973
2,1,2,16.89,3.391
1,3,1,72.83,0.765
1,3,1,34.16,1.781
2,1,2,27.24,4.839
1,3,4,30.86,0.467
1,3,1,8.92,0.685
3,1,3,58.26,13.753
2,3,1,25.0,3.803
1,2,3,6.74,0.817
2,3,1,48.41,6.128
1,2,3,8.29,0.964
2,1,1,35.53,4.272
1,2,5,56.56,2.68
1,2,2,33.42,1.333
2,2,1,14.96,4.229
1,2,1,7.79,1.056
3,2,1,23.74,24.419
1,1,2,5.45,0.619
3,1,1,13.23,16.765
1,3,3,17.8,0.784
1,3,2,35.36,0.622
1,3,2,4.89,0.656
1,1,2,34.21,0.517
1,1,3,58.12,0.837
2,1,1,24.91,4.835
2,3,2,56.96,8.551
1,1,3,29.21,0.707
1,3,2,20.72,0.602
1,3,1,62.52,2.209
2,3,1,38.49,5.1
3,1,1,39.49,23.876
1,3,3,27.27,1.318
1,1,1,6.58,0.735
1,1,1,12.42,0.418
1,2,1,2.01,1.088
1,3,2,9.41,0.947
1,2,2,15.52,0.937
2,2,1,15.51,4.62
1,3,2,54.02,1.549
1,3,3,28.35,0.954
1,3,2,38.13,0.895
1,2,1,9.85,1.154
2,1,4,18.17,2.631
3,1,1,62.97,25.467
1,2,4,28.12,1.233
1,1,4,22.4,0.392
2,3,2,8.05,4.225
2,3,2,35.16,5.25
2,1,4,26.45,3.479
1,2,2,46.13,2.484
1,2,2,21.16,0.971
1,2,1,5.61,1.28
1,2,3,19.42,1.119
3,2,4,14.14,14.636
1,2,2,25.56,0.919
1,2,2,27.35,1.236
1,3,3,9.36,0.626
1,1,2,32.55,0.72
3,1,2,43.8,17.522
1,2,1,49.84,4.004
1,1,1,14.7,0.477
2,1,1,45.07,4.443
1,1,2,47.09,1.245
1,2,4,40.16,1.6
1,1,1,13.55,0.949
1,1,2,46.65,0.862
1,2,2,15.82,0.836
1,1,2,19.65,0.548
1,1,1,56.77,0.516
2,3,4,19.26,2.1
3,1,1,32.25,13.743
1,3,1,8.86,0.866
1,3,3,24.28,0.633
1,1,3,21.72,0.762
1,2,1,45.66,1.146
1,1,1,28.31,0.833
1,1,1,9.72,0.678
1,2,1,26.19,1.228
1,2,3,30.04,1.989
1,3,2,21.52,1.279
2,2,2,15.47,6.125
1,2,3,22.22,0.651
2,2,4,20.77,4.473
1,1,1,61.84,1.145
1,1,4,34.64,0.593
2,2,5,40.63,8.231
1,2,4,41.45,1.419
2,3,2,9.76,3.973
1,3,2,13.59,0.676
1,2,1,34.07,0.92
1,1,4,34.84,0.466
1,1,3,31.99,0.467
2,2,2,4.52,4.761
1,2,1,28.41,1.614
1,1,5,21.22,0.279
1,1,2,4.69,0.523
1,3,4,29.82,0.608
1,1,3,25.18,0.414
1,1,1,44.35,0.633
2,2,3,32.19,5.522
2,3,1,33.66,5.421
1,1,3,16.79,0.851
2,3,2,20.68,3.233
2,1,4,8.8,2.058
1,1,2,18.09,0.678
2,1,1,11.01,2.962
1,3,1,34.06,0.692
1,1,1,45.91,1.237
3,1,2,56.84,14.141
1,2,1,39.03,1.705
3,3,3,50.38,24.726
2,1,1,9.44,3.82
2,3,1,28.62,4.147
1,3,2,17.7,1.125
1,1,2,53.11,1.223
1,1,3,11.78,0.725
1,1,1,64.16,1.792
2,2,1,10.58,6.832
1,1,3,39.85,1.303
1,2,1,59.36,3.116
3,3,4,27.8,8.311
1,1,5,63.14,0.987
2,1,1,43.58,2.389
1,1,1,26.39,0.497
1,2,2,79.65,3.474
1,2,2,19.25,0.991
1,1,2,41.5,0.876
2,2,4,4.84,5.12
1,1,1,21.45,0.794
1,1,1,29.46,0.773
2,2,1,30.03,7.15
1,2,2,20.01,1.447
1,1,3,37.06,0.523
1,2,1,32.22,1.095
3,1,3,30.82,10.787
3,1,3,43.71,19.51
1,1,1,14.34,0.59
1,1,1,27.43,0.669
3,2,2,57.43,38.966
2,1,2,45.55,4.586
1,1,4,27.71,0.365
2,3,2,45.22,6.421
1,1,2,44.52,1.109
1,1,2,15.95,0.545
2,2,3,41.73,3.471
2,1,2,11.59,2.9
1,2,1,49.61,2.18
2,2,1,44.61,3.262
1,2,1,19.83,1.34
2,1,1,53.98,7.413
1,2,1,11.08,0.973
3,2,2,26.51,14.128
1,1,3,39.23,0.591
1,1,2,16.61,0.679
2,1,2,42.34,4.944
1,2,1,28.54,1.405
1,1,2,28.16,0.607
2,2,2,25.69,8.318
1,1,2,43.09,1.025
2,3,3,23.57,2.508
1,2,2,9.44,0.975
1,1,2,19.49,0.998
1,1,1,5.93,0.614
1,3,1,49.05,1.55
1,1,1,33.26,0.615
1,1,3,22.95,0.505
1,2,1,30.54,1.203
1,3,2,5.56,0.851
2,1,3,21.21,3.068
1,1,2,17.26,0.642
1,2,2,6.82,1.933
1,1,2,24.41,0.661
2,3,2,25.44,3.47
1,3,2,7.49,1.038
3,3,5,18.99,10.312
1,1,2,17.53,0.454
3,3,3,6.38,11.406
1,2,2,41.66,0.724
1,1,1,15.59,0.59
1,2,1,14.43,0.72
3,3,1,18.97,18.567
1,1,3,13.68,0.422
2,2,4,50.47,4.643
1,1,2,6.59,0.597
1,2,1,51.27,3.707
2,2,1,10.28,6.365
1,1,4,31.02,0.563
2,1,1,31.06,2.436
2,2,2,8.43,3.969
1,1,2,31.27,0.821
1,1,1,17.34,0.495
1,3,3,27.46,0.927
2,3,3,24.19,5.208
1,2,2,55.21,1.21
2,1,2,56.86,2.989
1,1,5,5.47,0.293
3,1,3,46.82,19.744
2,3,1,8.98,4.615
1,2,2,18.03,1.081
2,1,2,63.8,6.715
2,3,5,36.74,2.819
1,2,4,31.19,0.687
1,1,4,23.43,0.744
1,1,2,16.5,0.694
1,1,1,18.77,0.968
1,2,2,28.92,1.76
1,1,1,20.72,0.673
1,1,2,14.46,0.537
1,3,2,36.77,0.438
1,2,1,29.38,1.663
1,3,2,8.04,0.757
1,1,3,36.91,0.708
1,3,2,9.34,0.761
1,2,2,11.63,1.053
2,1,1,57.18,9.563
1,3,2,68.56,1.875
2,1,2,35.84,4.171
3,3,2,9.52,13.602
1,2,2,29.52,1.021
2,2,2,30.61,8.781
1,3,1,33.84,1.574
2,1,2,19.69,2.833
1,2,1,4.41,1.062
2,2,4,52.16,3.794
1,1,1,46.92,0.769
3,1,3,34.46,18.627
1,1,1,25.31,0.317
2,1,2,14.28,2.412
3,2,1,21.56,32.268
2,3,2,18.61,2.777
1,2,1,32.6,1.073
1,2,1,56.7,1.261
2,1,2,52.34,5.935
1,1,1,22.47,1.007
1,2,5,7.99,0.66
2,3,2,28.67,3.347
3,1,1,38.55,9.689
1,1,1,16.62,0.635
1,2,2,24.51,1.115
2,2,2,30.75,6.833
1,1,1,7.54,0.699
3,1,2,53.04,37.6
2,1,4,26.4,1.308
1,1,1,40.98,1.118
2,1,3,58.91,5.042
2,2,5,30.25,4.127
1,3,4,30.77,0.519
1,2,4,40.05,0.587
2,1,2,43.04,2.582
1,1,1,54.36,1.618
3,3,2,12.41,16.37
1,1,2,11.01,0.519
1,3,1,23.6,0.69
3,1,2,39.48,27.702
1,1,4,46.1,0.54
1,1,1,7.87,0.628
1,2,5,61.36,1.408
3,1,1,9.85,12.952
3,3,1,8.74,21.839
1,1,3,23.65,0.683
2,1,1,25.47,3.714
2,1,1,33.9,2.712
1,2,1,32.9,1.095
1,3,1,34.82,1.464
2,3,1,17.03,3.16
1,1,3,71.64,1.2
1,2,1,19.09,1.318
1,3,1,14.85,0.501
1,2,2,63.82,3.642
1,1,2,31.85,0.545
1,3,2,28.07,0.777
1,1,2,22.44,0.925
3,1,1,47.09,15.322
1,1,2,31.22,1.04
1,3,3,9.18,0.887
1,3,1,6.08,0.718
1,3,3,28.29,0.443
2,1,2,29.23,4.973
1,1,1,47.89,0.701
2,1,5,12.88,1.693
1,1,1,37.62,0.975
2,1,2,11.9,3.047
2,2,4,17.81,4.298
1,3,4,33.09,0.733
2,1,4,12.86,2.16
2,1,1,26.89,4.787
3,1,1,23.88,12.33
3,2,3,13.36,23.946
2,2,3,16.94,2.885
1,1,5,12.18,0.471
1,3,1,15.62,1.214
2,1,1,44.0,4.716
3,2,5,28.02,19.168
1,2,2,25.29,0.646
1,3,4,31.1,0.555
1,1,2,22.34,0.424
1,1,3,21.6,0.832
1,1,1,59.0,0.887
1,2,1,19.21,0.955
2,1,1,20.25,3.506
1,2,3,23.11,0.921
2,1,2,68.74,8.718
1,1,1,50.43,0.712
2,3,1,16.13,3.96
1,1,1,18.68,0.77
1,1,2,26.88,0.474
2,1,4,52.3,2.917
2,2,1,19.6,4.928
1,2,2,35.54,1.753
1,1,2,17.43,0.725
3,1,5,5.09,7.526
1,1,3,12.11,0.617
1,2,3,15.28,1.005
3,1,1,10.5,24.399
2,2,2,41.61,6.047
1,1,4,12.19,0.552
2,1,2,28.86,2.286
1,3,2,37.81,0.667
2,2,1,49.55,8.373
2,1,3,6.65,2.579
1,1,3,64.98,1.655
3,2,1,20.02,39.522
2,1,1,70.9,10.522
1,1,3,17.17,0.623
2,2,2,9.24,5.55
2,1,2,39.24,3.986
1,2,2,50.51,1.838
1,1,2,10.42,0.67
1,2,2,20.77,1.235
3,1,4,9.3,11.734
1,2,2,13.1,0.762
1,2,2,56.38,3.877
1,1,4,17.57,0.688
1,2,1,50.9,3.369
1,1,1,54.62,0.88
1,2,1,37.31,1.367
1,3,1,12.37,0.97
2,1,3,31.97,2.668
1,1,3,27.57,0.528
1,3,1,33.41,1.15
1,1,2,35.83,0.431
2,1,2,45.01,3.288
1,1,1,13.86,1.152
1,1,2,49.87,1.528
2,2,2,61.48,13.55
1,1,1,25.58,0.921
1,3,1,9.57,0.671
1,1,5,53.03,0.387
2,2,1,12.99,4.147
1,1,2,10.51,0.458
2,2,1,24.19,6.393
3,1,3,49.83,25.859
2,3,2,11.25,4.854
1,3,2,32.77,0.707
2,1,2,31.78,2.713
1,1,4,5.27,0.332
1,1,1,31.93,0.736
1,2,2,43.5,1.391
1,3,1,26.1,0.905
3,3,1,21.32,25.64
2,2,4,55.12,6.47
2,2,4,6.88,3.793
2,1,2,18.7,3.979
2,1,2,53.32,3.356
2,1,5,24.45,1.29
1,1,5,48.34,0.663
1,2,1,10.76,1.179
1,1,3,14.18,0.365
2,2,4,17.21,3.503
2,1,1,32.46,3.655
3,3,2,17.63,23.709
2,2,1,15.31,5.683
1,1,3,27.01,0.716
1,3,2,15.69,0.83
1,2,1,35.23,1.27
2,3,2,36.38,4.17
1,2,1,28.15,1.215
1,1,3,13.07,0.471
1,2,1,14.85,0.881
2,2,2,23.53,4.645
1,3,1,22.58,0.964
2,1,1,44.74,6.479
1,1,3,18.26,0.424
1,1,1,42.09,1.998
2,1,2,32.11,3.171
1,1,5,19.42,0.492
2,2,1,21.87,6.487
2,1,2,9.8,2.662
1,1,1,29.55,0.574
2,1,1,37.32,2.985
2,1,1,39.38,2.233
1,1,3,45.04,0.513
1,1,2,8.88,0.479
1,1,1,37.8,0.78
1,2,2,37.8,0.845
1,1,3,3.26,0.55
2,1,1,53.1,4.075
3,1,2,29.36,18.649
1,1,1,9.2,0.831
2,1,1,2.06,2.963
2,1,2,15.97,2.876
2,2,2,18.33,3.905
2,2,2,37.38,5.815
1,1,2,10.35,0.518
1,2,1,48.33,1.301
1,1,1,57.9,1.583
1,1,1,25.87,0.903
1,2,2,35.99,1.704
1,2,1,53.14,2.711
1,1,1,23.3,0.419
1,1,4,19.81,0.427
1,2,2,32.62,0.94
1,1,1,19.04,0.609
1,2,1,78.52,1.963
1,1,3,47.03,0.57
2,2,3,46.14,8.901
2,3,3,38.99,5.214
3,3,1,37.09,35.995
3,1,4,34.97,15.163
2,1,1,3.69,3.866
2,1,1,11.96,4.124
1,1,1,46.09,0.696
1,3,3,50.47,0.933
3,2,2,47.25,35.552
3,2,4,29.76,19.486
1,3,2,36.13,1.681
1,2,3,16.59,0.681
1,3,1,31.85,0.95
1,2,2,9.32,1.072
1,1,1,12.91,0.552
1,1,1,1.05,0.499
1,3,1,12.21,0.731
2,2,1,19.87,11.474
2,1,3,44.71,2.39
2,2,2,9.52,4.258
1,1,4,4.07,0.36
1,1,1,34.2,0.696
2,1,1,23.62,2.494
1,2,1,43.45,1.31
3,2,2,23.94,26.202
1,3,2,0.43,0.688
1,2,4,37.02,1.103
1,2,2,32.08,1.746
1,2,1,30.09,0.884
1,1,2,12.85,0.449
1,3,1,32.0,0.829
1,3,1,29.76,0.931
1,1,3,63.83,1.142
2,3,5,40.09,1.738
1,1,2,13.02,0.525
2,2,1,7.17,6.99
2,1,2,11.48,2.68
1,3,2,15.34,1.17
1,3,2,21.43,0.722
1,3,5,21.39,0.502
1,1,1,66.92,0.8
2,1,1,37.04,5.336
3,2,1,45.88,66.863
1,3,1,9.99,0.739
1,1,1,15.39,0.793
2,1,1,11.72,4.728
1,1,2,54.14,1.002
1,3,1,41.0,1.276
1,3,3,28.06,1.058
1,3,1,22.47,0.692
1,2,1,71.78,1.779
3,3,3,39.81,26.084
2,3,2,56.26,6.473
1,3,2,65.57,1.264
3,1,4,17.43,9.209
1,1,5,27.47,0.308
1,2,2,26.66,0.752
3,1,2,3.73,12.838
2,1,3,9.02,3.526
2,2,1,45.4,7.878
1,3,4,5.37,0.502
1,1,1,18.69,0.648
3,1,4,36.1,16.906
1,2,4,12.84,0.971
2,1,1,10.05,2.596
2,1,2,43.9,4.01
1,1,1,21.23,0.699
2,2,1,44.77,10.473
3,1,1,30.6,19.097
2,2,3,26.22,7.734
1,2,1,26.18,0.746
1,1,2,14.18,0.543
1,1,5,6.45,0.337
1,1,2,43.31,0.818
3,1,2,56.26,19.896
3,1,4,25.54,12.402
1,1,1,49.49,0.689
2,2,1,36.69,8.534
3,1,2,27.63,14.815
2,2,2,37.4,5.578
1,3,2,20.38,0.972
1,2,1,26.02,0.789
1,1,2,18.33,0.624
3,1,3,4.52,8.782
1,3,3,2.89,0.669
1,3,3,37.74,0.862
2,1,2,31.75,2.591
2,3,2,42.27,2.98
3,2,1,20.74,19.381
2,1,2,32.14,3.446
1,2,1,17.09,0.782
3,1,2,21.32,11.564
2,2,4,26.42,3.303
2,3,3,53.28,4.51
1,2,1,4.47,1.211
1,2,1,25.9,1.888
1,3,1,52.79,0.838
2,3,2,15.31,3.894
1,2,2,39.7,2.595
1,1,4,51.68,0.549
3,3,1,12.14,22.931
2,2,1,16.16,5.656
2,2,1,19.74,8.279
2,3,1,66.15,7.301
1,1,5,63.39,0.974
1,1,2,29.97,0.631
2,1,2,32.38,3.064
2,3,3,20.49,3.222
1,2,1,17.23,1.269
1,1,1,36.82,0.92
1,3,2,37.63,0.821
1,3,2,32.64,0.731
1,3,2,26.64,0.804
1,3,1,35.64,1.017
1,3,1,20.17,1.633
1,2,5,58.83,1.126
2,2,3,17.83,4.623
1,3,1,19.22,1.242
1,3,1,17.62,1.042
1,1,1,5.82,0.694
2,1,1,33.7,3.642
1,1,1,18.05,0.85
3,1,4,7.7,10.596
1,1,3,17.67,0.537
2,2,2,1.53,6.308
1,2,1,41.34,1.73
2,1,5,31.96,1.953
2,1,2,42.09,2.743
1,1,2,30.05,0.458
1,1,2,77.09,1.06
1,2,4,32.85,0.784
1,3,1,35.53,0.71
3,3,1,58.07,23.815
1,1,1,48.05,1.512
2,2,5,19.08,2.783
1,1,3,57.36,1.01
1,2,1,18.32,1.034
2,1,3,6.64,1.959
1,1,1,15.87,0.919
1,2,1,55.47,1.832
1,2,2,33.12,1.042
1,2,1,36.63,1.144
3,1,1,62.3,38.623
1,1,2,17.99,0.405
1,2,5,49.09,1.391
1,2,1,51.81,1.497
1,1,1,9.47,0.651
1,2,1,21.81,1.246
1,3,4,26.37,0.9
1,1,2,44.02,1.217
1,1,1,11.79,0.359
2,2,5,37.57,4.398
1,2,1,38.43,1.655
2,1,3,14.43,2.726
1,2,2,30.25,0.93
1,1,1,10.93,0.688
3,1,1,11.37,15.48
1,1,2,6.71,0.761
1,1,1,63.72,1.26
1,1,2,32.38,1.0
1,3,3,23.77,0.658
1,2,2,25.63,1.068
1,2,2,31.54,1.203
1,1,4,11.72,0.459
1,2,2,47.02,1.571
1,3,3,34.73,0.615
1,1,3,41.57,0.546
2,1,5,45.6,5.388
2,3,2,48.65,5.36
1,1,1,19.4,0.512
1,3,4,64.03,0.909
2,1,2,19.35,2.329
1,3,2,27.61,0.71
3,1,2,19.07,8.639
2,2,3,21.48,3.48
1,1,1,21.25,0.981
2,3,2,39.7,7.756
1,1,2,25.83,0.785
1,2,1,19.18,0.913
3,2,4,30.71,22.443
2,1,2,39.92,4.311
1,1,1,2.11,0.71
2,3,2,11.06,4.709
1,2,1,5.78,0.706
2,1,2,37.22,1.801
3,3,1,18.36,14.91
2,2,4,26.01,5.965
1,1,4,42.84,0.655
1,3,1,10.39,1.035
2,1,2,15.34,3.865
1,2,1,31.01,1.696
3,1,2,51.46,22.867
1,3,1,28.49,0.728
1,1,1,73.33,1.341
1,2,3,35.13,0.582
1,2,1,30.7,0.625
1,2,1,30.1,0.753
1,1,4,34.01,0.39
3,1,5,6.12,7.936
1,1,1,10.63,0.697
2,1,2,54.36,2.93
1,2,2,28.87,1.397
2,1,1,15.25,3.3
1,1,1,10.26,0.776
2,1,4,39.98,4.559
1,1,1,27.45,0.934
1,1,4,38.46,0.415
1,2,1,42.89,2.332
1,3,3,12.24,0.585
1,1,2,34.77,0.675
1,1,1,21.41,0.614
1,1,2,41.26,0.689
2,1,3,26.66,3.894
1,1,4,35.51,0.41
2,1,1,25.42,3.506
1,1,1,79.73,1.825
2,3,4,4.53,3.069
3,1,1,31.61,20.912
1,1,1,34.04,0.677
1,1,1,18.4,0.759
2,3,3,34.07,4.512
1,2,2,18.1,1.17
1,1,4,16.76,0.281
1,1,3,20.04,0.469
1,2,1,49.02,2.379
2,2,2,23.33,6.701
1,2,1,28.16,1.143
1,1,2,53.07,0.764
1,3,1,38.08,1.416
1,2,1,46.03,2.811
2,2,1,32.19,5.317
2,1,5,15.38,2.026
2,1,2,40.54,3.114
1,1,2,30.39,0.597
1,1,4,24.89,0.3
1,1,4,30.5,0.504
1,2,1,33.09,2.024
2,2,2,40.36,4.326
2,2,3,18.54,4.186
2,2,1,49.16,10.251
1,3,1,32.03,0.828
3,1,1,22.82,14.458
3,2,2,9.18,22.585
1,3,3,15.23,0.617
1,1,2,42.7,0.946
2,1,1,23.9,3.053
1,2,4,44.44,0.9
1,2,3,6.57,0.966
1,3,2,10.43,0.862
1,2,5,22.83,0.716
2,2,1,16.57,4.949
2,3,2,38.59,5.457
3,2,1,26.76,19.332
1,1,1,44.85,0.52
2,1,1,26.26,2.762
1,1,2,18.78,1.0
1,1,5,41.77,0.319
3,1,2,21.17,12.809
2,2,1,29.62,9.171
2,3,1,8.72,3.82
1,2,4,54.01,0.814
1,3,2,8.61,0.637
2,3,2,28.05,8.218
1,2,2,14.39,0.915
1,1,1,30.65,1.079
2,1,4,33.57,2.554
1,1,3,21.58,0.472
1,1,1,15.13,0.667
1,1,1,21.46,1.056
1,3,2,25.83,0.89
1,3,3,38.11,0.698
1,2,4,57.49,1.548
1,2,3,48.41,0.935
1,3,1,28.87,0.926
1,3,1,14.15,0.677
2,3,2,53.62,6.347
1,2,3,47.13,1.885
2,1,1,24.36,4.204
2,1,2,41.91,2.755
1,1,1,28.81,0.726
1,1,1,12.49,0.684
3,1,4,14.97,11.664
1,2,1,33.35,1.397
1,2,3,10.17,1.0
1,1,3,41.1,0.776
2,2,2,8.21,6.424
1,1,1,10.69,0.567
1,1,4,21.45,0.463
1,1,2,53.1,0.601
2,2,4,14.37,3.115
1,2,1,15.13,1.275
3,1,2,13.07,16.165
2,1,2,24.71,3.552
1,1,1,17.37,0.664
1,2,1,16.83,0.871
3,2,1,13.29,38.995
1,1,2,29.98,0.841
1,3,1,7.86,0.609
1,2,3,6.12,0.965
1,2,1,15.13,2.08
1,2,1,16.57,1.188
2,3,4,25.49,3.804
2,1,1,34.69,4.387
1,1,2,17.66,0.561
1,2,1,37.75,1.304
1,2,1,22.24,1.299
2,3,5,9.42,2.222
1,1,1,11.56,0.676
3,1,2,45.46,18.669
2,1,4,23.32,2.14
2,2,1,25.81,9.938
1,1,5,7.03,0.274
1,3,2,55.93,1.789
1,1,1,14.31,0.838
2,1,4,52.91,7.385
3,2,1,14.83,28.155
3,1,1,27.95,19.008
1,2,2,8.05,1.278
2,3,1,18.95,3.715
1,1,1,16.89,0.574
1,1,2,13.05,0.569
2,2,1,26.43,6.702
3,3,3,24.82,18.36
2,1,2,41.13,2.074
2,1,4,22.56,2.635
1,1,1,50.99,0.723
2,1,1,27.29,1.695
2,1,4,11.9,2.112
1,2,1,10.41,1.062
1,3,2,49.21,0.904
1,2,4,19.3,0.731
1,1,2,44.33,0.793
2,1,1,13.14,4.238
3,2,4,12.36,21.338
2,3,2,50.06,9.181
1,2,3,18.57,1.062
1,1,1,3.47,0.556
1,3,2,65.15,1.435
2,3,4,64.41,6.181
1,2,1,29.31,1.039
1,3,2,44.58,1.043
2,3,1,30.12,3.876
1,2,2,28.99,1.737
2,1,2,4.62,2.315
2,2,2,20.83,6.205
2,1,1,7.59,4.84
3,1,1,1.91,11.768
2,1,2,24.97,3.404
1,3,5,22.67,0.567
1,1,2,45.24,0.711
1,2,1,13.13,1.55
1,3,1,25.53,0.965
2,1,3,38.36,2.866
1,2,1,52.14,0.778
1,2,1,13.47,0.843
2,2,2,15.61,4.204
1,3,4,42.87,0.447
1,2,2,13.24,0.877
2,1,1,34.69,3.649
1,2,2,20.81,1.485
1,1,4,42.94,0.818
1,3,4,21.44,0.941
2,3,3,25.13,2.914
2,1,4,19.45,1.482
2,1,3,29.84,3.588
1,1,2,30.38,0.91
2,3,5,25.9,1.743
1,1,2,30.42,1.361
1,1,2,17.71,0.739
1,1,1,40.64,0.806
1,1,4,20.65,0.291
1,2,1,8.94,1.885
1,1,1,19.13,0.782
1,1,2,25.66,0.651
1,3,1,31.0,0.81
2,1,2,29.36,1.928
1,1,2,49.33,0.705
2,1,4,10.29,1.98
1,2,1,1.76,0.622
1,3,1,23.03,1.386
3,1,3,39.27,16.984
1,3,3,21.18,1.125
2,1,3,10.88,3.627
2,3,3,35.18,5.669
1,1,1,8.27,0.585
2,1,4,62.64,2.607
2,2,3,58.78,7.709
2,1,2,28.03,3.735
1,1,1,21.72,0.787
1,1,1,43.75,0.53
1,1,2,5.6,0.434
1,2,1,23.86,0.854
1,3,2,20.26,0.925
2,1,1,22.71,2.821
1,1,1,28.17,0.9
2,2,1,21.62,8.79
3,1,1,6.15,13.499
1,2,3,13.66,0.686
1,1,1,54.52,1.056
1,2,2,34.77,1.582
1,2,1,10.89,1.377
1,2,2,19.4,0.943
3,1,1,31.4,20.908
1,1,2,59.5,1.045
1,2,1,7.36,1.407
1,1,1,20.78,0.527
1,1,3,8.83,0.608
2,1,1,10.36,2.108
2,1,2,28.61,3.973
1,1,2,18.98,1.182
1,1,2,51.81,2.52
2,1,4,38.77,2.6
2,1,1,32.25,6.145
1,2,2,22.81,1.682
1,2,5,20.93,0.971
1,3,4,47.23,0.799
1,3,4,14.99,0.491
1,2,5,5.99,0.817
2,1,3,13.71,2.496
1,3,1,2.2,0.851
2,1,1,45.07,2.574
2,1,2,17.29,2.796
2,1,2,44.72,3.125
1,1,1,31.69,0.769
1,1,3,17.33,0.348
2,3,2,60.6,6.866
2,1,1,26.06,4.299
1,1,2,6.05,0.401
2,1,1,5.13,3.082
3,1,1,21.07,15.126
2,2,3,29.78,3.749
1,1,1,51.74,0.936
2,1,2,18.2,3.112
1,2,1,57.27,0.92
1,1,2,23.31,0.695
1,1,2,64.84,0.66
2,3,1,14.92,4.08
1,1,1,56.52,1.491
1,3,1,5.21,0.903
1,3,1,23.65,0.579
1,3,3,55.63,1.319
1,1,2,37.33,0.749
1,2,3,9.71,1.154
1,1,1,24.14,0.86
1,1,1,18.95,0.792
1,2,1,37.91,1.388
2,1,1,44.36,4.874
1,2,5,18.34,0.783
2,2,2,41.57,7.558
1,1,2,26.24,0.689
1,2,1,10.55,1.585
1,1,2,15.77,0.665
1,1,1,37.93,0.865
1,2,2,43.05,0.934
2,2,1,5.15,6.909
1,1,1,31.46,0.795
1,1,2,72.21,1.578
1,1,1,16.52,0.737
1,1,5,13.03,0.298
1,2,1,18.88,1.26
1,2,2,9.39,1.072
1,1,2,26.23,0.718
2,3,2,32.74,3.548
1,1,1,77.9,3.017
1,1,2,12.06,0.658
2,3,4,37.7,4.655
1,1,2,9.03,0.647
2,1,5,51.92,2.379
2,1,2,33.68,4.972
1,1,1,47.12,0.897
1,1,3,8.83,0.477
1,3,5,25.72,0.564
2,2,1,50.99,8.93
1,1,1,11.07,0.635
2,2,1,45.32,5.848
1,1,1,24.71,0.599
2,1,1,24.0,3.715
3,3,1,28.12,19.947
1,1,3,35.57,0.723
1,3,3,28.61,0.827
1,1,4,46.11,0.577
1,3,2,27.34,0.844
1,1,1,42.4,0.89
1,1,2,4.94,0.533
2,2,1,39.94,7.447
3,1,1,31.72,15.245
2,1,2,17.39,2.825
2,1,4,17.65,2.308
1,1,2,36.58,0.614
1,1,2,3.92,0.605
2,2,4,26.62,4.156
2,1,2,17.53,3.251
2,1,2,37.2,5.032
1,2,3,11.9,0.749
1,3,1,30.77,0.618
1,1,5,9.95,0.275
1,1,4,6.89,0.597
1,1,1,47.05,0.999
1,1,2,17.62,0.507
1,1,1,8.05,0.677
1,1,1,27.08,0.638
1,3,1,52.29,0.964
3,1,1,29.38,21.292
2,1,2,30.84,3.352
1,1,2,27.59,0.616
2,3,1,15.72,3.764
1,3,1,15.06,0.566
3,2,1,33.99,26.795
2,2,5,12.14,4.147
1,2,2,15.39,1.116
1,3,2,23.44,0.519
3,1,2,43.53,18.672
3,2,1,16.03,25.006
1,3,1,32.62,1.5
1,1,2,19.16,0.354
1,1,1,11.44,0.934
2,2,1,9.57,4.807
1,1,3,21.62,0.7
1,1,2,32.54,0.525
1,1,1,32.2,0.985
1,3,2,57.72,1.121
1,2,2,24.24,1.145
2,2,1,60.57,16.059
3,1,2,51.43,14.044
1,2,1,11.57,0.818
2,3,2,32.01,3.43
2,1,2,27.28,3.109
1,2,4,26.59,0.795
1,1,1,17.23,0.634
1,2,3,38.82,1.351
3,2,1,22.74,30.328
2,2,1,25.17,7.109
1,1,2,42.18,0.929
1,3,2,32.62,0.893
1,1,4,17.27,0.312
1,3,3,6.84,0.627
2,1,3,29.91,2.192
2,1,5,36.81,1.276
1,1,1,30.55,0.712
1,1,2,13.04,0.508
1,1,2,27.59,0.551
1,3,2,41.79,1.286
1,2,1,29.35,1.337
1,2,1,22.21,0.714
2,1,1,53.14,7.142
1,3,4,9.39,0.631
2,1,5,56.41,4.488
3,2,1,26.58,25.436
1,3,2,23.6,1.017
2,1,1,17.62,2.139
1,1,1,12.57,0.814
1,3,1,16.97,0.98
1,1,2,43.72,1.43
1,1,1,34.61,0.896
2,3,1,26.52,6.838
2,1,2,46.49,5.337
2,2,2,47.01,13.884
1,2,3,55.49,1.645
2,1,1,37.28,3.224
2,1,1,31.54,4.833
2,2,1,12.03,5.666
2,1,5,37.25,2.211
1,2,3,35.08,1.776
1,3,3,31.11,0.688
1,1,3,37.23,0.501
1,1,1,3.45,0.68
2,2,3,32.58,3.211
3,2,3,73.07,50.287
3,2,4,20.0,18.771
1,1,1,17.11,0.655
1,3,1,18.34,0.845
1,2,1,51.57,3.287
2,2,3,51.86,7.896
2,1,1,23.68,2.573
2,1,1,67.86,6.279
3,2,1,27.96,18.865
1,1,2,1.76,0.734
1,1,2,37.7,1.134
2,1,2,18.28,2.249
1,3,2,41.16,0.844
1,2,1,11.42,0.897
1,3,2,42.88,1.127
1,1,1,10.21,0.896
3,1,2,36.43,19.514
1,2,4,32.54,0.842
1,3,2,13.25,1.001
3,2,1,12.56,20.425
1,1,1,36.58,0.637
2,2,3,66.64,13.24
3,1,4,35.01,9.138
1,1,2,40.37,0.481
1,3,2,8.07,0.589
1,2,4,5.33,0.645
1,1,1,14.15,0.876
1,3,1,24.98,0.856
1,3,1,30.96,0.713
1,2,4,35.21,0.43
2,3,1,20.86,4.574
1,1,3,32.14,0.671
1,3,2,21.05,1.283
1,2,1,38.2,1.387
2,3,4,11.36,3.563
1,3,1,45.31,1.217
1,1,2,23.56,0.503
3,3,2,36.36,24.962
2,2,2,19.72,5.715
2,2,4,59.62,10.638
2,2,2,43.83,7.894
1,3,3,33.6,0.454
1,2,1,28.04,1.454
1,2,5,10.65,0.487
2,3,4,43.0,3.298
3,3,1,21.39,18.146
2,2,2,18.85,5.847
1,2,1,39.1,0.819
2,1,2,20.56,2.882
2,2,2,43.91,10.37
1,3,2,3.6,0.969
1,1,1,40.05,0.691
1,3,1,14.25,0.822
1,2,1,12.25,0.889
2,1,4,21.47,2.721
1,3,4,20.81,0.736
2,1,4,51.27,3.66
1,1,1,13.08,0.594
1,1,3,48.18,0.428
2,1,3,26.77,2.506
1,2,1,29.93,1.276
2,2,2,29.72,6.034
2,3,2,26.49,3.479
2,2,1,28.59,7.771
1,1,1,5.18,0.533
2,3,3,43.21,6.204
1,3,4,21.91,0.713
2,2,1,17.03,7.217
1,3,4,30.2,0.927
1,2,4,22.99,0.972
1,1,2,13.1,0.67
2,2,1,52.65,9.547
1,1,2,39.45,0.753
2,2,2,56.05,13.221
2,1,2,14.86,2.716
1,1,1,40.42,1.182
1,1,1,62.42,1.745
2,2,1,20.35,6.309
1,1,1,23.04,0.749
1,1,1,84.36,2.504
2,1,2,53.06,3.652
1,1,4,38.05,0.3
2,1,1,16.08,4.037
2,1,2,59.7,6.163
1,2,4,37.19,0.757
1,3,5,51.55,0.671
1,1,1,15.4,0.651
1,2,2,11.71,1.256
1,2,1,53.69,2.017
3,2,3,2.37,22.719
1,2,5,3.76,1.037
1,1,2,38.6,1.114
2,1,1,20.01,3.874
1,2,1,39.25,1.611
1,1,1,6.0,0.811
3,1,1,25.5,14.646
2,2,2,70.45,7.607
1,2,2,42.37,1.68
1,1,1,14.75,0.783
1,1,3,33.48,0.608
1,3,2,15.7,0.421
1,1,1,3.31,0.687
1,1,1,12.74,0.554
2,2,1,54.26,14.763
1,3,4,72.07,1.029
2,2,1,45.84,5.203
1,2,2,12.86,0.961
1,3,2,33.46,0.759
1,1,1,58.33,1.936
1,2,2,18.33,0.972
2,1,1,44.07,5.578
1,2,3,52.9,1.956
2,2,1,22.36,10.446
2,3,2,44.76,2.242
1,2,2,65.87,1.891
1,2,1,7.58,1.396
3,1,1,40.23,14.518
1,1,2,22.16,0.664
1,1,1,56.46,1.272
2,1,2,26.95,3.415
1,2,3,37.63,1.37
2,1,1,36.0,10.053
1,1,1,50.46,0.917
2,2,1,4.81,6.686
1,1,2,47.51,1.139
1,2,3,40.48,1.556
2,2,1,13.13,6.999
1,1,2,20.12,0.679
1,1,3,21.81,0.552
2,2,2,12.52,2.999
1,1,2,11.33,0.49
1,1,3,48.38,0.833
2,2,2,6.62,2.536
3,2,5,28.17,18.502
1,3,1,8.59,0.862
2,2,1,46.11,7.524
2,1,1,11.75,2.777
1,2,1,31.4,1.335
2,1,4,27.74,3.193
1,1,4,6.1,0.35
2,1,2,42.55,5.426
2,1,1,56.95,6.089
1,2,2,33.58,1.436
1,2,2,17.74,0.945
1,2,1,20.26,1.095
1,1,1,43.63,0.609
3,1,1,27.09,14.54
2,2,1,8.64,4.437
2,1,1,43.19,3.854
1,1,1,25.85,0.741
1,1,2,10.75,0.775
2,1,3,40.7,3.268
1,2,1,9.18,1.568
1,1,4,36.37,0.519
1,3,2,18.01,0.588
3,2,1,22.51,37.146
2,1,3,16.99,4.371
1,1,4,20.08,0.645
3,1,2,19.91,15.037
2,3,2,27.12,6.912
2,1,2,50.15,3.232
1,3,2,81.81,1.384
1,3,1,50.41,1.178
1,1,2,26.41,0.692
2,3,4,21.49,2.96
1,1,1,59.64,0.762
1,1,1,30.16,0.596
1,3,1,17.43,1.175
1,2,3,7.71,0.653
2,2,4,18.73,2.502
1,1,1,62.92,2.11
2,2,1,18.82,6.87
3,2,4,24.03,25.466
2,1,4,25.68,1.645
1,3,2,49.03,1.136
2,3,2,19.36,5.556
2,1,2,4.28,2.47
2,2,1,25.12,7.068
1,1,2,47.38,0.979
1,2,2,46.55,1.194
1,2,4,15.51,0.829
1,1,2,18.12,0.59
2,1,3,24.49,2.589
1,2,4,66.31,1.527
2,2,1,12.77,3.836
2,1,1,26.24,4.994
1,1,1,45.18,1.154
1,1,2,19.7,0.439
1,2,2,19.81,1.179
1,1,3,1.63,0.51
3,1,1,15.27,19.214
1,1,3,21.06,0.501
1,3,4,49.44,1.746
1,1,4,18.87,0.474
2,1,1,3.21,2.809
2,1,3,24.83,3.4
3,1,2,30.26,9.684
1,2,4,40.56,0.802
1,1,2,27.45,0.419
2,2,2,34.32,6.774
1,2,2,28.93,0.938
1,3,3,16.64,0.783
3,1,1,21.66,11.274
1,1,3,51.81,0.901
1,1,3,2.43,0.651
3,1,4,34.97,10.646
1,2,1,11.32,0.817
1,1,2,68.58,1.548
1,1,3,39.62,0.521
1,2,1,23.12,0.869
1,1,1,3.59,0.478
2,2,2,14.23,4.372
3,2,3,30.6,30.416
2,1,2,16.77,2.338
3,1,1,16.3,24.512
1,1,2,4.06,0.59
1,2,2,9.67,1.407
1,2,2,17.81,0.95
1,1,3,23.68,0.514
1,1,1,36.23,0.639
1,2,2,21.38,1.141
3,1,2,3.52,14.686
1,2,3,12.09,0.778
2,1,2,12.65,3.773
1,1,5,14.93,0.278
1,1,2,16.76,0.798
2,1,2,21.72,2.12
1,2,1,11.7,1.081
1,3,2,4.94,0.852
1,2,3,36.44,2.034
2,1,5,19.96,1.742
1,2,1,19.92,1.195
1,1,1,10.63,0.83
1,2,2,6.8,1.096
1,1,2,61.5,1.319
2,2,1,15.19,5.904
1,3,1,22.94,1.296
1,2,2,20.94,1.379
2,1,3,10.24,2.14
2,3,3,26.83,3.646
1,1,2,30.32,0.804
1,1,1,29.04,0.497
2,1,1,3.28,3.011
1,3,2,44.51,1.926
1,1,1,30.68,0.612
2,3,1,4.52,4.165
1,2,1,26.14,1.691
1,3,2,52.33,0.956
1,1,2,48.32,0.548
1,1,3,22.39,0.512
1,1,1,11.6,0.676
1,3,1,70.4,1.203
1,1,2,4.66,0.612
1,1,3,18.92,0.434
1,2,2,37.05,2.235
1,1,2,26.25,0.661
2,2,1,18.28,5.551
2,2,1,30.41,5.443
1,1,3,34.31,1.151
1,1,1,27.04,0.73
1,2,3,47.14,0.922
3,1,1,19.35,18.117
1,2,4,6.73,0.567
1,2,2,59.93,1.908
2,2,1,70.46,15.246
2,1,1,4.41,4.512
3,1,2,25.45,13.743
1,2,2,24.96,1.726
3,2,2,34.47,48.95
1,1,2,7.38,0.412
2,1,2,7.54,3.249
1,2,1,20.23,1.079
3,2,1,10.04,30.807
2,3,1,11.96,5.276
2,2,1,15.42,7.657
2,1,5,29.45,1.998
1,2,2,40.17,1.427
1,2,3,26.19,0.931
1,1,2,42.11,0.63
2,1,1,10.44,3.717
1,2,2,31.09,1.203
1,2,1,18.14,0.872
1,2,1,16.7,2.151
2,1,2,9.69,2.203
1,2,1,13.49,1.167
1,1,4,23.94,0.486
1,2,1,16.97,1.51
1,1,2,13.25,0.61
1,1,4,12.2,0.357
1,1,1,25.68,0.594
2,1,1,27.24,2.689
1,1,4,13.15,0.465
3,2,1,23.85,18.448
1,1,4,11.47,0.302
1,1,1,25.8,0.769
3,3,1,22.49,16.543
2,1,2,12.49,2.556
1,1,1,25.64,0.544
1,2,1,17.09,1.331
1,1,1,46.65,1.677
1,1,2,24.71,0.855
1,2,2,10.71,0.832
1,2,5,67.84,1.247
1,2,3,13.57,0.899
1,1,3,19.49,0.361
2,2,1,23.97,5.559
1,1,1,9.91,0.943
3,2,2,43.26,41.768
1,2,2,15.92,0.973
3,1,3,42.71,12.372
2,2,3,23.79,4.031
1,2,2,3.31,0.86
1,2,1,55.99,1.856
1,2,1,16.05,0.77
2,2,2,27.99,7.214
1,2,1,24.09,1.197
2,2,3,4.75,3.951
2,1,5,36.64,1.965
1,2,1,12.85,1.938
2,3,1,51.42,7.331
2,1,4,18.37,1.996
2,1,4,7.89,2.548
1,2,1,30.09,1.303
1,1,1,16.92,0.542
1,1,1,15.12,0.624
1,3,1,20.26,0.951
1,1,1,46.17,0.87
3,1,4,41.61,10.088
1,2,1,4.13,0.922
1,3,1,43.29,1.633
1,1,1,26.59,0.68
3,1,2,29.48,14.679
1,3,2,21.76,0.805
1,1,3,54.0,0.888
1,1,2,25.53,0.249
1,1,1,11.65,0.85
1,3,2,11.97,0.815
1,3,2,23.17,0.556
1,1,4,28.94,0.276
1,3,1,32.74,0.991
1,1,2,25.5,0.821
2,1,2,16.89,4.319
1,1,3,24.23,0.645
3,2,2,16.76,30.834
1,1,2,5.5,0.478
1,1,2,21.47,0.645
2,1,2,20.35,3.7
1,2,2,24.9,1.249
1,1,1,46.98,0.967
1,2,1,7.63,1.116
3,1,2,38.7,21.849
1,1,1,31.53,0.673
1,1,2,28.21,0.772
1,3,1,50.24,1.35
1,2,1,37.99,1.939
1,2,5,12.3,0.778
2,1,1,52.39,5.77
3,1,4,64.62,21.987
3,1,3,21.8,12.063
1,1,3,31.71,0.796
1,1,2,28.91,0.429
1,1,3,9.64,0.582
1,2,3,50.25,0.849
1,3,1,59.63,1.469
1,1,1,19.8,1.08
1,1,2,10.12,0.349
2,2,4,44.83,5.775
2,3,1,13.94,5.145
3,3,2,27.13,21.774
1,1,1,13.41,0.892
2,1,2,13.43,2.25
1,1,2,23.93,0.658
1,3,2,48.92,1.267
1,1,1,21.98,0.729
1,2,2,16.25,1.087
1,1,1,62.51,2.235
2,1,2,25.52,3.198
1,2,4,25.47,1.069
3,2,2,13.31,17.182
1,1,1,40.75,1.377
2,1,2,21.16,2.254
3,1,2,29.36,16.123
1,3,3,31.59,0.563
2,3,3,57.64,11.012
2,1,3,17.33,2.04
1,2,2,21.05,1.849
2,2,1,25.38,8.533
2,3,3,45.41,3.785
1,2,1,30.98,2.671
1,1,3,51.09,1.323
1,3,4,19.09,0.644
1,1,1,14.91,0.706
3,1,1,8.51,18.011
3,1,1,64.5,41.918
2,3,3,53.94,5.331
1,2,1,28.92,1.476
1,2,2,37.67,2.051
1,1,2,43.52,0.964
1,2,2,34.58,1.78
2,1,3,8.01,3.358
1,1,1,23.35,0.485
1,3,1,19.6,1.064
1,2,3,25.81,1.067
3,3,1,11.96,21.709
1,1,1,40.98,0.97
1,2,4,44.51,0.866
1,1,1,29.63,0.857
1,1,1,14.48,0.528
1,1,1,8.62,0.603
2,1,2,19.94,2.907
1,3,1,30.45,0.858
1,2,4,36.47,0.701
3,3,1,18.35,22.3
2,1,2,46.85,6.895
2,2,2,7.66,9.079
1,1,2,13.85,0.545
3,1,4,23.45,6.881
2,3,4,44.6,2.691
1,1,2,38.37,0.549
1,3,1,4.81,1.187
1,3,1,12.31,0.583
2,1,3,20.43,2.615
1,3,2,33.69,1.687
2,2,4,23.83,3.463
2,2,1,21.5,6.195
2,3,3,36.66,4.912
1,2,2,17.14,1.063
3,3,1,25.87,21.539
1,3,2,45.7,1.491
2,1,1,24.38,2.174
1,2,1,57.5,2.509
1,1,2,12.69,0.709
1,1,2,31.75,1.02
2,1,2,33.29,3.148
2,1,2,10.33,2.58
1,2,4,28.89,0.746
1,1,1,12.33,0.916
2,1,1,11.97,4.436
1,3,2,40.68,0.775
1,3,3,3.63,0.715
2,2,1,45.59,10.895
1,3,1,39.39,1.903
1,1,2,39.66,0.903
1,1,2,4.56,0.682
1,1,4,41.24,0.569
2,1,5,29.08,1.667
1,1,2,19.51,0.735
1,2,1,7.98,1.505
1,2,2,56.66,1.774
1,2,4,28.77,0.759
1,1,2,35.74,0.829
1,2,1,33.34,1.514
2,3,1,33.28,4.465
1,3,1,12.48,0.643
3,1,2,17.83,10.536
3,1,2,20.16,16.035
1,3,1,10.3,1.005
2,1,1,21.42,3.119
2,1,1,32.63,4.47
1,1,1,40.69,0.638
1,2,5,40.73,1.611
3,1,1,15.2,15.063
1,1,2,23.41,0.401
1,1,4,55.47,0.643
1,2,2,45.15,1.076
1,2,3,23.55,0.773
1,3,2,42.32,1.264
3,1,1,23.08,19.247
1,2,4,14.9,0.812
1,1,1,45.04,1.151
1,2,1,27.9,0.963
2,1,1,53.41,4.68
1,1,5,7.01,0.516
1,1,3,15.54,0.488
2,3,2,29.75,4.417
3,1,2,11.71,15.011
1,3,1,7.42,1.074
2,2,3,15.01,3.315
1,2,4,26.84,0.787
1,2,1,11.84,1.427
1,1,1,13.42,0.92
1,2,5,17.18,0.894
2,1,5,40.38,1.903
1,2,3,59.46,1.084
2,1,1,11.72,4.058
1,3,3,36.89,0.615
1,1,1,19.12,0.704
3,3,2,15.27,24.814
2,1,1,18.91,4.146
1,1,1,53.97,0.784
1,3,3,37.84,0.763
1,3,2,24.05,1.016
3,1,1,11.01,17.371
1,1,1,13.64,0.533
1,1,2,31.9,0.665
2,3,1,39.04,4.1
3,1,1,57.4,17.335
1,2,2,19.12,1.274
2,1,4,59.0,7.379
1,1,1,29.58,0.633
2,2,4,10.01,3.964
1,1,1,50.46,0.638
2,1,4,10.1,2.422
2,3,1,17.17,4.153
3,1,2,23.13,17.539
1,1,1,25.52,0.424
2,1,2,12.3,2.41
1,1,5,53.73,0.596
1,1,1,31.56,0.812
1,1,2,35.15,0.872
2,1,4,28.86,2.366
1,3,2,7.6,0.675
2,1,2,33.76,2.868
2,2,5,48.79,4.575
2,1,1,20.43,3.634
1,1,1,12.73,0.54
2,2,2,6.23,4.181
1,1,1,33.92,0.566
2,1,2,41.97,5.186
1,3,1,19.89,0.924
2,1,1,56.3,9.261
2,2,3,15.75,4.066
1,2,4,20.49,1.288
1,1,1,43.14,0.864
1,1,1,14.33,0.812
2,3,2,48.2,3.689
3,1,1,50.0,24.635
1,1,3,43.04,0.962
3,1,1,21.26,8.575
1,1,1,5.79,0.869
3,1,2,23.48,27.156
3,3,1,21.77,18.096
1,1,1,37.5,0.547
3,2,2,16.61,18.53
1,1,2,35.71,0.904
1,2,1,38.42,1.042
2,2,1,25.86,4.889
1,2,3,48.01,1.03
1,3,3,12.98,0.591
1,1,1,21.27,0.725
2,1,1,25.36,2.685
2,3,1,18.26,5.918
2,1,1,7.29,2.781
2,1,4,43.59,2.379
2,1,3,27.26,2.732
2,1,2,30.76,3.09
3,1,3,36.2,25.094
1,1,1,62.19,1.292
2,1,4,36.6,2.428
1,1,1,19.2,0.68
1,3,3,12.82,0.608
1,2,2,26.75,1.443
1,1,1,11.5,0.509
3,3,3,23.14,12.598
1,2,1,19.3,0.903
3,1,4,11.39,10.729
1,2,2,3.13,1.079
2,3,2,9.9,3.691
1,1,1,31.74,0.633
3,3,3,19.27,11.191
1,1,1,27.88,0.658
2,1,1,34.25,3.317
3,1,4,14.11,9.634
2,1,4,33.18,2.817
2,1,3,53.47,5.52
1,3,1,11.37,1.03
1,2,1,33.36,1.419
1,3,3,30.53,1.038
1,2,1,61.42,2.062
1,3,3,30.87,0.756
2,1,2,12.25,2.988
3,3,2,51.66,21.12
2,3,2,32.16,2.366
2,2,2,36.81,7.013
1,2,3,60.65,1.876
1,2,1,44.13,2.031
2,1,1,37.36,5.324
1,1,1,19.68,0.533
1,3,3,30.57,0.722
3,1,2,57.08,27.117
1,1,1,13.43,0.797
1,2,3,61.36,1.788
1,1,3,69.15,0.667
2,3,2,19.03,4.424
1,2,1,6.57,1.187
2,3,1,59.8,8.898
1,2,4,14.67,1.193
2,2,1,11.11,6.841
2,1,4,7.42,1.749
1,1,3,27.45,0.478
2,1,2,28.57,1.941
1,2,1,33.58,1.537
1,2,2,37.89,1.4
1,1,1,18.24,0.578
1,2,1,29.86,1.264
3,1,3,40.72,23.034
2,2,1,32.6,6.649
2,3,2,33.39,6.3
1,1,1,26.6,0.63
2,2,1,8.86,5.555
2,1,1,38.7,3.178
1,2,2,18.06,1.101
2,2,1,13.52,5.915
2,1,1,4.01,2.059
3,1,1,34.44,27.953
3,2,2,45.38,56.848
1,2,2,38.87,1.272
2,2,1,35.85,5.516
3,1,1,32.1,13.057
2,2,4,28.4,6.077
1,1,1,6.56,0.552
1,3,2,21.24,0.438
1,2,4,10.92,0.57
1,2,2,28.32,1.744
3,1,5,15.37,8.304
3,1,4,16.56,13.435
3,1,2,20.05,18.01
1,2,3,44.92,1.008
2,2,1,20.37,5.682
1,1,2,41.31,0.571
1,1,2,12.97,0.525
1,2,1,11.84,1.067
3,1,2,61.51,35.771
2,2,4,33.0,5.271
2,1,1,11.84,3.52
1,1,2,16.67,0.628
1,3,2,27.34,0.746
1,1,2,31.07,0.476
2,1,1,19.51,3.458
2,2,1,8.26,4.086
1,1,2,38.01,0.381
1,1,1,26.02,0.874
2,2,1,16.1,6.705
1,1,1,25.02,0.858
1,3,2,25.95,0.529
2,3,2,47.38,4.508
2,3,2,41.08,5.259
2,2,1,71.75,12.533
1,2,2,20.44,0.827
2,2,1,20.77,9.902
1,2,2,47.45,1.291
2,3,4,29.26,2.581
1,1,2,48.6,0.688
1,1,1,16.97,0.672
1,2,4,58.47,2.269
1,1,2,47.44,0.889
1,3,1,23.15,0.775
1,1,3,40.33,0.427
2,2,1,26.73,6.806
1,2,3,27.2,0.811
1,1,5,30.7,0.257
2,2,4,24.12,5.42
2,3,5,0.9,3.29
1,3,3,10.8,1.037
1,1,1,16.88,0.82
1,1,1,32.66,1.158
1,1,3,44.02,0.621
1,1,1,38.73,1.038
2,1,1,70.01,10.072
1,1,2,46.08,0.624
1,1,2,13.25,0.61
2,1,2,25.79,3.085
1,3,1,30.36,1.017
3,2,3,21.11,30.875
1,1,5,41.45,0.356
1,1,4,49.1,0.955
1,1,1,16.13,0.624
1,2,4,45.73,1.233
1,1,1,33.01,1.019
3,2,1,10.22,20.604
1,1,1,54.13,0.718
1,2,1,27.04,1.85
2,1,2,23.0,1.809
1,2,1,8.13,1.587
1,1,1,42.9,1.185
3,1,2,23.7,12.758
1,1,2,12.4,0.445
1,2,1,23.78,1.241
3,2,1,31.65,21.633
1,1,1,29.51,0.68
2,2,2,26.64,6.393
1,1,1,21.74,0.866
1,1,4,31.23,0.413
1,1,5,21.39,0.433
2,2,1,25.81,5.46
1,2,1,63.43,3.75
1,3,1,62.99,2.191
1,1,2,33.79,0.826
1,3,4,49.93,1.215
1,1,1,38.37,1.233
3,2,1,23.01,27.676
2,1,1,19.07,3.565
1,2,2,43.8,2.211
1,1,1,36.85,0.558
1,1,1,53.21,1.388
1,2,4,26.85,1.302
1,2,3,31.06,1.851
3,1,1,17.79,19.031
1,2,5,57.45,1.467
1,2,1,49.57,1.604
2,2,1,36.36,9.898
1,3,2,18.19,0.885
2,1,5,22.31,1.818
2,2,2,29.47,4.629
1,1,4,25.35,0.416
2,1,3,49.98,4.449
1,2,2,48.38,1.572
1,2,4,72.01,1.784
2,3,4,27.87,2.612
2,1,1,20.76,2.872
1,1,2,6.91,0.612
1,2,2,18.27,0.714
2,2,2,20.51,5.664
2,2,1,40.99,10.538
1,1,1,38.79,1.031
1,2,1,40.83,1.237
2,2,3,7.23,5.249
2,2,3,22.52,4.18
1,2,2,29.5,1.531
1,3,1,24.63,1.0
1,1,1,29.3,1.245
2,2,2,24.69,3.898
2,2,1,8.26,5.472
2,1,2,15.56,2.236
1,3,1,35.3,0.832
1,2,2,6.68,1.407
2,1,1,38.24,5.2
3,3,3,39.78,24.151
2,1,2,20.32,2.255
2,1,1,40.54,3.347
3,1,1,14.4,17.837
1,1,5,13.78,0.303
1,1,2,21.85,0.783
1,3,3,63.51,1.658
1,3,1,22.21,0.807
2,2,3,41.3,4.392
1,1,3,18.2,0.514
1,2,1,16.27,1.04
1,1,2,49.88,1.078
1,3,2,40.69,0.9
1,1,1,18.3,0.539
1,1,2,43.72,1.077
1,1,1,46.08,0.76
1,3,4,46.61,0.894
2,2,3,58.66,5.139
2,1,1,57.24,2.916
1,1,3,16.3,0.452
3,2,2,46.89,36.624
1,2,1,39.8,2.049
2,1,1,46.59,3.574
2,3,1,3.29,4.477
2,2,4,14.07,4.311
1,1,3,4.24,0.501
1,1,1,9.79,1.139
2,2,1,17.83,7.621
2,2,1,44.4,10.145
2,3,1,27.53,5.689
1,1,4,7.93,0.283
3,2,1,16.09,32.25
3,2,3,2.58,29.548
2,1,1,29.25,3.673
3,3,1,37.8,21.4
1,2,2,33.59,0.981
1,1,5,21.74,0.409
2,2,1,34.41,5.508
2,2,2,18.26,5.203
1,1,2,10.86,0.611
1,1,2,12.39,0.435
2,3,1,30.21,8.358
1,3,1,18.77,0.722
2,3,1,43.13,7.675
3,2,2,50.54,37.65
1,1,2,66.09,0.817
2,2,3,42.63,5.931
1,3,1,23.75,0.685
1,3,3,21.36,1.478
3,2,3,37.52,20.57
1,1,1,19.86,0.91
1,1,1,91.9,2.485
3,2,2,33.5,23.971
1,3,5,63.63,1.168
1,3,2,20.02,0.647
1,1,5,13.66,0.295
1,1,4,21.82,0.604
1,3,1,63.21,2.073
2,1,1,41.8,4.065
1,1,3,53.18,0.404
1,1,2,37.29,0.445
2,1,1,25.06,5.081
1,1,2,9.28,0.636
1,1,3,9.25,0.557
3,3,2,46.58,25.51
2,2,2,5.64,4.7
1,3,4,28.28,0.743
1,1,1,25.03,0.741
2,3,2,11.87,3.479
2,1,1,31.43,5.086
1,1,2,10.12,0.525
1,2,1,70.13,3.291
1,2,2,13.89,0.699
3,1,2,21.8,10.682
2,1,3,19.46,2.475
1,1,2,17.42,0.766
1,1,4,24.82,0.413
3,1,3,14.38,11.061
1,2,3,26.38,0.991
2,1,1,63.33,6.294
2,2,2,29.87,4.218
3,1,4,26.23,15.261
1,1,3,55.78,0.878
2,1,1,18.68,3.499
1,2,1,4.6,0.762
3,2,2,7.39,19.101
1,1,2,29.15,0.575
1,1,1,35.72,1.031
1,2,1,37.79,1.8
2,2,2,22.72,4.702
1,2,2,33.95,0.694
1,2,3,21.35,0.585
2,1,5,31.43,3.241
1,2,1,23.84,1.423
1,3,1,45.27,1.279
1,1,1,7.04,0.519
3,3,1,34.42,33.59
2,1,1,3.06,4.0
2,1,1,21.68,3.872
2,2,1,49.58,11.153
2,1,5,14.64,1.916
1,3,4,17.51,0.616
1,1,2,16.89,0.445
2,2,1,10.29,5.937
2,1,3,20.7,3.656
1,1,3,20.95,0.433
2,2,1,40.83,6.614
1,1,2,25.77,0.647
1,2,5,50.0,0.55
1,3,1,19.05,0.629
3,1,1,44.31,14.12
1,2,3,40.63,0.688
1,2,2,46.16,0.993
1,3,3,38.41,0.758
3,1,1,50.9,14.479
1,2,2,54.56,1.723
1,2,1,5.34,1.047
3,2,2,2.55,22.419
2,2,1,34.81,4.741
1,2,5,20.82,0.486
1,2,1,29.72,0.853
2,1,4,10.98,2.08
1,1,3,29.03,0.439
1,2,1,14.93,1.141
1,1,3,25.71,0.632
3,1,4,16.48,13.739
2,1,1,10.33,4.015
1,1,2,52.01,0.606
1,2,3,38.24,1.115
1,2,2,26.77,1.059
3,2,1,61.22,28.093
2,1,1,52.42,6.279
1,2,2,45.5,1.186
2,2,1,41.01,7.983
1,1,1,26.63,0.538
1,2,2,56.76,1.788
1,2,2,33.55,2.08
2,2,4,35.17,3.818
2,2,3,44.52,5.474
1,1,2,13.74,0.503
1,1,1,21.97,0.697
2,3,1,24.35,6.058
1,2,1,10.38,1.289
1,3,2,44.62,1.075
2,1,3,14.62,2.944
2,3,2,39.43,4.391
1,1,2,5.03,0.718
1,1,2,15.43,0.461
2,1,1,21.02,2.891
1,2,1,14.28,1.86
2,2,2,20.59,5.145
2,3,2,41.91,3.704
2,1,4,49.31,2.9
1,3,1,12.87,0.855
2,1,5,65.84,2.713
3,1,2,60.02,31.546
2,3,2,24.46,4.531
1,1,2,16.04,0.354
3,1,3,31.37,12.262
1,2,1,47.14,1.51
1,2,3,25.43,0.768
1,1,3,44.51,0.486
1,3,2,18.49,0.801
1,3,3,45.17,0.787
2,2,1,22.05,7.292
1,3,1,17.23,0.597
1,1,3,5.23,0.521
2,2,5,29.7,4.163
1,3,5,23.35,0.518
1,1,1,23.28,0.969
3,3,2,43.93,27.107
1,2,1,15.22,1.43
1,1,1,28.43,0.797
1,3,2,8.89,0.812
2,1,1,60.78,4.821
1,1,1,35.32,1.086
3,1,4,16.22,12.707
2,2,4,22.38,3.697
2,2,2,18.0,5.185
3,2,4,39.34,12.194
1,1,1,27.66,0.636
2,2,1,55.18,9.772
2,2,1,25.82,6.908
2,1,1,31.65,2.945
2,1,5,55.06,3.762
1,1,3,9.62,0.733
2,2,1,53.66,6.06
2,1,1,10.56,2.301
2,2,2,28.54,7.003
2,3,2,20.37,6.522
1,1,2,12.87,0.632
3,3,1,47.04,26.297
1,1,4,20.15,0.696
1,1,2,2.89,0.629
1,1,1,30.99,0.806
1,2,2,7.09,0.779
1,2,4,12.73,0.673
1,1,1,6.7,0.577
2,3,1,40.61,4.316
3,1,1,24.15,14.093
2,2,1,11.55,4.841
1,3,4,12.63,0.444
3,2,3,17.4,27.698
2,3,2,6.34,4.793
2,2,2,51.83,9.778
1,1,2,11.37,0.575
2,1,1,18.5,2.96
1,2,3,2.66,0.736
1,3,1,25.1,0.978
1,3,3,28.27,0.8
2,1,1,30.7,3.156
1,2,1,9.79,1.649
1,3,1,19.63,1.527
2,1,1,40.33,3.944
1,2,1,13.61,1.001
1,2,2,30.13,1.848
2,1,1,1.38,2.682
3,1,1,50.08,18.156
2,1,2,16.53,1.988
2,2,3,16.92,4.537
1,3,2,2.02,0.529
1,1,3,59.8,1.36
1,1,2,25.42,0.577
3,1,1,23.32,13.509
1,2,2,48.87,1.291
1,3,1,10.12,0.709
2,2,5,31.63,8.546
1,2,1,37.04,1.695
1,3,2,38.95,1.041
2,2,1,18.84,6.777
1,2,2,56.98,1.664
3,2,1,67.77,54.317
1,1,1,20.45,0.726
1,1,1,15.12,0.747
1,2,1,27.79,0.87
1,2,2,12.71,1.209
1,1,2,19.05,0.867
1,1,1,22.97,0.632
1,1,1,22.54,0.983
1,3,1,38.23,2.199
1,1,4,55.79,1.405
1,1,3,17.77,0.621
1,3,1,28.65,0.747
1,1,2,40.79,0.522
1,3,2,43.71,0.756
3,1,2,22.22,13.564
1,3,2,22.41,0.909
2,3,1,4.04,3.555
1,1,1,11.44,0.523
1,1,2,46.18,0.418
1,1,1,53.69,1.204
1,1,1,1.43,0.641
2,2,2,1.87,5.859
2,1,1,21.62,3.528
1,1,1,20.13,0.698
1,2,5,9.21,0.721
2,3,1,28.13,3.598
2,1,2,56.72,3.067
1,1,3,31.37,0.589
1,2,2,6.74,1.03
1,1,5,26.72,0.459
1,2,1,27.39,1.25
1,2,1,31.41,1.135
1,2,1,10.0,1.181
1,2,1,58.22,3.418
1,1,4,14.99,0.702
1,1,2,34.38,0.794
1,1,2,46.02,0.584
2,3,2,51.81,4.914
1,1,3,16.35,0.442
1,1,1,45.37,1.772
1,1,1,16.55,0.502
1,2,5,46.66,1.396
1,1,2,19.14,0.9
1,2,3,19.49,0.877
1,1,2,30.28,0.721
1,3,1,61.98,1.311
1,3,1,49.13,1.283
1,1,4,12.11,0.512
1,1,2,8.53,0.572
3,1,2,22.81,12.236
1,1,1,24.48,1.182
2,3,1,23.39,5.868
1,3,1,45.06,0.756
3,1,1,12.21,20.813
1,2,2,19.15,1.202
1,2,3,9.4,1.337
2,2,3,10.49,5.55
1,1,2,50.43,1.017
3,3,5,33.26,13.406
1,1,3,54.19,1.007
2,3,1,9.01,5.489
3,1,2,29.81,24.207
1,3,3,45.27,1.063
2,1,1,16.89,3.198
1,1,1,29.36,0.62
2,1,2,8.44,2.199
1,1,3,19.39,0.733
1,1,1,41.97,1.239
1,2,4,45.01,1.596
1,1,4,31.32,0.492
2,1,1,48.54,6.084
1,2,4,19.1,0.788
1,2,4,44.25,1.124
1,2,3,14.68,1.25
2,2,2,4.59,6.54
1,2,2,33.67,1.488
1,1,3,29.99,0.489
3,1,2,26.63,11.621
3,3,4,19.35,12.906
1,2,2,30.03,0.95
1,3,1,16.48,0.737
1,3,3,24.81,0.773
1,1,4,13.77,0.471
1,2,2,9.23,1.328
3,2,3,10.85,25.911
1,2,5,47.88,1.224
1,1,2,2.41,0.585
1,2,1,30.16,1.239
2,1,3,24.55,3.842
2,2,4,20.91,4.003
1,2,1,36.21,0.889
2,1,3,19.23,2.633
2,1,2,31.77,4.048
2,1,1,22.07,2.719
1,2,1,27.98,2.035
1,1,1,11.02,0.847
2,1,3,13.43,2.901
1,2,4,33.34,0.689
1,1,2,23.86,0.711
2,1,1,34.71,8.327
2,2,2,19.26,5.763
1,2,1,32.91,1.121
1,2,1,21.68,1.105
1,2,1,9.33,1.318
1,2,2,36.28,0.835
1,2,1,30.21,1.19
1,2,2,44.76,1.005
1,1,4,20.82,0.431
1,1,2,19.44,0.609
3,3,2,22.65,17.144
1,1,3,6.82,0.549
1,2,3,30.53,1.036
1,1,1,1.66,0.774
1,2,4,37.21,1.243
1,3,3,19.5,0.344
2,1,2,6.61,3.576
2,1,1,17.62,3.838
1,1,2,74.54,1.661
1,3,2,45.83,1.986
1,1,5,20.02,0.197
1,3,1,41.89,0.949
1,1,4,18.23,0.328
1,3,4,25.67,0.557
1,1,1,13.01,0.717
1,1,1,57.79,0.785
2,3,1,14.94,4.904
1,3,1,25.59,1.098
3,1,1,9.51,10.205
1,2,3,8.57,1.017
2,1,3,22.63,2.767
2,3,1,36.55,6.197
2,3,4,23.44,3.275
2,3,5,12.06,3.018
1,3,1,34.58,1.189
1,2,2,32.79,1.492
3,1,1,45.87,16.741
1,3,2,4.72,0.698
2,1,2,29.91,3.689
2,3,1,17.54,4.581
1,1,3,32.19,0.734
2,2,1,25.96,7.579
1,2,1,16.28,1.344
1,1,2,19.87,0.43
2,1,1,12.22,3.085
2,2,2,5.21,4.383
1,1,2,1.24,0.703
1,2,3,56.64,1.313
2,2,2,30.69,4.165
2,1,1,57.94,7.127
2,1,2,21.23,4.723
1,1,1,23.12,0.735
1,1,2,26.16,0.727
1,1,2,43.9,0.76
1,1,4,59.98,0.88
2,2,2,25.88,7.771
1,1,1,46.89,2.004
1,3,1,23.29,0.7
2,1,1,33.49,3.781
1,2,2,42.16,0.926
2,1,3,25.01,2.488
1,2,2,42.28,1.488
1,2,3,13.29,0.917
2,1,2,21.01,2.368
2,1,1,49.68,6.822
2,3,1,18.37,3.925
1,1,2,26.2,0.779
1,1,2,7.77,0.534
2,2,2,30.2,7.333
1,1,1,27.15,0.858
1,2,2,19.88,1.308
1,1,2,21.51,0.472
1,1,4,8.28,0.314
1,1,2,65.6,1.048
3,1,1,24.33,13.119
1,1,3,21.89,0.729
1,2,2,13.34,0.907
2,2,3,14.82,5.429
3,3,2,20.38,19.498
2,1,2,15.83,4.412
2,2,5,29.4,3.432
3,1,3,20.73,19.447
1,1,2,31.32,0.729
2,1,1,29.12,2.571
1,1,1,31.82,0.504
1,2,2,17.64,1.03
1,3,4,23.24,0.594
1,2,4,16.36,1.128
2,1,2,2.33,2.95
2,1,1,23.48,3.832
1,2,1,26.47,1.442
2,2,3,46.84,9.09
2,3,2,14.37,2.696
1,3,2,10.31,0.783
2,1,1,20.57,3.48
1,3,5,50.37,0.646
1,2,1,9.13,1.061
1,1,4,7.51,0.548
3,1,3,20.38,13.233
1,2,4,35.27,0.706
1,2,1,10.02,1.426
1,3,2,35.85,0.909
2,1,1,31.75,6.992
3,2,3,31.17,28.311
1,2,3,43.16,0.735
2,2,1,11.72,5.989
2,3,3,60.14,5.254
1,2,1,34.77,1.536
1,1,1,28.48,0.709
1,2,4,10.57,0.982
2,2,1,54.32,16.076
1,3,3,51.3,0.93
1,2,1,67.31,3.584
3,1,1,42.76,18.489
3,2,1,15.12,35.939
1,1,5,57.91,0.455
2,2,1,38.12,6.25
3,2,1,51.73,37.618
1,3,1,11.04,1.084
2,3,2,32.68,3.822
1,1,2,67.25,1.353
2,1,1,34.72,2.221
1,3,4,86.18,1.158
2,1,3,30.07,2.465
1,1,4,36.35,0.691
1,3,2,11.19,0.886
2,1,1,22.01,2.201
1,1,2,76.61,1.802
3,2,5,47.8,28.097
1,1,2,60.16,0.821
1,1,2,38.4,0.568
2,2,1,73.62,13.83
1,3,2,4.72,0.799
2,1,3,16.72,2.373
1,1,1,43.1,0.497
1,3,5,12.34,0.67
2,1,3,48.41,6.186
1,3,4,45.59,0.495
1,1,1,25.45,0.748
1,2,1,34.84,2.203
3,1,1,18.16,15.092
1,1,4,14.21,0.352
1,2,1,35.53,1.502
1,3,5,14.26,0.369
2,1,1,28.19,3.798
1,3,1,38.55,1.689
1,1,2,38.56,0.693
2,1,1,2.99,3.675
3,3,2,21.75,20.21
2,2,4,7.82,3.354
1,1,3,40.76,0.371
1,1,3,65.66,1.16
1,3,4,7.27,0.604
1,1,4,6.34,0.398
2,1,3,48.78,4.286
1,3,4,13.88,0.574
1,2,1,44.96,1.979
1,3,2,21.58,1.021
2,1,1,30.82,4.823
1,1,1,35.32,0.89
2,1,3,4.65,2.087
1,1,1,45.76,1.085
1,2,2,0.7,0.747
3,3,1,9.41,27.525
1,1,2,14.82,0.385
2,1,3,35.56,1.602
2,1,4,24.67,1.834
3,1,1,21.33,21.843
1,1,4,17.35,0.564
1,3,2,42.18,1.635
1,3,1,44.65,1.833
2,1,1,30.65,3.742
1,3,2,39.54,0.589
1,2,1,58.0,2.483
3,1,3,32.98,11.637
1,2,1,46.98,1.727
1,1,2,16.54,0.717
2,1,2,12.32,2.663
1,1,2,8.17,0.503
1,2,1,72.79,4.521
1,1,1,13.15,0.52
1,3,2,49.08,0.663
1,2,1,33.72,1.45
2,2,4,21.61,4.452
1,2,2,9.02,1.314
1,2,5,27.54,0.759
3,3,1,4.95,18.472
2,2,1,7.87,4.656
1,1,4,43.27,0.838
3,2,2,9.65,23.982
1,1,2,49.09,1.02
1,3,1,44.34,1.085
3,1,2,31.86,13.735
1,1,3,21.34,0.468
1,1,1,17.59,0.669
2,1,1,8.62,2.996
1,2,1,58.99,2.233
1,1,1,43.35,0.745
2,3,2,28.19,3.07
1,2,1,17.81,1.071
1,2,1,37.02,1.229
1,1,2,18.77,0.694
1,1,1,13.17,0.665
1,1,2,9.59,0.561
2,2,3,26.2,6.16
1,1,2,41.46,1.187
2,1,2,19.16,2.708
1,2,5,53.88,0.561
1,2,1,11.18,1.294
3,1,1,21.64,9.429
1,3,2,8.85,1.113
1,1,2,31.09,0.582
3,2,4,17.64,21.139
1,3,3,47.56,1.322
1,2,2,29.42,1.415
1,2,4,44.5,1.131
2,1,2,19.4,3.545
1,1,2,29.57,0.761
2,2,1,20.74,5.219
2,1,4,36.11,1.339
2,1,3,4.46,3.267
1,1,1,21.67,0.669
1,1,2,47.27,0.722
2,2,1,31.17,5.822
3,1,1,61.96,16.93
1,1,1,24.34,0.635
1,3,1,3.87,0.79
2,1,3,16.14,2.633
2,1,4,36.25,2.821
3,2,2,44.86,33.497
2,3,1,28.34,4.561
1,1,5,8.19,0.311
2,3,3,1.37,3.001
2,2,3,17.29,5.774
1,1,1,7.62,0.851
1,2,2,38.18,1.781
1,2,5,19.6,0.626
1,3,1,37.61,0.96
2,3,4,27.15,3.624
1,2,2,13.99,1.008
2,2,2,18.32,4.425
1,1,1,45.03,0.611
1,2,1,12.8,0.904
1,3,4,25.46,0.88
1,3,2,16.75,0.749
2,1,1,56.91,6.784
1,2,1,39.91,1.399
2,3,3,36.13,6.457
3,2,4,23.51,16.251
1,1,4,61.15,0.942
1,1,1,36.2,0.385
2,3,3,30.56,2.014
1,2,1,14.84,0.847
1,3,1,30.62,0.774
2,1,1,27.82,4.988
1,2,2,29.74,1.221
2,3,1,26.24,4.296
1,2,2,31.9,1.149
2,1,1,11.56,3.182
2,1,1,38.43,3.42
1,1,1,62.32,0.815
1,1,1,41.52,1.014
1,1,4,19.16,0.433
1,2,2,25.61,1.147
2,3,1,20.94,4.927
2,3,2,11.99,5.442
2,1,3,40.36,4.246
2,1,1,21.93,3.272
1,1,2,22.91,0.707
1,1,2,32.56,0.833
2,2,2,12.78,4.907
1,1,2,52.63,0.898
1,3,4,25.27,0.503
1,1,4,10.99,0.427
1,2,4,45.13,0.8
2,3,3,20.98,3.397
1,1,2,11.41,0.841
2,3,1,23.0,7.15
3,2,4,32.43,14.079
3,1,2,34.49,8.68
2,1,1,21.49,4.044
2,1,2,43.31,2.881
1,2,2,14.65,1.25
2,2,2,12.25,5.337
2,1,1,15.83,2.571
3,2,1,2.74,22.805
1,3,5,34.24,1.024
1,3,1,28.51,0.81
2,2,2,12.91,5.237
2,1,1,11.63,3.211
1,1,1,68.74,1.484
1,2,1,65.39,4.619
1,1,2,42.17,0.649
2,3,3,62.02,9.93
3,2,1,28.07,48.441
2,1,2,54.84,5.169
2,3,2,8.76,3.582
1,2,2,12.92,0.836
1,3,4,7.88,1.255
1,2,3,22.79,1.109
1,3,5,16.91,0.544
2,3,1,23.49,4.61
2,3,2,14.13,4.001
1,3,1,38.85,0.753
1,2,3,26.29,0.871
3,3,1,42.38,23.517
1,1,2,24.36,0.555
1,1,1,39.85,0.998
2,1,1,19.61,3.162
2,1,1,57.16,7.034
1,1,3,39.85,0.859
1,2,1,18.09,1.069
1,1,4,7.19,0.348
1,1,2,17.6,0.73
1,1,1,32.25,0.871
1,2,3,51.64,1.026
1,1,2,36.21,0.546
1,1,1,43.39,1.057
2,2,2,9.83,5.425
1,1,1,7.63,0.724
1,2,2,46.13,2.245
1,1,4,47.03,0.574
1,1,2,23.5,0.668
2,1,2,50.65,7.393
1,3,1,8.99,0.982
3,2,2,29.22,26.058
2,2,2,13.56,4.885
1,1,2,4.03,0.519
3,1,3,22.52,8.198
1,2,1,31.42,1.527
1,2,3,25.24,0.846
1,1,1,33.73,0.875
2,3,4,29.49,3.225
2,3,2,9.21,3.156
2,1,4,19.47,2.878
3,1,2,29.39,24.921
3,3,2,41.35,17.913
1,3,3,21.61,0.59
3,1,1,69.92,43.137
1,3,3,19.03,0.639
3,2,3,4.86,21.462
1,2,4,15.92,0.84
1,2,1,11.78,1.222
1,1,1,7.29,0.73
1,1,1,35.1,1.159
2,1,2,18.55,3.504
1,1,1,44.58,0.844
1,1,2,22.5,0.731
3,1,2,0.95,19.859
2,1,2,58.8,3.979
2,2,1,39.03,7.56
3,3,2,17.27,27.373
1,2,3,50.88,2.295
1,1,1,34.69,0.626
1,1,4,28.71,0.278
1,2,2,16.01,1.217
1,3,3,16.08,0.78
2,3,2,18.62,3.586
1,2,3,24.06,0.887
2,1,2,25.61,2.288
2,1,3,29.07,2.344
1,1,1,60.14,1.859
1,1,1,18.06,0.537
1,1,4,16.17,0.367
2,1,2,12.86,2.771
1,2,1,38.99,1.917
2,1,2,23.31,3.129
1,3,1,7.22,0.961
2,1,2,11.86,3.546
1,3,1,43.82,1.529
1,1,3,52.94,0.65
1,1,4,34.69,0.57
2,2,3,48.93,6.202
1,2,1,23.08,1.013
2,1,2,17.59,1.852
1,3,2,25.51,1.077
3,2,3,11.02,15.139
3,2,2,25.16,34.795
1,2,1,21.06,1.384
1,2,1,13.29,0.918
1,1,1,10.93,0.772
1,3,1,33.63,0.617
1,3,3,17.53,0.589
1,2,1,14.32,0.795
2,2,2,26.66,2.734
1,3,1,21.09,0.877
3,1,2,29.47,20.16
1,3,2,18.08,1.093
1,3,1,14.67,0.786
1,1,2,13.52,0.485
3,2,3,28.04,26.941
2,2,1,27.52,6.293
1,2,1,20.16,1.759
2,3,5,36.98,3.114
1,2,2,13.23,0.685
1,3,2,40.25,1.092
1,1,1,25.0,1.342
2,1,3,8.45,3.233
1,3,3,20.07,0.583
1,2,1,48.77,2.815
1,2,2,31.28,1.041
3,1,3,55.92,17.945
3,2,1,51.82,41.752
1,1,1,28.16,1.053
2,2,2,52.12,14.719
2,2,3,32.49,6.784
3,3,2,45.43,19.123
1,2,3,37.65,0.717
1,1,2,43.78,0.958
1,2,1,28.89,1.745
2,3,4,11.46,2.866
1,2,2,32.93,1.549
1,1,4,27.04,0.408
2,1,3,9.96,2.607
2,3,4,18.22,2.557
1,2,2,34.27,1.08
1,1,5,9.12,0.416
1,1,1,58.75,0.868
1,2,3,56.7,1.513
1,2,4,20.48,0.703
1,1,1,38.48,0.996
1,1,3,10.26,0.462
3,2,1,43.19,33.77
1,1,4,18.58,0.464
1,2,4,32.88,0.428
1,3,2,37.2,1.454
2,1,4,29.87,3.432
1,1,2,16.41,0.452
1,2,5,30.06,0.942
1,1,2,5.93,0.77
1,3,2,36.76,1.045
1,2,1,31.68,1.887
2,1,2,11.13,5.807
1,2,1,13.63,1.33
2,1,1,45.37,5.945
1,1,2,22.97,0.634
2,1,1,33.72,2.575
3,2,1,13.59,23.836
1,2,3,54.9,1.228
2,1,1,36.62,3.386
1,3,1,28.66,1.02
2,1,1,43.11,5.408
1,3,3,50.91,1.342
3,1,1,26.36,17.09
1,2,4,22.57,1.092
1,1,4,57.49,0.707
1,2,2,59.31,1.449
1,1,1,11.51,0.685
2,2,2,25.1,8.897
2,1,4,46.62,3.289
1,2,1,17.41,1.891
2,2,1,32.49,8.587
1,2,1,15.44,1.068
2,3,1,17.2,3.97
1,1,1,33.32,0.833
1,1,1,42.68,0.774
1,1,4,13.6,0.42
1,1,4,2.61,0.362
2,2,2,54.47,13.062
3,2,2,27.29,29.364
1,2,3,43.92,1.36
1,1,3,5.95,0.327
1,1,2,18.02,0.737
2,2,1,20.09,6.033
1,2,2,28.26,1.599
2,2,1,26.39,8.475
2,1,1,45.43,3.844
1,1,1,17.78,0.554
3,1,2,48.33,27.813
1,2,4,39.91,0.818
2,1,1,68.15,5.762
1,1,2,44.25,0.471
1,1,5,39.04,0.438
1,1,2,11.53,0.762
2,3,2,17.66,2.245
1,1,2,11.25,0.632
2,1,4,33.53,2.373
1,2,1,36.25,2.012
1,3,2,41.05,0.761
2,3,1,55.15,4.711
1,1,4,19.59,0.579
1,1,1,23.87,0.857
1,2,1,33.76,1.276
1,2,1,26.84,1.321
1,1,1,7.53,0.702
1,2,5,7.54,0.628
2,3,1,11.39,5.698
2,1,2,12.52,3.019
1,2,1,26.43,0.564
2,2,2,52.39,7.713
1,2,1,19.24,1.247
1,2,4,58.17,2.004
1,3,1,15.5,1.207
1,1,2,30.55,0.743
1,3,4,34.77,0.594
1,2,2,40.37,1.022
1,3,3,27.19,0.709
1,2,1,44.41,1.43
1,2,3,13.73,1.115
1,1,2,23.91,0.594
1,2,2,41.4,1.686
2,1,2,28.45,2.516
1,1,3,47.79,0.532
1,1,1,61.93,1.276
1,3,1,40.25,0.931
1,3,1,22.76,1.276
2,2,1,20.5,5.992
2,1,4,18.94,1.523
1,1,2,49.19,1.568
1,1,5,4.92,0.316
1,3,1,7.33,1.042
2,1,4,20.76,2.411
2,2,1,24.81,8.423
1,2,1,9.66,1.506
3,1,2,21.79,15.642
1,2,1,2.46,0.812
3,1,2,9.16,11.688
1,1,1,19.08,0.678
1,1,3,23.41,0.522
1,2,2,19.11,0.688
1,3,3,10.38,0.658
2,1,2,36.68,4.241
1,2,1,10.54,1.127
1,1,1,23.61,0.926
1,1,1,21.18,0.802
3,1,1,30.67,28.368
3,1,4,2.62,12.106
1,2,2,28.22,1.091
1,3,1,33.5,1.04
1,1,2,46.79,0.808
1,2,4,25.83,0.915
3,1,1,31.85,14.075
2,2,3,15.37,4.196
2,2,1,26.95,7.45
1,3,2,47.88,0.785
2,2,1,14.86,6.886
3,1,2,30.98,9.608
3,2,1,26.08,28.334
1,3,4,12.54,0.585
1,2,4,27.19,1.475
3,2,2,55.49,18.879
1,2,1,17.13,1.086
1,1,1,22.71,0.761
1,2,2,22.76,1.174
1,2,2,27.97,1.704
2,1,1,18.39,2.365
3,1,1,23.28,16.052
3,1,2,56.9,46.869
1,1,3,29.49,0.612
3,3,1,12.13,21.069
1,3,2,14.96,0.527
1,2,2,11.14,1.228
1,1,5,31.79,0.328
2,1,1,41.4,7.366
3,1,2,7.0,16.083
2,1,1,16.56,3.979
3,2,3,64.59,38.733
1,3,1,60.28,0.729
2,1,4,30.27,1.98
1,1,1,13.18,0.703
2,1,2,4.3,3.022
2,2,1,25.76,6.861
1,1,1,11.7,0.846
1,3,1,29.07,1.092
1,2,2,12.3,1.183
2,2,1,49.17,10.907
1,3,1,4.16,0.888
1,2,2,24.02,1.624
3,3,1,43.06,36.91
1,2,1,18.56,1.056
1,1,2,32.24,0.941
2,1,2,36.58,4.639
1,3,1,11.45,1.2
1,1,2,12.56,0.554
2,2,2,3.77,6.355
1,1,1,24.8,1.01
1,1,3,38.24,0.967
1,1,2,25.93,0.714
2,2,2,36.64,5.974
1,3,2,20.91,0.882
2,1,1,29.89,3.584
2,1,4,33.17,2.184
1,3,1,50.42,1.347
1,2,3,27.22,0.956
1,1,3,24.4,0.994
2,3,1,33.22,4.929
1,1,2,60.05,0.912
2,2,1,14.04,6.455
2,3,1,36.48,6.977
1,1,2,24.57,0.64
2,2,3,27.03,5.095
1,1,1,72.45,1.636
2,1,1,27.28,3.531
1,1,4,1.02,0.439
1,3,2,38.1,0.907
2,1,2,32.47,3.014
1,1,2,56.78,0.784
2,1,4,72.32,4.849
2,1,5,21.79,2.041
2,2,1,30.66,7.04
1,1,1,14.59,0.918
3,3,2,23.52,21.203
3,2,4,5.23,23.274
1,2,1,10.95,1.182
1,1,2,41.21,0.797
3,3,1,2.56,24.789
1,1,1,32.41,0.47
1,3,3,2.93,0.727
3,1,4,34.61,14.862
1,2,1,28.46,0.801
3,2,2,23.16,30.721
1,2,2,10.39,0.958
1,1,1,19.36,0.99
1,1,2,4.77,0.409
1,1,1,14.74,0.689
3,3,2,50.74,25.543
2,1,3,14.04,3.814
3,2,2,18.08,22.196
1,1,1,26.93,0.849
3,1,1,23.17,22.638
2,1,1,18.59,2.621
1,3,1,31.42,1.018
1,2,1,18.73,1.293
1,2,4,26.94,0.594
1,2,2,22.18,0.973
3,1,2,31.09,13.73
3,1,2,22.02,13.357
1,3,1,32.09,1.405
1,2,2,59.86,2.752
1,2,1,15.38,1.115
2,2,2,80.2,21.361
2,1,1,14.7,3.046
1,1,1,40.33,0.99
1,1,1,21.64,0.853
3,2,2,43.83,65.004
1,1,2,35.51,0.902
1,1,1,15.07,0.536
2,1,2,23.57,3.151
3,3,2,35.72,28.818
2,1,4,48.48,3.86
2,1,3,49.76,4.736
2,1,1,27.11,2.906
1,1,1,8.23,0.475
2,3,2,43.3,7.484
2,1,3,41.17,3.663
1,1,4,34.8,0.341
2,3,3,21.13,4.769
1,1,5,46.25,0.637
2,2,3,11.35,3.891
1,2,2,44.19,1.71
1,1,2,16.73,0.507
2,1,1,24.4,2.231
1,1,3,6.67,0.374
1,1,2,13.75,0.779
1,2,1,14.75,0.8
2,1,3,16.04,1.468
3,1,1,9.8,11.415
2,3,1,26.46,5.446
1,1,1,36.94,0.688
2,1,4,11.64,2.107
2,1,2,15.15,3.675
1,2,1,28.3,0.999
1,1,3,4.07,0.429
1,1,2,21.05,0.399
1,3,1,35.27,1.67
2,2,2,33.25,4.231
1,1,4,4.11,0.495
1,2,2,65.83,1.917
1,1,3,6.07,0.416
2,2,2,40.48,9.632
1,1,2,14.01,0.65
1,1,2,16.38,0.538
1,1,2,22.21,0.644
1,1,4,22.95,0.565
1,3,1,54.89,1.434
1,1,1,42.07,1.136
1,1,1,44.58,0.606
1,3,2,32.1,0.751
1,1,4,11.57,0.499
1,1,2,11.21,0.452
2,1,1,12.16,3.747
1,1,1,30.05,0.678
2,1,2,26.14,3.203
1,1,2,10.25,0.484
2,3,2,18.83,3.46
1,2,2,8.52,0.843
2,2,1,42.79,10.515
1,3,3,16.93,0.668
1,1,1,40.4,0.676
2,2,2,27.97,6.965
1,2,3,7.24,0.955
1,1,1,19.22,0.608
1,1,2,53.75,0.57
3,1,2,45.46,10.115
3,1,2,33.08,24.446
2,1,3,41.6,3.698
1,2,2,13.25,1.009
1,3,3,15.71,0.718
2,2,1,34.64,7.034
1,3,1,33.54,1.201
1,3,5,59.87,0.687
2,1,2,11.65,3.642
1,2,1,10.95,1.754
2,2,1,29.53,8.011
2,1,3,30.25,3.213
2,2,1,28.0,7.451
2,2,1,68.78,12.987
1,1,4,38.44,0.819
2,1,3,40.88,2.16
2,2,2,20.14,3.697
2,1,1,20.22,4.67
2,1,5,18.89,2.039
3,1,4,68.4,41.005
2,1,4,3.27,2.476
3,1,3,4.98,11.369
1,3,2,18.08,0.694
3,3,3,14.82,19.825
3,1,2,22.38,13.009
1,3,2,14.19,0.492
1,1,1,23.53,0.505
1,1,5,58.75,0.688
2,2,1,15.85,6.094
1,1,3,15.27,0.663
1,2,1,49.88,2.379
1,1,3,54.29,0.881
1,2,1,43.42,1.173
3,1,1,44.43,22.291
1,1,3,12.2,0.569
1,3,1,13.31,0.706
2,3,1,9.69,4.617
1,1,1,43.61,0.568
1,1,1,69.11,2.147
1,2,2,9.96,1.719
3,2,2,8.11,29.106
2,1,3,41.08,2.116
2,1,1,15.11,3.014
1,1,1,42.67,0.874
1,1,2,31.44,0.53
1,1,3,52.37,0.855
1,2,3,37.05,1.958
1,2,1,38.01,2.4
1,2,4,42.52,0.967
3,2,2,9.81,25.412
2,1,1,23.29,2.995
1,1,3,37.38,0.615
3,2,3,46.15,32.946
1,1,3,25.01,0.485
2,2,2,44.31,5.867
1,1,2,22.4,0.862
3,1,2,60.43,24.509
1,1,1,48.22,1.048
3,2,2,61.04,43.722
2,1,1,41.19,5.078
1,1,3,35.78,0.829
1,3,3,21.61,0.467
2,2,1,31.49,5.432
1,1,1,9.39,0.744
1,2,5,37.28,1.005
2,1,1,37.77,7.707
1,3,2,5.38,0.831
1,1,2,12.37,0.785
1,1,4,20.78,0.321
1,1,1,38.01,0.415
1,1,2,20.5,0.649
1,3,1,29.77,1.099
3,1,3,35.11,10.677
1,1,1,44.46,0.62
2,2,3,8.26,3.547
2,1,1,11.01,2.161
2,2,1,38.64,6.707
1,1,2,2.99,0.69
1,2,2,28.75,0.974
1,3,1,6.23,0.922
2,1,2,46.45,6.174
2,1,1,41.5,4.881
1,2,1,28.15,1.16
2,3,1,25.2,4.91
1,3,2,32.45,0.804
1,3,1,46.96,2.13
1,3,2,20.81,0.697
1,1,2,27.01,0.508
3,3,2,42.39,28.941
2,1,2,35.52,4.763
1,2,1,33.45,1.206
1,2,2,38.05,1.593
2,2,3,23.06,3.877
2,1,2,25.61,3.037
1,2,1,36.33,0.904
1,1,2,56.28,1.271
2,3,1,32.74,6.122
1,2,1,16.11,1.193
1,1,1,53.32,1.317
1,1,2,33.34,0.687
1,3,2,15.25,0.973
1,2,1,42.9,1.226
1,2,3,19.63,0.7
1,2,3,38.94,2.806
1,3,2,23.25,0.731
3,1,3,8.1,8.687
1,3,3,23.76,0.731
1,1,2,11.64,0.57
2,2,4,17.53,4.263
3,2,1,20.11,27.387
2,3,1,9.13,5.505
1,3,2,38.23,0.833
2,3,1,12.25,3.858
2,2,4,30.53,5.476
2,2,2,40.87,4.497
1,1,2,44.81,0.622
1,1,4,82.02,1.713
1,2,3,32.82,0.901
2,1,5,27.47,2.243
1,1,3,34.58,0.746
1,1,2,34.82,0.696
2,3,1,57.63,6.044
2,1,3,21.78,3.581
3,1,2,51.76,13.962
2,3,4,33.9,2.609
1,2,4,24.0,0.976
2,1,1,37.6,5.021
1,1,5,25.15,0.642
1,2,2,41.47,1.578
1,2,1,15.24,1.218
2,1,1,15.16,2.438
1,2,1,63.69,1.671
1,3,1,39.15,0.866
1,2,4,30.54,1.06
2,1,1,16.71,4.538
2,2,5,8.95,3.938
1,1,3,34.53,0.641
1,1,2,38.56,0.635
2,2,1,25.84,5.203
1,3,1,19.57,1.008
1,1,2,34.64,0.547
1,2,2,9.52,1.326
2,2,1,21.37,4.916
2,2,3,40.94,8.218
1,1,2,36.81,1.235
2,1,1,46.23,3.628
1,2,1,43.86,2.531
3,3,2,9.87,32.946
1,3,4,19.51,0.714
1,3,2,62.04,1.288
1,3,2,8.83,0.765
1,1,3,24.28,0.405
1,1,5,33.22,0.288
2,1,2,18.59,2.661
2,2,3,57.31,6.176
1,2,1,47.11,1.424
2,3,2,29.41,3.382
2,1,4,46.24,2.396
3,1,4,25.0,14.131
1,1,4,38.41,0.443
1,1,1,41.08,0.827
3,1,1,29.28,18.927
1,1,1,18.06,0.762
1,1,3,7.27,0.343
1,2,2,48.89,1.405
1,1,1,50.91,1.568
1,1,1,18.0,0.678
1,1,4,2.95,0.539
1,3,1,36.71,0.93
1,3,1,35.27,0.884
1,1,1,38.4,0.842
1,1,2,32.29,1.038
1,2,1,31.63,1.461
1,3,1,42.92,1.78
1,2,1,13.32,1.031
2,2,3,29.53,6.548
1,2,4,14.28,1.002
1,2,2,45.27,1.164
1,3,1,32.5,1.175
2,2,2,29.13,4.538
1,1,1,0.45,0.615
2,3,1,40.17,7.872
1,1,1,34.72,0.497
1,1,5,36.35,0.326
1,2,1,34.69,1.149
1,3,1,7.88,1.374
2,2,2,1.61,5.726
2,1,2,30.25,3.841
1,2,1,1.44,1.486
1,2,3,7.64,1.002
2,1,5,43.07,2.646
1,1,1,41.23,0.838
1,3,4,33.32,0.712
1,1,2,45.93,0.792
1,1,2,17.1,0.601
2,2,4,19.67,4.739
1,1,2,36.08,0.616
2,3,3,5.5,3.113
2,3,2,20.39,4.198
1,1,2,23.04,0.619
1,1,3,70.44,2.115
1,3,3,6.72,0.739
1,2,1,64.03,2.308
1,2,1,50.12,1.683
1,2,2,35.25,1.003
2,3,2,35.52,4.713
1,1,2,23.29,0.502
1,1,1,33.61,0.519
1,1,2,55.09,0.842
2,1,1,31.04,5.662
1,1,1,57.65,1.629
3,2,3,9.3,27.481
2,1,1,18.1,4.26
2,1,3,26.36,2.646
2,3,3,60.17,5.549
2,2,3,24.73,5.801
1,1,1,47.31,0.961
2,3,1,21.31,7.139
1,1,1,4.73,0.741
1,1,2,23.42,0.617
3,2,2,15.1,25.431
1,3,2,7.92,0.529
1,2,1,29.28,1.288
1,3,1,5.15,0.888
1,3,4,6.24,0.572
2,3,2,16.47,4.47
2,2,3,68.41,21.019
1,1,1,51.67,0.578
1,1,4,35.47,0.786
1,2,4,44.98,1.648
2,1,2,24.02,4.734
1,2,4,32.68,0.878
2,2,1,32.29,10.081
1,3,3,68.37,0.995
1,1,1,7.38,0.627
1,2,3,5.56,0.658
1,3,3,24.84,0.999
2,3,2,33.28,7.64
1,1,1,51.39,0.866
3,3,1,41.67,22.446
1,3,1,23.68,0.636
3,1,2,37.49,9.883
1,3,1,41.42,1.452
1,1,1,34.02,0.939
1,2,1,36.22,1.537
1,1,3,60.49,1.103
1,1,3,21.43,0.498
1,1,1,37.25,0.447
1,1,3,31.55,0.693
2,2,2,74.16,9.707
2,1,1,11.65,4.5
2,1,2,43.05,4.82
2,2,1,7.54,7.816
3,2,3,46.67,25.038
1,1,2,33.24,0.789
3,1,3,28.03,12.031
1,1,3,28.15,0.834
1,1,1,34.17,0.829
1,3,5,21.41,0.427
1,2,1,42.89,2.728
1,1,2,47.88,0.861
1,3,3,12.72,0.654
2,3,2,68.9,10.338
2,3,2,43.11,4.873
1,2,1,26.93,1.584
1,2,4,51.39,0.581
2,1,1,8.42,3.687
1,1,3,8.5,0.672
1,2,1,23.77,1.39
1,2,1,24.68,0.964
2,1,2,31.72,2.417
1,1,3,31.03,0.458
1,1,2,7.16,0.622
1,2,1,8.89,1.402
1,2,1,24.88,1.256
1,2,1,30.3,1.074
1,1,2,38.99,0.573
2,2,4,31.7,3.868
1,1,1,33.9,0.699
1,1,5,40.23,0.444
1,1,4,38.37,0.385
3,1,1,24.88,28.171
1,1,1,28.94,0.653
2,1,5,33.48,2.056
2,3,1,22.35,5.134
3,1,4,18.03,13.046
2,3,4,50.54,3.987
1,2,1,31.43,1.435
1,1,4,43.43,0.579
3,1,5,42.13,14.61
2,2,2,8.1,5.847
2,1,1,38.43,4.337
3,1,2,46.4,22.07
2,1,5,7.67,1.428
2,2,2,10.22,6.188
1,1,4,32.66,0.504
1,2,3,37.22,1.291
1,1,1,36.27,0.9
2,2,2,21.67,4.082
3,1,1,29.57,20.482
3,2,3,17.48,22.763
1,3,1,41.63,1.312
2,2,1,32.61,6.939
1,2,3,28.17,0.807
1,1,1,4.73,0.758
3,2,1,4.4,25.352
3,2,1,9.07,31.724
2,1,1,19.13,3.72
2,3,4,40.17,3.4
1,2,2,52.38,2.038
2,3,4,37.06,4.632
1,1,5,21.24,0.377
1,1,1,28.43,0.89
2,1,4,32.52,2.445
1,1,2,9.54,0.478
2,1,2,21.82,2.8
1,2,2,25.39,0.92
1,1,1,5.56,0.612
1,1,1,24.23,0.989
1,3,2,33.25,0.602
1,3,1,20.35,1.456
2,2,1,50.6,8.457
1,1,1,7.63,0.732
1,1,1,47.49,1.127
2,2,1,15.75,5.468
2,2,1,23.71,7.823
2,2,2,15.98,4.708
1,3,1,32.27,0.884
2,1,1,51.61,3.146
1,3,4,15.69,0.648
1,2,1,7.82,1.001
1,2,4,35.17,1.091
2,2,1,28.76,5.227
1,1,2,28.78,0.58
3,3,2,4.85,15.738
1,1,2,52.13,1.317
1,1,1,31.8,0.784
1,3,1,40.84,0.891
2,1,2,28.37,5.609
1,3,1,28.08,1.452
2,3,4,39.06,5.184
1,2,1,37.61,1.535
1,3,1,28.9,0.489
2,3,1,7.09,6.04
2,2,2,3.26,4.175
2,2,2,28.0,7.557
1,2,1,69.86,3.105
2,1,1,53.53,7.536
2,2,3,39.7,4.553
3,1,2,22.45,18.594
1,3,2,30.78,0.748
3,2,1,20.78,34.801
2,1,1,11.92,4.205
1,3,1,10.05,0.914
2,3,1,19.98,4.867
1,2,2,22.3,1.322
1,1,1,16.12,0.952
2,3,3,23.94,2.313
1,3,1,26.04,1.134
1,1,1,34.27,0.517
2,1,2,27.13,2.818
3,3,3,12.4,17.791
1,3,1,24.84,0.849
1,3,1,8.08,1.187
1,2,4,9.4,0.747
1,1,2,25.27,0.75
3,2,1,21.08,29.034
1,1,1,7.34,0.79
2,2,3,28.44,4.818
1,1,1,9.45,0.576
3,3,1,33.5,35.324
1,2,1,53.03,3.145
3,1,4,11.7,10.328
2,1,3,17.32,1.793
3,2,2,26.7,31.858
1,3,5,46.12,0.949
2,3,1,24.46,4.323
1,3,2,15.54,0.659
2,1,2,54.29,7.23
2,2,2,13.49,4.533
1,2,1,36.54,1.592
1,1,3,26.85,0.618
1,1,1,4.95,0.547
3,2,2,17.15,21.183
1,3,1,12.37,0.568
1,1,1,17.17,0.76
2,2,2,8.72,4.446
2,1,3,10.93,2.434
1,1,1,43.04,1.276
1,1,5,12.05,0.484
1,3,3,19.14,0.538
2,1,2,55.22,2.165
1,2,4,21.33,0.763
1,1,2,38.88,0.537
2,1,3,43.51,3.108
1,2,4,31.48,0.756
2,1,4,4.59,2.138
2,1,4,8.82,1.727
2,2,4,20.49,4.169
1,1,4,8.16,0.402
1,1,2,40.68,1.061
1,2,2,29.26,1.335
1,2,1,37.15,1.727
1,3,1,11.38,0.821
1,1,1,29.13,0.811
1,2,3,24.51,1.239
1,1,3,39.32,0.592
1,1,2,44.43,0.672
1,3,1,43.13,0.954
2,3,3,19.91,3.499
1,1,4,25.9,0.312
2,1,4,46.27,3.539
2,2,1,34.25,5.926
2,2,1,19.62,5.363
3,3,5,47.96,6.623
3,1,1,38.76,16.501
1,2,2,16.88,1.582
1,1,2,13.0,0.867
2,3,1,14.22,4.908
2,2,3,29.52,7.735
1,2,1,49.73,1.194
3,1,4,5.04,14.837
2,1,4,9.37,3.233
2,1,4,36.93,3.791
1,1,1,20.72,0.557
1,1,5,16.73,0.288
1,1,1,2.44,0.478
1,1,2,22.05,0.664
1,1,4,8.69,0.441
1,2,2,34.17,0.76
2,1,1,58.0,5.312
1,1,1,24.25,0.839
2,2,2,19.7,5.215
1,3,2,71.07,1.758
3,1,2,23.96,11.751
3,1,1,51.83,25.751
2,1,3,51.24,3.719
1,1,1,24.36,0.804
1,1,5,54.7,0.636
1,1,1,33.6,0.979
2,2,3,40.2,5.395
3,2,1,45.6,38.516
1,1,2,11.31,0.448
1,1,3,33.85,0.476
1,1,3,23.61,0.816
1,1,2,42.96,0.942
2,1,1,6.5,3.531
1,1,3,17.71,0.477
2,2,3,28.9,4.857
1,1,4,21.3,0.381
1,1,2,35.65,0.664
1,1,1,28.55,0.569
2,2,4,11.35,3.471
2,3,1,24.66,4.988
2,1,2,34.56,3.849
1,2,2,64.46,2.206
1,1,5,9.59,0.291
2,1,2,34.23,2.034
3,1,2,22.0,11.649
1,2,2,16.12,1.498
1,1,2,14.77,0.484
1,1,1,30.83,0.882
2,3,2,55.3,7.086
1,1,1,8.85,0.611
1,2,2,13.33,0.71
1,1,1,42.56,0.614
2,2,2,6.78,5.734
1,2,2,30.76,1.104
1,1,1,12.47,0.857
2,1,1,24.75,3.354
1,1,1,7.79,0.862
1,3,1,19.26,0.723
1,1,3,53.3,0.776
1,1,4,50.32,0.485
1,1,3,23.98,0.467
1,2,3,37.47,1.175
1,2,5,25.34,0.768
2,2,2,38.78,8.352
2,1,1,46.98,8.323
1,1,1,33.77,0.78
2,3,1,38.23,10.201
1,2,1,24.79,1.435
2,3,1,42.19,6.583
1,2,2,41.84,1.622
1,2,1,12.64,1.302
1,3,1,52.73,0.838
1,2,1,15.34,1.194
1,2,2,22.84,1.457
1,1,1,16.58,0.87
2,1,1,24.06,3.783
1,1,4,21.92,0.301
1,1,1,32.83,0.665
2,1,3,51.9,4.884
1,1,3,21.52,0.468
1,2,3,39.34,1.307
1,2,1,32.45,1.251
1,1,1,35.59,1.021
2,3,4,27.95,4.946
1,2,1,6.53,1.549
1,1,1,13.42,0.632
2,1,1,32.92,3.891
2,3,4,28.35,3.092
2,1,4,66.91,5.491
1,1,1,36.54,0.982
1,1,5,29.71,0.304
3,1,1,32.38,13.203
1,2,2,41.63,1.536
3,2,3,13.58,15.786
2,1,2,39.27,2.981
2,1,2,49.98,2.418
1,3,4,48.26,0.964
3,2,2,32.46,44.153
2,2,1,9.29,7.845
2,1,4,19.94,1.765
3,3,4,15.24,15.73
2,2,1,22.5,6.694
1,1,1,61.08,0.93
2,3,5,25.56,2.392
2,1,1,13.3,2.283
2,1,3,30.88,2.549
1,1,4,36.44,0.674
1,3,2,62.77,1.617
2,1,1,16.12,3.242
1,2,1,44.76,1.02
2,1,1,27.41,3.197
1,3,1,53.22,0.94
2,1,1,40.99,4.603
1,1,1,37.14,0.799
1,2,2,55.26,1.271
1,1,2,76.79,1.571
2,1,2,19.22,3.691
2,3,5,22.64,1.902
2,1,1,19.32,2.952
1,1,2,48.35,0.739
1,1,2,46.42,0.745
2,2,1,6.97,5.156
2,1,4,21.38,1.518
2,3,1,34.38,6.814
1,1,4,2.46,0.352
1,1,3,39.62,0.683
2,3,1,13.19,3.33
1,1,1,30.44,0.846
1,2,1,30.64,1.116
3,3,4,32.26,13.174
2,1,1,49.91,6.379
1,2,1,23.64,1.969
1,2,4,8.76,1.175
2,1,1,28.52,4.247
2,1,2,39.81,4.881
1,1,1,61.59,0.996
1,2,3,51.03,1.382
1,1,1,44.1,1.388
1,1,2,41.54,0.942
1,1,4,25.08,0.641
3,2,3,24.1,26.687
1,3,3,37.67,1.115
1,2,2,18.89,1.207
1,2,2,14.52,0.823
1,1,4,3.3,0.42
1,1,1,38.51,0.666
1,1,1,18.61,0.638
1,2,2,10.29,0.963
1,2,1,29.13,0.806
1,1,2,24.06,0.952
1,2,2,29.19,1.131
3,2,2,18.3,28.078
3,2,2,30.63,79.985
1,3,3,30.64,0.731
1,1,2,61.15,0.612
2,2,2,39.29,7.61
1,1,4,35.54,0.757
2,1,1,6.14,3.779
2,1,1,26.28,4.11
1,1,1,19.38,0.847
1,1,4,60.35,1.261
2,3,1,54.02,7.447
1,2,1,20.74,1.198
2,2,1,50.99,11.709
2,2,3,26.45,5.768
1,3,1,18.82,0.534
1,1,2,26.66,0.644
1,1,1,39.52,0.558
1,2,1,65.29,3.96
1,3,1,44.05,1.196
1,1,5,36.26,0.396
3,2,1,17.36,29.861
2,1,1,6.65,3.258
1,3,2,61.85,1.471
2,2,3,29.7,4.112
2,3,1,30.94,2.72
2,1,1,18.56,2.776
1,1,3,16.93,0.404
1,2,2,73.24,2.404
1,2,1,25.83,1.292
1,1,3,48.06,0.597
1,1,1,18.29,0.382
1,1,2,22.85,0.49
2,2,2,31.59,6.932
3,1,2,23.49,11.349
1,1,2,35.9,0.68
1,2,2,12.14,0.969
1,2,2,14.84,1.084
2,2,3,14.77,4.754
1,2,2,30.35,0.763
2,1,1,11.23,2.348
2,2,4,54.6,4.324
1,3,3,12.38,0.454
2,1,1,41.98,6.918
1,1,1,54.13,0.921
1,1,1,43.41,1.084
2,2,1,24.23,9.581
1,3,2,15.5,1.013
1,1,1,14.58,0.733
2,2,2,32.91,5.369
2,2,2,23.67,6.799
2,1,1,9.83,5.247
1,2,1,28.35,1.297
2,1,3,4.45,2.824
1,2,1,36.7,2.628
1,2,1,37.16,2.3
1,3,2,9.99,1.016
2,1,1,9.91,3.412
2,1,1,24.89,3.795
1,1,1,47.82,1.153
1,1,3,19.22,0.362
2,3,1,12.83,4.497
1,2,2,21.16,0.86
1,2,4,59.94,1.503
1,2,2,37.51,1.597
1,1,2,20.78,0.508
1,1,1,28.43,0.577
2,1,2,37.68,4.046
1,3,1,57.62,1.657
2,1,4,21.25,2.291
2,1,4,24.59,2.592
1,3,3,17.61,0.521
2,3,1,46.95,9.413
2,2,5,47.07,9.21
3,1,2,14.31,18.473
2,1,4,31.25,2.91
1,1,2,46.99,0.852
2,3,1,18.43,4.822
2,3,1,47.76,6.47
2,2,1,20.03,4.47
1,3,2,66.25,0.998
2,1,1,37.11,3.429
1,1,1,20.02,0.894
3,2,5,38.61,22.539
1,3,2,44.17,1.325
1,3,2,28.8,0.727
1,1,1,26.28,0.588
3,3,4,32.15,11.684
2,1,2,16.33,2.905
1,1,5,70.42,0.914
3,1,1,25.41,16.151
1,1,3,11.03,0.869
1,1,1,34.91,0.791
1,2,2,24.9,1.065
1,3,1,11.46,0.757
1,3,5,22.9,0.517
1,1,1,22.28,0.758
1,1,4,31.62,0.379
1,1,2,11.06,0.379
1,1,3,24.03,0.544
1,2,2,19.02,1.044
1,1,2,19.09,0.805
1,1,2,25.24,0.36
1,1,4,20.92,0.47
2,2,1,30.46,9.97
2,3,2,18.31,3.456
1,2,2,21.58,1.304
1,1,1,14.48,0.678
3,1,1,20.85,15.642
2,3,1,58.45,4.82
1,3,1,4.37,0.677
2,3,2,57.49,9.555
1,3,2,15.89,1.493
1,2,2,53.56,1.067
2,3,1,15.29,4.199
1,3,1,47.13,2.123
2,2,1,11.24,6.195
1,1,5,25.45,0.336
1,1,5,19.99,0.237
1,2,3,14.21,1.178
2,2,2,21.54,5.267
1,1,5,35.44,0.533
1,1,3,37.85,0.848
2,1,5,22.75,2.186
1,3,2,19.89,0.529
1,1,4,35.08,0.923
1,3,3,22.09,0.737
1,2,3,32.8,0.997
1,1,4,4.39,0.388
1,1,1,33.9,1.23
1,3,2,36.55,0.733
1,2,1,15.14,1.946
2,3,3,17.25,3.289
1,3,1,67.95,1.195
1,3,1,59.88,1.575
1,2,1,25.8,1.955
3,1,2,18.09,12.633
2,2,1,5.24,5.498
1,2,3,11.96,0.813
2,1,2,30.85,3.714
1,2,1,36.75,2.285
1,1,2,22.2,0.331
1,2,3,24.96,1.199
1,2,2,16.13,1.147
1,2,2,39.47,1.111
1,1,2,11.9,0.487
2,1,2,31.21,4.237
2,2,1,61.61,10.096
2,1,2,57.52,5.653
1,3,3,6.82,0.544
2,3,3,12.48,2.366
1,3,3,44.75,0.858
1,1,1,52.48,1.687
2,3,4,2.22,3.582
1,1,2,25.69,0.911
2,2,1,21.67,4.955
1,3,4,7.56,0.487
1,1,2,51.57,0.603
1,2,4,5.84,0.583
2,2,1,64.69,8.146
1,1,1,10.74,0.615
2,1,2,48.16,5.28
1,1,2,28.1,0.424
2,2,3,9.37,3.595
1,2,2,16.08,0.758
3,3,1,3.79,23.533
1,2,3,13.11,1.224
1,2,3,34.84,1.362
1,1,1,29.62,0.455
1,1,1,19.63,0.643
2,1,1,48.87,4.825
1,1,2,25.9,0.569
3,3,4,60.12,29.332
1,1,2,37.05,0.531
2,2,1,8.09,6.307
2,3,4,31.67,2.702
3,1,3,25.28,16.669
1,1,3,16.45,0.451
2,1,4,15.31,2.799
1,2,1,18.39,1.125
1,1,1,12.2,0.622
2,1,2,31.49,5.907
1,2,4,45.79,1.155
2,1,1,11.14,2.629
1,1,2,1.99,0.657
1,1,4,38.79,0.505
2,1,1,14.27,3.027
1,2,1,14.69,0.788
2,1,3,16.44,3.324
3,3,2,12.56,22.042
1,1,1,38.89,0.97
1,2,2,24.48,1.055
1,3,1,5.58,0.565
1,1,5,19.18,0.671
2,1,1,7.12,3.887
3,2,2,30.42,69.054
1,2,2,28.14,1.025
1,3,1,20.04,0.718
1,3,1,28.03,1.566
1,1,4,23.5,0.478
1,1,1,35.01,1.05
3,1,1,29.44,17.506
1,1,2,3.33,0.329
2,1,1,21.26,3.653
1,1,2,27.16,0.514
2,3,1,35.74,4.529
2,2,2,35.33,4.81
2,1,3,72.12,3.863
1,1,4,21.21,0.385
1,1,1,63.19,1.134
1,1,2,16.61,0.674
1,1,1,32.98,0.671
2,1,2,2.31,2.008
3,1,3,15.6,5.285
2,2,2,15.72,5.153
1,2,3,57.2,1.146
1,1,1,10.15,0.51
2,2,1,29.67,6.992
1,2,4,62.96,0.944
1,1,1,8.42,0.634
1,1,2,12.98,0.765
2,2,3,28.63,4.378
1,1,1,36.97,0.836
3,1,2,42.91,7.283
1,1,2,36.28,0.761
2,1,1,21.59,3.431
2,3,3,49.18,2.946
2,1,2,3.04,3.01
1,1,3,31.91,0.624
1,2,1,28.87,1.388
1,1,1,25.43,0.742
1,3,3,20.45,0.655
1,3,2,40.01,1.164
2,2,3,21.21,4.929
1,1,1,48.57,1.108
3,3,5,22.91,8.542
2,1,1,30.05,4.348
2,1,1,25.43,8.709
2,2,1,20.5,6.062
1,2,1,25.3,1.501
1,1,2,30.81,0.647
1,2,1,36.03,1.562
3,3,1,20.9,22.43
1,3,1,24.71,0.906
1,1,1,31.07,0.689
2,1,2,19.78,3.839
1,3,2,6.09,0.65
3,1,1,5.39,11.418
3,3,1,29.93,16.519
1,1,3,43.23,0.551
2,1,3,17.68,2.275
1,1,5,45.08,0.482
1,1,4,20.64,0.368
2,3,2,39.84,6.138
1,1,1,9.08,0.607
3,3,3,39.31,22.349
3,2,2,30.11,30.887
2,1,4,23.33,3.243
1,2,3,15.41,1.536
1,2,1,20.27,1.168
1,1,1,18.64,0.752
1,2,3,9.48,1.142
1,1,5,17.02,0.351
1,1,2,37.29,0.629
2,2,2,39.93,8.225
1,1,1,13.49,0.755
1,1,2,28.39,0.558
2,2,1,31.4,5.464
1,3,2,46.78,1.386
1,2,2,5.77,0.886
1,1,1,36.19,0.57
1,2,2,33.21,0.709
1,1,3,8.82,0.466
1,2,2,47.21,0.791
1,1,1,23.59,0.86
1,2,1,8.79,0.734
1,3,3,18.49,0.809
2,2,2,18.95,9.646
2,2,1,4.69,3.775
1,1,1,36.51,1.242
3,1,3,23.52,11.755
2,1,1,11.62,3.854
2,1,2,42.64,5.201
1,1,1,5.57,1.062
1,1,1,41.99,0.728
1,1,1,23.19,0.631
1,3,2,11.54,0.579
3,1,2,51.28,14.419
3,2,3,14.87,32.1
1,3,1,38.56,0.972
3,1,2,27.26,16.349
2,1,1,26.5,3.764
2,2,4,23.5,5.477
3,2,2,7.1,23.183
1,3,2,8.63,0.525
1,2,1,19.49,0.691
2,1,3,32.85,4.619
1,1,1,12.21,0.71
2,2,1,5.96,4.377
2,1,1,16.14,2.542
2,1,2,34.08,2.643
1,3,1,11.44,1.24
2,2,1,22.38,6.475
1,1,2,23.11,0.394
2,1,3,39.61,2.675
1,3,4,11.64,0.731
2,2,3,58.03,7.945
2,2,2,10.46,4.086
1,2,4,21.78,1.131
1,1,2,15.97,0.583
1,3,1,12.38,1.023
2,1,1,56.34,5.373
2,2,1,36.42,12.552
2,1,5,43.66,2.294
1,3,3,13.38,0.771
1,2,1,44.03,1.582
1,1,2,28.48,0.783
1,2,1,27.17,0.688
2,1,1,58.54,8.016
1,2,2,25.63,1.169
1,1,1,35.73,1.361
2,1,3,20.99,1.93
1,2,1,35.33,1.383
2,1,2,10.86,2.629
1,2,3,18.39,0.968
1,3,2,30.4,0.787
1,1,3,6.84,0.464
1,1,1,26.6,0.749
2,2,1,35.76,9.706
2,1,1,18.98,2.405
1,1,4,53.99,0.372
1,1,1,23.26,0.865
1,3,3,3.3,0.731
2,2,1,26.86,5.057
1,3,2,23.1,1.066
2,3,1,29.96,4.934
2,2,2,47.7,8.721
2,1,4,18.4,2.447
1,1,2,56.35,0.998
1,2,5,25.93,0.444
1,2,1,18.33,1.172
2,1,2,12.64,2.555
2,2,1,27.56,5.402
1,1,1,58.36,0.968
1,2,2,46.86,0.929
1,1,1,40.57,1.1
1,2,2,25.89,0.749
2,2,1,49.82,9.61
1,3,2,44.73,0.843
3,1,2,12.28,15.185
1,1,1,40.72,1.815
2,1,2,32.35,2.803
1,2,5,2.45,0.671
2,1,2,65.04,9.597
2,3,1,21.99,5.186
1,1,1,18.96,0.689
1,1,3,45.82,1.05
3,1,1,63.88,31.884
2,1,1,12.55,3.675
1,2,1,33.23,1.772
2,3,1,9.63,5.785
1,2,3,36.27,1.032
1,3,3,7.19,0.513
2,1,4,22.19,2.23
3,1,2,27.2,15.212
1,3,1,50.46,1.546
1,1,1,30.76,0.956
1,2,1,28.82,1.456
2,3,1,14.33,4.968
2,2,4,46.62,4.426
3,1,2,44.69,16.956
1,1,1,8.91,0.99
1,3,2,31.35,0.693
1,1,2,12.43,0.632
1,1,5,17.83,0.46
1,1,3,13.56,0.616
1,1,2,38.1,0.711
2,1,5,40.0,2.052
2,2,1,31.75,11.009
2,1,1,29.45,3.837
1,2,2,42.99,0.707
2,3,4,42.3,4.082
1,1,1,31.26,0.52
1,2,5,52.87,1.417
2,1,2,29.08,2.336
2,1,2,26.94,3.492
1,1,1,26.96,0.515
2,2,2,30.06,5.277
1,3,1,48.6,1.616
2,2,2,26.12,8.319
2,1,3,13.68,2.337
2,3,4,14.21,2.98
1,1,2,11.45,0.568
1,2,1,10.91,1.692
1,1,2,16.93,1.009
2,3,1,43.3,4.016
3,3,4,26.9,19.256
2,2,2,21.08,4.168
2,1,2,17.26,2.677
2,1,1,33.47,4.494
2,1,2,47.86,4.015
1,1,1,5.81,0.741
1,2,3,68.18,2.147
1,1,2,5.18,0.606
1,2,3,46.76,1.614
1,1,1,6.13,0.745
3,2,4,16.46,19.404
2,2,2,23.19,5.085
2,1,1,45.46,5.505
2,2,1,36.57,7.163
2,1,2,25.23,3.14
2,1,1,4.29,3.778
1,2,2,19.36,1.058
2,1,1,33.81,3.486
1,1,4,16.03,0.497
2,1,5,32.7,1.99
1,1,1,38.47,0.918
1,1,1,60.49,1.179
1,2,1,44.79,2.277
2,2,4,33.02,3.289
2,1,1,25.89,3.941
1,1,1,53.27,0.802
1,3,4,58.64,0.809
3,3,1,55.06,39.61
1,1,3,10.37,0.607
2,3,4,3.9,3.345
2,3,2,35.05,4.903
2,1,1,18.61,2.523
1,1,3,40.99,0.576
2,1,1,23.6,6.118
3,1,2,39.68,15.153
1,2,1,2.01,1.158
2,2,5,27.65,3.38
1,1,2,8.42,0.432
3,2,4,21.94,15.077
1,1,2,20.9,0.486
1,1,2,18.68,0.687
1,1,2,25.13,0.892
3,1,2,33.58,16.067
1,2,2,48.55,1.498
1,1,3,12.74,0.315
1,3,3,17.93,0.453
2,3,3,35.15,2.549
1,1,2,8.24,0.588
2,3,1,23.09,3.419
2,2,5,26.99,3.348
2,1,1,27.36,3.013
2,1,4,4.21,1.893
2,2,1,18.2,4.536
1,3,3,34.47,0.59
1,1,5,43.99,0.36
1,3,2,20.28,0.921
1,2,1,7.82,1.51
1,1,1,20.7,0.69
1,1,3,62.0,0.54
3,1,1,15.16,13.299
3,2,4,26.42,22.745
1,1,2,38.07,0.902
2,1,2,35.2,4.216
2,1,1,11.19,2.24
3,3,1,13.03,18.898
1,1,1,24.62,0.651
2,1,5,35.25,2.998
1,1,4,14.64,0.508
1,2,4,14.93,0.824
2,1,3,18.72,1.601
1,2,5,66.42,2.053
1,1,1,25.11,0.477
2,3,5,11.75,2.361
1,2,4,66.94,1.707
1,3,1,38.69,0.726
1,1,2,16.95,0.604
2,1,3,22.51,2.715
2,2,3,21.18,7.244
3,2,2,51.33,31.562
1,3,2,13.91,0.73
1,1,1,23.46,1.113
1,2,2,27.17,1.069
1,2,5,12.19,0.391
1,3,3,48.69,0.99
3,3,3,29.93,19.554
1,1,2,58.48,0.526
1,1,2,7.55,0.518
2,2,2,29.18,5.328
2,2,1,35.67,10.168
2,3,3,21.06,2.718
1,1,3,23.21,0.28
1,2,2,25.35,1.191
1,3,1,32.88,1.128
1,1,1,23.41,0.405
1,1,1,52.62,0.923
2,1,3,37.52,2.851
1,1,1,27.66,0.789
1,1,3,4.93,0.504
1,2,1,36.08,1.197
2,2,1,4.11,4.776
1,1,2,32.7,0.649
1,1,2,19.88,0.51
2,1,1,22.56,1.674
1,2,2,6.07,1.293
2,1,3,16.58,3.869
1,1,4,2.2,0.398
2,1,2,31.33,2.177
1,1,5,15.47,0.409
1,3,2,16.6,0.762
1,1,1,29.5,0.813
2,1,3,21.95,1.701
1,1,4,34.97,0.567
2,3,2,13.27,4.064
1,2,2,8.54,0.558
2,2,2,5.02,7.475
1,2,3,31.92,0.859
1,2,1,18.63,1.279
2,3,4,45.26,5.178
1,1,2,55.05,1.699
3,1,1,10.63,23.24
3,2,2,42.59,41.497
1,2,5,9.21,0.721
3,3,3,40.28,12.103
1,2,1,29.49,1.077
2,2,1,25.17,7.503
2,1,2,51.71,3.237
1,3,1,47.1,1.663
1,1,2,46.93,1.061
2,2,4,37.36,3.456
1,1,4,40.6,0.436
1,2,1,34.0,1.891
2,1,2,24.88,1.569
1,1,3,59.91,0.961
1,1,1,35.43,0.924
3,2,1,12.67,27.016
2,2,3,67.48,18.008
2,2,2,26.68,3.722
1,1,1,59.32,1.047
3,1,1,24.19,24.812
1,3,3,38.41,1.046
1,1,2,16.42,0.625
1,1,1,12.79,0.762
2,1,3,54.08,3.868
1,1,1,35.58,0.956
1,3,2,12.97,0.911
1,3,1,6.97,0.956
2,1,3,49.38,3.846
1,1,1,33.01,0.691
2,2,1,40.53,4.575
1,3,2,15.2,0.673
1,2,3,45.66,1.62
1,1,1,10.74,0.883
3,1,4,8.06,7.91
2,3,2,32.51,3.939
1,1,1,9.1,0.619
1,1,1,24.99,0.432
1,3,1,60.0,2.321
1,2,1,39.34,1.163
2,2,3,52.99,9.743
1,1,1,37.05,0.627
3,2,1,17.95,24.397
1,2,1,15.91,1.309
1,1,2,22.1,0.641
1,2,2,46.02,2.782
1,3,2,61.51,1.174
2,3,2,31.85,3.577
1,1,1,29.79,0.724
2,1,3,60.1,3.328
1,2,2,20.0,0.957
1,2,2,9.09,0.799
1,3,1,17.31,0.577
1,2,2,30.83,0.802
1,2,4,22.96,0.727
1,2,3,30.32,1.072
3,1,1,62.8,46.694
2,1,1,31.91,2.986
1,2,5,24.4,0.66
2,2,4,8.61,3.369
1,1,1,29.15,0.675
2,1,4,21.97,2.143
3,1,5,15.58,8.493
1,1,4,17.61,0.523
3,1,3,14.15,10.552
1,2,1,6.21,1.032
1,2,1,13.91,1.889
2,3,2,43.03,4.415
2,1,2,18.73,3.707
1,3,1,16.39,0.601
1,1,1,13.9,0.524
1,2,1,26.65,1.774
1,1,1,32.48,1.03
1,1,2,21.37,0.513
1,1,2,51.88,0.768
3,1,5,3.75,6.615
2,1,1,44.1,5.891
3,1,2,53.55,31.87
1,3,1,36.61,0.797
1,3,3,32.94,0.678
1,1,1,29.45,0.71
2,1,4,21.05,1.653
2,1,1,38.98,3.296
1,3,1,22.77,0.813
2,2,4,14.45,3.308
1,3,4,65.69,1.011
1,1,1,19.52,0.812
1,2,1,12.93,2.155
1,1,5,10.32,0.319
1,1,2,36.06,0.628
3,2,2,10.89,18.585
1,2,2,27.56,0.857
1,3,1,14.04,0.779
1,2,1,17.58,1.742
1,1,1,45.95,1.025
3,2,3,14.02,22.644
2,1,1,18.99,3.436
1,2,3,16.09,0.842
3,1,2,30.93,11.785
1,1,1,31.59,1.268
2,1,4,18.08,2.256
1,2,1,0.97,1.286
2,2,2,27.16,3.595
3,1,1,51.91,17.23
1,1,4,9.02,0.509
1,1,1,67.08,1.334
1,3,1,26.89,0.816
1,3,4,64.55,1.696
1,1,3,23.35,0.366
1,3,3,23.21,0.453
1,1,5,11.9,0.583
1,1,1,0.64,0.765
3,2,1,59.76,62.51
1,3,1,38.31,0.896
1,1,2,53.52,1.653
1,2,2,6.16,1.088
3,1,2,41.47,15.047
1,1,1,27.64,0.437
1,2,4,36.81,0.697
1,1,2,28.86,0.443
1,2,1,12.16,0.939
3,1,1,8.63,15.517
1,2,2,52.88,1.243
1,2,2,41.81,1.104
1,1,2,44.72,1.089
1,1,2,26.49,0.739
1,1,4,25.27,0.279
1,1,3,28.86,0.747
2,1,2,11.19,1.987
1,2,4,17.22,0.554
1,1,4,54.61,0.34
1,3,3,21.88,0.72
2,3,1,33.86,6.119
1,2,1,38.42,1.323
2,3,1,31.84,5.966
2,3,1,65.91,7.054
3,2,5,24.01,17.957
1,1,2,4.62,0.519
3,3,1,12.01,18.838
2,1,2,36.33,3.121
2,1,2,21.75,4.678
1,2,2,22.41,0.902
1,1,2,33.55,1.127
1,1,2,21.14,0.821
2,2,4,12.91,3.642
3,1,4,2.3,6.479
1,3,3,29.64,0.888
3,3,1,14.91,27.672
1,2,5,6.96,0.431
3,1,3,3.06,10.753
1,1,3,38.23,0.454
2,2,2,81.73,7.875
1,1,2,55.82,1.27
3,1,3,43.78,13.706
1,1,1,32.36,1.233
1,2,2,28.35,1.432
2,3,2,22.18,3.227
1,3,1,27.42,0.785
1,1,4,29.2,0.238
1,1,2,33.78,0.995
2,2,3,42.42,7.032
3,1,3,55.6,14.541
1,1,2,25.28,0.646
2,2,3,58.42,5.425
1,1,4,56.32,0.602
2,1,5,50.63,2.45
1,1,3,2.55,0.577
1,1,2,12.84,0.636
1,1,2,9.41,0.547
1,3,2,26.87,0.866
2,3,1,17.23,3.579
1,2,1,13.4,1.066
3,1,5,42.91,8.317
2,1,5,24.89,1.638
2,2,1,7.98,6.905
2,1,2,48.07,5.009
3,1,2,32.31,13.293
2,2,1,3.2,5.037
2,1,4,31.65,3.116
1,3,1,46.17,1.211
2,1,3,25.02,2.944
2,1,5,29.9,2.158
1,2,3,66.14,1.386
1,2,1,26.86,1.36
1,2,1,15.4,1.103
2,1,3,16.89,2.857
2,2,1,7.84,7.279
1,2,3,28.26,0.928
1,3,4,35.33,0.914
3,1,3,35.78,15.783
1,1,4,38.36,0.505
2,1,5,39.34,2.003
1,2,4,18.24,0.84
1,1,2,20.67,0.582
1,3,1,50.16,0.756
1,1,1,37.68,0.68
1,1,1,30.74,0.687
1,1,1,21.22,0.73
2,1,3,45.39,4.204
3,3,1,41.06,32.261
2,2,5,14.52,4.179
1,1,2,42.63,0.676
1,3,1,28.01,1.065
1,2,2,42.15,0.837
2,2,1,24.08,5.111
1,1,1,11.35,0.812
2,3,2,33.89,5.184
2,2,2,6.15,3.558
1,1,3,33.81,0.721
1,1,1,51.87,2.569
2,1,2,52.36,5.041
2,1,2,31.83,2.296
1,1,2,32.95,0.654
2,1,4,23.64,1.933
1,3,4,68.61,2.461
3,2,2,52.07,46.541
1,2,1,19.19,1.876
2,1,4,18.58,2.137
1,1,1,38.47,1.404
3,1,3,32.66,9.945
2,3,3,20.65,3.104
1,2,1,55.57,1.192
1,1,3,49.86,0.612
1,1,1,17.82,1.108
2,1,4,14.71,2.718
2,1,3,27.66,4.589
1,2,2,31.45,1.776
1,1,1,8.99,0.892
2,1,4,54.97,4.174
2,2,4,28.62,5.988
1,1,5,25.52,0.418
2,1,4,14.82,2.823
1,3,2,63.93,1.386
1,3,4,19.42,0.673
3,3,2,37.05,16.239
2,1,3,13.38,2.647
1,3,1,58.53,1.541
1,1,3,23.0,0.654
1,1,1,16.94,0.681
1,1,1,18.06,0.597
3,1,1,12.91,17.656
1,1,1,45.35,1.38
1,1,1,48.12,0.902
2,1,2,12.64,2.745
1,1,3,26.09,0.513
1,1,3,19.03,0.499
2,1,1,37.08,3.068
1,3,1,40.73,1.227
1,1,2,12.71,0.865
1,3,2,34.77,1.028
3,3,1,25.27,30.61
2,2,1,25.44,6.576
1,1,2,8.1,0.503
1,1,1,22.71,0.64
2,3,4,52.95,2.669
1,3,1,29.12,0.981
1,2,1,30.74,1.427
1,3,3,7.06,0.806
1,2,1,41.86,2.199
3,2,1,5.49,25.847
1,1,1,12.52,0.693
1,1,1,14.21,0.79
2,1,1,46.69,6.765
2,2,1,20.96,7.368
1,1,4,11.76,0.364
2,2,4,15.66,2.918
2,1,5,8.82,1.839
1,1,4,8.1,0.388
2,3,4,8.62,2.495
2,1,2,12.14,2.815
1,1,3,20.38,0.581
3,2,1,34.01,24.518
3,1,1,30.35,19.509
1,1,1,33.57,1.16
1,1,3,9.45,0.596
3,3,2,41.04,29.079
1,2,2,10.16,0.972
1,3,3,21.46,0.782
2,1,1,29.34,4.589
2,2,1,31.61,12.86
1,1,3,8.6,0.455
1,1,2,35.82,0.808
2,2,4,45.52,7.487
3,3,2,38.25,14.575
1,3,1,17.46,1.282
1,3,3,26.11,0.461
1,3,1,19.78,0.698
1,3,2,2.84,0.741
1,1,2,26.72,0.585
2,1,3,3.79,4.151
1,1,4,16.48,0.289
2,1,1,19.68,5.618
2,3,3,42.45,5.399
2,1,3,52.92,5.323
1,1,3,76.72,2.541
2,1,2,17.2,1.99
1,2,1,19.0,1.469
1,1,4,42.96,0.728
2,1,2,5.91,3.235
2,1,1,62.81,13.113
2,1,2,27.32,3.09
1,1,2,6.89,0.566
2,2,3,27.49,5.738
1,3,3,26.73,1.11
2,1,2,11.18,2.468
1,3,1,46.02,0.857
2,1,2,22.39,2.076
3,3,1,35.04,25.473
1,2,1,4.96,1.137
2,3,1,37.14,8.323
2,1,3,12.51,2.601
1,1,1,14.02,0.692
1,1,2,29.98,0.808
1,1,1,50.26,0.977
1,2,1,19.46,1.141
1,2,1,9.35,1.288
2,2,2,24.22,8.996
1,3,5,64.17,0.302
1,1,2,25.71,1.051
2,1,3,11.64,2.592
2,1,3,0.81,2.426
1,2,1,79.59,1.868
2,1,1,13.47,3.076
1,1,3,48.59,0.672
2,2,5,11.37,1.96
1,1,3,19.04,0.511
1,3,4,32.56,0.655
3,3,2,12.35,25.836
1,3,3,45.77,0.762
1,1,5,40.34,0.577
1,2,2,47.38,1.65
1,1,1,21.38,0.574
2,3,3,18.91,3.538
1,1,2,52.03,1.114
1,2,1,6.65,1.029
2,1,4,40.92,2.619
1,2,2,36.98,1.24
1,2,1,27.71,1.895
1,1,2,51.19,1.417
2,1,2,49.71,4.433
1,1,3,59.21,0.802
2,3,2,35.74,4.298
2,1,1,49.76,6.739
1,1,2,37.29,0.947
2,1,1,25.71,3.87
3,2,2,31.18,20.518
2,2,3,26.71,5.983
2,3,1,43.22,10.653
1,1,1,29.06,0.76
1,1,2,16.44,0.564
2,1,2,39.01,2.327
1,2,1,35.14,0.995
1,3,2,47.7,1.147
1,1,4,13.82,0.542
1,2,2,45.22,1.565
2,2,1,28.39,8.118
1,3,2,11.06,0.703
2,2,2,35.55,4.648
1,1,3,49.79,0.699
1,2,1,15.14,0.818
1,1,5,3.36,0.39
1,3,1,40.2,0.737
1,1,4,30.69,0.383
1,1,1,44.56,1.052
1,2,1,3.96,0.995
2,2,1,8.52,5.129
3,1,4,11.55,7.896
2,2,2,28.4,7.721
1,2,1,26.79,1.216
1,1,1,8.72,0.562
1,2,1,20.04,1.43
1,1,2,63.88,1.014
1,3,1,18.19,1.475
1,3,5,54.27,0.838
2,2,3,60.79,13.878
1,2,1,7.78,1.321
1,2,1,33.61,2.108
2,3,1,5.3,4.177
2,1,2,35.61,2.693
2,1,2,9.91,4.942
1,1,1,21.18,0.585
2,1,1,13.01,2.517
3,1,1,21.06,15.933
1,3,3,11.59,0.711
1,1,1,9.68,0.763
1,1,1,20.85,0.775
2,2,2,44.76,7.169
1,1,2,11.92,0.603
2,1,1,38.05,3.082
1,3,1,16.78,1.068
1,1,3,33.78,0.493
1,1,1,44.86,2.153
1,2,1,32.62,0.948
2,1,4,17.57,1.851
1,1,1,17.91,0.674
1,2,1,23.7,1.021
2,1,4,34.76,2.822
1,3,1,28.05,1.087
1,1,2,45.81,0.851
1,1,5,20.82,0.601
3,2,1,6.2,31.539
1,3,1,36.42,1.074
1,1,1,12.87,0.55
2,2,1,39.97,4.899
1,2,1,29.91,1.436
1,3,1,37.52,1.208
1,1,5,26.41,0.273
1,3,1,29.61,0.854
2,1,4,3.18,1.77
1,3,2,44.14,1.642
2,1,1,20.54,3.936
1,2,1,19.33,1.06
2,1,1,18.98,4.481
1,1,1,67.65,0.758
1,1,3,30.08,0.514
1,2,4,34.16,0.871
2,1,1,41.4,3.821
2,3,3,19.21,4.01
1,1,2,28.69,0.521
2,1,1,23.21,2.725
3,1,2,34.85,14.182
3,3,3,36.15,30.75
1,2,2,58.22,2.274
1,2,1,11.07,0.858
2,3,2,49.81,6.374
1,1,1,19.12,1.096
2,1,4,25.96,4.263
1,1,3,25.17,0.886
2,1,1,33.39,3.583
1,1,5,52.71,0.525
2,1,3,46.96,2.746
2,3,2,26.32,5.309
1,2,3,12.35,0.721
1,3,1,18.68,0.522
1,2,1,47.56,1.577
2,2,3,36.22,6.46
1,2,1,48.86,2.133
1,2,2,10.02,2.082
1,1,2,23.43,0.678
2,2,1,20.68,6.918
1,3,1,13.11,0.672
3,2,1,17.61,28.43
2,2,1,66.04,8.005
2,3,2,61.99,16.858
2,1,2,6.65,2.956
1,1,4,20.03,0.496
1,2,5,42.68,0.591
1,1,1,38.26,0.749
1,2,1,60.48,2.172
1,2,1,59.69,2.734
2,1,5,56.15,3.12
1,2,1,17.69,1.381
1,1,1,8.16,0.99
1,1,1,8.98,0.698
1,1,2,36.31,0.612
1,1,1,47.74,1.217
1,3,3,48.43,1.635
2,2,2,26.3,5.584
2,1,2,8.89,3.008
1,3,1,26.34,0.761
2,1,3,17.08,1.494
1,2,4,35.28,0.806
1,2,1,29.63,1.685
1,3,3,24.73,0.76
1,2,1,12.37,0.99
2,2,2,33.86,8.746
2,1,2,30.64,2.918
2,1,2,39.97,3.445
1,1,1,21.4,0.944
1,2,2,44.6,1.525
1,3,3,54.31,1.885
1,1,3,4.5,0.461
1,3,2,10.71,0.542
1,1,1,65.84,1.521
1,3,1,46.74,1.454
1,1,1,16.31,0.63
1,1,5,29.72,0.336
2,2,1,41.53,8.201
2,3,3,38.34,4.16
2,1,2,34.01,4.101
3,2,1,13.66,25.273
2,3,1,63.61,8.746
2,1,4,33.46,2.831
2,1,3,13.88,2.183
2,2,4,1.36,4.017
1,1,2,48.48,0.634
1,1,2,54.13,0.769
1,2,3,19.18,0.963
1,1,3,15.54,0.716
1,1,2,23.59,0.511
3,3,1,35.17,31.185
2,1,1,32.88,3.397
1,1,4,3.51,0.329
1,2,1,23.36,1.171
2,2,1,33.25,5.753
2,2,3,22.82,4.268
2,3,1,73.25,9.073
1,1,1,28.13,0.685
2,1,1,26.45,5.092
3,1,2,22.64,22.356
2,1,1,45.89,4.066
2,1,1,24.41,3.211
1,1,1,36.52,0.908
3,1,2,14.53,9.099
1,3,1,31.03,1.426
1,1,3,36.11,0.372
2,1,1,31.31,4.512
1,1,2,40.45,0.706
2,1,1,41.45,3.567
2,1,2,28.54,4.228
1,3,2,24.64,1.164
2,1,1,23.49,3.291
2,1,2,17.1,2.946
2,1,1,12.53,4.755
1,2,1,17.81,1.272
1,2,4,8.95,0.845
1,1,1,27.07,0.459
2,1,1,20.3,2.847
2,1,1,6.04,3.249
1,1,2,49.76,0.807
1,1,1,25.66,0.753
2,1,5,34.08,2.235
2,1,5,9.84,1.858
1,1,2,22.27,0.841
1,1,2,32.82,0.764
1,1,4,39.71,0.501
2,1,1,57.75,7.347
1,1,5,52.02,0.619
2,3,2,29.63,5.208
1,1,2,58.88,0.714
1,2,3,42.66,1.758
1,1,1,24.7,0.545
1,3,1,13.05,1.196
1,2,3,16.37,1.15
1,3,1,30.95,0.756
1,1,3,24.72,0.558
2,2,4,19.86,3.762
1,1,1,24.36,0.607
1,1,2,8.17,0.688
1,3,2,25.24,0.876
1,1,3,17.15,0.365
2,2,2,39.28,6.069
2,2,3,11.93,4.086
2,1,3,21.98,1.641
2,1,2,4.2,2.543
1,3,1,55.63,1.692
1,2,2,13.81,1.201
1,3,4,37.21,0.499
1,2,3,14.32,1.446
1,1,2,28.3,0.595
2,1,1,21.21,3.979
2,1,1,31.55,3.388
1,3,1,40.93,0.599
1,1,5,26.51,0.515
2,1,1,52.84,5.07
2,3,4,37.49,3.302
2,1,5,23.79,1.642
1,2,1,24.04,0.919
1,2,1,35.28,2.329
2,1,4,3.5,1.906
1,1,1,48.11,0.753
1,3,3,32.48,0.67
1,1,2,44.98,0.656
2,2,4,5.48,3.641
1,2,1,1.59,1.033
1,1,1,19.66,0.832
1,2,2,21.45,0.907
1,2,3,58.92,1.315
2,1,1,14.22,3.065
3,3,1,21.55,22.439
1,3,2,15.61,1.239
1,2,2,39.23,1.245
2,1,1,3.75,3.543
2,1,2,14.61,2.482
2,3,2,15.98,5.319
1,1,1,19.24,0.632
1,1,1,41.73,0.628
3,1,1,31.41,12.485
1,3,2,44.82,1.109
1,1,3,15.04,0.32
2,1,3,61.81,5.467
2,2,3,27.72,4.133
1,3,2,1.38,0.755
3,2,2,23.48,25.491
1,3,3,6.5,0.658
1,1,1,56.93,0.664
1,3,1,40.89,0.794
1,1,1,29.42,0.944
1,1,5,24.11,0.298
1,3,4,45.1,0.967
1,1,2,3.18,0.562
1,1,1,39.46,1.109
1,2,1,16.68,1.471
3,2,2,18.96,26.48
1,1,3,15.39,0.332
2,3,3,22.72,3.022
1,2,2,33.63,2.468
1,3,1,53.91,1.172
1,3,2,62.72,1.525
3,2,1,21.0,35.784
1,2,1,50.28,1.597
1,1,4,25.6,0.296
1,2,1,44.64,1.312
2,3,4,47.71,6.83
1,1,1,24.79,0.626
1,1,1,65.01,1.831
1,2,3,38.13,0.89
2,1,1,17.93,2.861
2,1,1,50.95,6.151
3,3,2,23.9,23.531
1,1,1,23.5,0.873
1,2,3,38.37,1.544
1,1,2,46.29,0.744
2,1,1,50.71,4.771
2,1,2,43.13,3.599
2,3,2,39.44,4.684
1,1,3,63.07,1.681
1,1,1,37.35,0.711
1,2,1,32.08,1.584
1,3,5,17.77,0.518
1,2,1,47.66,1.553
1,2,1,32.05,1.385
1,1,1,11.96,0.385
1,2,3,4.57,0.753
3,1,1,58.28,28.281
3,1,1,4.84,10.624
2,2,1,39.58,7.57
2,3,1,30.23,4.534
1,3,5,67.84,1.471
1,1,2,40.66,0.532
1,3,5,23.73,0.509
1,1,3,36.11,0.759
2,1,5,17.22,1.64
1,2,1,6.82,0.816
3,2,2,25.19,24.218
2,1,2,10.58,2.493
1,2,2,14.23,1.134
2,1,1,26.16,3.533
2,3,2,58.3,8.544
1,2,3,24.54,1.059
1,3,4,30.0,0.791
1,2,3,47.09,0.971
1,3,1,38.12,0.827
2,3,1,47.3,7.623
1,1,2,27.28,0.632
2,1,4,33.15,4.776
1,1,1,22.5,0.724
3,1,1,19.59,17.752
1,1,2,20.94,0.495
2,3,1,28.7,3.732
1,2,3,20.42,0.875
2,2,3,29.84,3.205
2,1,2,63.32,5.112
1,3,1,59.26,0.681
1,1,3,38.63,0.605
3,2,1,36.46,22.478
3,3,5,22.89,11.173
2,1,2,44.78,4.295
1,3,2,53.87,1.013
1,2,1,33.47,1.393
1,2,2,67.13,2.496
2,1,4,17.48,3.724
1,2,1,50.08,1.509
1,3,1,11.26,0.616
3,1,4,15.52,8.936
2,1,1,38.0,3.852
2,1,1,5.69,3.157
3,3,1,36.24,31.943
1,2,1,23.97,0.983
1,2,1,24.51,1.226
3,1,3,7.56,12.09
3,1,5,74.23,39.775
1,2,1,7.86,0.842
1,1,1,32.81,0.655
1,2,1,11.99,1.356
1,1,3,7.32,0.466
1,2,2,45.03,0.749
1,1,1,2.37,0.467
2,3,3,14.38,4.934
1,3,2,16.47,0.631
2,1,2,28.7,3.945
1,1,1,23.74,0.718
1,1,1,23.53,0.585
2,2,1,30.38,11.12
2,2,1,22.17,5.543
2,2,4,22.91,3.544
2,2,1,27.62,4.943
2,1,2,13.56,2.227
2,2,3,25.81,4.112
2,3,1,34.36,5.961
1,1,1,28.98,0.815
2,1,1,48.99,5.067
1,1,2,32.01,0.517
3,2,1,20.3,25.086
1,3,1,19.66,0.802
1,1,5,23.17,0.48
1,1,2,41.34,0.711
1,3,1,31.82,0.873
1,2,1,6.96,1.363
1,1,5,35.11,0.225
3,2,2,57.24,28.717
1,1,1,30.9,0.732
3,2,1,22.66,31.625
2,1,3,7.79,3.149
1,2,2,19.35,0.888
1,1,2,24.04,0.573
3,1,1,18.64,19.596
2,2,3,31.76,7.493
1,3,1,21.8,0.683
1,2,1,72.5,1.895
1,1,4,57.96,0.967
2,1,1,14.48,3.661
1,1,2,29.5,0.795
1,2,1,13.74,1.943
1,1,1,36.41,0.874
1,1,2,27.51,0.713
1,3,1,31.85,1.35
2,2,3,52.15,14.363
2,1,1,17.5,3.664
2,2,4,12.32,3.449
3,1,2,32.89,19.304
2,2,1,27.89,7.548
1,3,1,18.27,0.646
1,2,1,16.73,1.169
2,2,5,44.32,5.464
2,1,1,66.02,11.016
3,1,1,39.28,18.014
1,1,3,16.88,0.469
1,1,1,11.52,0.64
2,3,1,30.65,7.288
2,2,1,22.4,4.343
1,1,3,34.86,0.429
1,1,1,61.56,1.351
2,1,5,45.75,2.894
1,2,1,42.95,1.643
2,1,1,16.8,1.685
3,2,1,15.3,39.492
1,1,1,54.3,2.02
1,2,1,5.91,1.404
3,1,3,13.99,11.617
1,1,3,30.72,0.512
1,1,2,8.94,0.602
1,2,3,25.81,1.147
2,2,2,21.91,5.391
1,1,1,55.71,1.286
2,1,1,17.53,2.313
1,1,2,2.19,0.702
1,1,4,8.37,0.343
1,2,1,39.31,2.165
1,1,2,24.1,0.9
2,1,4,31.17,1.964
1,1,1,7.87,0.594
2,2,1,22.22,8.031
1,2,2,27.75,1.154
1,1,1,21.11,0.671
1,2,2,41.19,1.26
2,2,2,31.75,10.427
2,1,4,17.58,1.431
2,2,1,27.8,7.562
1,1,3,32.9,0.42
3,1,1,40.28,13.121
2,3,3,19.75,3.169
3,2,1,8.14,30.735
1,1,5,54.5,0.478
1,2,2,23.14,0.875
2,1,5,46.63,2.17
1,1,3,17.89,0.468
2,2,2,37.2,5.667
1,1,4,2.13,0.622
1,1,2,1.3,0.786
1,1,1,28.06,0.524
1,3,2,64.14,3.84
1,1,1,16.28,0.637
3,2,1,43.43,46.389
1,1,4,15.06,0.347
1,2,2,68.15,1.319
1,2,3,18.68,1.113
1,3,4,38.95,0.506
1,3,1,25.3,1.124
1,1,2,38.61,0.75
1,3,1,17.05,1.249
1,1,2,34.18,0.883
2,1,1,2.23,2.546
2,2,2,35.37,10.263
2,2,3,13.76,4.069
1,2,2,6.14,0.877
1,1,2,62.58,0.575
1,2,1,6.33,1.107
1,1,2,27.2,0.798
2,1,1,13.31,4.045
1,2,2,12.72,1.052
1,2,2,12.78,1.385
2,1,5,21.44,1.728
1,2,1,41.08,1.425
1,3,1,38.46,0.801
3,1,2,36.36,14.097
1,1,2,58.97,0.853
2,1,1,11.41,3.219
1,1,2,41.62,1.278
3,1,4,8.03,11.292
2,1,3,14.34,3.295
1,1,1,41.79,1.659
3,1,1,44.43,21.164
1,3,1,44.47,1.837
2,1,1,15.57,3.589
2,2,1,39.65,10.471
1,2,1,8.72,0.82
1,3,3,31.51,1.387
1,1,4,34.21,0.568
1,3,3,5.46,0.614
1,2,2,50.32,1.055
1,1,2,81.67,2.268
2,3,5,42.33,3.338
3,3,2,19.37,17.527
1,3,1,39.26,1.119
2,1,1,26.51,2.61
1,3,1,13.1,0.67
3,2,1,26.76,33.787
2,1,1,35.57,5.246
3,1,4,32.58,13.72
2,1,3,25.53,2.907
1,2,1,28.19,1.075
1,3,1,25.97,1.585
1,1,1,37.48,0.961
1,1,5,31.44,0.241
1,2,5,37.89,0.712
1,1,2,14.73,0.536
2,2,3,20.79,3.528
2,1,1,58.66,4.733
1,1,2,15.61,0.684
2,1,1,31.22,3.617
1,2,1,37.74,1.276
1,1,2,62.02,1.12
1,1,2,34.29,0.662
1,1,3,5.78,0.517
1,3,2,35.59,0.955
1,2,1,14.75,1.202
1,1,1,31.87,0.9
1,2,3,22.03,0.747
1,2,2,17.42,1.941
2,3,1,27.16,5.84
1,3,1,20.48,0.861
1,2,2,36.52,0.973
1,1,1,42.67,0.681
1,2,3,38.29,0.966
1,1,1,4.08,0.629
1,2,4,46.23,1.63
2,1,1,39.03,6.903
2,2,2,25.62,5.507
3,1,3,33.81,14.824
3,1,2,33.58,21.951
1,2,1,45.54,1.839
1,3,2,25.95,1.392
1,2,2,35.51,1.287
1,3,4,18.89,0.717
1,3,1,16.16,1.091
1,1,3,14.43,0.569
3,2,1,12.29,31.788
1,3,2,23.53,1.35
3,1,4,14.86,8.856
3,2,5,2.71,14.728
1,1,1,5.31,0.529
1,1,1,50.38,1.481
1,1,1,6.39,0.628
1,1,2,46.76,0.787
2,3,2,22.99,4.304
3,1,3,31.89,21.485
1,1,4,53.3,1.019
1,3,1,52.8,2.245
2,1,1,14.17,3.418
1,2,3,31.81,1.101
2,3,3,27.19,2.792
1,3,1,26.8,1.155
1,3,1,5.28,0.966
1,3,1,16.79,1.341
1,1,2,28.02,0.994
1,3,2,34.51,0.838
1,2,2,14.16,0.778
1,1,2,33.02,1.046
2,3,1,2.24,5.353
1,1,2,47.22,0.735
2,1,1,38.04,3.636
1,1,3,10.48,0.579
2,1,5,38.88,1.159
1,1,2,32.9,0.774
2,1,2,55.82,5.48
1,3,1,26.83,1.179
1,3,1,13.42,0.745
3,1,1,18.05,11.366
1,2,1,73.78,2.02
2,3,2,20.73,3.705
2,1,4,21.77,2.141
1,1,1,25.04,0.749
1,1,1,70.28,1.351
2,1,3,24.55,2.44
3,1,4,3.88,8.695
1,3,2,19.71,0.656
2,1,2,29.62,2.695
2,1,1,21.7,2.719
1,1,3,31.82,0.403
2,1,1,36.39,4.027
1,1,2,3.88,0.615
1,1,3,26.14,0.366
3,2,3,40.33,37.997
2,1,2,17.37,2.56
1,1,1,23.19,0.736
2,3,1,23.89,3.999
1,3,1,34.12,1.124
1,2,2,15.35,1.103
1,1,2,8.33,0.686
1,3,3,33.95,0.997
1,1,1,47.6,0.985
1,1,2,35.08,0.791
2,2,1,13.7,7.768
2,2,1,25.94,8.118
1,1,2,34.1,0.698
1,2,3,32.96,0.765
3,3,2,8.71,15.935
1,1,2,31.12,0.628
1,2,4,18.62,0.79
1,1,1,71.76,1.108
3,2,1,63.51,45.26
1,1,2,62.85,1.95
3,1,1,60.34,25.659
3,1,3,40.59,20.462
3,2,2,34.01,44.44
2,1,2,59.52,4.534
2,1,2,51.0,3.289
3,1,1,15.47,19.024
1,1,1,42.72,1.129
2,1,1,25.11,5.294
1,2,1,54.85,1.722
1,3,1,19.33,1.177
1,1,5,25.69,0.376
3,2,2,38.5,35.496
1,1,2,33.78,0.565
1,1,1,59.33,0.817
2,2,2,11.0,5.218
2,2,2,15.12,4.813
1,3,1,48.45,0.982
1,1,2,43.95,1.26
2,1,1,50.03,5.897
3,3,3,41.52,18.08
3,3,1,61.69,47.139
1,1,1,25.99,1.354
1,1,2,72.34,1.314
2,2,1,3.92,5.445
1,1,2,19.67,0.422
2,2,5,67.06,10.731
2,1,1,37.29,4.313
1,1,2,42.33,0.648
2,1,1,9.82,2.929
1,2,5,25.71,0.571
3,2,2,28.55,55.537
1,3,2,20.09,1.258
2,1,2,43.52,5.538
1,1,3,16.55,0.558
1,3,1,50.65,1.716
1,2,4,13.58,0.665
2,3,1,32.46,5.513
3,3,3,29.11,15.756
2,1,1,29.2,3.387
2,1,1,23.98,4.87
1,1,3,17.68,0.509
3,2,1,69.37,73.338
1,2,2,27.74,1.196
2,1,4,7.54,1.987
1,2,3,36.67,0.892
2,1,2,41.35,4.339
1,1,1,14.86,0.843
1,1,1,3.71,0.59
1,1,1,21.95,0.567
1,1,1,22.66,0.81
1,2,2,29.76,0.773
3,3,1,12.64,22.205
2,3,1,31.07,8.602
3,1,2,19.43,8.367
1,3,2,38.58,0.696
2,1,5,69.77,3.713
1,2,1,27.22,1.557
3,2,2,36.0,35.781
1,1,2,12.32,0.475
1,1,3,40.07,0.85
1,1,4,65.94,0.635
1,1,1,26.27,0.726
2,3,3,16.18,3.001
1,3,4,17.87,0.533
2,1,2,25.55,3.666
1,2,3,20.48,0.82
1,3,1,46.43,1.529
3,1,4,44.05,16.445
2,2,5,32.05,3.734
3,1,3,50.02,14.666
1,1,1,18.27,0.883
2,2,1,32.01,8.296
2,1,1,15.52,4.062
2,3,1,32.77,3.238
1,3,2,54.68,1.535
1,1,1,18.89,1.013
1,1,2,6.25,0.601
2,1,4,13.11,3.341
2,1,2,14.31,2.477
2,1,1,77.83,6.118
1,2,2,9.11,0.96
2,1,2,58.87,4.2
1,1,1,23.63,0.688
2,2,4,1.62,3.415
1,1,5,52.9,1.019
2,2,3,7.1,4.15
1,3,2,39.75,0.772
1,1,1,11.27,0.639
1,2,2,68.21,1.198
1,3,1,2.05,0.711
1,1,2,28.32,0.514
1,2,1,25.11,1.773
1,1,1,60.23,1.075
3,1,5,9.68,10.258
1,2,1,17.07,1.295
1,3,2,31.56,1.151
1,3,3,13.3,0.535
2,3,2,22.03,5.009
1,3,3,35.98,1.001
2,1,1,46.22,5.398
3,2,4,13.98,22.568
1,2,1,5.29,1.294
1,1,2,10.86,0.744
1,1,1,29.8,0.792
3,1,2,20.44,23.778
1,2,2,45.05,1.547
1,2,2,51.61,1.565
3,3,2,36.45,23.334
2,1,1,59.1,11.944
1,2,1,19.94,1.509
1,1,4,12.29,0.295
1,3,3,33.25,0.795
2,1,2,37.16,3.082
1,1,4,17.82,0.548
1,1,1,9.82,0.63
3,1,1,16.09,17.468
2,1,5,17.58,2.1
1,1,2,51.38,1.153
3,1,4,11.85,12.495
2,2,2,13.12,5.364
3,1,2,19.73,16.592
1,2,3,24.19,0.898
1,1,2,2.34,0.526
2,1,2,10.73,2.391
1,2,2,29.23,1.178
1,3,1,24.68,0.975
2,1,2,31.2,4.128
2,1,3,14.99,3.454
1,1,2,29.61,0.675
1,1,2,12.08,0.526
2,1,5,35.45,2.269
2,2,2,4.63,5.76
1,1,2,30.97,0.587
1,1,4,37.01,0.454
1,1,3,29.71,0.272
2,2,2,22.88,6.582
2,3,3,40.41,3.459
2,1,2,32.69,2.117
1,2,2,29.34,1.221
1,1,2,15.02,0.276
1,1,2,10.1,0.409
1,1,2,31.36,0.558
1,1,1,31.69,0.54
1,3,1,42.46,1.593
1,2,4,32.19,0.886
3,2,1,18.84,33.553
1,1,2,27.39,0.856
2,3,1,27.72,4.298
2,1,3,12.77,1.478
2,1,5,28.33,4.033
1,3,1,65.95,1.877
1,2,3,17.62,1.007
2,2,3,8.94,3.532
1,3,3,16.4,0.578
1,1,3,37.74,0.878
2,1,1,15.7,3.943
1,1,1,23.86,0.622
1,1,2,23.13,0.942
3,3,4,74.12,28.263
1,1,2,14.76,0.847
1,1,4,53.85,0.791
1,2,1,47.34,2.794
3,3,1,14.16,25.316
3,2,4,8.35,22.686
1,1,5,27.18,0.336
1,1,2,25.21,0.819
2,2,2,13.58,5.0
1,2,2,41.97,0.871
1,1,1,34.63,0.505
1,3,3,3.13,0.78
1,2,1,38.35,1.094
2,2,1,60.02,10.643
1,1,1,25.64,1.006
1,1,5,42.68,0.777
1,2,2,33.77,0.706
1,1,3,44.87,0.513
3,1,1,54.93,40.982
1,1,2,40.61,0.463
1,3,5,47.69,0.745
1,3,3,13.47,0.654
2,1,1,43.67,4.821
2,1,1,8.91,2.825
1,2,3,40.17,1.509
1,2,1,62.44,3.057
1,1,1,26.3,0.653
2,1,3,21.56,2.367
1,3,1,61.1,1.778
1,1,1,18.78,0.733
2,3,4,43.54,4.333
1,1,1,26.51,0.599
2,1,1,13.73,4.435
1,2,1,4.24,1.25
2,3,1,43.83,7.636
2,3,1,43.64,3.643
3,2,4,54.01,24.591
2,2,2,25.69,4.243
1,1,3,42.31,0.683
2,1,1,8.41,2.963
2,3,1,51.54,6.169
1,2,4,50.18,0.623
1,1,1,61.33,1.329
1,2,1,52.45,1.452
2,1,1,28.73,3.848
1,3,1,34.94,0.646
1,1,2,16.72,0.484
1,1,2,58.73,1.015
3,1,1,20.64,15.023
1,3,2,55.51,1.885
1,1,2,3.37,0.718
3,3,1,28.99,25.945
3,1,3,34.72,17.581
1,1,1,36.23,1.003
1,3,2,51.41,1.017
1,1,1,10.05,1.004
1,2,2,31.22,1.028
1,2,1,70.06,2.494
1,2,2,20.67,1.204
2,2,1,21.39,7.668
2,2,2,13.09,4.991
2,2,4,13.3,4.124
2,1,3,31.86,3.549
1,2,2,25.19,1.321
1,1,2,66.77,1.692
2,1,1,8.34,2.44
2,1,5,64.16,5.951
1,3,1,33.6,1.683
1,2,1,31.61,1.793
2,1,3,17.86,3.011
1,3,3,32.95,0.536
2,1,1,17.46,2.917
1,1,2,13.78,0.484
1,1,1,24.84,0.55
1,2,3,64.12,1.143
1,1,1,39.24,0.634
2,2,1,40.08,7.285
1,3,2,43.79,1.332
1,1,3,41.06,0.353
1,3,1,33.79,0.894
1,1,2,59.99,0.781
1,2,1,23.02,1.55
1,3,5,9.84,0.541
1,2,1,55.79,1.545
2,2,3,16.1,2.729
2,2,1,41.2,8.361
1,1,1,50.4,0.961
2,3,1,24.56,6.992
3,1,5,47.04,13.096
2,2,1,36.9,11.606
2,1,2,59.8,4.755
1,1,2,36.38,0.557
1,2,2,7.6,1.289
3,2,2,14.87,19.8
3,2,3,26.66,26.545
1,1,1,30.22,0.666
1,1,2,24.02,0.738
1,2,2,33.03,1.274
1,1,1,7.17,0.715
3,1,4,24.11,11.096
1,1,1,14.22,0.745
2,2,2,44.14,6.139
2,1,1,33.63,6.611
1,1,3,39.42,0.748
2,2,4,55.6,4.503
1,1,1,34.36,0.738
1,2,3,22.14,0.724
1,1,1,31.45,0.653
1,1,1,9.57,0.809
2,1,2,27.9,2.848
1,3,4,39.49,0.646
2,1,2,30.18,3.376
1,1,2,37.02,0.808
3,2,1,38.0,34.584
2,2,1,41.47,6.832
2,1,1,10.61,5.823
1,3,2,45.48,1.301
1,2,3,17.54,1.409
2,1,5,26.43,1.712
2,2,2,66.16,8.119
2,1,1,31.74,4.246
1,2,1,52.47,1.515
1,1,2,58.3,1.568
1,1,2,23.68,0.398
1,3,1,39.69,0.802
2,2,2,3.72,3.117
1,2,4,33.33,1.051
1,1,3,10.2,0.646
1,1,4,6.68,0.429
2,2,3,32.69,6.102
1,3,1,40.66,2.024
1,1,1,42.84,1.304
2,3,2,15.41,4.152
2,1,2,54.1,4.781
1,1,1,28.82,0.448
1,2,2,14.76,0.765
1,3,1,23.16,0.891
2,1,3,2.85,2.419
1,3,1,36.35,0.992
1,1,1,13.65,0.801
1,3,2,69.06,1.334
1,2,1,58.71,2.217
2,1,2,24.62,3.0
2,2,2,24.54,4.161
1,3,1,22.28,0.836
1,2,1,25.32,1.285
1,3,1,46.87,1.025
1,1,2,41.92,0.389
1,1,1,13.6,0.701
1,1,1,40.64,1.112
2,1,3,45.87,4.11
2,3,1,41.09,7.778
2,2,2,18.66,4.726
1,3,4,20.44,0.498
2,1,1,6.59,2.75
1,2,2,31.7,0.98
2,3,4,5.99,3.187
1,1,2,38.14,0.433
2,1,1,73.25,18.318
1,1,2,15.69,0.515
1,2,1,34.21,1.655
1,1,1,41.42,0.798
1,2,1,40.87,0.786
3,1,3,40.2,16.876
2,1,2,59.61,6.069
2,2,3,11.77,6.343
3,1,1,21.5,29.081
1,1,2,20.27,0.482
2,2,1,14.19,7.313
3,1,3,15.75,14.741
1,1,1,16.93,0.589
1,1,5,37.6,0.348
1,1,1,6.55,1.013
2,2,1,44.96,8.244
2,3,1,27.63,2.686
1,3,4,22.03,0.545
2,1,5,32.82,3.394
2,2,3,26.6,5.518
1,3,4,36.24,0.666
2,1,1,23.12,3.399
2,3,3,18.47,4.087
1,1,1,15.4,0.802
1,3,1,15.05,0.86
2,2,1,38.21,5.483
1,2,2,5.48,1.337
1,2,1,54.37,1.289
2,3,4,32.08,2.529
1,1,1,14.04,0.602
1,1,3,17.83,0.541
2,2,5,35.69,3.018
2,3,4,13.55,1.982
1,3,2,52.76,0.855
1,1,4,24.46,0.565
1,1,3,68.39,1.245
1,3,1,15.82,1.135
3,2,4,47.13,27.105
1,2,1,10.07,0.772
1,2,1,35.36,1.338
2,1,3,18.32,2.334
2,1,2,21.99,3.88
2,1,4,22.65,2.656
1,2,1,19.2,1.625
1,2,3,15.5,0.883
3,2,1,11.07,21.159
2,2,1,48.56,9.685
2,2,1,18.48,5.419
1,1,4,26.51,0.581
2,2,3,30.75,5.611
3,2,4,49.61,25.477
1,1,1,54.46,1.34
1,2,3,18.08,1.028
1,1,5,5.87,0.33
2,2,1,29.63,8.612
1,3,1,20.11,0.689
1,1,5,12.3,0.437
2,1,2,27.15,5.349
2,3,2,35.85,3.381
1,1,1,23.81,0.665
3,1,3,40.25,15.62
1,3,4,26.53,0.874
1,1,2,31.06,0.843
2,1,3,12.85,3.073
2,1,3,24.79,3.009
2,3,5,17.71,3.654
2,1,1,41.02,3.677
2,1,1,11.15,3.082
2,1,2,58.89,5.51
3,3,3,54.85,18.791
3,1,1,20.51,18.782
1,3,3,59.67,1.265
2,1,1,54.42,9.649
1,1,1,31.55,0.858
2,2,3,43.37,8.194
1,1,2,6.9,0.475
1,1,2,33.94,0.571
3,3,2,26.01,20.228
2,1,2,14.57,2.608
1,3,1,35.47,0.999
1,3,1,24.05,0.524
1,2,2,48.87,1.638
2,1,3,18.59,3.654
1,1,1,22.82,0.838
2,3,1,23.36,5.292
2,1,3,5.26,2.85
1,1,2,5.78,0.468
1,2,2,20.56,0.903
2,1,5,19.81,1.387
2,1,1,34.12,4.117
1,2,2,21.27,1.61
1,2,1,2.55,1.101
2,1,3,30.39,2.829
1,1,1,17.73,0.591
1,1,5,17.07,0.449
1,2,4,18.35,0.546
1,1,1,5.6,0.627
2,2,1,15.9,7.38
3,1,3,42.74,11.186
2,1,1,10.1,2.705
1,1,3,47.35,0.69
1,1,4,18.47,0.325
1,1,2,24.76,0.704
2,1,1,42.51,3.081
1,3,2,10.61,0.692
3,1,2,4.64,10.975
1,1,2,6.21,0.554
1,2,2,29.06,1.344
1,3,3,52.71,1.186
1,1,1,8.98,0.515
1,1,4,17.47,0.372
1,2,1,3.87,0.97
1,1,5,44.95,0.454
1,1,2,14.9,0.699
1,1,2,30.52,0.721
2,3,1,16.85,5.313
2,1,2,45.24,3.107
1,2,4,29.84,0.808
1,3,1,24.34,1.631
2,1,2,54.12,7.228
3,2,2,21.82,24.501
2,2,2,16.84,4.209
1,2,1,29.28,1.159
2,1,2,28.93,3.558
2,3,3,20.55,3.249
1,3,2,32.75,0.664
1,1,5,35.4,0.386
3,1,5,6.02,9.319
3,2,2,36.07,27.378
1,3,3,24.5,0.499
2,3,3,16.45,2.855
1,1,4,37.49,0.485
2,2,1,34.39,8.08
1,1,2,9.14,0.815
1,1,1,35.68,0.9
1,1,2,65.56,1.445
1,1,4,33.84,0.79
3,1,2,15.68,23.168
2,2,3,7.62,3.58
1,2,1,8.71,1.334
1,3,1,44.75,1.196
1,2,1,66.82,3.097
1,1,1,5.7,1.046
1,2,3,22.71,0.898
1,1,2,7.88,0.538
1,1,2,72.14,1.032
3,3,1,33.55,22.087
2,1,2,35.78,1.818
1,1,1,28.65,0.719
2,3,1,24.65,4.23
1,2,1,1.81,1.263
2,1,1,26.97,3.474
1,1,1,31.9,0.602
1,1,3,31.57,0.505
1,3,2,6.85,0.896
3,3,4,19.09,26.109
2,3,1,19.63,4.244
2,2,3,26.49,5.358
2,1,2,50.78,2.784
2,1,2,47.75,3.064
2,3,2,8.73,4.195
1,1,2,26.72,0.673
1,1,3,21.65,0.371
2,2,1,53.09,7.605
3,3,1,28.18,20.355
1,3,3,41.94,0.651
3,1,2,38.91,13.896
2,1,2,18.85,4.388
1,1,1,6.53,0.672
3,3,1,40.82,26.589
2,1,4,11.43,2.924
1,2,2,24.87,1.177
2,1,2,22.36,2.159
1,2,4,47.04,1.082
2,2,2,40.6,5.711
1,2,5,24.73,0.72
1,1,2,19.43,0.555
2,2,1,11.83,5.018
1,1,2,12.7,0.799
1,1,2,28.71,0.528
1,3,5,14.67,0.473
1,2,1,25.91,0.907
1,3,1,20.62,0.708
1,3,3,23.11,0.667
1,2,2,22.96,1.362
1,1,2,27.77,0.422
2,2,1,23.0,4.074
2,2,1,29.23,7.342
2,2,1,19.47,5.147
1,1,2,27.76,0.475
2,1,1,11.49,2.411
1,1,3,10.24,0.349
2,3,1,44.35,3.603
1,2,1,32.62,1.296
2,2,2,40.45,12.863
3,1,2,72.49,46.995
2,1,1,25.96,2.644
2,3,3,20.17,3.741
1,1,1,25.54,0.623
1,2,1,35.06,1.249
1,2,1,6.99,0.854
1,2,1,58.43,3.081
2,1,2,23.38,2.758
2,1,1,47.7,3.523
3,3,1,26.57,9.931
3,2,3,50.82,27.511
1,3,3,15.21,0.722
3,1,3,19.96,10.123
2,1,1,8.88,3.811
2,2,1,45.81,8.408
1,1,5,6.92,0.638
1,2,3,7.23,1.205
1,1,4,28.11,0.419
1,1,1,46.32,1.3
1,1,1,41.09,0.355
1,2,1,21.23,0.683
1,1,4,37.9,0.705
2,2,2,6.87,5.262
1,1,3,4.53,0.449
2,1,3,34.69,3.639
1,3,2,7.89,0.676
1,3,3,23.32,0.527
1,1,4,29.46,0.489
1,3,4,16.96,0.863
1,1,1,37.29,0.712
2,1,2,64.74,2.468
1,1,5,47.39,0.649
1,2,3,38.98,1.322
1,1,3,32.4,0.648
1,2,1,17.34,1.236
3,1,4,17.25,10.343
1,3,1,42.72,1.549
1,1,1,57.45,1.598
2,3,2,5.85,5.091
2,1,1,56.41,10.544
1,1,2,37.27,1.079
3,1,5,11.55,7.843
1,1,2,45.93,0.396
1,1,1,30.49,0.619
2,2,4,32.12,3.802
3,2,3,69.38,61.815
1,3,3,56.48,1.017
1,2,1,17.42,1.433
2,2,2,38.09,8.03
2,1,1,6.46,3.139
1,2,2,7.11,1.108
3,2,1,33.67,23.249
1,1,1,34.24,0.559
2,1,2,13.17,2.33
2,1,1,24.66,4.195
1,2,1,18.27,0.807
1,2,2,22.45,1.041
1,1,1,49.3,0.744
2,1,2,19.86,2.261
1,1,1,10.25,0.714
2,1,3,35.13,3.337
1,1,1,41.11,0.716
1,2,1,16.82,0.991
1,3,1,30.58,1.057
1,2,1,40.24,1.086
1,2,1,1.4,1.144
3,1,1,40.95,18.85
2,1,2,22.67,2.55
1,2,2,21.71,1.203
3,2,4,27.64,18.96
1,1,2,9.6,0.487
3,3,2,67.96,37.419
1,3,3,49.81,0.804
1,3,2,10.3,0.715
2,3,3,37.38,3.31
1,1,3,8.56,0.514
2,1,4,53.0,2.291
2,1,3,13.98,1.82
1,2,1,25.19,0.91
1,3,1,14.97,0.865
1,1,3,11.24,0.537
1,1,4,20.33,0.345
1,1,2,44.3,0.742
1,1,1,12.59,0.999
1,1,1,75.44,1.271
1,1,4,25.6,0.71
1,1,2,24.43,0.889
1,3,3,52.34,0.827
1,1,3,32.14,0.29
2,1,1,33.82,3.209
2,1,1,12.31,3.846
1,1,4,65.15,0.35
2,1,2,10.39,3.733
1,1,1,33.15,0.881
1,3,2,19.34,0.913
1,2,1,2.71,1.201
1,1,5,5.46,0.307
2,1,2,28.46,2.205
1,1,1,46.63,0.976
2,1,1,33.9,4.62
1,1,4,69.03,0.849
1,1,2,39.51,0.932
1,3,2,24.86,0.78
1,2,2,13.9,0.984
1,1,2,16.29,0.585
1,3,4,31.94,0.543
1,1,4,45.94,0.686
3,2,1,25.35,37.236
2,1,2,46.39,4.93
2,2,2,38.32,11.211
3,2,3,24.54,19.695
1,2,1,15.87,1.454
2,3,1,49.72,7.056
3,3,1,28.96,18.552
1,1,1,17.03,0.694
2,2,2,33.47,6.035
1,1,1,36.02,0.752
1,2,5,36.41,0.941
1,1,2,20.92,0.906
1,2,2,35.01,1.076
1,3,2,45.48,0.546
2,2,4,19.88,4.57
1,2,2,30.93,1.546
1,1,2,48.82,0.777
1,3,3,9.62,0.85
3,1,2,6.47,8.26
2,1,2,7.54,2.413
1,1,1,24.6,1.253
2,1,3,12.14,2.185
2,1,1,1.34,4.319
2,1,1,53.2,4.917
2,1,1,25.84,3.188
1,2,1,40.74,1.844
1,1,1,23.4,0.886
2,2,1,16.31,6.981
2,2,1,21.78,4.416
1,1,3,48.11,0.739
1,1,5,19.65,0.383
1,1,1,10.65,0.423
1,1,2,3.74,0.811
2,1,3,6.93,2.546
1,2,2,31.86,1.784
1,2,3,32.39,0.752
1,3,2,11.15,0.69
1,2,2,37.33,0.909
1,2,1,41.8,3.1
1,1,2,17.78,0.378
1,1,1,36.42,0.849
1,3,1,77.19,3.156
1,3,1,15.45,0.989
1,2,2,29.11,0.865
1,1,2,3.84,0.578
2,1,2,33.39,4.76
2,3,4,49.84,4.12
1,3,2,0.77,0.752
2,1,2,29.08,3.267
1,1,2,37.55,1.041
1,1,2,34.35,1.017
1,2,4,19.79,0.663
2,2,1,35.82,5.522
2,1,1,22.3,2.709
2,1,2,3.46,2.59
3,1,2,64.8,20.232
1,3,2,17.38,0.514
3,2,3,29.12,42.145
2,3,5,17.57,2.179
1,1,4,16.78,0.402
1,1,4,8.71,0.539
1,3,1,8.24,1.185
1,1,1,22.23,0.537
1,2,3,28.77,0.901
1,2,2,37.95,1.202
1,2,1,47.69,1.695
1,3,1,14.81,1.072
1,1,1,10.27,0.832
3,1,2,4.36,16.076
1,1,1,20.53,0.569
3,2,2,7.81,34.311
1,2,2,11.58,1.018
1,2,4,18.3,0.483
1,2,1,25.51,0.982
1,2,3,8.01,0.957
1,2,2,88.88,3.555
1,1,1,11.21,0.839
2,2,1,39.31,6.426
1,2,4,20.13,1.291
1,2,1,33.17,1.962
1,3,1,45.78,1.249
2,1,4,20.31,1.373
3,1,1,8.22,12.828
1,2,1,13.84,1.059
1,1,1,33.61,0.75
3,1,3,50.19,20.122
3,3,2,61.21,13.526
2,3,4,2.12,3.232
2,1,4,59.13,2.766
1,1,4,35.26,0.684
1,2,1,30.11,1.753
1,2,3,18.12,0.627
2,1,4,12.3,2.309
2,2,1,25.44,7.409
1,1,1,20.11,0.872
1,1,2,28.98,0.793
2,1,5,28.02,1.546
1,3,4,4.68,0.571
2,1,2,14.55,3.117
2,1,2,19.26,3.121
1,1,1,13.43,0.491
1,1,1,52.17,1.855
1,1,3,26.01,0.557
1,1,2,22.85,0.56
1,1,1,64.54,0.969
2,2,2,19.85,3.849
1,2,4,12.91,0.638
2,3,1,19.52,4.267
1,3,2,10.01,0.871
2,2,1,7.25,7.089
1,1,1,26.04,0.582
2,1,2,9.73,2.65
1,3,3,35.74,0.831
2,2,1,36.43,5.561
1,2,5,22.72,0.513
3,2,3,68.12,40.703
1,1,2,60.95,1.058
2,3,5,20.38,2.051
1,3,2,34.12,0.821
1,2,2,34.7,0.944
2,3,1,18.53,5.735
1,2,2,54.9,1.553
2,3,2,23.4,4.718
1,2,1,27.52,1.338
2,1,1,26.61,4.138
1,1,3,48.88,0.825
1,1,1,12.84,0.532
2,2,1,9.4,8.088
2,2,1,71.43,8.933
2,1,2,23.29,3.646
2,1,2,22.87,2.798
1,1,3,76.6,0.987
2,2,3,22.07,4.293
1,1,4,19.6,0.512
1,2,1,53.13,2.006
2,3,2,30.69,2.366
1,1,2,7.38,0.506
3,3,1,7.74,16.435
3,1,1,31.58,15.916
2,1,2,36.71,2.992
1,2,2,53.81,1.574
2,3,3,46.43,4.379
1,3,1,16.16,1.148
1,1,1,34.47,1.576
2,1,3,41.93,3.368
2,3,4,36.72,7.863
1,1,3,29.89,0.539
2,1,4,16.54,2.113
2,3,2,33.89,3.37
1,1,2,11.04,0.591
1,1,2,11.96,0.708
2,3,4,18.84,2.607
1,2,1,15.11,0.961
1,1,1,39.11,0.728
1,2,2,39.6,0.909
2,1,5,30.74,2.109
2,3,3,47.55,4.431
2,2,2,19.17,3.323
2,3,2,31.07,5.353
2,3,1,35.55,4.259
2,1,1,42.91,5.501
1,1,1,41.31,1.781
1,3,2,17.37,0.557
1,1,2,20.82,0.599
1,1,1,51.93,1.296
1,1,2,5.29,0.721
1,3,2,39.3,0.63
1,2,4,33.8,1.038
1,2,3,12.65,1.396
1,1,1,50.49,1.186
1,1,5,44.09,0.531
2,1,2,12.78,3.442
2,1,4,54.27,2.881
2,2,4,23.78,2.582
1,1,5,23.23,0.443
2,3,2,10.16,2.439
2,2,3,43.89,6.415
1,2,4,11.64,1.011
1,1,4,47.83,0.347
1,1,3,29.05,0.59
1,1,4,35.04,0.562
1,2,2,31.03,1.073
1,2,2,14.92,1.05
1,1,1,73.59,1.536
1,3,1,20.44,1.003
1,1,1,15.42,0.533
3,2,3,60.77,41.015
1,1,2,31.98,0.654
2,1,1,13.38,2.911
1,3,2,17.8,0.841
2,2,2,39.8,7.185
2,1,1,28.47,2.862
2,1,3,10.01,2.491
2,3,3,57.51,5.349
2,2,1,28.47,7.507
2,2,1,10.66,8.179
1,3,2,13.49,0.775
1,1,2,21.37,0.514
2,3,1,24.59,6.294
1,3,2,11.81,1.054
1,1,3,50.57,0.569
3,3,1,10.71,13.343
3,3,4,35.78,17.62
1,1,3,34.92,0.458
1,3,1,49.12,1.339
1,1,1,29.77,1.458
1,2,1,66.43,1.819
3,1,4,19.64,11.621
1,1,1,46.68,0.917
1,3,3,25.41,0.641
2,2,3,46.11,11.202
1,3,2,32.23,0.819
3,1,1,25.33,14.437
1,2,2,21.22,0.55
1,1,1,9.28,0.535
3,1,2,4.02,18.363
1,3,4,52.29,0.536
2,2,1,10.16,8.424
1,1,3,18.52,0.547
2,2,5,55.33,4.498
1,2,2,26.53,1.24
2,3,3,8.21,3.173
3,1,1,36.08,9.356
1,1,1,8.33,0.65
1,2,2,12.77,1.211
2,1,3,32.69,2.616
3,2,2,31.49,15.712
1,1,2,12.76,0.628
3,2,1,30.21,25.129
2,1,3,41.87,2.981
2,1,2,19.26,2.408
1,3,2,49.07,0.686
1,1,2,4.76,0.711
2,1,2,13.29,3.697
2,2,1,14.48,4.415
1,1,3,35.02,1.14
1,2,2,26.61,1.315
2,2,2,23.14,4.03
1,3,4,15.99,0.505
1,1,3,2.8,0.538
1,3,2,54.19,1.309
1,2,2,41.11,1.58
1,3,1,61.29,2.779
1,1,2,10.25,0.786
2,1,2,22.67,2.189
2,3,2,20.79,4.422
1,1,2,21.26,0.77
1,2,2,34.06,1.305
2,1,5,12.64,2.102
1,1,3,58.46,1.024
3,1,1,12.85,14.62
2,3,1,40.56,5.574
3,2,4,44.96,17.359
2,2,1,26.54,7.327
3,1,1,40.13,38.753
2,3,5,39.51,3.117
1,3,2,12.79,1.0
2,1,4,11.76,3.332
1,2,2,26.15,1.228
1,3,2,2.05,0.983
1,3,1,4.22,0.635
2,2,1,33.56,6.359
2,2,1,23.36,5.167
2,1,2,42.82,3.849
1,2,5,40.64,0.808
3,3,4,29.23,18.542
2,1,1,19.59,3.572
1,1,2,16.92,0.474
1,3,3,16.77,0.556
1,3,2,46.58,0.805
1,1,1,36.05,0.922
2,1,2,4.87,3.586
1,1,5,35.66,0.429
1,3,1,19.72,1.144
2,1,2,24.74,3.944
1,1,2,15.62,0.399
2,3,1,21.56,4.06
1,1,2,36.75,0.583
1,2,3,19.67,0.949
3,1,1,9.87,13.771
1,2,2,41.55,1.094
1,2,1,50.11,1.619
3,1,3,13.72,18.232
1,1,1,64.04,0.82
2,1,2,19.38,2.247
3,1,2,70.81,45.087
1,1,3,15.66,0.55
2,3,1,74.4,10.04
2,1,4,7.37,2.337
3,3,3,57.19,27.249
1,3,2,6.78,0.661
2,1,2,41.74,2.296
1,1,1,45.66,0.93
2,3,1,22.81,7.244
2,2,1,24.77,6.085
3,1,1,31.36,25.247
1,1,2,33.72,0.895
1,3,1,19.01,1.287
3,2,2,19.08,30.682
2,1,3,21.71,3.44
1,1,1,21.5,0.771
1,2,4,37.36,0.65
3,3,1,16.24,25.222
3,2,2,26.34,33.935
1,1,2,14.99,0.559
2,1,1,31.71,3.71
1,2,2,49.06,1.873
1,1,1,22.11,0.707
2,1,5,31.01,2.025
1,1,1,17.24,0.861
1,2,2,27.24,1.067
1,1,1,21.1,0.728
1,3,1,39.77,1.03
1,1,1,31.71,0.572
3,3,2,24.31,20.023
1,1,1,45.52,0.652
2,3,2,10.18,3.302
1,1,2,16.1,1.034
2,1,1,23.77,3.507
2,1,1,16.56,2.893
3,1,2,22.31,10.2
1,1,3,29.54,0.688
1,1,2,42.09,0.793
1,2,1,48.38,0.924
1,2,3,3.32,0.793
1,1,1,17.92,0.564
2,3,1,35.94,7.339
1,1,3,36.78,0.558
2,2,4,27.89,7.091
2,1,2,29.82,3.111
1,1,5,35.46,0.553
2,2,2,40.1,6.924
1,1,4,9.29,0.418
3,1,1,29.93,22.436
2,3,2,36.41,4.715
2,1,1,17.74,4.418
1,3,1,32.12,0.788
2,3,2,7.95,3.211
3,1,2,14.03,17.294
1,1,1,26.41,0.609
1,2,3,21.8,0.79
2,2,2,24.29,5.932
1,3,1,46.22,0.853
1,1,1,35.08,0.616
2,2,1,34.91,10.05
2,1,1,24.43,3.686
1,1,1,20.55,0.497
1,1,1,22.02,0.882
1,3,1,36.29,1.238
1,2,2,22.08,0.873
1,2,2,31.92,0.622
2,3,4,20.77,3.169
2,1,1,7.18,3.069
3,2,3,47.73,25.512
3,1,2,51.4,22.966
3,1,2,41.58,18.047
1,2,4,38.22,0.537
1,1,5,7.19,0.353
1,3,4,8.42,0.461
2,1,2,16.73,2.995
3,2,1,19.66,42.893
1,1,4,17.84,0.448
1,1,1,14.43,0.628
1,2,1,8.31,0.976
1,2,4,32.96,0.985
2,1,1,10.26,2.614
1,1,1,18.9,0.527
1,3,1,8.68,0.821
3,1,5,21.49,8.59
1,2,2,27.97,0.633
1,1,2,41.25,0.642
2,1,3,20.64,1.876
1,2,4,17.0,1.254
2,1,2,62.34,3.687
1,2,1,49.11,2.223
1,1,1,26.25,0.62
1,2,1,32.57,1.258
2,2,1,23.85,5.755
1,2,3,24.84,1.735
3,3,1,47.07,22.287
1,1,4,27.44,0.402
2,1,2,11.25,3.832
3,1,1,46.72,29.368
1,2,1,38.05,1.149
2,1,4,19.11,1.446
2,2,1,40.59,9.404
2,1,1,48.36,8.535
2,1,1,27.73,3.908
1,2,2,12.96,0.845
3,2,3,25.71,20.186
1,1,1,11.89,0.698
1,1,3,42.02,0.72
1,3,2,65.52,1.515
1,2,2,31.88,1.367
1,1,1,64.51,1.246
1,3,2,15.12,0.488
2,3,1,34.58,4.578
1,1,1,27.42,0.53
1,1,2,23.58,0.635
3,3,3,24.9,12.25
3,1,1,18.38,11.456
2,2,2,21.89,8.249
1,2,2,27.13,2.164
3,2,1,58.01,46.868
1,1,3,28.21,0.783
1,1,1,40.85,0.751
3,1,2,9.94,15.925
1,2,2,6.66,0.941
1,1,1,10.74,0.688
1,2,4,38.26,0.804
1,1,1,37.86,0.789
1,2,1,33.7,1.343
2,1,4,22.96,2.601
2,1,3,16.8,2.306
3,1,2,30.73,19.883
1,2,2,50.54,1.234
2,2,2,15.33,4.368
2,1,1,27.33,3.448
1,2,2,21.62,0.855
1,3,1,35.98,0.727
1,1,1,52.72,1.335
1,2,2,30.62,1.297
1,1,1,42.49,1.033
2,3,1,34.64,4.858
2,1,1,45.41,5.428
1,3,1,16.33,0.894
1,1,2,28.57,0.499
1,3,1,65.2,2.34
1,3,1,6.34,0.691
3,1,1,16.32,20.781
1,2,2,28.04,1.054
2,1,1,18.17,3.705
1,1,2,28.93,0.557
1,2,3,21.77,1.18
2,2,4,24.66,2.338
1,1,3,13.3,0.492
1,3,2,60.57,1.049
2,2,1,36.84,5.066
1,2,4,20.39,0.739
3,2,4,28.18,30.272
3,1,2,69.25,32.418
1,1,2,10.55,0.487
1,2,1,69.2,1.611
2,3,1,12.84,6.202
1,3,1,24.23,0.821
1,1,1,55.84,1.081
1,2,1,8.44,1.24
2,1,1,11.21,2.843
3,1,1,30.31,20.095
1,1,1,32.27,0.552
1,3,3,28.82,0.527
3,2,2,39.08,27.89
1,1,2,6.5,0.575
1,3,2,23.71,0.654
1,1,1,37.14,0.664
1,1,1,16.73,0.924
1,1,1,41.67,0.728
1,1,2,39.92,0.945
1,1,1,8.24,0.77
2,3,2,52.43,5.541
1,1,2,12.68,0.474
2,1,2,22.07,3.658
2,1,1,28.01,2.337
1,2,1,18.97,1.328
3,1,3,27.45,23.841
1,2,3,29.93,0.909
1,1,3,6.49,0.571
1,3,1,29.57,0.631
1,1,2,27.05,0.773
1,1,1,51.8,1.0
3,3,2,30.4,21.068
2,1,2,21.2,3.318
1,1,2,13.53,0.462
1,1,1,19.92,1.022
1,2,1,35.88,2.368
1,1,1,27.18,0.668
1,2,2,31.0,1.247
1,3,5,9.55,0.571
1,2,2,7.82,0.762
1,1,3,22.21,0.44
2,1,1,32.32,4.944
1,2,4,20.06,0.888
1,2,1,18.83,2.078
3,1,1,16.3,13.296
2,1,1,35.05,3.645
1,2,1,62.23,3.503
1,1,1,24.75,0.593
2,3,5,42.7,2.054
2,3,2,33.55,4.319
1,2,3,26.87,1.177
2,3,3,57.3,7.248
1,3,1,49.65,1.084
1,1,1,11.59,0.652
2,1,1,14.19,4.723
1,1,4,35.03,0.596
1,1,2,31.89,0.62
2,1,2,47.39,6.101
1,1,1,22.76,0.593
3,1,1,64.75,36.422
2,1,3,19.87,2.572
2,2,2,32.48,5.615
2,3,2,66.08,10.267
2,1,2,40.11,5.649
1,2,3,40.11,1.358
2,2,2,18.42,6.557
1,2,2,32.38,1.422
2,1,3,5.77,1.802
1,3,3,3.89,0.904
2,1,1,24.47,4.048
1,2,5,22.31,0.898
1,1,1,36.01,0.371
2,3,3,15.96,4.56
1,2,2,10.77,1.05
1,3,2,46.36,1.215
2,1,2,3.06,4.244
1,1,1,37.62,1.158
1,1,4,39.43,0.4
1,1,4,7.43,0.545
3,1,5,34.87,9.854
1,1,2,11.52,0.704
1,1,5,42.63,0.353
3,1,2,24.45,21.327
2,1,1,18.6,3.679
2,2,3,11.32,4.215
1,3,3,45.75,1.015
2,1,2,62.13,5.809
3,1,1,14.83,13.668
3,2,2,29.76,33.784
2,2,2,15.79,5.281
2,3,1,24.6,4.705
2,1,3,13.41,1.959
2,3,2,34.37,3.595
2,1,1,23.0,4.7
1,1,1,47.34,0.852
2,1,2,40.16,3.747
1,3,5,13.46,0.621
1,1,1,66.31,1.691
1,2,1,20.18,1.22
1,3,1,51.5,1.011
1,3,3,32.58,1.329
1,2,4,23.12,0.973
2,1,2,18.86,4.522
3,3,2,34.52,16.386
1,2,1,53.08,2.872
1,3,4,48.07,1.385
1,1,2,8.12,0.675
2,2,3,2.39,4.388
1,1,1,8.75,0.805
1,2,5,55.42,1.553
1,1,2,52.74,0.563
1,1,3,34.48,0.457
2,1,1,54.29,6.054
2,2,3,41.31,6.879
1,2,1,23.61,1.107
1,1,4,45.88,0.472
2,2,1,21.09,8.77
3,2,1,3.34,30.935
2,1,4,25.6,3.238
2,1,4,39.42,2.277
3,2,3,25.39,17.715
1,1,4,14.88,0.569
1,2,3,33.89,0.881
2,1,2,11.84,2.31
1,1,5,47.85,0.694
1,1,3,50.61,0.672
2,2,1,2.83,4.7
1,1,1,27.27,0.616
1,1,1,10.17,0.739
1,2,3,30.94,1.41
1,3,2,24.06,1.142
1,2,1,15.41,1.338
1,1,1,45.26,0.993
1,2,5,41.52,1.527
3,1,1,4.45,18.48
1,1,1,5.76,0.837
2,2,2,16.59,6.955
3,1,1,50.05,21.141
1,1,4,31.35,0.345
1,1,3,26.04,0.57
2,1,2,6.65,2.42
1,2,1,35.69,1.188
1,2,1,22.81,1.539
1,1,3,22.45,0.62
2,1,1,33.52,4.481
2,1,2,19.88,1.513
2,2,1,24.43,4.856
1,2,2,33.2,0.999
1,1,2,31.12,0.925
1,1,2,55.55,0.678
2,2,2,55.05,8.531
3,1,1,50.08,47.011
1,2,1,24.53,0.951
1,2,2,30.37,1.064
1,3,1,16.08,0.699
2,2,3,55.03,10.555
3,1,1,52.39,26.955
1,1,1,15.08,0.499
1,2,2,40.9,1.249
3,2,4,23.15,31.16
1,1,1,10.61,0.398
2,1,2,44.3,3.345
3,3,3,44.25,30.206
2,2,1,22.75,8.639
1,3,1,30.65,1.154
2,1,2,68.44,8.536
1,2,2,10.11,1.257
1,1,2,11.53,0.457
1,2,2,41.35,0.934
1,1,2,22.09,0.464
3,3,4,42.14,16.906
2,1,4,15.46,1.511
1,2,1,64.34,2.564
1,2,3,56.28,1.489
2,1,1,45.05,5.801
1,3,3,63.55,2.393
1,1,2,23.74,0.39
1,1,3,61.19,1.354
2,2,3,11.55,3.556
1,2,3,32.28,1.13
2,2,3,49.32,6.318
2,2,5,26.06,2.015
1,2,2,9.18,1.012
1,1,2,11.95,0.536
1,1,4,69.72,0.596
1,1,3,7.55,0.531
1,1,3,11.66,0.442
2,3,5,43.1,2.982
1,3,4,32.43,0.777
1,1,2,26.15,0.56
1,2,3,28.94,0.902
1,1,4,0.57,0.448
3,2,1,11.9,34.752
1,1,2,46.35,0.727
1,1,1,45.48,0.914
2,1,1,14.05,3.603
1,1,1,14.0,0.796
1,1,2,33.4,0.916
2,1,1,70.45,5.814
2,1,1,40.18,2.298
2,1,2,22.77,3.916
1,1,1,38.4,1.116
1,1,1,47.39,1.142
1,1,1,62.16,1.158
1,1,1,14.39,0.562
3,3,1,52.09,28.805
1,3,1,33.58,0.954
1,1,1,58.67,1.452
1,1,4,23.56,0.327
1,2,2,62.28,1.433
1,1,4,11.88,0.425
1,2,1,39.58,1.162
2,1,1,10.9,2.943
1,1,1,6.57,0.875
1,1,1,44.62,0.804
2,1,4,40.89,2.253
1,3,5,37.88,0.345
1,1,2,64.27,1.12
1,1,1,28.46,0.602
2,2,1,33.55,5.341
1,1,1,33.99,0.586
1,1,1,43.84,1.222
1,1,1,14.16,0.712
1,2,1,8.28,1.443
2,3,4,40.71,4.377
1,1,2,39.43,0.701
1,1,4,59.38,0.457
3,1,3,45.37,23.019
2,1,3,40.82,3.751
1,3,2,19.55,0.713
2,2,1,6.46,5.598
1,3,1,57.81,2.154
1,1,1,22.78,0.6
1,3,5,39.75,0.522
1,2,1,14.73,1.026
1,3,2,24.28,1.25
2,1,1,7.27,4.016
1,3,2,13.65,0.885
3,2,5,35.2,12.59
1,2,2,8.64,0.876
1,1,1,33.91,0.919
2,1,1,12.43,3.937
1,3,3,41.27,0.449
1,2,2,40.61,0.775
1,3,2,11.38,1.065
1,1,1,46.92,1.46
1,1,1,13.35,0.567
1,2,5,10.18,0.571
1,1,1,8.08,0.716
1,1,1,53.17,1.296
1,1,1,25.1,0.556
1,1,1,42.87,1.577
3,1,4,36.18,15.222
2,1,1,15.04,2.761
1,1,1,32.75,0.804
1,2,1,38.21,1.215
1,1,2,29.56,0.711
1,2,1,4.16,1.145
3,1,1,35.2,10.605
1,3,5,54.03,0.709
2,1,1,64.39,8.474
2,1,2,8.65,2.383
2,3,1,13.87,3.18
1,2,1,24.52,0.683
1,2,1,14.33,1.236
2,3,4,62.79,7.42
2,3,1,29.97,4.264
1,1,3,37.46,0.622
1,3,1,36.45,0.695
1,3,1,6.09,0.995
1,1,1,28.68,0.484
1,1,3,19.08,0.606
1,2,1,51.19,1.519
2,3,1,27.28,3.297
2,2,3,16.53,4.039
2,2,1,51.23,9.008
2,1,1,72.82,8.213
2,2,4,46.81,6.769
1,1,2,42.57,0.772
2,1,1,15.25,3.098
1,3,4,34.51,0.434
3,1,1,4.56,14.734
1,2,1,14.75,1.459
2,3,3,18.38,4.231
1,2,2,12.36,1.46
1,1,3,27.2,0.672
1,3,2,40.85,1.063
1,1,2,35.18,0.507
2,3,1,9.67,6.1
1,1,1,29.75,0.679
1,1,1,6.36,0.654
2,1,2,12.82,2.945
1,1,2,26.93,0.539
2,1,1,20.67,4.323
1,3,1,37.2,1.001
1,1,1,55.84,1.447
1,2,3,25.72,0.959
2,1,2,29.29,5.583
2,1,1,15.32,3.161
2,1,2,26.09,4.211
1,3,3,30.28,1.089
1,1,2,36.15,0.595
1,2,1,58.0,1.904
1,1,1,26.91,0.599
1,1,5,11.14,0.362
2,2,4,19.92,4.076
2,1,1,18.68,4.361
1,3,2,15.84,0.37
2,3,2,61.43,6.191
1,2,1,9.78,1.079
1,1,1,37.82,1.768
1,2,1,14.65,1.148
1,3,2,21.56,0.95
2,2,2,23.75,4.663
1,1,1,8.08,0.497
1,1,4,20.96,0.357
1,1,1,44.06,0.983
2,2,4,35.54,5.142
1,1,2,44.89,0.779
2,1,3,18.69,2.474
1,2,2,30.85,2.625
2,2,4,43.37,7.062
1,3,1,3.63,0.949
1,1,3,15.43,0.557
1,2,3,2.63,0.908
2,1,1,28.73,2.468
3,2,1,20.33,16.564
3,1,1,19.25,19.823
1,3,2,24.02,0.615
2,2,1,36.79,9.447
1,2,2,12.28,1.333
1,3,2,21.46,0.812
1,1,2,13.15,0.827
2,2,3,22.88,5.646
3,3,3,32.6,22.206
1,3,2,25.09,0.628
1,1,3,25.79,0.418
1,2,4,30.56,0.576
1,1,2,18.45,0.99
1,2,1,17.14,1.218
1,1,2,11.96,0.469
1,1,1,26.17,0.876
2,3,4,14.87,2.388
1,3,2,49.54,1.04
2,3,4,21.25,2.472
2,1,1,38.97,4.766
1,1,2,43.44,0.665
1,2,3,27.93,0.735
3,1,1,16.1,13.78
1,2,1,5.17,1.424
1,2,1,7.19,0.976
1,2,2,42.7,1.115
2,1,1,40.72,3.898
1,1,3,56.98,0.674
1,1,1,56.4,1.112
2,3,1,55.5,11.065
1,1,2,25.08,0.779
2,1,1,7.28,2.169
1,1,2,30.93,0.933
2,1,1,18.11,2.622
1,1,3,7.31,0.514
1,2,1,23.24,1.535
1,2,1,29.67,1.694
1,1,1,44.95,0.547
1,2,2,6.8,0.959
1,1,3,61.13,0.495
1,2,3,9.59,1.017
1,1,2,41.45,0.734
1,1,1,34.25,0.703
1,1,3,12.83,0.483
2,2,2,27.51,6.068
1,2,1,14.66,1.416
2,2,4,36.93,3.258
1,3,1,6.65,0.73
1,1,1,17.98,0.773
1,1,1,26.35,0.777
1,1,2,34.9,0.782
2,1,3,38.42,7.109
1,1,1,18.64,0.802
3,2,1,9.69,34.963
2,1,2,14.87,3.954
1,1,1,43.59,0.939
3,1,4,7.28,7.518
1,1,3,11.91,0.617
2,2,3,49.65,3.127
1,2,2,88.94,0.846
1,1,3,49.18,0.33
1,3,1,45.53,1.303
2,2,2,45.22,6.468
1,1,1,35.37,1.016
1,1,2,29.57,0.357
3,1,1,10.74,15.428
1,1,4,34.52,0.698
3,1,3,40.47,9.115
1,1,1,28.84,0.645
2,3,3,49.1,4.508
1,3,3,15.63,0.603
2,2,1,34.86,6.81
2,3,2,48.15,6.701
1,1,5,27.22,0.48
2,2,2,78.9,20.88
3,3,2,25.98,15.992
2,3,3,28.78,3.2
3,2,1,33.67,38.447
2,3,1,16.44,6.248
1,1,4,43.52,0.327
2,1,2,50.09,3.959
2,2,1,33.6,7.291
1,1,3,31.52,0.707
1,1,3,18.5,0.594
1,2,1,23.21,1.338
2,2,2,33.25,6.226
2,2,5,10.31,3.266
2,1,3,9.25,3.893
1,1,1,9.21,0.572
1,3,3,24.93,0.678
1,1,2,34.77,1.365
2,2,2,17.77,6.824
2,1,2,13.06,2.665
2,1,4,17.74,2.464
1,1,2,7.67,0.619
2,2,1,12.15,4.747
2,1,2,18.04,1.498
3,1,1,48.85,30.558
2,1,1,28.35,3.853
1,2,1,17.85,1.176
2,2,1,47.79,8.196
1,1,2,41.73,0.955
2,1,1,24.54,3.372
2,1,2,23.88,3.779
2,1,1,31.48,2.765
1,1,3,45.88,1.499
2,1,5,32.62,1.468
1,3,1,33.97,1.488
2,1,3,39.68,1.891
3,2,3,20.11,24.449
1,1,2,18.46,0.627
2,2,2,6.96,5.968
2,2,1,21.4,5.103
2,2,3,42.04,6.183
1,1,1,26.59,0.739
3,1,1,26.25,16.686
3,1,1,31.94,22.785
2,1,1,32.65,2.799
1,1,2,6.62,0.534
2,3,4,34.98,2.45
1,1,3,56.15,0.526
2,2,4,42.22,4.807
1,3,2,29.91,0.944
1,3,1,7.78,0.86
1,2,1,8.05,0.814
2,1,2,23.37,5.656
1,2,2,46.54,1.739
2,3,2,39.49,2.55
1,2,3,15.02,0.83
1,1,3,35.11,0.536
1,1,2,30.29,0.662
2,2,2,2.6,3.847
1,1,2,22.91,0.884
2,1,2,18.67,4.118
1,2,1,49.98,1.294
3,1,3,9.97,12.692
1,1,4,28.94,0.474
1,2,1,18.22,2.148
1,1,1,36.91,1.063
1,3,1,37.71,1.111
1,3,2,5.5,0.816
2,3,3,21.6,3.235
2,1,5,21.03,1.603
1,1,1,40.23,0.534
2,1,3,6.65,3.329
1,3,4,13.2,0.682
2,3,1,51.62,6.614
1,1,2,9.99,0.571
1,1,2,12.85,0.57
2,1,1,39.77,4.058
1,1,4,17.55,0.261
1,1,2,56.62,1.111
2,1,2,43.81,5.795
2,2,5,36.44,5.144
2,2,3,27.65,4.655
2,1,3,12.44,2.083
1,1,3,39.23,0.671
2,1,3,48.02,5.831
2,2,3,47.45,8.007
1,1,2,9.98,0.614
1,1,1,13.15,0.542
2,3,2,19.45,3.695
2,1,3,35.77,3.916
1,3,3,20.71,0.712
2,2,1,6.87,3.954
1,1,4,24.42,0.288
1,1,4,43.06,0.397
2,2,2,24.55,3.742
1,1,1,14.46,0.608
1,1,4,19.18,0.496
2,3,2,40.86,4.874
1,2,3,46.78,1.361
2,2,3,17.31,4.869
3,1,3,46.21,20.55
2,1,1,42.42,4.179
2,1,3,50.31,3.54
3,1,2,38.89,15.379
2,3,3,22.99,3.399
2,1,2,19.23,3.225
1,1,5,57.8,0.639
2,1,4,16.14,2.351
1,3,1,18.82,0.964
1,1,1,13.16,0.611
1,3,2,40.05,1.28
1,3,1,21.25,0.596
1,1,2,25.17,0.507
2,2,1,30.38,6.482
1,2,2,4.59,0.95
2,1,1,16.17,4.749
3,3,4,24.95,18.549
2,2,2,30.65,6.813
1,2,3,16.31,1.14
1,2,4,36.95,0.939
1,1,2,17.76,0.53
2,2,1,4.83,4.408
1,3,4,40.75,0.695
1,2,4,29.99,1.166
1,1,4,19.05,0.421
3,2,1,32.06,28.373
1,2,1,25.98,2.211
1,1,2,5.31,0.666
1,1,3,37.87,0.534
1,1,4,8.89,0.285
3,3,1,61.65,41.354
1,2,2,44.48,1.788
1,1,1,11.45,0.668
1,1,5,17.64,0.419
1,1,2,24.45,0.956
2,3,1,17.26,4.954
2,1,3,15.51,3.009
2,1,4,28.26,2.988
1,2,5,40.01,1.312
3,3,2,32.99,13.768
2,1,1,4.13,4.789
2,1,1,19.16,2.263
1,1,4,26.39,0.68
2,1,1,54.77,5.536
2,1,2,21.36,3.744
1,2,1,12.36,1.421
1,1,1,38.88,0.746
1,2,1,46.19,1.558
1,3,5,5.82,0.574
1,2,1,34.46,1.322
3,3,3,28.34,10.055
1,1,5,38.4,0.49
1,1,4,31.35,0.659
1,1,1,6.53,0.528
2,2,2,14.79,5.608
1,2,2,32.68,1.561
2,1,2,44.81,2.402
1,2,1,14.09,1.768
1,1,1,30.58,0.959
1,3,1,5.53,0.977
1,1,1,60.67,1.241
1,1,3,13.42,0.608
1,1,1,71.83,1.116
1,1,3,17.92,0.61
1,1,1,31.95,1.052
3,1,1,17.88,14.281
2,1,2,34.33,1.891
1,1,1,41.95,0.866
1,1,5,11.26,0.3
1,3,1,35.04,1.24
1,2,2,23.69,0.874
1,2,2,39.35,1.932
3,1,5,25.81,7.632
1,3,3,38.71,0.651
2,3,2,11.45,3.833
1,3,1,18.76,1.013
1,2,2,20.03,1.845
1,2,1,32.05,1.354
1,2,1,46.65,1.547
2,2,1,24.45,8.027
2,1,2,15.99,2.594
1,1,3,14.18,0.536
1,1,3,15.61,0.478
1,2,1,11.09,0.873
1,1,1,8.2,0.579
2,3,3,7.1,3.595
1,2,1,57.79,1.734
1,2,3,45.67,1.275
2,2,2,15.28,5.172
1,3,1,12.12,0.681
1,3,1,66.32,1.785
1,3,1,23.88,0.752
2,3,1,39.07,4.877
3,3,1,15.26,20.637
2,1,1,53.12,3.222
1,1,2,41.52,0.67
2,2,1,32.55,5.763
1,1,4,17.8,0.434
1,1,2,2.49,0.733
1,1,1,49.92,0.645
1,1,1,39.23,0.865
1,2,3,58.21,1.611
3,1,1,26.86,13.386
2,3,2,4.31,3.159
3,1,5,3.3,9.61
1,1,3,32.94,0.554
1,3,1,30.92,1.052
3,3,2,27.89,25.961
1,1,5,47.85,0.749
1,3,1,30.35,1.077
1,3,2,24.12,0.706
2,1,2,9.61,2.364
1,3,2,23.33,1.008
3,1,1,33.38,26.278
1,1,1,23.84,0.694
1,1,3,56.97,0.972
2,1,1,39.67,2.812
1,1,2,25.06,0.416
1,2,4,1.51,0.847
1,1,4,27.87,0.512
1,2,2,32.27,1.126
1,2,1,38.62,1.232
1,2,1,47.84,2.104
1,2,2,18.22,1.029
1,2,1,28.46,1.09
2,1,2,34.77,2.48
2,2,2,18.02,6.218
1,1,2,12.95,0.447
1,2,1,37.79,1.592
1,2,4,51.62,0.84
2,3,4,48.17,5.336
1,1,2,33.47,0.939
2,1,2,24.06,3.583
1,3,2,47.39,0.958
1,1,2,8.49,0.549
1,2,2,23.78,0.756
3,3,1,29.76,25.188
1,2,3,56.88,1.093
2,1,3,59.73,4.603
1,1,1,58.74,0.7
1,1,2,16.98,0.617
1,2,1,42.15,1.412
1,3,2,26.87,0.687
2,1,2,16.38,2.808
2,1,2,6.97,2.829
1,3,1,19.0,0.882
1,3,1,25.6,0.659
1,3,3,59.59,2.162
1,2,1,16.51,1.021
1,1,2,28.46,1.177
2,1,2,34.47,2.058
1,2,1,57.78,1.22
1,1,1,16.32,0.607
2,1,5,35.86,1.845
2,1,1,11.34,2.204
1,1,3,33.01,0.783
1,2,1,54.22,1.733
1,2,1,49.22,1.591
1,1,1,34.43,0.739
2,3,2,9.87,4.703
2,2,3,31.52,5.689
1,2,2,65.62,2.19
1,2,2,13.09,1.324
2,1,1,19.63,4.057
1,3,2,28.72,0.522
2,2,5,26.78,4.937
2,1,1,40.32,4.484
1,1,1,27.25,0.781
2,3,2,57.74,6.245
1,3,1,21.35,1.084
1,2,2,21.84,0.73
1,2,1,30.01,1.73
2,2,1,8.18,6.541
1,1,1,21.62,0.741
1,3,1,32.72,1.189
1,2,2,30.23,1.8
2,1,1,33.9,3.391
2,1,3,24.49,4.167
1,2,2,44.89,1.257
1,3,1,25.26,0.971
1,2,1,36.63,1.306
2,1,2,16.81,2.091
1,2,1,18.54,1.13
2,2,2,34.1,6.819
2,2,4,14.74,2.37
2,3,1,4.27,2.939
1,2,1,43.51,1.161
2,2,2,37.91,9.682
1,2,2,7.85,1.049
2,3,1,44.1,5.66
1,2,1,38.29,1.468
3,1,2,26.79,10.584
1,1,1,1.8,0.718
2,3,2,25.59,4.163
1,2,2,64.34,1.245
3,3,3,40.75,21.233
1,1,4,25.06,0.391
1,2,3,24.92,1.059
1,1,4,34.8,0.546
2,1,4,41.71,3.698
2,1,1,6.07,3.11
2,1,2,57.35,3.27
1,2,4,24.45,0.936
2,3,5,37.79,5.255
1,3,1,15.84,0.986
1,2,1,61.07,2.367
2,3,2,67.09,3.106
1,3,4,28.19,0.53
1,1,2,34.05,0.746
2,1,2,25.84,4.235
1,3,1,16.38,0.857
2,2,2,4.09,6.038
1,2,2,33.64,0.981
2,2,1,39.19,4.973
1,1,2,39.62,0.787
2,1,1,30.03,2.477
2,1,2,52.91,4.239
2,2,4,16.88,3.113
1,1,2,39.46,0.715
2,1,2,16.4,2.214
1,1,1,11.35,0.721
1,2,1,31.85,1.103
1,1,4,63.48,0.547
1,2,5,20.94,0.585
2,2,3,39.37,3.617
1,2,1,14.76,1.159
2,3,1,46.72,6.772
2,1,2,5.14,2.639
1,1,2,4.51,0.625
1,1,2,2.51,0.474
1,1,2,45.52,0.489
1,1,1,48.59,1.314
1,3,1,28.69,0.694
2,3,5,23.59,1.535
3,1,4,15.61,13.298
1,3,4,7.47,0.747
1,1,1,42.95,0.654
2,1,2,31.88,3.988
3,2,2,73.15,41.748
3,1,2,12.47,11.761
3,2,1,7.11,34.265
1,3,3,12.67,0.729
3,2,2,62.26,75.2
1,3,3,20.57,0.519
1,1,1,52.97,0.582
2,1,1,19.91,3.472
1,2,3,16.67,1.001
2,3,1,28.72,5.266
2,2,1,27.04,3.598
2,2,2,7.84,4.338
1,3,1,18.6,0.599
1,2,3,38.59,1.246
2,2,3,30.36,4.077
1,3,1,38.65,0.666
1,1,2,43.67,0.855
1,2,3,78.55,1.88
2,3,2,11.99,4.872
3,1,2,6.08,15.024
2,3,1,41.54,5.521
2,2,4,42.29,4.311
2,1,2,13.81,2.942
1,2,3,27.71,0.618
1,1,2,33.26,0.587
1,1,1,4.46,0.688
3,2,4,43.5,22.194
1,1,5,23.15,0.321
3,2,1,23.79,26.766
2,1,1,20.69,2.031
1,1,1,22.73,0.524
1,2,2,11.15,0.981
1,2,2,26.31,1.112
2,1,2,40.3,4.189
1,1,2,8.91,0.5
2,1,1,9.26,3.789
1,1,2,31.51,0.736
2,3,1,41.15,5.212
1,3,1,22.75,1.148
2,1,1,7.09,3.512
2,1,1,52.91,5.813
2,1,1,21.42,4.118
1,1,3,2.0,0.439
3,3,2,26.5,15.889
2,2,1,46.47,9.744
2,1,1,23.05,3.311
1,1,2,18.94,0.633
2,1,1,25.01,4.282
1,1,2,55.38,1.496
1,1,3,6.34,0.524
2,1,1,52.48,6.445
1,1,2,38.24,0.689
1,1,3,25.5,0.6
1,1,1,39.83,0.697
1,1,2,55.05,1.369
2,3,3,61.51,7.862
1,2,3,18.29,0.931
1,2,4,12.92,1.241
1,1,1,53.28,1.141
3,1,2,8.19,14.338
1,1,2,34.83,0.506
1,1,1,47.59,0.902
3,1,1,23.27,13.024
3,2,3,29.82,30.096
2,1,3,18.75,3.344
1,2,1,35.72,1.175
1,1,1,30.36,0.68
2,1,3,10.83,2.543
2,2,1,65.63,9.142
3,2,1,22.21,45.568
1,3,3,9.32,0.786
1,1,3,36.13,0.589
2,1,1,12.9,3.833
2,2,1,21.61,6.507
2,1,2,5.53,2.949
1,1,1,22.19,0.661
2,3,2,16.37,2.994
1,1,1,30.49,0.647
1,2,1,14.31,1.714
1,1,2,47.64,0.592
1,3,2,51.3,0.863
1,3,2,34.66,0.858
1,2,4,32.75,0.763
1,1,2,30.19,0.61
1,2,1,17.62,1.098
1,1,3,51.35,0.704
3,3,4,7.0,10.02
2,3,4,22.34,4.133
1,2,3,13.36,1.043
2,2,4,26.37,5.143
1,1,1,39.36,0.946
1,1,1,40.39,1.126
1,3,3,32.03,0.366
3,1,3,44.0,15.31
1,1,5,73.01,0.748
2,1,2,55.67,4.556
2,1,1,43.64,4.443
1,1,2,20.83,0.618
2,1,1,30.56,4.852
1,1,1,4.97,0.669
2,2,2,10.26,3.911
2,3,2,18.35,5.594
1,1,2,43.32,0.799
1,2,1,18.77,0.791
2,1,2,17.48,3.258
1,1,1,11.65,0.459
3,2,2,25.98,21.339
1,2,1,47.74,1.339
1,1,1,41.41,0.986
1,3,3,39.42,0.746
1,1,2,14.31,0.632
3,1,2,19.63,19.16
1,1,5,29.05,0.304
2,2,1,25.36,13.117
1,1,1,11.04,0.816
1,1,1,10.58,0.664
1,1,3,39.86,0.879
1,1,2,33.82,0.657
2,2,1,41.78,6.718
1,2,1,10.02,1.159
3,2,3,25.89,23.398
1,2,3,26.62,0.866
2,1,2,8.0,2.723
1,2,4,75.64,2.006
2,2,2,27.85,4.4
1,1,2,30.54,0.724
1,3,1,56.46,1.369
2,1,1,35.71,2.042
2,2,2,53.16,8.198
1,1,2,9.02,0.636
2,1,2,38.75,2.081
1,1,3,17.91,0.395
1,1,2,17.62,0.839
2,2,4,60.31,10.845
3,2,1,35.99,29.088
1,1,3,47.94,0.99
2,1,2,19.45,2.626
2,1,4,43.98,2.812
1,3,2,3.91,0.628
1,3,3,62.99,1.368
1,1,2,19.76,0.694
1,3,3,13.73,0.687
1,1,3,12.75,0.638
2,2,3,4.54,3.651
1,2,2,17.4,0.885
1,1,1,2.99,0.905
1,1,3,28.93,0.555
1,2,2,23.37,1.038
2,2,2,14.57,4.875
2,1,1,15.17,3.166
1,1,1,30.33,0.474
1,3,4,22.79,0.693
1,1,5,10.94,0.504
1,1,1,21.66,0.715
2,1,5,62.29,2.315
2,1,2,22.82,3.887
2,2,1,20.46,8.395
1,1,2,32.46,0.665
2,1,1,56.74,3.17
1,3,1,9.48,0.811
1,3,1,5.9,0.925
1,1,1,10.64,0.895
2,2,3,23.83,4.385
2,2,4,51.98,3.871
2,1,4,46.1,3.508
1,2,2,17.59,1.039
2,1,1,9.81,3.035
1,1,2,17.13,0.586
2,1,1,56.77,5.767
1,2,2,46.53,2.075
2,2,5,14.62,2.929
1,3,4,12.83,0.27
1,2,1,13.44,1.216
1,1,1,26.76,0.847
1,2,1,26.14,1.483
1,1,3,55.94,1.277
2,2,1,26.05,7.228
1,3,2,29.95,1.137
3,1,2,28.35,18.08
1,3,2,3.83,0.714
2,1,2,29.49,3.45
2,1,1,9.5,3.301
2,1,1,23.03,2.643
1,3,1,45.67,1.242
1,2,2,38.42,1.887
1,2,4,16.56,0.696
2,1,2,12.4,2.854
1,3,4,22.47,0.67
1,2,1,16.26,1.001
3,1,1,15.52,20.66
2,2,2,13.52,6.735
1,1,1,3.41,0.983
1,1,5,8.18,0.346
2,1,3,37.9,3.202
2,1,2,41.53,6.407
2,3,2,63.21,4.32
1,1,1,24.54,0.64
3,1,1,40.5,25.564
1,1,1,33.78,0.693
1,1,2,18.66,0.801
1,1,1,16.53,0.887
1,2,2,35.29,1.0
1,2,1,48.68,1.173
1,1,5,36.29,0.271
1,3,1,7.1,0.513
1,1,1,41.61,0.695
3,1,3,4.75,7.588
2,1,1,43.36,4.162
2,2,3,24.69,4.309
2,1,5,14.35,3.009
2,3,2,12.37,3.153
1,1,1,52.15,0.749
3,2,3,30.11,19.33
1,1,1,29.81,0.564
1,3,1,44.68,1.697
2,1,5,21.24,2.066
1,1,2,22.85,0.587
1,1,1,16.83,0.913
2,1,1,23.57,2.86
1,1,3,13.42,0.493
1,1,3,34.08,0.646
3,1,1,23.6,12.541
2,2,2,10.3,6.605
2,1,5,12.34,1.68
1,1,2,42.27,0.754
2,2,3,64.61,12.962
2,1,2,54.9,3.024
2,2,1,50.89,8.724
1,1,1,34.04,0.833
1,2,2,23.49,0.645
1,2,3,8.97,0.894
3,2,3,45.53,26.383
1,2,3,1.56,1.422
2,1,5,35.71,1.973
1,3,1,5.38,1.168
1,3,3,22.82,0.534
1,3,1,20.53,1.118
2,1,1,25.96,3.298
2,2,1,16.61,6.869
1,3,1,47.97,0.791
1,3,2,25.42,0.629
1,1,1,34.84,0.623
1,3,2,17.35,1.229
1,1,1,19.55,1.223
1,1,4,27.89,0.39
1,3,4,13.81,0.644
2,1,5,39.86,2.059
1,1,4,21.15,0.428
1,3,5,58.6,0.656
1,2,2,19.34,1.083
1,1,4,16.28,0.256
1,2,1,22.68,2.124
1,1,2,7.42,0.817
1,2,1,19.57,0.941
2,1,3,29.43,3.51
1,2,4,26.15,1.122
3,1,2,25.53,13.284
1,2,2,29.51,1.288
2,2,5,19.97,5.102
3,2,1,13.71,30.562
1,2,5,38.13,0.785
1,2,1,30.55,1.338
1,3,1,17.28,0.815
1,1,1,52.52,0.904
2,2,2,72.49,11.037
1,1,2,39.13,0.982
2,3,3,24.95,3.194
2,3,2,62.08,7.908
2,1,3,19.16,1.991
1,3,1,24.86,1.142
2,2,1,60.4,11.001
1,1,1,29.18,1.319
2,1,1,22.73,3.595
1,2,1,10.39,1.304
1,2,2,13.81,1.188
1,3,2,25.67,0.532
1,1,2,58.17,2.374
1,2,1,26.51,1.046
2,1,2,39.69,2.754
1,1,3,7.07,0.518
3,1,2,29.93,14.995
2,3,1,39.97,5.191
2,1,1,13.27,2.635
3,2,1,9.55,28.884
2,1,1,26.16,1.936
1,1,3,36.78,0.795
1,2,4,43.25,0.622
1,1,1,22.93,0.501
1,3,1,20.28,1.032
2,2,3,49.35,13.296
1,1,1,46.69,1.702
2,3,2,26.48,3.672
1,1,1,15.57,0.752
3,3,5,28.16,10.113
1,2,1,43.52,1.771
1,2,2,50.84,1.131
3,1,1,42.61,21.871
1,1,1,22.23,0.867
2,3,2,33.88,4.714
1,2,2,11.59,1.595
2,2,3,17.84,3.229
2,2,2,47.95,9.835
2,3,1,20.19,4.612
1,1,2,33.36,1.121
2,2,2,28.61,5.886
1,3,1,2.85,0.741
1,3,2,47.82,0.746
2,2,2,32.57,5.189
1,2,2,26.64,1.132
2,1,3,58.07,4.156
1,1,1,23.75,0.661
1,2,1,51.85,1.906
2,2,4,31.8,5.58
2,1,1,65.25,9.444
2,3,2,7.39,4.206
3,1,2,19.13,18.078
1,2,2,11.03,0.817
3,2,1,36.69,26.32
1,3,2,10.7,0.507
1,1,3,23.39,0.389
2,1,1,6.5,3.523
1,1,2,23.1,0.761
3,2,2,23.82,16.631
1,1,1,60.24,0.859
1,2,2,6.49,1.434
2,1,2,13.19,1.933
1,3,1,45.03,1.137
1,1,2,20.39,0.621
1,1,2,17.1,0.887
2,1,1,28.26,3.696
1,1,1,16.16,0.542
1,3,1,12.61,1.199
1,2,5,49.68,0.847
3,2,2,21.71,20.874
3,1,2,28.0,10.045
3,1,1,47.49,31.104
1,1,1,3.57,0.699
1,1,2,39.4,0.625
2,1,1,12.75,3.106
1,1,5,10.35,0.333
1,2,3,8.38,0.602
3,1,3,26.99,19.029
1,3,2,60.53,1.4
1,1,3,40.75,1.074
1,1,2,37.53,0.944
1,1,1,45.9,1.224
3,2,2,11.62,25.621
1,3,3,49.86,0.866
1,3,2,11.2,0.618
1,1,3,34.75,0.535
1,1,1,19.17,0.853
2,3,3,42.08,3.565
2,1,2,55.33,6.769
1,2,2,10.9,0.947
1,3,1,20.29,1.387
1,1,3,18.09,0.706
1,1,2,14.37,1.064
3,2,1,22.1,23.462
2,2,1,23.62,7.307
1,1,5,31.08,0.686
2,3,1,33.17,3.818
2,2,1,27.61,9.569
2,1,1,37.79,5.607
2,1,3,42.16,2.204
3,3,1,24.03,23.401
1,3,2,68.76,1.921
1,1,2,35.58,0.75
3,1,2,6.25,12.255
1,1,1,31.58,0.793
2,1,1,49.64,6.023
1,1,2,50.24,1.064
1,3,2,45.64,0.825
3,1,1,21.71,21.669
1,1,1,46.09,0.949
1,3,1,5.16,0.862
1,1,1,32.66,0.514
3,1,2,43.77,22.104
1,2,2,38.16,1.173
3,1,2,11.16,16.446
1,1,1,10.65,0.477
3,1,4,44.07,17.435
1,2,1,18.83,1.755
2,1,1,13.77,3.656
1,3,2,47.84,1.008
1,1,1,10.63,0.791
1,3,3,25.83,0.758
2,3,2,36.21,7.064
2,1,1,26.67,3.51
1,3,4,32.99,0.369
1,1,2,43.38,1.286
2,1,5,10.71,1.645
2,1,1,50.8,6.647
2,3,1,18.85,5.082
1,1,1,19.83,0.598
1,1,2,11.29,0.486
1,3,1,51.01,1.432
1,3,5,27.17,0.46
3,3,2,27.11,17.76
1,3,1,22.1,0.935
1,1,1,31.97,0.987
1,1,1,7.68,0.704
1,1,1,22.65,0.599
2,2,2,18.38,5.801
2,3,1,6.78,5.872
2,3,2,10.56,3.388
1,2,2,14.59,0.618
2,2,1,8.91,7.68
3,3,3,38.14,16.447
3,1,1,25.01,19.393
1,2,3,38.25,0.621
1,3,1,19.56,0.964
3,1,3,21.9,21.912
2,1,1,35.66,3.729
1,3,4,23.46,0.628
2,3,1,37.59,7.177
2,2,4,13.91,3.536
2,1,1,8.2,2.841
1,1,4,42.62,0.713
2,1,2,18.57,2.007
2,1,1,19.4,2.859
1,1,1,1.32,0.463
2,1,2,35.36,3.196
1,2,1,24.53,0.837
1,2,1,31.47,1.629
2,1,5,26.14,2.396
1,1,1,26.62,0.774
1,1,1,25.64,0.788
2,1,1,27.71,4.846
2,3,4,44.59,5.302
2,1,1,6.42,3.073
1,1,3,31.96,0.963
2,3,1,8.32,4.671
1,1,3,32.4,0.579
1,1,3,32.99,0.379
1,2,1,30.99,1.075
1,3,3,39.32,0.675
2,3,4,9.84,4.08
1,2,1,25.63,1.398
2,1,1,17.14,2.662
3,1,2,21.24,12.104
1,1,1,10.69,0.521
2,3,1,38.38,5.004
2,2,2,22.55,5.082
1,3,2,6.24,0.824
1,2,3,54.5,0.554
2,2,1,37.71,7.532
1,1,2,25.48,0.446
2,2,1,22.74,5.698
1,2,1,28.91,1.728
1,1,3,31.99,0.651
1,3,3,12.94,0.544
1,2,1,32.44,1.502
2,1,4,27.91,2.06
2,1,1,43.09,6.034
1,3,2,25.53,0.979
2,1,4,23.17,2.545
1,2,2,23.36,1.021
2,1,1,13.6,3.337
1,2,1,4.02,1.415
1,1,2,41.14,0.739
2,1,1,14.88,3.756
3,1,1,52.19,40.137
1,1,2,22.93,0.606
1,3,1,37.89,0.764
2,3,2,54.09,5.991
1,3,4,27.4,0.647
2,2,1,36.63,4.371
1,1,5,23.04,0.476
1,3,1,16.58,0.761
1,3,1,30.5,0.849
1,1,1,29.35,0.694
2,1,3,24.53,2.628
2,2,1,46.92,8.994
1,1,1,21.76,0.965
1,2,1,10.13,1.162
1,3,1,25.06,0.742
2,3,3,12.58,2.453
1,1,1,51.56,0.641
1,2,2,21.74,0.97
2,1,2,18.07,2.782
2,1,2,25.84,2.264
3,1,2,28.71,11.248
1,3,1,11.2,1.098
1,1,2,30.7,0.545
1,2,1,36.21,1.36
3,2,1,30.96,37.765
1,1,3,24.82,0.365
1,2,2,15.88,0.577
1,2,2,63.15,2.925
1,1,1,36.77,0.814
1,1,4,29.76,0.277
2,1,1,11.63,5.052
1,1,1,16.11,0.515
2,1,2,29.35,2.781
2,3,2,28.94,4.269
1,1,2,7.14,0.601
1,3,3,11.22,0.469
3,1,2,10.39,13.801
1,1,2,43.9,0.972
1,1,3,11.62,0.459
1,1,4,36.56,0.413
1,2,3,49.11,1.157
2,1,1,14.16,3.819
2,1,1,18.18,3.555
1,1,2,36.52,0.728
1,1,4,23.01,0.592
1,2,1,23.33,1.557
1,1,1,47.6,1.226
2,3,5,8.69,2.944
2,1,3,13.08,2.213
2,3,2,16.44,3.396
1,3,1,35.73,0.965
1,2,3,31.29,1.23
2,2,4,4.24,4.664
1,1,4,15.2,0.301
1,2,3,28.74,0.738
3,1,2,6.43,10.373
2,1,5,43.59,3.704
1,1,3,49.6,1.157
2,1,1,16.22,5.379
1,1,4,6.31,0.318
1,3,3,17.14,0.71
1,2,3,20.59,0.98
1,2,2,42.61,1.223
1,2,4,39.86,0.704
2,1,2,32.53,3.13
1,2,3,5.62,0.921
1,2,4,47.52,1.188
2,2,2,25.12,8.262
1,2,1,9.46,1.302
2,1,4,22.47,2.497
2,1,4,25.95,1.987
1,2,2,37.42,1.899
1,1,5,47.98,0.538
1,1,1,43.34,0.722
2,2,1,38.02,8.077
1,1,5,37.06,0.257
2,2,4,40.24,6.246
1,1,2,43.51,1.016
1,1,1,24.93,0.614
1,2,1,44.44,1.367
1,3,1,61.93,1.487
1,1,1,14.45,0.724
2,1,2,19.76,3.933
1,1,1,14.67,0.687
1,1,3,26.34,0.549
2,2,1,64.16,30.995
1,3,1,25.85,1.238
1,2,1,17.12,1.802
1,1,1,14.16,0.651
1,1,2,45.36,1.111
1,1,2,11.6,0.591
3,2,2,22.26,24.427
1,1,1,1.25,0.6
1,3,2,8.81,0.812
1,2,3,16.47,0.89
2,1,2,41.38,3.399
1,1,1,40.2,1.189
2,1,5,43.82,1.835
1,1,1,17.61,0.751
2,3,1,41.99,8.679
2,2,1,41.18,9.857
1,1,4,12.4,0.316
3,1,2,17.25,12.073
3,2,2,37.35,42.776
1,3,1,47.92,1.157
1,1,2,11.06,0.714
2,2,2,11.46,5.176
2,3,4,50.2,8.725
2,2,1,76.61,38.948
2,2,1,55.16,10.053
1,3,1,13.37,0.995
2,1,3,30.14,3.606
1,1,5,25.94,0.443
2,1,1,11.38,4.725
1,1,3,7.91,0.45
2,3,1,22.17,3.739
2,2,4,11.03,3.434
1,2,2,37.37,1.775
2,1,4,76.07,4.522
2,2,2,19.31,4.519
1,2,2,14.16,1.077
1,1,4,14.07,0.444
1,1,1,14.15,0.575
1,3,2,34.52,0.763
2,3,4,13.24,2.752
1,2,3,17.65,0.669
2,1,1,17.05,3.76
1,3,1,18.25,0.619
1,3,2,16.53,0.667
2,2,1,14.29,6.126
1,2,1,58.28,2.165
2,1,1,35.68,2.984
1,2,1,22.04,1.538
2,3,2,56.34,4.878
2,2,1,43.68,7.745
2,3,4,25.87,3.225
2,1,5,13.35,2.46
1,1,1,15.95,0.729
2,3,4,45.88,3.994
1,3,2,5.57,0.834
2,1,2,5.69,2.952
1,3,4,17.5,0.474
1,1,2,27.27,0.562
1,1,5,32.42,0.376
1,1,1,32.29,1.103
1,3,5,48.61,0.86
1,3,1,44.24,1.1
1,1,4,36.34,0.358
1,3,2,23.31,1.055
1,1,4,45.4,0.449
2,3,3,22.12,2.961
3,3,1,38.21,20.478
1,3,1,32.54,0.819
1,1,5,7.41,0.509
1,1,3,35.48,0.539
2,2,4,28.17,5.486
3,1,2,48.93,19.619
1,1,1,29.76,0.846
1,2,4,20.95,0.774
1,1,2,20.39,0.907
1,2,4,25.6,1.001
1,1,1,32.67,0.607
2,1,2,42.9,4.732
1,2,4,18.01,0.801
1,2,4,58.15,1.254
2,1,3,35.01,3.785
2,1,1,20.93,4.128
1,2,3,34.28,1.732
2,2,2,12.93,6.105
1,1,1,18.43,0.494
1,2,1,6.69,1.044
1,1,2,28.43,0.459
1,1,3,47.48,0.878
1,2,2,40.29,1.156
2,3,4,21.97,3.057
2,1,2,23.44,2.258
1,2,3,17.5,0.655
1,1,4,31.51,0.752
1,2,1,56.94,1.705
1,3,1,6.54,0.785
2,3,4,13.03,3.791
1,1,2,50.07,0.81
2,1,1,34.82,4.252
1,1,1,27.75,0.725
2,1,2,13.71,3.117
1,1,3,9.26,0.516
1,1,1,2.88,0.448
1,2,4,28.04,0.636
2,2,3,3.17,4.022
1,1,2,7.13,0.452
1,2,3,54.08,1.59
1,1,4,30.72,0.472
1,2,5,64.23,0.67
1,1,3,54.16,0.51
1,1,1,54.46,0.617
3,1,4,34.36,8.658
2,1,1,22.96,2.998
1,1,2,26.09,0.662
1,1,1,37.42,0.639
1,3,3,9.27,0.602
3,1,1,18.74,9.657
1,1,4,50.81,0.955
1,2,1,40.15,1.086
2,1,2,43.74,4.012
1,2,3,34.39,1.359
1,2,2,21.78,1.057
1,3,1,38.46,0.816
1,2,1,46.53,2.219
1,2,2,65.74,3.714
3,3,3,46.32,36.945
1,1,2,8.28,0.77
2,1,2,36.1,3.646
1,3,1,9.47,0.825
2,2,5,16.2,2.534
2,1,1,5.17,2.841
2,3,2,30.33,6.443
2,1,1,35.76,3.26
1,2,1,22.2,1.305
2,1,1,4.71,3.389
2,2,1,61.7,13.035
1,1,2,8.77,0.423
1,1,2,27.45,0.733
3,1,2,27.21,14.675
2,1,2,29.15,2.614
1,2,3,41.76,1.341
2,3,1,50.57,4.7
2,2,1,6.33,5.736
1,3,3,20.46,0.578
1,1,3,29.09,0.524
1,1,3,28.13,0.483
1,1,1,47.02,1.884
1,1,1,9.56,0.684
3,1,2,8.06,18.416
2,1,1,20.78,3.58
2,3,2,35.79,5.464
1,1,3,7.15,0.615
1,1,1,18.59,0.781
1,3,2,56.66,1.199
2,2,2,62.02,7.472
1,1,2,25.55,0.776
1,1,4,32.68,0.458
2,1,4,0.55,3.219
1,3,3,29.68,0.736
1,3,1,24.4,0.817
1,1,5,25.62,0.356
3,3,3,17.4,21.036
1,1,2,18.46,0.571
1,2,1,45.18,4.08
3,3,5,21.52,11.373
3,1,1,13.2,11.42
1,2,4,33.73,0.887
2,3,4,33.21,4.091
3,2,2,16.46,20.047
1,2,2,25.89,0.846
2,1,1,12.56,2.836
1,1,1,21.12,0.914
2,1,1,29.56,5.232
1,1,3,26.73,0.603
2,1,1,22.7,3.634
2,3,3,19.1,2.657
1,1,1,21.44,0.892
2,3,4,40.56,3.031
1,3,3,58.99,0.701
1,1,2,4.28,0.535
3,1,2,43.16,28.848
3,2,3,10.36,27.817
2,3,1,58.78,10.565
2,1,1,27.29,4.98
1,1,4,28.72,0.419
1,2,1,46.81,1.523
2,1,4,6.26,1.688
2,1,1,32.6,2.853
1,1,3,10.79,0.384
1,3,4,18.15,0.646
2,1,1,11.45,1.874
1,2,2,5.86,1.173
2,2,1,37.36,8.819
1,3,1,20.21,1.343
1,1,4,6.81,0.336
1,1,2,23.11,0.91
2,3,2,42.52,6.296
3,2,2,41.58,34.565
1,3,2,52.3,1.066
3,1,4,37.1,10.203
1,1,3,49.88,0.6
1,3,5,41.37,0.722
2,1,1,15.53,3.569
1,1,1,44.16,0.662
1,1,3,31.64,0.588
2,3,5,8.76,2.397
1,1,1,40.74,1.844
2,1,1,64.35,4.029
1,1,1,11.49,0.704
1,3,1,47.82,1.649
1,2,1,29.16,1.519
1,1,1,28.71,0.783
2,3,3,27.15,3.314
1,1,5,28.1,0.5
2,1,1,7.2,3.12
1,1,3,49.54,1.009
1,2,2,31.39,1.361
2,3,2,34.21,8.313
1,2,1,24.53,1.359
1,2,2,15.99,1.054
1,2,1,9.7,0.895
1,1,1,55.21,1.01
1,3,3,38.19,1.071
3,2,3,12.71,18.741
1,2,1,50.92,1.257
1,2,1,28.5,1.475
1,1,3,21.38,0.629
2,2,1,5.44,6.649
1,1,2,35.62,0.634
1,2,2,29.46,0.879
1,3,2,40.89,1.028
2,1,2,33.76,5.045
1,1,1,21.34,0.508
2,2,2,19.5,4.0
1,2,4,40.34,0.957
3,1,3,54.52,12.442
3,1,1,7.87,14.979
2,1,1,4.38,2.269
2,2,2,25.21,5.985
2,3,2,30.84,3.173
2,2,1,52.43,9.641
1,3,1,24.89,1.048
2,1,4,14.82,1.705
1,2,3,3.42,1.235
2,1,4,9.6,2.114
1,1,2,24.43,0.733
2,1,1,5.06,4.227
1,1,2,17.37,0.339
1,1,2,30.67,0.677
1,2,2,17.97,0.859
2,1,5,25.97,1.5
1,3,1,9.46,0.579
3,2,3,39.22,26.166
2,1,2,44.31,3.126
2,1,3,36.94,2.113
3,3,1,6.41,20.339
1,2,2,8.1,0.866
2,3,1,19.11,3.036
1,1,2,37.28,0.497
1,3,4,5.72,0.467
1,2,2,22.54,1.001
1,1,2,25.48,0.703
1,1,1,35.32,1.095
1,2,2,25.06,1.337
3,2,2,35.95,29.422
1,1,1,5.04,0.821
3,3,4,21.87,10.93
2,3,3,29.72,5.493
2,2,5,32.37,2.701
2,2,1,16.59,7.647
3,3,2,20.93,19.492
1,1,2,54.87,0.928
1,2,2,26.08,1.046
1,1,1,50.29,1.903
1,1,1,32.99,0.917
1,3,2,10.86,0.739
1,1,1,34.47,0.592
3,2,1,16.49,24.19
1,1,3,42.26,0.492
3,2,1,23.77,27.716
1,2,1,19.24,1.209
2,1,2,13.52,3.833
1,1,2,41.8,0.437
3,1,1,32.15,13.646
2,2,1,14.94,7.131
1,2,3,20.09,0.732
3,1,3,20.21,11.509
1,2,5,35.69,1.05
3,2,2,15.1,22.193
1,2,1,48.79,3.024
1,2,3,47.85,0.995
1,1,5,31.41,0.273
2,2,1,52.31,10.069
2,2,1,28.19,6.881
2,1,1,33.26,2.529
1,1,1,61.1,1.043
1,1,4,26.62,0.394
1,2,2,60.3,2.512
1,2,1,24.02,0.982
1,1,1,38.17,1.08
1,1,1,45.25,1.477
1,1,1,6.06,0.618
2,2,1,2.61,7.201
1,2,1,44.53,1.164
3,1,2,32.7,18.285
2,2,1,26.69,5.991
2,2,1,50.86,12.287
2,1,1,13.07,4.163
1,1,1,53.7,1.178
3,1,1,14.94,19.354
1,2,2,15.84,0.794
1,3,3,11.8,0.612
2,1,1,23.53,2.451
2,3,1,14.83,4.833
1,1,2,22.58,0.614
2,3,3,2.08,3.221
2,3,3,17.89,3.151
1,2,3,25.51,0.854
3,1,4,28.3,10.092
1,1,2,40.19,0.891
2,1,1,8.11,4.078
2,1,2,16.52,1.839
1,2,1,14.4,1.408
2,2,2,4.06,4.933
1,2,1,9.87,1.23
2,1,2,42.93,4.879
2,1,2,27.4,2.647
2,3,4,24.62,2.664
3,2,1,15.12,26.286
2,3,1,48.4,4.318
1,2,1,27.33,1.426
1,1,3,44.47,0.583
2,2,2,5.53,6.528
1,3,1,44.59,1.15
1,2,1,7.42,1.075
1,1,3,15.0,0.599
2,2,3,17.8,3.209
2,2,1,53.13,8.988
2,3,2,34.63,3.296
1,2,3,28.28,1.61
3,3,1,14.4,15.477
2,1,2,43.27,4.067
1,2,2,45.35,1.206
1,2,2,29.56,1.528
3,1,2,53.04,14.073
3,3,5,55.0,12.043
1,1,4,49.66,0.787
2,2,1,40.66,7.095
3,1,2,29.15,13.589
1,1,1,14.04,0.652
1,1,1,14.23,0.885
2,1,1,37.97,6.936
1,1,5,53.34,0.533
2,2,3,21.75,5.997
1,1,1,17.9,0.637
1,2,1,54.48,2.217
1,3,2,38.14,0.977
2,1,2,23.34,2.872
1,1,5,23.38,0.309
1,1,1,4.29,0.588
1,2,3,9.35,1.083
1,2,2,4.52,0.948
2,1,2,25.56,2.466
1,2,3,40.85,0.828
1,1,3,40.6,0.532
1,2,1,75.32,1.507
1,3,3,48.66,0.695
1,3,2,40.48,0.802
1,1,1,50.72,1.067
2,1,5,9.58,1.357
1,2,2,44.54,0.95
1,1,2,38.15,0.796
1,2,4,2.95,0.916
2,2,2,21.1,6.322
1,1,1,50.67,2.652
2,1,1,23.13,3.146
3,3,4,22.49,13.542
1,1,1,61.7,0.71
1,2,2,27.05,0.675
2,1,2,24.87,3.637
3,1,2,37.56,20.846
1,1,2,17.38,0.536
2,1,1,58.25,5.603
2,1,1,34.03,3.822
1,3,1,19.88,0.792
2,3,2,38.12,4.548
1,1,4,42.74,0.582
3,2,1,24.73,41.345
1,1,1,12.63,0.604
1,1,1,23.37,0.597
2,1,1,38.1,4.092
1,1,3,29.15,0.784
1,1,3,15.51,0.325
1,1,2,4.67,0.487
2,1,2,43.38,4.346
1,1,5,18.94,0.397
2,2,2,43.1,10.286
2,3,1,23.82,6.388
1,1,2,19.25,0.576
2,1,4,22.12,1.938
1,1,1,10.59,0.514
1,3,2,35.37,0.841
1,3,2,35.61,0.928
1,1,1,11.29,0.429
2,1,4,37.26,3.462
3,2,2,62.94,57.23
1,1,1,37.51,0.804
1,1,2,11.43,0.675
1,1,1,3.99,0.716
1,2,1,24.02,1.925
2,2,1,16.96,6.557
1,1,1,25.36,0.446
2,1,2,11.36,4.451
1,2,3,37.6,1.592
1,3,1,20.61,0.708
2,3,3,23.12,3.182
1,1,1,35.83,1.074
2,1,3,5.39,3.466
2,3,3,27.53,3.747
1,2,1,18.16,0.837
1,1,3,59.59,0.845
1,2,3,20.32,1.281
3,1,4,25.81,13.683
3,2,1,7.71,27.722
1,3,3,21.12,0.539
2,1,1,22.21,2.196
2,1,2,28.95,3.8
2,1,1,13.53,3.538
1,1,3,25.24,0.579
3,1,1,23.49,16.623
2,2,1,9.79,4.386
2,1,2,47.8,7.505
1,3,1,12.28,1.089
1,3,1,8.66,0.931
1,1,2,39.67,0.89
2,1,3,2.9,1.869
2,2,2,24.64,5.338
3,3,1,50.9,51.366
1,1,1,13.77,0.543
3,3,2,42.55,19.321
2,3,3,18.91,3.427
1,3,4,20.73,0.519
1,2,1,46.38,1.397
2,3,1,15.05,2.909
2,1,1,35.78,4.331
1,3,4,9.55,0.628
2,2,2,27.22,3.929
1,1,2,33.23,0.868
2,3,2,32.13,3.604
3,2,3,53.65,38.685
1,2,3,49.58,1.794
1,1,4,24.78,0.491
2,2,1,19.37,6.975
2,1,5,11.34,1.304
1,2,1,25.52,1.443
1,2,1,49.7,1.821
1,2,1,26.82,1.885
2,3,1,19.91,3.588
2,1,1,11.55,6.143
1,2,1,29.15,1.005
1,2,2,35.82,0.96
1,2,1,9.18,0.87
1,1,1,70.62,2.252
1,1,2,30.42,1.009
2,1,1,48.85,8.287
2,1,4,17.87,2.119
1,1,4,5.91,0.594
2,2,2,15.23,5.282
1,1,1,9.3,0.618
2,1,2,5.77,2.466
2,1,4,6.07,2.332
1,2,1,33.81,1.197
2,1,2,17.26,3.407
1,1,1,76.47,1.391
3,1,1,19.86,13.084
1,1,5,72.34,0.545
2,3,2,39.78,3.86
1,1,1,38.36,1.152
1,1,1,36.63,0.867
1,1,1,19.83,0.813
2,3,2,12.85,5.239
1,3,1,48.07,1.388
1,2,1,31.31,0.725
1,2,1,36.71,1.709
1,3,4,7.98,0.504
1,1,2,32.0,0.809
1,2,1,10.26,1.299
1,1,2,21.39,0.759
3,1,2,39.54,17.643
1,2,1,7.2,1.723
1,1,2,29.01,0.951
2,1,1,34.61,3.926
1,1,2,10.86,0.479
2,3,3,17.84,3.853
1,2,5,11.51,0.729
1,2,4,9.11,0.548
3,2,1,51.39,32.707
1,1,1,34.53,0.778
2,2,3,33.27,4.989
1,2,1,20.2,1.249
1,1,2,42.39,0.894
1,1,1,47.48,0.914
1,1,2,83.57,1.23
2,2,1,10.84,7.491
1,2,4,15.57,1.385
1,2,4,24.03,0.715
1,3,5,40.4,0.465
1,1,2,25.84,0.528
1,1,1,63.69,0.756
1,1,1,20.48,0.657
1,1,1,28.45,0.389
2,1,3,42.12,3.63
3,1,1,45.72,30.025
1,1,2,34.97,0.526
1,1,1,24.53,0.739
1,1,5,35.66,0.424
2,2,2,52.01,5.366
1,1,1,30.58,0.421
1,1,1,2.47,0.749
2,2,5,31.92,2.966
1,1,2,43.79,0.653
1,2,2,6.94,1.494
2,1,1,62.68,9.044
2,1,1,10.11,2.525
1,1,1,11.06,0.745
1,1,1,12.0,0.713
1,2,1,26.58,1.043
1,1,5,57.66,0.509
2,2,1,69.01,5.723
2,3,1,32.84,3.903
1,3,2,4.01,0.743
1,3,2,24.35,0.87
1,1,1,14.36,0.365
2,2,1,29.07,4.259
1,1,2,64.61,1.46
2,2,1,19.56,6.761
2,1,5,8.33,2.182
1,3,2,11.0,0.706
2,1,1,10.67,3.685
2,3,1,20.73,3.633
1,1,5,46.61,0.906
1,1,3,19.11,0.467
1,2,1,2.74,1.273
1,2,3,48.91,1.232
1,1,2,44.08,0.765
1,1,1,24.03,0.624
2,3,1,41.94,6.968
1,1,2,38.54,0.487
1,2,4,9.97,0.788
3,1,1,42.67,22.677
1,1,1,10.62,0.546
1,2,1,3.79,1.014
3,1,1,7.02,22.18
1,2,4,53.58,1.906
1,1,1,56.78,1.296
1,1,1,41.74,0.706
2,1,4,44.89,3.998
2,1,3,75.49,7.009
2,3,1,28.36,3.465
1,1,1,27.69,0.864
3,2,1,29.73,33.81
1,3,1,19.02,1.237
2,1,2,31.82,3.868
1,2,5,73.23,1.361
1,2,2,11.74,1.17
3,1,3,30.22,11.888
2,2,1,57.09,6.395
1,3,2,13.34,0.691
2,1,1,35.99,3.21
1,1,2,32.1,0.622
1,3,2,3.02,0.812
1,1,1,52.5,0.96
1,1,4,70.66,1.126
1,1,2,44.01,0.982
2,2,3,24.76,4.117
2,3,1,25.75,4.229
1,2,1,18.4,0.862
1,2,1,32.44,1.216
1,1,1,57.7,2.241
3,2,3,21.1,32.067
2,1,1,22.59,5.77
3,3,2,11.5,25.381
2,1,2,49.85,3.217
2,2,4,45.96,8.373
1,1,1,18.06,0.909
2,2,1,24.9,8.617
2,2,3,19.8,5.172
1,1,1,18.79,1.033
1,1,1,16.99,1.073
1,1,2,48.46,0.943
1,1,1,29.01,0.747
3,1,1,41.97,17.321
1,3,3,48.41,0.887
1,1,1,28.79,1.168
1,1,1,2.63,0.518
1,1,4,3.97,0.698
2,1,4,23.55,4.843
1,3,2,22.66,0.674
1,2,2,31.01,1.606
3,1,1,56.54,31.538
1,2,1,31.03,1.776
1,1,1,74.03,1.407
1,1,1,4.35,0.502
1,1,2,41.06,0.726
1,1,5,26.01,0.53
2,2,1,20.15,4.084
1,1,1,13.63,0.741
2,1,2,23.3,2.227
1,1,1,14.96,0.82
1,2,3,21.9,1.409
2,1,2,32.73,2.673
2,1,5,35.35,2.269
3,1,2,48.74,24.485
1,1,2,70.24,2.472
1,2,1,26.6,1.383
3,1,3,4.46,14.963
1,3,2,32.42,0.862
2,2,1,29.9,3.815
1,2,1,6.15,0.905
1,1,2,22.22,0.88
3,1,3,12.83,13.861
3,2,3,30.77,43.748
3,1,4,32.09,8.531
2,1,1,10.68,3.977
1,2,2,17.16,1.098
1,2,3,19.93,0.549
1,2,3,13.76,1.578
2,1,2,25.45,3.026
2,3,5,69.11,2.95
2,2,4,18.24,4.147
1,1,1,15.27,0.744
1,1,3,10.92,0.515
2,1,1,21.56,4.985
3,1,2,78.04,28.854
1,1,1,65.61,1.497
1,2,2,20.8,0.734
3,1,2,77.37,39.055
2,3,5,50.47,2.84
2,1,1,51.26,3.543
3,2,2,23.75,24.07
2,2,3,33.63,3.602
2,3,4,34.48,2.387
2,3,1,31.01,2.99
1,3,1,58.43,1.647
1,1,1,29.82,0.974
1,1,4,48.15,0.563
2,3,1,37.04,2.536
1,3,3,5.98,0.787
3,3,1,46.97,58.653
1,2,1,28.25,1.651
2,3,1,56.22,5.547
1,1,3,13.32,0.382
1,1,1,44.53,1.023
1,3,2,33.31,0.731
2,1,1,24.23,3.966
1,3,3,24.32,0.637
1,1,4,9.2,0.349
2,2,4,9.53,3.799
2,1,2,28.03,2.431
2,2,1,14.24,7.087
2,3,1,32.53,6.208
2,2,2,43.32,7.144
1,3,1,28.82,0.883
1,1,5,44.51,0.532
1,1,4,68.64,0.668
1,3,1,17.93,0.62
1,3,1,19.08,1.568
2,1,4,38.79,2.367
2,3,1,26.07,4.382
1,2,2,26.57,0.995
2,1,1,52.85,4.496
1,1,2,6.38,0.496
1,3,2,6.13,0.85
1,3,4,19.78,0.493
2,1,2,61.47,7.853
2,1,1,63.67,7.37
1,1,1,10.77,0.537
2,3,2,32.26,3.73
2,3,1,16.37,6.185
1,1,2,19.24,0.652
2,3,3,21.57,3.82
1,1,1,9.88,1.078
1,2,1,16.34,1.109
1,2,2,66.02,2.992
1,1,1,29.16,0.743
2,1,1,35.58,2.251
1,1,1,38.11,0.77
1,3,1,38.56,1.06
1,1,1,18.96,0.581
2,1,1,40.85,2.123
1,1,3,4.62,0.557
2,3,2,47.81,4.166
1,1,1,27.49,0.537
1,3,2,15.91,1.283
1,2,1,31.48,1.683
3,2,2,22.51,26.974
1,1,3,15.51,0.802
1,1,5,49.53,0.521
1,3,1,20.6,1.211
1,2,3,69.32,3.11
1,1,4,35.29,0.405
1,2,2,32.66,1.14
2,1,2,27.89,3.132
2,1,1,28.37,4.623
1,1,1,17.07,0.833
1,2,4,13.86,0.761
1,2,2,18.56,0.682
3,3,2,36.04,19.876
1,1,1,42.69,0.886
1,3,2,23.35,0.66
2,1,5,58.49,3.538
1,1,1,11.8,0.693
1,2,1,17.71,1.055
3,1,1,65.83,39.628
1,1,3,4.09,0.392
1,1,2,35.5,0.746
2,3,1,28.86,3.478
1,2,1,4.08,1.22
1,3,1,17.23,1.098
2,2,3,50.66,10.117
2,2,1,30.52,6.658
2,1,1,37.18,7.443
1,1,1,66.74,1.289
1,1,2,25.31,0.642
3,1,2,4.73,15.549
2,1,2,10.3,2.59
1,1,3,17.39,0.638
2,3,2,25.43,3.709
1,1,1,44.88,0.851
3,1,3,18.04,12.239
2,2,1,24.91,5.351
2,1,1,8.7,3.551
1,2,1,36.84,1.247
2,3,1,17.25,6.296
1,1,3,26.81,0.484
1,1,1,55.74,1.757
1,3,2,11.36,0.622
2,3,1,23.66,4.012
2,1,1,54.76,6.892
1,1,1,55.83,0.726
1,1,1,33.65,0.686
1,3,3,30.07,1.238
1,1,3,17.59,0.393
1,3,2,15.15,0.726
2,1,1,0.91,2.349
1,1,4,13.55,0.551
1,1,2,15.26,0.664
1,2,2,20.15,0.737
1,3,1,13.8,0.857
1,1,1,5.73,0.609
2,1,3,4.63,1.687
1,2,1,7.83,1.168
1,1,1,26.45,0.609
1,1,4,34.22,0.65
1,1,2,42.98,1.013
2,1,4,44.08,2.093
2,2,3,12.84,4.86
2,1,4,32.73,3.233
1,1,1,28.6,0.824
1,1,2,39.42,0.875
1,1,2,57.76,1.053
2,2,1,43.71,7.948
1,1,1,13.2,0.591
2,1,1,47.02,4.23
3,1,3,14.85,11.232
2,2,5,31.52,5.579
1,1,3,11.54,0.577
2,1,2,29.04,2.611
1,2,5,19.85,1.022
3,3,3,40.7,19.895
1,1,1,17.49,0.97
2,1,5,34.66,1.898
1,2,4,13.56,0.655
2,3,4,15.38,3.134
1,2,3,20.91,0.954
1,1,3,9.74,0.431
1,3,5,18.46,0.389
1,2,1,79.49,6.241
1,3,5,23.12,0.511
2,1,2,23.39,2.048
1,2,2,55.18,1.739
2,1,1,36.27,3.863
1,1,2,12.84,0.741
2,3,3,17.5,5.064
3,2,1,34.55,78.326
1,2,1,42.51,1.307
3,2,2,28.77,21.08
2,1,1,1.2,4.115
1,3,2,30.82,1.25
1,2,5,23.01,0.35
3,2,2,17.79,16.013
2,1,3,17.58,2.479
1,1,3,9.09,0.601
1,1,2,40.1,0.21
1,2,2,25.03,1.153
1,1,1,11.22,0.653
1,1,2,22.5,0.577
3,2,2,46.3,44.807
2,1,1,24.69,5.959
1,1,4,37.42,0.384
1,2,3,27.0,1.108
1,1,4,21.21,0.362
3,3,1,14.88,18.289
2,2,2,32.73,2.931
2,3,1,37.88,4.254
2,1,1,18.41,2.596
1,2,4,25.86,1.001
1,2,1,34.78,1.026
2,1,2,28.29,4.646
2,1,3,49.66,4.524
2,1,5,55.27,2.325
2,3,1,23.19,4.506
1,3,1,33.87,0.789
1,3,1,6.9,0.651
2,3,5,45.24,5.288
1,1,3,39.74,0.537
1,2,1,56.24,2.93
2,1,1,15.05,1.852
1,1,1,10.51,0.445
2,1,2,56.87,7.102
1,2,1,11.57,0.901
2,3,1,10.63,5.737
3,1,1,38.37,44.357
1,3,2,26.84,0.972
3,1,3,15.02,11.8
2,2,1,34.69,4.153
2,1,1,11.1,3.163
2,2,1,53.93,11.702
1,1,1,55.88,1.001
1,3,1,0.28,1.296
1,1,1,18.64,0.823
2,1,4,14.53,1.609
1,3,1,23.26,0.858
1,1,5,37.1,0.458
3,1,2,56.22,21.516
3,1,2,30.42,19.074
2,1,1,62.29,10.283
1,2,1,17.6,0.956
2,2,4,31.46,5.342
3,1,1,1.65,11.165
1,1,2,29.2,0.534
1,1,1,47.87,1.629
3,1,5,3.93,8.119
1,1,4,42.89,0.63
2,1,1,25.44,2.882
1,2,1,29.73,2.363
1,1,3,22.39,0.529
1,1,2,32.13,0.821
2,1,3,61.37,5.694
2,2,2,39.56,10.276
3,3,2,40.58,30.549
1,1,1,72.45,1.054
3,2,2,26.62,19.734
1,3,1,25.04,1.093
1,3,2,39.28,0.99
3,1,1,48.3,23.919
1,2,2,19.76,1.054
1,2,2,13.54,1.128
1,1,1,46.6,0.885
2,3,1,8.82,3.298
2,1,2,2.89,2.562
3,3,2,28.78,19.051
1,1,4,28.93,0.42
1,1,2,18.1,0.464
1,2,1,20.82,1.817
3,3,2,58.26,36.05
1,2,4,32.05,0.822
1,3,1,31.39,1.252
1,2,3,11.55,0.87
1,2,2,58.18,1.259
2,1,3,9.89,4.648
1,1,1,26.44,0.596
2,2,2,14.08,6.894
1,1,2,32.58,0.56
1,3,4,65.4,1.075
2,1,1,46.63,4.215
2,1,4,27.5,2.688
1,1,3,6.83,0.585
2,1,1,11.54,4.495
2,1,4,6.33,2.407
2,3,4,20.23,3.892
2,1,5,50.15,2.729
2,1,1,43.97,3.358
1,2,1,46.21,1.388
1,3,3,13.86,0.569
1,3,1,43.09,1.7
1,1,2,16.35,0.533
2,1,1,1.81,4.073
2,1,2,8.09,3.256
1,3,4,34.0,0.725
3,3,1,42.71,34.326
3,2,1,29.25,19.901
1,2,1,8.39,1.776
1,1,1,41.74,0.673
1,3,1,34.76,1.271
3,1,3,11.85,15.686
1,3,3,25.1,0.584
2,1,3,9.01,2.428
3,1,1,10.61,16.892
2,2,3,29.51,5.347
2,1,5,15.83,2.374
1,3,1,4.85,0.847
1,1,2,28.73,0.782
1,1,1,32.85,1.097
2,2,2,49.54,6.73
1,2,2,22.28,0.88
1,1,4,36.27,0.892
2,2,2,27.63,3.164
1,1,1,35.2,0.577
2,3,2,21.22,3.689
1,2,4,38.93,1.334
1,3,1,13.24,0.858
1,2,1,20.79,1.501
2,2,1,28.43,9.496
1,2,1,36.93,2.067
1,2,2,35.79,1.283
2,1,2,3.18,3.136
1,1,1,13.6,0.783
1,1,2,48.82,0.696
1,3,2,40.63,0.96
3,3,1,32.04,24.557
2,1,1,19.02,3.018
1,1,1,29.41,0.876
2,1,1,14.31,3.809
1,3,2,40.57,0.942
1,1,4,21.63,0.605
1,3,5,24.82,0.445
2,1,1,28.02,3.887
2,2,2,30.34,6.132
1,3,1,0.58,0.979
1,2,4,31.68,0.615
2,1,2,13.89,3.563
1,3,3,59.42,1.224
1,3,1,25.23,1.166
3,1,1,30.76,12.807
3,2,4,25.37,23.179
3,2,1,57.96,53.477
2,2,4,25.41,4.21
1,1,2,39.18,0.925
1,3,5,23.18,0.492
3,1,3,55.88,29.09
1,1,2,11.44,0.416
1,2,1,37.4,1.14
1,1,2,7.86,0.551
2,1,1,52.74,9.349
1,3,2,21.99,0.805
2,1,1,34.42,2.901
2,2,1,55.37,12.233
1,3,1,45.34,0.939
2,3,4,6.42,2.669
2,2,2,11.31,7.575
1,2,1,35.75,1.075
1,1,3,13.46,0.46
2,1,5,5.79,2.226
1,1,1,12.79,0.68
1,1,4,9.37,0.674
3,1,4,54.54,14.024
1,3,1,37.95,1.386
1,3,1,35.88,1.242
1,2,1,7.66,1.405
1,2,4,7.5,0.593
1,2,3,29.99,0.693
1,1,3,22.97,0.506
2,3,2,20.42,3.605
2,1,5,5.2,1.941
1,2,2,43.45,0.838
2,1,2,30.73,3.719
1,2,3,17.97,0.817
1,2,1,35.31,0.998
2,1,1,35.32,5.72
2,2,2,16.27,3.968
3,2,1,30.08,28.058
1,1,4,58.0,1.314
3,2,3,26.76,28.541
1,1,1,35.97,0.686
1,1,3,15.74,0.434
1,2,1,12.42,0.851
2,1,2,34.14,5.29
1,1,1,5.64,0.708
1,1,3,9.34,0.623
3,2,3,32.19,18.694
2,1,1,30.96,5.131
1,3,2,63.7,0.948
1,3,1,16.9,0.966
2,2,3,12.73,3.747
3,2,5,12.88,22.987
2,1,1,20.3,6.304
1,1,1,33.41,0.714
1,2,4,37.6,1.221
1,1,3,3.01,0.459
3,3,2,9.76,24.74
2,2,2,12.46,5.338
2,1,2,35.36,4.074
1,1,1,23.65,0.761
1,3,2,34.96,1.015
2,1,1,25.37,4.872
2,1,1,39.59,3.977
1,1,1,37.11,0.853
2,3,2,12.57,3.929
1,1,1,30.9,0.58
2,2,1,24.27,9.382
2,3,2,24.13,3.759
1,1,1,10.19,0.83
2,2,2,22.19,5.415
1,2,1,52.86,1.34
1,1,1,51.89,1.773
3,1,3,18.46,13.422
3,1,1,21.64,15.61
1,1,2,21.11,0.534
2,3,3,38.5,4.183
1,1,3,29.09,0.679
2,1,1,25.02,4.176
1,3,1,50.83,1.231
1,3,1,55.6,0.695
1,2,4,29.95,0.644
3,1,1,37.66,23.598
3,3,1,43.0,28.751
1,1,1,60.39,1.272
1,2,1,23.65,1.26
1,1,1,53.25,0.751
1,3,2,24.29,0.457
1,2,2,50.89,1.335
2,3,1,52.9,5.457
1,3,1,33.41,1.553
1,2,3,49.17,1.875
3,1,4,19.15,10.778
1,2,2,30.73,1.993
1,3,1,13.17,0.866
3,1,1,45.42,23.719
2,1,1,54.15,6.843
1,2,1,29.73,1.127
1,2,2,29.32,1.758
2,1,4,25.89,1.986
1,1,2,31.43,0.772
1,2,2,4.56,1.014
1,1,2,33.23,0.568
2,3,1,28.58,3.953
1,2,2,23.36,1.031
1,2,1,8.51,1.383
2,1,3,68.64,8.035
1,2,1,12.68,1.39
2,3,2,17.45,4.204
3,1,1,8.29,15.83
2,2,1,22.93,4.971
1,1,2,44.84,0.952
3,1,5,15.0,9.058
1,3,4,44.39,1.023
1,1,2,22.32,0.696
1,1,1,26.05,0.576
2,2,1,40.75,8.342
1,1,1,11.2,0.736
1,2,2,38.3,1.393
1,1,3,3.45,0.397
1,3,3,19.25,0.543
2,3,1,19.31,3.575
1,2,3,25.28,0.617
1,2,4,32.49,1.083
1,2,1,22.07,0.989
3,2,4,5.25,24.01
1,1,3,52.72,1.13
1,1,1,21.99,0.78
1,3,2,29.41,1.062
3,2,3,35.56,19.581
2,1,1,20.77,3.028
1,1,2,47.31,0.64
1,2,3,14.74,0.754
1,2,1,16.46,1.203
1,3,5,41.74,0.352
2,1,5,21.6,1.428
1,2,1,22.54,1.127
1,1,1,9.77,0.74
2,1,4,8.67,3.865
1,3,3,24.68,0.483
1,1,1,7.08,0.655
1,1,1,28.91,1.054
2,1,1,15.51,2.317
2,2,2,14.47,6.075
2,1,1,34.31,5.907
2,1,2,19.84,3.835
1,2,1,5.38,1.08
1,2,1,16.06,1.204
1,3,1,59.04,1.261
1,1,1,14.84,0.798
2,3,3,59.43,9.021
1,2,2,8.52,1.128
1,1,2,13.28,0.726
1,2,2,26.2,1.031
2,1,3,21.76,1.773
2,3,4,29.77,3.529
2,1,2,45.87,2.915
1,1,1,42.56,0.728
3,2,2,21.11,33.899
2,1,4,24.2,2.016
2,2,5,7.18,4.54
2,1,2,17.69,3.4
1,1,1,24.0,0.61
2,2,3,7.31,4.247
3,2,1,18.04,30.322
1,3,1,31.68,1.686
1,2,4,31.94,0.794
1,2,1,3.03,1.417
3,3,2,19.98,12.375
1,1,3,48.59,0.425
3,3,2,10.67,21.195
2,1,4,30.52,2.648
1,3,2,23.02,0.864
1,2,1,14.78,0.834
1,3,1,30.76,1.465
1,1,4,22.8,0.63
1,3,3,2.38,0.763
1,3,1,10.46,0.972
1,1,1,65.91,1.165
1,2,2,62.26,1.203
2,1,1,28.15,3.012
1,2,1,27.75,0.893
3,3,2,23.17,17.909
1,2,3,50.33,1.387
2,2,2,61.05,8.852
1,3,1,27.51,1.358
1,2,4,11.79,0.994
2,1,1,55.88,5.304
3,2,1,26.66,39.342
1,3,5,32.99,0.406
1,2,2,21.93,1.364
2,1,1,23.7,2.325
3,3,2,31.55,30.816
2,3,3,8.2,3.316
1,1,3,20.86,0.593
1,1,1,29.78,0.821
3,1,1,47.94,25.129
1,3,1,9.46,0.961
1,2,1,11.8,0.973
2,1,5,19.61,1.311
1,1,2,40.09,1.054
1,2,2,31.53,1.157
2,3,1,19.14,5.134
3,1,2,27.5,12.605
2,3,2,15.86,3.767
1,2,5,54.03,0.745
2,2,2,17.33,7.716
2,1,2,13.62,2.422
1,1,2,11.1,0.585
1,2,1,11.3,1.003
3,1,1,38.07,21.781
1,2,2,7.79,1.243
1,2,3,56.32,1.514
2,2,2,50.03,9.241
2,2,2,8.47,6.31
1,1,1,29.23,0.73
2,2,1,43.34,5.604
2,2,4,29.52,3.271
2,1,5,43.62,2.062
2,2,1,20.9,5.889
1,1,1,12.95,0.514
2,1,3,11.75,2.19
1,1,1,34.27,1.058
1,2,4,36.82,1.383
1,2,1,47.16,1.792
1,2,4,28.52,1.176
1,1,3,34.7,1.089
1,1,1,18.34,0.81
1,1,2,41.83,0.774
2,1,2,12.08,2.62
1,3,2,40.86,1.912
2,1,1,14.01,3.6
2,1,2,23.56,4.177
1,1,2,34.77,0.445
3,2,2,48.84,42.569
1,1,3,26.97,0.639
2,1,1,31.91,6.54
1,2,1,45.51,2.176
2,2,4,35.43,5.026
2,1,1,47.23,3.458
1,3,1,16.88,0.761
3,2,1,50.98,50.845
1,1,1,42.51,1.319
2,1,2,14.03,3.917
1,2,2,54.94,1.137
1,1,5,31.9,0.418
2,3,1,32.23,7.308
1,2,2,21.91,1.004
2,1,2,53.68,6.416
2,1,1,38.33,8.821
2,1,2,53.98,3.909
1,1,5,22.49,0.386
3,2,1,57.02,36.238
2,1,5,28.89,1.785
2,3,1,17.05,7.037
1,1,2,15.94,0.486
1,1,2,25.69,0.653
1,2,2,32.39,1.754
2,2,1,43.69,6.601
1,1,1,27.71,0.672
1,3,1,31.27,1.037
1,3,3,75.3,1.042
1,1,1,3.46,0.84
2,1,4,15.78,2.265
2,1,1,44.89,3.528
3,1,1,45.34,24.363
1,2,1,5.27,1.691
1,2,3,22.07,1.011
1,3,4,44.69,1.123
2,1,2,24.02,3.574
3,2,2,22.32,24.871
1,2,1,13.8,1.055
1,1,1,20.06,0.754
3,3,1,19.44,22.268
1,2,4,21.44,0.907
1,2,4,55.32,0.982
1,1,4,10.23,0.404
1,3,1,33.99,0.875
1,2,2,33.71,1.395
2,1,1,8.22,4.218
2,1,1,29.4,3.852
1,1,1,31.6,0.932
2,3,4,11.02,3.99
1,3,1,16.86,0.915
1,2,3,24.98,0.739
1,2,2,15.52,0.994
1,2,1,43.83,1.933
3,1,1,30.57,14.394
1,1,4,22.78,0.525
1,1,1,57.69,0.666
2,1,1,45.6,4.729
1,3,2,12.91,1.055
1,1,5,59.62,0.537
1,1,2,14.98,0.542
1,3,1,13.1,0.851
1,1,1,15.32,0.576
2,1,1,30.38,5.53
1,2,2,4.82,1.255
1,1,1,42.92,1.49
2,1,2,3.76,2.82
1,1,1,16.47,0.715
1,3,1,14.56,0.759
1,1,4,3.06,0.298
1,1,2,42.59,0.616
1,2,2,6.49,0.961
1,1,2,60.54,1.142
1,2,1,14.58,1.311
1,1,1,45.83,0.622
2,3,1,40.54,4.856
1,2,5,14.7,0.669
1,2,1,17.77,0.991
1,2,2,57.88,1.941
1,1,1,11.89,0.645
1,1,4,39.63,0.464
1,1,1,40.28,1.141
1,2,2,37.19,1.341
3,1,1,11.48,14.608
2,1,1,34.19,3.337
1,2,4,11.42,0.703
2,1,1,10.38,2.544
1,3,3,16.98,0.706
2,2,1,18.31,6.507
2,1,1,29.73,6.297
2,1,4,24.67,2.297
1,1,2,55.07,0.833
2,1,1,9.73,3.048
1,2,4,15.26,0.634
2,3,3,41.54,5.718
1,1,2,31.06,0.689
1,1,1,15.24,0.425
1,1,4,49.61,0.842
1,1,2,49.4,0.346
1,1,1,18.87,0.759
1,1,4,44.99,0.396
1,2,2,39.84,0.75
1,1,4,31.66,0.624
1,1,2,28.66,0.437
1,1,3,49.51,1.058
3,3,1,25.96,25.348
1,2,1,11.25,1.132
2,1,2,6.63,2.506
1,1,1,59.58,1.461
1,1,4,31.4,0.573
1,2,2,27.84,0.924
1,3,1,30.13,0.886
3,1,2,46.74,24.964
1,3,1,2.41,1.141
1,3,3,26.45,0.694
2,2,2,0.78,4.505
2,2,1,16.91,5.548
2,3,3,25.61,2.932
1,2,2,17.27,1.328
3,2,1,8.39,31.91
1,2,2,16.77,1.006
1,2,3,17.17,1.177
2,1,1,7.64,4.544
3,3,2,29.26,22.579
3,3,1,34.4,16.203
1,1,1,2.84,0.877
2,1,2,5.67,2.101
1,2,2,9.28,1.132
2,3,1,15.89,3.784
2,2,5,58.23,4.536
1,2,2,33.58,1.043
1,2,1,26.5,1.099
2,1,5,48.04,2.499
1,1,4,11.88,0.513
3,3,4,0.51,15.68
2,1,1,19.24,2.598
2,1,1,4.8,3.323
1,3,1,11.8,0.612
2,1,3,22.07,2.275
2,1,4,53.32,1.607
1,1,1,15.89,0.805
1,1,3,13.64,0.736
2,2,1,30.61,5.758
1,3,1,10.61,0.94
1,1,1,38.74,0.659
1,3,3,16.83,0.607
1,1,1,6.74,0.516
1,3,1,13.91,0.935
1,3,2,15.27,0.785
1,1,2,6.32,0.635
2,1,1,21.14,3.69
1,1,1,15.87,0.672
1,3,2,12.44,0.643
1,1,3,77.93,1.288
1,2,1,43.56,1.509
2,1,4,55.78,5.042
2,2,2,23.25,6.538
2,2,2,56.32,5.088
1,1,3,9.47,0.627
1,3,1,46.1,0.75
2,1,1,12.52,2.195
3,3,4,52.29,19.732
3,2,2,23.06,26.242
3,3,5,18.0,8.678
1,3,2,21.4,1.125
2,2,3,47.69,4.219
1,1,4,13.36,0.405
1,1,3,53.41,1.008
2,3,1,11.77,3.979
1,1,1,30.83,1.189
1,1,2,29.35,0.488
1,3,2,46.92,0.955
1,3,2,53.01,1.559
1,3,2,27.68,1.05
1,2,5,35.92,1.002
1,3,2,12.92,0.805
1,1,1,2.32,0.61
2,2,4,30.21,3.36
1,3,3,21.76,0.964
2,3,1,7.99,3.959
1,3,3,61.23,1.216
2,2,2,18.67,6.74
3,1,1,21.77,19.508
3,1,2,9.56,10.435
1,1,2,38.5,0.708
2,1,4,17.23,1.333
1,1,2,27.85,0.334
3,2,5,20.6,16.991
1,1,2,29.89,0.674
1,1,3,36.77,0.904
1,1,3,38.85,0.911
2,2,4,6.88,3.583
2,3,1,25.48,3.348
1,1,1,43.07,0.674
1,1,2,28.17,0.487
2,2,2,59.88,17.261
3,2,3,6.33,16.016
1,1,1,33.42,1.075
2,2,1,4.5,4.872
1,1,1,19.36,0.523
1,1,2,38.9,0.615
1,3,1,47.01,0.981
2,1,2,30.56,2.54
1,2,4,30.22,1.024
2,2,2,12.48,4.174
1,2,2,18.24,1.003
1,1,1,15.88,0.666
1,1,2,22.55,0.664
2,1,2,50.66,4.806
1,3,2,17.47,0.703
1,1,2,64.71,0.823
1,2,2,20.32,1.374
1,3,5,29.94,0.361
1,1,1,26.96,0.756
1,1,2,22.64,0.771
1,1,1,46.08,0.837
1,1,4,39.71,0.42
1,1,1,39.99,0.983
1,1,1,21.61,0.717
1,1,5,41.52,0.395
1,1,1,22.38,0.605
1,3,5,25.3,0.405
1,1,1,10.48,0.525
2,2,1,34.22,8.45
2,1,2,49.6,3.444
1,1,4,51.85,1.257
1,1,3,16.46,0.551
1,1,2,5.04,0.624
1,3,2,3.38,0.797
1,3,1,49.49,1.189
3,1,2,27.72,16.544
1,1,3,27.55,0.436
3,2,3,42.96,32.098
1,2,1,7.75,1.028
1,1,5,53.47,0.467
1,2,1,34.48,1.902
1,2,5,36.3,1.167
1,2,2,25.72,1.523
3,1,2,15.94,21.232
1,1,3,21.03,0.625
3,1,2,2.73,11.683
2,1,3,22.95,2.822
2,1,3,26.58,2.048
3,1,2,45.18,23.938
1,2,1,14.45,1.138
2,1,4,44.81,2.288
2,1,1,37.16,1.481
1,1,2,18.07,0.868
2,2,3,37.56,4.881
3,2,3,29.98,32.967
3,1,1,22.15,23.306
1,3,2,12.63,0.8
1,1,1,28.59,0.594
1,3,3,28.62,0.706
2,1,1,26.24,3.084
1,1,1,27.34,0.797
2,2,4,9.8,5.007
1,2,1,62.22,3.009
3,1,2,36.73,13.615
2,1,2,37.58,3.963
1,2,2,14.22,1.03
1,1,1,6.67,0.71
2,1,2,13.54,3.007
1,1,2,36.6,0.613
1,1,1,14.91,0.649
3,3,3,42.78,20.082
2,1,2,19.66,2.278
3,2,1,8.83,23.49
1,2,3,30.5,1.111
2,1,1,9.25,3.272
3,1,2,13.91,12.148
2,1,1,37.35,5.172
3,2,1,23.47,32.021
2,2,3,9.23,8.97
1,2,1,11.08,0.951
1,2,1,60.7,3.272
2,1,1,8.18,4.327
2,1,2,15.46,2.937
2,2,1,6.85,5.437
1,3,3,18.77,1.05
2,2,1,42.74,6.742
2,1,2,40.09,3.78
1,2,1,5.38,0.851
1,2,2,28.47,0.777
3,2,3,81.88,40.9
1,2,1,5.51,0.843
1,1,2,29.31,1.029
1,2,2,22.43,2.064
1,1,2,20.61,0.716
2,2,1,48.32,5.574
3,1,1,48.34,29.793
2,1,2,14.37,3.165
2,1,3,11.75,2.405
2,2,1,33.55,6.807
1,1,1,40.91,0.886
1,1,2,16.31,0.631
1,2,1,49.68,2.289
1,2,2,61.92,1.226
1,2,1,41.18,1.31
2,2,4,46.84,4.177
1,2,1,18.01,1.201
1,1,1,9.81,0.599
1,1,4,38.15,0.321
3,2,2,60.77,35.989
1,2,3,27.46,0.974
2,1,1,24.35,3.865
1,2,3,19.12,0.787
1,1,2,20.91,0.684
1,3,2,64.28,0.813
1,1,1,32.51,0.607
1,1,4,11.29,0.429
1,1,1,27.83,0.992
2,2,4,13.32,4.374
1,2,1,16.9,1.499
1,2,1,29.36,1.303
1,3,1,17.04,0.643
2,1,2,37.97,2.421
1,2,5,20.19,0.831
1,1,4,35.57,0.517
2,2,3,13.33,4.297
1,1,5,60.05,0.516
1,3,1,31.22,1.166
1,3,2,35.32,1.389
3,3,2,63.04,38.635
2,2,1,23.9,7.261
1,2,4,27.82,1.65
1,1,1,27.09,0.733
1,1,1,19.24,0.505
1,1,1,15.76,0.798
3,3,1,20.58,12.671
1,2,2,34.09,0.532
1,1,2,27.07,0.703
1,2,1,13.19,1.016
2,2,3,16.02,7.629
1,3,2,44.82,0.969
1,2,5,33.57,1.434
1,3,3,54.92,0.984
1,2,4,4.23,0.768
1,2,3,42.49,1.051
3,1,2,53.81,34.871
2,1,1,15.43,3.25
2,2,1,15.4,6.697
1,3,3,24.16,0.767
1,1,2,38.52,0.502
2,1,1,12.13,2.968
1,3,3,33.2,0.666
2,1,1,23.88,3.277
1,2,1,20.61,1.037
1,3,1,39.33,1.032
1,2,4,25.89,0.756
2,1,3,10.5,2.277
3,3,1,38.45,25.682
1,1,4,33.81,0.595
1,3,4,32.39,0.486
2,1,1,6.13,4.859
2,1,2,37.01,3.622
1,1,3,46.04,0.539
3,2,2,31.29,23.269
2,2,1,20.9,6.351
1,2,3,28.69,0.812
1,1,3,19.16,0.473
1,3,1,27.9,1.004
2,1,1,30.84,5.457
1,1,2,26.77,0.484
3,1,2,47.96,8.548
2,1,5,45.73,2.697
2,3,2,8.64,3.172
1,1,1,43.53,1.171
1,1,1,42.65,0.855
3,1,4,25.4,16.397
1,3,1,66.19,4.219
3,2,1,14.54,17.654
1,1,2,19.38,0.532
2,1,4,6.54,2.041
1,2,4,62.0,1.508
1,3,1,5.44,1.241
1,1,5,7.72,0.45
3,1,4,52.92,14.492
1,1,1,50.47,1.235
1,1,1,60.78,1.289
2,2,3,33.16,3.751
2,1,3,18.89,2.903
2,1,1,37.29,3.985
1,1,1,45.17,0.543
1,1,1,31.14,0.478
1,1,1,19.57,0.469
3,2,1,24.01,36.109
3,2,3,39.04,15.883
2,3,4,17.83,2.062
1,1,2,7.85,0.671
3,1,1,55.47,33.254
1,1,3,1.63,0.558
1,1,2,39.38,0.78
1,2,2,30.81,1.133
2,1,4,16.26,2.243
1,2,4,12.56,0.814
1,2,1,12.16,1.053
2,1,4,24.39,2.415
2,2,4,52.35,8.561
1,1,5,6.87,0.39
1,1,2,47.62,1.152
2,2,1,39.03,5.665
1,2,4,33.62,1.079
1,2,2,39.94,1.92
3,1,3,28.3,16.093
2,2,3,19.2,4.013
1,1,2,11.91,0.608
1,3,2,30.45,0.935
2,1,2,65.96,5.762
1,2,4,53.79,1.396
2,2,1,12.9,8.322
2,3,1,33.52,4.875
1,1,2,41.26,0.684
1,2,2,18.01,1.381
1,1,3,11.56,0.401
2,3,1,37.98,8.608
2,1,1,37.37,3.039
2,1,1,50.32,5.126
1,2,3,25.74,1.075
1,1,4,45.13,0.621
2,3,1,7.79,4.5
1,3,4,57.35,0.993
3,1,5,27.41,12.322
1,3,1,73.33,1.681
1,2,2,5.76,1.059
2,2,1,32.59,6.749
2,1,2,49.48,3.291
1,2,3,30.06,0.997
1,1,1,40.13,0.84
2,1,3,22.1,2.576
1,2,1,19.62,1.421
1,3,5,44.69,0.94
2,1,2,44.08,5.861
1,2,5,3.17,0.765
2,1,3,36.74,2.501
1,1,1,50.96,0.558
2,1,4,36.88,3.743
1,1,2,44.01,1.443
1,3,4,19.75,0.672
1,2,2,17.57,1.112
1,2,3,36.29,1.142
2,2,2,39.46,12.922
1,1,2,27.32,0.647
1,1,3,44.21,0.442
3,3,2,15.58,19.851
1,2,2,34.06,1.275
1,1,2,16.13,0.73
1,1,2,16.82,0.724
2,1,2,63.91,4.332
1,3,1,11.66,1.037
1,2,2,10.61,1.42
2,1,2,27.55,4.214
1,3,2,34.79,0.88
2,1,4,3.94,1.571
1,2,1,41.81,1.201
1,2,1,17.74,1.618
1,3,3,9.56,0.52
1,3,4,16.47,0.757
1,1,1,32.26,0.663
1,1,1,29.04,0.434
1,3,2,19.1,0.935
3,3,1,43.3,46.509
3,1,1,4.73,14.455
1,2,2,11.82,0.882
1,1,3,17.31,0.482
3,2,1,48.01,45.277
1,3,1,9.12,0.927
1,2,1,30.44,1.269
2,3,2,28.2,3.849
1,1,2,22.22,0.54
1,1,5,43.12,0.514
2,1,1,42.11,7.274
1,1,2,6.9,0.729
2,1,1,34.28,5.141
3,1,2,14.89,9.04
1,2,4,2.05,0.612
2,1,1,55.47,4.587
1,2,1,32.38,2.058
3,1,1,30.11,23.625
1,1,1,11.2,0.39
1,2,2,28.8,1.084
2,2,3,30.34,4.982
3,3,1,44.94,33.516
2,1,3,35.4,3.097
2,2,2,47.97,4.193
3,3,2,15.63,17.961
1,2,1,27.28,1.69
2,1,4,12.2,2.777
1,1,4,18.78,0.342
1,1,1,38.08,1.04
1,1,1,12.72,0.442
3,1,1,35.77,27.428
1,2,4,13.67,0.695
1,1,1,27.37,0.78
1,1,3,28.88,0.507
1,2,1,49.55,1.702
1,1,1,41.11,1.152
1,1,1,36.95,0.869
2,1,1,17.22,3.848
2,2,3,25.7,5.052
2,1,1,42.46,5.782
1,2,3,33.95,1.373
2,2,2,38.84,4.478
1,1,1,30.19,0.871
1,1,4,26.06,0.524
1,3,4,32.68,0.493
1,1,3,2.02,0.346
1,2,2,48.74,2.062
1,3,2,22.49,0.745
2,3,1,36.46,2.932
2,1,2,16.98,3.346
1,3,3,25.72,0.902
1,1,2,8.56,0.732
2,3,1,35.42,4.659
1,2,1,24.1,1.066
1,2,2,7.8,1.108
2,2,1,26.67,9.426
1,2,4,53.19,2.962
1,1,2,22.71,0.792
1,1,4,20.31,0.414
1,1,4,15.73,0.368
1,1,1,24.88,0.595
2,1,5,37.57,3.378
1,1,2,52.23,1.201
1,1,1,23.62,0.611
2,2,3,21.55,6.705
1,1,3,47.02,0.906
3,2,1,43.45,35.988
1,2,1,21.64,1.359
1,2,1,47.3,3.063
2,2,1,25.64,8.488
3,1,2,49.69,14.539
2,2,2,44.28,4.015
2,1,1,30.37,3.858
2,2,5,18.11,3.946
1,2,2,40.33,1.222
2,3,1,37.59,8.984
1,3,2,31.0,0.732
1,2,1,35.21,1.392
1,2,1,18.38,1.446
1,1,2,42.82,0.738
1,2,1,17.68,1.286
1,1,1,56.46,1.237
1,2,1,36.23,0.786
2,2,1,37.84,8.241
1,1,2,34.3,0.518
1,1,1,15.04,0.941
2,1,1,44.71,2.844
1,2,5,11.11,0.573
1,3,1,18.2,0.809
3,1,1,8.93,13.466
2,3,1,11.35,2.642
1,1,2,44.61,0.852
1,1,4,33.84,0.594
1,3,1,25.46,0.638
1,3,2,14.13,0.596
1,1,3,72.81,1.081
1,1,5,20.6,0.304
3,1,1,21.01,24.016
2,1,2,34.42,2.787
2,1,4,8.37,1.976
2,2,1,35.17,12.127
2,1,3,21.24,2.592
1,1,1,13.1,0.657
2,1,1,33.31,3.664
2,3,1,32.65,5.083
2,2,2,28.41,6.298
1,1,1,32.57,0.673
1,1,1,13.36,0.863
1,3,3,27.1,1.034
1,1,2,15.34,0.612
2,2,4,16.17,4.29
3,2,1,29.97,38.928
2,2,1,17.65,5.587
1,2,5,17.56,0.646
1,1,1,21.49,0.716
1,1,5,9.04,0.308
1,1,1,28.96,0.719
1,2,2,22.99,0.918
1,1,1,37.44,1.019
1,1,2,22.88,0.693
1,2,2,19.64,1.176
1,3,4,49.1,1.02
2,1,1,32.02,4.225
3,1,3,19.83,12.933
2,1,1,41.76,4.638
1,1,1,49.12,0.925
1,1,4,32.01,0.704
1,1,1,52.89,0.875
2,1,1,29.6,3.267
2,1,2,13.95,2.213
2,1,1,33.89,4.959
1,3,2,35.94,1.176
3,2,1,21.67,52.14
2,3,1,35.61,2.902
1,2,5,2.26,0.911
1,1,3,12.67,0.454
1,3,2,21.72,0.917
1,2,3,33.43,0.785
1,1,1,51.51,1.384
2,1,3,11.45,2.699
1,3,2,20.72,1.03
2,2,4,3.6,3.005
1,1,2,37.34,1.195
3,2,2,24.7,24.527
1,2,2,11.34,1.125
3,1,1,25.52,16.593
1,1,3,34.08,0.727
1,2,3,19.07,1.265
3,1,3,7.15,14.551
1,1,2,20.63,0.572
2,2,1,10.64,9.13
1,2,3,23.49,1.834
1,1,5,20.47,0.273
2,1,2,19.93,2.176
1,1,1,6.82,0.541
2,1,2,26.55,4.198
1,1,2,10.63,0.618
2,1,1,10.67,2.713
2,2,1,10.13,7.242
1,2,3,57.3,2.526
1,1,3,24.72,0.606
2,3,1,18.31,4.47
1,1,1,44.64,0.791
2,2,2,61.42,7.375
3,2,1,41.58,30.252
1,3,1,66.01,1.3
1,3,1,29.08,0.531
3,1,1,24.62,15.665
3,2,3,3.91,16.913
1,1,2,8.38,0.332
2,1,1,7.23,3.095
1,1,1,14.33,0.774
2,1,1,16.5,2.861
1,1,3,52.08,0.919
1,1,4,28.51,0.435
1,1,1,0.67,0.63
1,1,1,50.81,1.596
1,2,3,65.48,1.849
1,3,3,28.26,0.954
3,2,3,12.58,20.392
1,1,2,22.21,0.576
2,1,5,58.01,3.658
1,1,1,27.78,0.79
3,2,3,65.26,22.615
1,3,2,21.68,0.999
1,3,3,14.88,0.685
2,3,1,29.48,8.761
1,3,5,5.18,0.44
1,1,1,30.44,0.543
1,1,1,27.31,1.377
1,3,5,32.75,0.495
1,3,2,12.22,0.83
2,1,5,26.22,3.484
1,2,1,16.94,1.081
1,1,2,7.32,0.729
1,1,1,76.57,1.764
1,1,3,18.52,0.319
1,3,1,27.67,0.895
1,2,2,54.94,2.51
1,3,4,51.14,0.611
3,1,2,36.03,40.806
1,1,1,9.95,0.931
1,1,1,74.12,2.019
1,1,2,13.72,0.665
1,2,1,31.65,1.788
1,3,2,11.73,0.823
2,1,2,13.06,5.329
2,2,1,30.93,6.481
1,3,3,38.49,1.25
1,1,3,39.44,0.55
2,2,1,51.59,9.124
1,3,3,15.58,0.613
3,2,4,55.76,32.163
1,1,1,27.38,0.686
1,2,3,10.3,1.006
1,2,1,21.39,0.892
2,3,4,33.41,2.098
2,2,3,48.42,7.1
2,3,4,7.55,3.576
1,3,1,44.28,0.842
2,1,4,38.62,2.013
3,3,1,17.36,16.356
1,2,4,29.36,0.901
1,3,2,12.43,0.528
1,1,3,20.56,0.585
2,3,3,17.69,3.551
1,3,1,12.87,1.054
1,3,2,30.21,0.938
1,2,2,16.53,0.837
2,1,1,66.47,5.64
1,1,4,28.69,0.434
1,2,1,15.46,1.281
2,2,4,32.18,4.511
1,2,2,2.57,0.809
1,1,1,37.57,0.95
1,1,3,35.22,0.521
2,2,2,23.28,3.666
2,2,1,8.38,4.596
2,2,1,16.39,4.981
1,1,1,5.84,0.775
1,1,2,24.7,0.355
1,1,1,5.61,0.856
1,1,1,27.81,0.764
2,1,1,30.81,3.912
3,2,4,20.32,11.089
1,1,1,18.24,0.752
2,3,2,49.51,7.192
1,2,3,11.02,0.708
1,3,1,46.97,1.688
2,1,3,34.4,3.199
2,1,3,48.12,5.063
3,1,2,41.4,13.601
3,1,2,31.25,14.04
1,3,4,38.02,0.464
2,3,4,12.8,2.25
2,3,4,46.04,2.064
1,2,1,12.35,1.29
1,1,1,38.97,0.823
3,2,1,27.9,35.341
3,1,5,16.25,9.622
1,1,1,53.08,1.137
1,1,2,63.36,1.142
1,1,1,68.87,2.942
1,1,1,20.01,0.5
2,1,2,38.14,2.419
1,1,1,14.18,0.568
1,2,4,60.84,1.987
1,3,1,22.0,0.919
2,1,4,14.5,1.537
2,1,4,17.96,2.94
2,2,1,27.51,3.973
1,2,3,34.92,0.723
1,1,4,40.14,0.76
1,2,4,34.66,1.021
2,2,2,21.23,4.831
2,1,2,24.89,5.619
1,2,2,14.53,1.116
1,1,1,9.96,0.541
2,1,2,21.84,2.452
2,1,3,47.96,3.239
2,1,2,23.83,3.553
1,1,4,54.37,1.183
3,3,1,50.58,42.628
1,1,2,53.47,0.749
2,1,1,60.54,5.819
1,2,1,14.82,0.988
1,1,1,43.32,1.022
1,2,1,30.26,1.125
1,3,3,51.73,0.433
3,1,2,11.39,12.855
2,1,2,44.03,4.074
3,3,2,27.29,18.456
2,2,3,39.6,4.605
1,3,1,3.26,0.918
2,3,1,34.76,4.348
2,3,2,19.56,6.408
2,3,2,45.32,5.674
1,1,1,39.73,0.824
1,3,1,15.02,1.031
2,1,3,16.45,2.265
2,3,2,19.61,2.839
1,2,2,27.84,1.081
1,2,2,60.58,2.221
1,1,1,26.23,0.625
2,1,1,30.94,5.322
1,1,2,34.43,0.83
2,1,2,15.03,3.121
1,3,2,40.35,1.028
1,1,2,9.37,0.966
1,3,4,17.21,0.405
1,2,3,24.76,0.71
1,1,1,29.66,0.824
2,1,2,20.38,2.744
1,1,2,13.21,0.551
1,1,1,17.48,0.617
2,2,1,49.2,15.818
1,1,4,23.42,0.67
1,1,4,26.81,0.783
2,3,1,53.46,9.514
1,1,1,52.53,1.202
1,2,4,19.69,0.593
1,2,3,10.16,0.942
1,1,3,30.3,0.566
1,1,2,49.72,0.914
2,1,2,67.7,7.619
1,1,1,7.16,0.546
2,3,3,39.29,2.758
2,2,3,30.82,5.946
1,1,3,87.64,1.377
1,1,3,18.68,0.588
1,3,2,34.29,0.613
1,3,1,19.91,0.937
3,1,2,55.58,18.591
1,2,2,39.36,0.858
1,1,1,70.61,1.872
1,1,3,21.16,0.414
2,2,2,42.96,4.862
1,1,3,46.09,0.688
1,1,4,43.59,0.397
1,2,3,29.59,0.897
3,1,1,56.84,19.346
1,1,1,6.97,0.573
1,3,1,23.43,0.998
2,2,2,12.4,7.284
2,1,3,5.57,2.298
1,1,3,28.52,0.291
3,1,5,25.1,8.692
1,3,3,20.44,0.807
2,3,5,72.68,11.598
2,2,2,38.07,10.394
1,1,1,39.81,0.8
1,2,2,15.01,0.887
1,3,1,63.9,1.945
1,2,2,23.62,1.141
1,1,2,5.09,0.624
3,2,1,65.09,50.723
1,1,1,43.55,0.945
1,3,2,8.14,0.717
1,3,3,19.74,0.686
1,1,2,11.04,0.971
1,1,1,28.52,1.625
3,3,4,28.2,16.601
1,3,2,36.74,1.438
1,1,3,27.31,0.771
1,1,1,33.61,0.871
1,2,2,32.91,1.044
1,1,1,30.39,1.13
1,2,3,42.83,1.467
1,1,2,13.78,0.589
1,2,2,52.12,1.244
1,3,1,15.56,0.846
2,2,2,22.98,4.79
2,3,1,56.38,7.327
1,2,2,33.16,1.689
1,2,2,22.5,1.344
1,3,1,50.56,1.377
1,3,1,54.7,1.429
1,3,1,37.56,0.643
2,3,1,33.35,5.084
1,1,2,17.81,0.416
1,1,2,38.43,0.973
1,1,2,22.1,0.44
1,3,2,56.53,1.081
1,3,1,61.28,2.048
2,3,1,46.71,4.172
1,2,2,4.59,0.785
2,1,1,33.63,3.709
3,1,1,12.08,11.017
1,2,2,26.11,1.124
1,2,3,42.92,0.779
1,1,1,38.71,0.676
2,1,4,18.15,2.995
2,1,4,40.11,2.971
2,1,3,22.27,3.408
1,3,1,22.06,0.748
2,1,5,8.52,1.319
1,2,1,22.35,0.935
2,2,3,24.73,5.398
2,1,1,18.14,3.85
2,1,3,2.16,2.996
1,1,2,20.92,0.727
1,1,3,43.08,0.451
2,2,1,6.87,5.842
1,1,1,37.45,0.85
1,3,2,35.13,1.077
2,1,2,11.58,2.515
2,1,1,41.03,3.821
2,2,5,30.8,3.229
1,2,1,16.37,1.211
2,1,1,27.56,4.046
2,1,2,63.19,2.829
1,2,1,55.37,2.982
1,3,2,23.9,0.631
2,1,4,25.18,2.661
1,2,1,9.41,1.169
1,3,4,20.31,0.494
1,2,4,20.79,1.06
2,1,2,32.32,3.6
1,1,3,24.42,0.47
1,3,2,24.38,0.83
1,1,2,25.4,0.936
1,1,1,46.94,0.931
1,1,1,18.08,0.751
1,1,2,54.71,0.884
1,2,1,41.24,0.908
1,2,1,13.44,1.092
1,1,1,47.5,0.576
1,1,1,42.29,0.962
1,1,1,47.92,0.719
1,1,1,52.84,0.78
1,1,1,20.71,0.588
1,1,3,58.93,0.759
1,1,2,8.55,0.726
1,2,1,22.31,0.911
1,2,1,24.91,1.271
3,3,1,28.14,20.592
1,1,1,2.23,0.525
2,2,1,18.24,5.733
1,3,5,37.13,0.46
1,3,1,5.4,0.911
1,1,1,23.66,0.589
1,2,1,38.64,1.773
2,1,1,15.1,3.226
1,1,1,3.63,0.764
2,2,2,28.66,11.035
1,3,3,39.19,0.764
2,1,4,38.76,3.443
1,2,1,29.85,1.533
1,2,1,21.32,2.06
2,1,2,18.16,2.358
1,1,1,34.62,1.519
2,2,1,16.12,5.553
1,3,4,33.01,0.702
2,1,3,10.13,2.136
2,1,1,51.83,5.432
1,1,2,20.48,0.549
2,1,2,15.31,3.915
2,1,1,16.35,5.103
1,3,1,15.22,0.699
1,2,2,54.89,0.975
2,3,3,49.94,4.209
2,1,4,21.56,3.377
3,3,1,63.04,23.943
2,1,1,22.81,5.708
1,3,1,31.29,0.954
1,1,1,12.28,0.686
1,1,1,10.17,0.82
1,3,2,34.96,0.803
3,3,3,55.14,23.964
2,2,1,22.22,8.127
3,3,4,35.01,17.034
2,1,5,40.84,1.899
2,3,2,21.04,4.004
1,1,1,28.18,0.585
1,3,1,16.92,0.62
1,1,2,31.29,0.721
2,2,2,22.93,6.513
1,2,2,7.81,0.689
3,1,2,50.89,25.678
1,1,2,36.89,0.717
1,2,1,15.69,0.798
1,1,2,50.98,0.588
1,2,5,25.45,0.917
1,3,1,19.02,0.691
1,1,1,16.27,0.873
1,2,1,23.02,1.071
1,3,1,30.73,0.684
1,2,5,15.47,0.441
3,3,2,61.27,25.307
1,1,1,25.39,0.652
1,2,4,24.61,0.857
3,1,1,22.13,20.687
1,1,1,3.38,0.752
3,1,1,14.91,22.64
3,3,1,60.68,32.886
2,2,3,24.15,4.975
1,3,2,16.08,0.756
2,2,2,35.54,5.156
1,2,2,13.89,1.274
1,3,3,43.74,0.967
1,1,1,43.77,0.519
1,2,1,35.96,1.234
1,3,2,0.52,0.769
2,2,3,9.42,3.735
1,2,3,24.08,1.12
1,1,1,48.37,0.8
1,3,3,9.88,0.749
1,1,2,10.84,0.641
2,1,1,16.43,2.082
2,1,1,55.96,4.898
2,1,2,44.61,3.426
2,1,1,36.69,5.646
2,2,2,30.92,7.021
1,1,2,33.67,0.916
1,3,1,18.76,0.828
1,1,1,18.08,0.453
1,1,2,41.67,1.395
3,1,3,7.49,14.528
2,1,4,18.0,1.657
1,1,2,33.52,0.46
1,3,1,36.58,1.397
2,3,2,20.65,3.953
3,1,1,42.73,17.294
3,1,1,38.29,10.243
2,2,1,17.16,4.987
2,2,2,15.6,3.622
1,3,2,45.01,0.644
1,3,3,53.28,1.792
1,1,2,57.57,1.594
1,3,1,15.71,0.836
3,2,2,9.72,25.115
2,3,1,56.3,4.177
1,2,1,58.71,1.342
1,1,3,26.76,0.678
1,2,4,8.23,0.541
1,1,3,3.04,0.528
2,2,4,22.11,3.272
2,1,2,20.8,2.507
2,1,1,21.97,3.887
1,1,4,4.75,0.668
2,1,1,26.71,3.186
3,3,1,17.1,24.591
2,2,4,12.26,3.505
1,1,2,27.36,0.617
1,2,4,31.91,0.955
1,2,3,17.07,1.518
1,1,3,53.28,1.032
1,1,1,7.13,1.019
2,1,3,59.37,4.106
1,1,1,25.45,0.653
1,1,1,34.6,0.852
1,3,4,38.62,0.459
2,1,3,10.19,1.792
1,1,1,21.45,0.603
1,1,2,46.21,0.861
2,1,2,50.11,2.536
1,1,4,7.11,0.464
1,3,2,20.95,0.982
2,2,1,17.7,4.115
1,1,3,22.82,0.948
1,3,4,10.65,0.696
2,1,2,8.4,1.876
1,2,4,30.35,0.863
1,1,1,65.4,1.309
1,1,3,8.28,0.757
1,2,3,18.17,0.694
1,2,3,28.42,1.262
1,3,1,63.14,1.364
1,2,2,14.56,1.255
2,3,2,2.83,3.493
1,3,5,30.26,0.466
3,1,3,29.18,13.031
1,2,4,50.88,1.859
1,2,3,19.83,0.894
1,1,2,36.68,0.64
1,1,3,30.37,0.526
1,3,3,20.64,0.496
1,2,3,22.5,0.955
2,1,1,62.48,5.244
1,2,2,23.42,0.798
1,1,1,13.07,0.815
2,1,1,33.35,2.883
1,2,1,19.04,0.882
2,3,4,25.2,3.233
2,1,1,11.28,2.851
1,1,1,34.76,1.326
1,2,5,34.05,0.564
3,2,2,33.24,31.091
2,2,3,22.71,5.526
3,1,1,21.22,12.012
1,1,2,47.25,0.568
1,2,1,20.58,1.15
1,2,1,36.39,2.129
1,1,1,41.17,0.694
1,2,2,13.66,1.116
2,1,3,20.32,2.315
1,2,1,55.08,2.029
2,3,1,29.97,7.77
1,1,4,36.19,0.941
3,1,5,44.0,9.071
1,1,3,8.96,0.497
3,2,2,40.12,30.847
2,1,1,11.34,3.329
1,1,4,20.81,0.643
2,1,4,20.26,2.661
1,3,5,15.6,0.6
1,1,2,38.31,0.606
1,2,3,33.86,0.825
3,2,5,15.29,13.241
3,1,2,32.7,14.68
1,2,2,33.64,1.016
1,1,2,16.81,0.523
1,3,2,41.3,0.995
1,1,1,23.5,0.563
2,1,2,1.99,2.751
1,2,2,48.02,1.567
1,1,3,40.15,0.913
2,1,2,33.73,4.072
3,1,4,56.41,22.258
1,3,1,33.81,1.014
1,3,3,6.5,0.708
1,1,5,9.7,0.259
1,3,4,4.05,0.563
1,2,1,32.44,1.2
1,1,3,34.63,0.795
1,1,4,12.73,0.255
2,2,1,12.34,5.347
1,1,2,23.69,0.473
2,2,2,3.89,7.119
1,1,2,8.02,1.057
2,3,5,10.17,1.935
2,3,3,14.25,5.196
2,1,2,37.16,2.793
1,2,1,9.74,1.421
1,1,1,55.6,1.872
3,3,2,37.33,30.308
1,3,1,22.47,1.58
1,2,4,17.95,0.877
1,1,2,30.55,0.866
3,2,1,28.86,51.441
1,2,2,21.14,1.133
1,3,2,21.85,0.979
3,3,2,38.66,21.813
1,2,1,2.65,1.196
1,1,1,38.52,0.781
1,1,1,31.84,0.671
1,3,1,32.5,1.566
1,1,1,39.79,0.462
1,2,3,27.13,1.287
1,3,2,23.82,1.095
2,1,5,25.83,2.248
1,1,3,9.91,0.625
1,3,1,9.55,0.856
3,3,1,41.27,18.409
1,1,1,12.38,0.625
3,3,1,30.92,28.278
3,2,1,16.26,25.825
1,1,2,49.74,1.183
1,1,1,6.57,0.524
2,3,1,27.9,3.669
2,2,2,69.57,22.231
2,1,2,49.02,5.476
1,2,1,7.88,1.052
3,1,2,60.44,26.47
1,1,4,13.04,0.322
2,2,1,35.84,5.937
2,2,5,21.76,2.596
1,2,2,26.34,1.246
1,2,5,44.24,0.925
2,1,4,3.04,1.944
3,1,1,60.91,19.414
1,2,4,29.5,1.596
2,2,2,32.16,7.299
1,2,5,17.0,1.018
1,2,4,67.78,1.155
1,1,2,19.02,0.797
1,1,1,31.49,0.658
1,2,2,36.54,1.103
1,1,1,17.55,0.961
1,1,1,10.19,0.736
1,2,2,14.89,0.972
2,2,4,8.05,2.974
1,1,2,36.17,0.756
1,3,2,41.29,0.842
2,2,1,11.59,4.631
2,2,2,41.88,8.512
2,2,1,34.3,9.769
1,1,1,45.74,0.719
1,2,2,48.17,1.237
1,1,2,8.88,0.556
2,2,2,44.87,8.454
1,2,1,50.16,2.937
1,2,2,35.08,1.493
1,2,4,20.15,0.728
1,2,2,66.15,1.726
1,3,4,24.64,0.752
1,3,1,32.49,1.536
1,1,1,26.12,0.653
1,2,3,20.31,0.901
1,2,5,18.36,0.834
1,1,4,13.98,0.337
2,1,3,27.23,3.143
1,1,4,38.2,0.873
1,1,2,53.97,1.728
2,2,3,1.11,4.819
1,1,2,37.59,1.054
1,3,1,18.65,1.078
1,3,1,16.77,0.782
3,2,2,50.63,34.608
1,3,4,38.05,0.755
1,1,2,30.02,1.088
1,1,1,43.73,1.078
2,1,1,7.82,3.66
1,1,1,10.1,0.549
2,2,2,25.87,6.229
1,2,3,66.4,0.955
1,3,2,25.41,0.942
2,1,2,10.89,3.93
1,3,4,18.49,0.509
1,2,2,33.97,0.985
2,1,1,28.19,2.746
3,2,3,12.59,18.576
1,3,1,32.16,0.856
2,1,4,51.82,5.54
1,1,2,34.84,0.749
1,1,1,11.42,0.516
2,2,3,14.48,2.798
2,1,2,8.27,2.541
1,2,1,76.19,1.812
1,1,2,46.22,0.554
1,1,2,6.38,0.613
2,2,3,28.02,5.931
1,1,3,32.33,0.498
1,1,1,27.17,0.814
1,1,3,13.88,0.397
2,1,2,15.87,1.81
1,1,5,11.22,0.511
2,2,5,37.62,4.847
1,1,1,42.82,1.081
2,1,1,44.54,6.126
1,2,1,4.1,1.245
1,1,1,8.01,0.71
3,1,2,25.77,15.28
1,3,2,42.51,1.48
1,2,4,52.34,1.229
3,1,1,33.41,16.381
1,1,3,41.4,0.499
2,1,1,31.64,5.537
1,3,1,45.0,1.261
2,3,3,10.58,2.992
3,1,1,69.0,44.002
1,2,2,11.92,1.778
1,1,4,33.47,0.286
1,2,1,15.33,1.274
1,3,2,7.43,1.009
1,1,1,49.2,1.588
2,1,1,31.45,3.486
1,2,3,8.91,0.957
3,1,3,38.07,11.036
2,2,4,7.98,3.425
1,1,1,21.23,0.687
1,1,2,18.49,0.615
2,1,3,40.76,2.855
1,1,5,16.23,0.264
3,1,2,33.84,13.515
1,1,2,22.11,0.639
1,3,4,39.69,0.485
1,1,3,34.26,0.8
1,2,2,24.8,1.326
1,3,1,29.4,0.762
1,3,4,16.55,0.73
1,2,1,12.77,1.122
1,1,1,25.0,0.838
1,2,2,23.07,0.908
1,2,1,32.47,1.756
1,3,5,58.25,0.766
1,2,3,29.93,0.891
3,3,1,30.28,29.779
1,1,3,13.86,0.463
1,3,5,34.86,0.505
3,2,1,79.62,117.597
2,3,1,28.89,5.02
1,2,1,2.66,1.145
2,2,5,11.58,3.654
2,1,1,57.12,4.378
2,1,3,37.17,4.502
1,1,2,14.21,0.497
1,1,2,56.61,0.969
3,2,3,17.37,20.23
1,1,1,30.95,0.766
2,3,1,41.06,5.629
1,2,2,14.93,0.758
2,2,3,23.4,5.056
3,3,2,33.14,22.275
1,2,2,38.81,1.173
1,1,1,58.6,1.047
2,1,2,39.39,5.756
2,2,4,29.89,3.028
2,3,1,15.98,4.16
3,1,1,62.22,42.75
1,1,2,46.38,0.637
2,2,2,10.77,4.401
2,2,3,19.69,5.736
1,3,3,52.67,1.117
1,3,3,46.57,0.943
2,2,3,43.82,8.453
2,3,1,30.97,4.914
2,3,4,21.96,3.79
1,1,2,38.19,0.916
2,2,2,19.04,5.673
1,1,1,33.36,1.215
1,2,2,24.96,1.147
1,1,3,19.49,0.67
2,3,1,31.73,7.752
2,1,4,26.06,2.582
1,1,1,45.72,0.684
2,2,2,44.57,6.392
3,1,2,49.0,17.54
1,3,3,28.81,0.646
1,3,2,51.56,1.558
3,1,2,39.53,15.766
1,1,3,41.54,0.563
2,2,4,26.56,5.993
1,2,2,14.67,1.188
1,1,4,17.02,0.318
2,1,3,24.7,2.369
1,1,3,23.42,0.402
1,1,2,19.53,0.706
1,1,3,56.4,2.165
2,3,2,51.79,4.04
1,3,1,37.67,1.525
2,3,1,12.54,5.454
1,1,3,26.63,0.89
1,2,1,35.29,1.106
1,2,1,46.16,1.981
1,2,2,11.11,1.182
1,1,2,37.71,0.675
1,1,2,38.21,0.505
1,1,4,31.02,0.391
1,1,1,35.25,1.234
1,2,2,11.34,1.011
1,1,1,8.77,0.526
1,1,1,35.4,1.04
1,2,1,14.34,1.618
3,2,2,35.96,25.546
2,1,5,36.85,3.694
3,3,1,5.36,24.01
1,2,1,4.23,1.102
2,2,3,49.42,5.338
1,1,4,41.09,0.793
1,2,2,27.34,1.12
1,2,2,58.36,1.422
2,3,4,25.71,4.875
2,2,1,32.06,6.422
2,3,4,49.86,5.966
1,2,1,54.63,2.54
2,1,1,17.56,4.122
2,2,3,42.18,9.188
1,3,4,23.43,0.779
1,1,1,25.21,1.079
2,1,1,27.58,3.414
1,1,1,11.08,0.558
1,2,1,61.32,2.491
2,1,1,31.87,5.918
3,3,1,16.17,19.415
1,2,5,21.38,0.728
3,2,1,24.59,32.613
2,1,3,49.31,3.776
1,2,2,40.22,2.283
2,1,5,14.93,3.184
3,2,1,54.51,39.352
2,1,1,20.56,3.947
1,2,1,21.94,1.498
1,1,1,38.23,0.789
1,1,2,48.7,0.963
1,2,2,55.67,1.443
1,3,1,41.68,1.609
1,3,2,10.84,0.635
1,2,4,13.19,0.882
1,1,2,15.52,0.535
2,1,2,34.13,2.64
1,3,1,20.63,0.716
2,2,1,44.88,8.939
1,2,2,14.6,1.771
3,1,2,25.56,15.324
1,3,1,58.85,1.622
1,1,2,17.52,0.523
2,2,3,30.32,5.469
1,1,1,33.67,0.772
2,1,1,26.85,2.86
1,1,1,24.29,0.702
1,1,3,21.41,0.452
1,1,2,31.16,0.793
2,1,4,20.39,2.68
1,1,2,25.81,0.785
1,1,2,33.43,0.531
2,1,1,39.81,4.655
1,1,2,57.6,1.479
1,1,2,33.01,0.621
1,1,3,43.09,0.58
2,2,1,55.54,12.327
1,1,3,26.21,0.33
1,1,2,42.96,1.038
1,3,1,22.37,0.92
3,1,3,50.54,12.297
1,1,2,32.11,0.672
1,2,1,61.48,3.52
2,1,2,10.67,2.316
1,1,1,15.54,0.804
3,1,3,18.35,11.113
2,1,2,9.6,2.241
2,2,3,18.61,3.545
1,1,4,30.05,0.646
1,1,1,2.07,0.539
3,2,1,44.33,41.924
1,3,3,27.73,0.97
1,2,4,50.62,1.579
1,3,3,13.63,0.694
1,1,1,32.14,0.898
1,1,1,10.46,0.863
1,1,4,38.17,0.528
1,2,4,63.55,1.736
2,1,2,7.03,3.416
1,2,2,18.1,1.072
1,2,2,48.73,2.215
1,2,1,37.58,0.896
2,3,1,31.86,5.153
2,1,3,33.31,2.242
1,1,1,52.79,0.918
3,2,2,42.6,49.339
1,1,3,11.2,0.56
1,3,3,24.62,0.288
1,1,5,34.64,0.837
3,1,1,12.68,23.895
2,2,5,45.31,4.031
2,2,1,46.95,10.053
1,1,1,18.71,0.611
1,2,2,36.52,1.06
1,2,2,33.13,1.553
1,3,4,52.95,1.226
2,2,3,20.2,4.245
2,1,1,18.1,2.291
1,2,2,46.78,1.267
3,1,4,3.26,9.42
1,2,3,32.27,0.835
1,3,3,41.32,1.123
1,2,2,11.62,1.194
3,2,3,23.1,25.101
1,1,2,35.26,0.885
1,1,5,31.4,0.471
1,3,1,15.25,0.645
3,1,2,29.02,14.115
1,2,4,15.9,0.702
2,3,2,22.34,3.95
2,1,4,17.71,1.946
2,3,1,33.11,6.068
1,1,3,28.26,0.489
1,2,3,29.99,1.667
1,1,2,47.66,0.754
2,3,1,47.5,4.896
2,1,4,26.25,2.901
1,1,2,16.24,0.47
1,2,1,21.17,1.356
1,3,1,21.7,0.665
1,1,4,24.78,0.516
1,3,4,22.38,0.59
3,3,2,11.54,17.127
1,1,1,38.41,0.863
1,1,5,10.81,0.346
1,1,1,25.62,0.797
3,2,1,15.22,15.437
1,3,2,64.93,1.556
2,3,1,45.8,3.615
1,1,4,49.47,1.624
1,1,1,14.51,0.833
1,2,1,15.69,0.923
2,1,2,20.36,3.221
1,2,2,34.81,1.42
1,1,2,37.37,0.622
2,2,1,5.91,6.723
1,1,2,32.87,0.733
1,1,1,13.21,0.805
1,1,2,34.11,0.896
1,3,2,18.37,0.784
2,3,2,17.73,4.249
1,3,1,54.11,1.787
1,2,1,18.92,1.329
1,1,1,32.37,0.826
3,1,2,27.57,14.883
1,2,1,29.34,1.45
1,1,4,41.59,0.588
2,2,1,24.1,5.77
2,1,1,31.61,3.7
1,1,2,23.74,0.675
1,2,3,23.38,0.693
2,3,5,52.63,7.017
1,1,3,46.44,0.728
3,1,2,62.2,36.02
1,2,1,18.21,1.25
1,2,5,41.27,0.855
1,2,2,35.94,0.925
1,3,2,67.09,1.35
1,1,3,37.04,0.652
1,1,1,33.63,0.652
3,1,1,58.38,27.475
1,1,3,26.44,0.529
1,1,4,32.41,0.523
1,2,1,34.54,0.922
1,1,1,21.77,0.773
2,1,1,27.92,4.254
1,2,2,30.24,1.515
1,3,3,28.42,0.682
2,3,3,38.4,3.001
1,1,1,40.28,1.061
2,2,1,4.85,5.307
1,1,3,8.72,0.676
1,2,1,25.49,0.956
1,2,1,19.1,0.785
1,1,1,38.18,0.805
3,2,3,18.53,27.908
2,3,2,22.49,4.068
3,1,4,13.97,13.304
2,2,1,9.51,5.719
3,1,1,67.55,17.161
1,2,2,10.11,0.699
2,1,2,23.62,4.001
1,2,2,61.55,1.745
2,3,1,51.84,3.928
3,1,1,51.66,16.019
2,2,2,51.25,10.029
2,1,2,8.41,3.633
2,3,1,13.36,6.171
1,2,2,26.29,1.17
1,1,3,11.54,0.436
2,2,2,23.21,8.244
2,2,1,34.87,7.719
1,1,5,12.29,0.332
1,3,1,20.71,1.245
1,3,2,22.68,0.979
3,1,4,42.56,10.672
2,2,1,11.29,6.974
2,1,2,40.51,3.295
1,1,2,59.45,1.196
1,3,1,27.12,1.302
1,1,2,66.07,2.246
1,1,1,38.64,0.761
1,2,1,62.75,1.199
1,1,2,35.04,0.952
1,3,1,8.93,0.988
1,3,1,36.41,1.457
2,1,4,44.88,2.342
1,3,2,15.53,0.785
1,2,3,20.78,0.905
3,1,4,13.94,12.754
1,2,1,33.57,0.988
2,3,4,13.37,2.083
1,1,2,29.42,0.496
1,1,2,39.47,1.092
1,1,5,58.17,0.493
3,1,1,67.51,38.059
3,2,1,32.44,22.309
1,1,1,27.33,0.82
2,2,4,10.5,3.478
1,3,5,30.0,0.75
1,1,3,27.22,0.694
1,1,1,25.81,0.725
1,1,3,29.76,0.614
1,2,2,20.58,0.816
1,2,3,16.89,0.967
1,2,2,14.14,1.392
1,3,1,20.81,0.803
1,1,4,3.79,0.583
1,2,1,19.97,1.403
1,3,3,54.34,1.183
1,2,2,50.61,2.398
1,2,1,51.35,1.986
1,2,1,14.6,1.212
1,1,1,27.05,1.102
1,1,4,50.96,0.735
1,1,1,53.77,0.793
1,2,1,14.85,1.251
1,1,1,55.77,1.03
1,3,2,41.51,0.868
1,1,3,30.81,0.568
2,2,1,9.68,4.712
1,1,4,31.26,0.371
1,1,2,19.85,0.514
2,3,1,34.9,3.564
1,1,1,24.42,1.186
1,2,1,33.59,0.945
1,2,2,63.43,2.09
3,1,5,15.05,8.877
1,1,5,44.51,0.441
1,2,1,42.31,2.57
1,1,2,41.19,0.575
1,3,4,30.74,0.618
1,3,2,9.33,0.642
3,2,1,6.47,35.147
1,3,4,3.36,0.681
2,2,1,45.17,9.391
2,1,1,17.12,2.929
1,1,1,27.67,0.577
1,3,4,43.16,1.464
1,2,3,52.81,1.204
2,2,1,6.2,6.103
1,1,3,3.24,0.36
1,2,3,83.16,1.696
1,2,5,46.72,0.669
1,2,1,46.25,2.7
1,2,1,35.53,1.513
1,1,1,51.88,1.213
2,1,1,61.1,5.767
3,1,1,74.46,37.856
3,1,1,60.17,33.65
1,3,1,12.3,1.1
1,1,2,26.01,0.679
1,1,2,34.16,0.423
1,3,2,60.45,1.315
3,2,1,1.51,43.01
2,1,1,25.25,2.757
1,1,1,15.45,0.532
2,1,2,46.09,4.088
1,1,4,9.99,0.466
2,3,2,48.88,5.406
1,2,4,50.54,0.995
2,1,2,3.2,3.479
3,1,1,45.07,30.507
1,2,5,32.81,0.534
1,1,1,12.28,0.577
1,2,3,19.33,0.631
2,3,2,37.97,3.024
1,2,3,63.55,0.923
3,2,1,19.9,23.63
2,3,3,68.67,4.336
1,1,1,9.39,0.609
1,2,4,27.01,0.968
2,3,2,25.36,3.386
1,3,4,4.82,0.753
1,1,2,4.3,0.378
1,1,1,35.24,0.666
1,1,1,6.82,0.618
1,3,2,22.86,0.792
1,2,2,62.1,0.978
1,2,3,22.16,1.164
1,1,4,49.82,0.594
2,1,3,59.97,2.463
1,1,1,23.4,0.883
1,1,1,14.71,0.815
3,3,2,25.36,17.737
3,2,1,45.27,26.649
1,2,2,36.2,1.311
2,2,4,6.96,3.489
1,2,2,55.76,1.541
2,3,1,14.76,4.584
1,3,2,24.35,0.547
1,1,3,42.54,0.469
3,1,4,12.54,11.099
1,1,1,24.67,0.674
1,3,2,23.43,1.074
2,2,1,6.43,7.308
1,3,1,7.11,1.085
1,1,1,28.24,0.82
1,2,3,13.42,0.957
2,1,1,23.61,2.673
2,1,2,29.41,2.53
1,3,1,11.05,0.915
1,2,1,41.95,1.98
1,2,1,29.61,1.492
1,1,1,7.64,0.761
1,1,1,7.47,0.564
1,1,4,25.09,0.32
2,1,1,18.13,2.714
2,1,1,30.25,3.138
1,1,2,53.95,0.43
1,2,2,10.18,1.625
2,2,4,13.33,3.895
1,1,2,15.4,0.633
1,1,1,30.33,0.411
1,3,2,4.49,0.839
1,1,1,6.79,0.84
1,1,2,24.47,0.534
3,1,2,31.16,25.918
1,1,4,26.09,0.333
1,1,3,17.98,0.613
1,1,1,8.73,0.485
2,1,1,55.75,5.257
2,1,1,12.37,2.094
1,2,2,19.21,1.301
1,2,2,11.36,1.045
1,1,4,36.1,0.414
1,1,1,23.41,1.063
1,1,4,30.12,0.395
1,1,1,17.05,0.692
1,3,1,1.68,0.756
2,1,1,19.88,3.979
3,2,4,33.77,24.553
1,1,5,11.85,0.384
2,1,1,41.76,3.332
3,1,1,27.99,24.79
1,1,2,21.86,0.689
1,1,2,8.21,0.394
2,2,1,18.24,8.44
1,1,2,61.3,1.308
2,1,2,38.74,3.08
1,1,2,32.9,0.937
3,2,2,12.12,22.649
1,1,1,6.98,0.99
2,2,1,23.1,8.693
1,2,2,69.56,2.075
1,1,4,30.54,0.596
1,2,1,3.75,1.497
1,1,4,9.48,0.457
1,1,4,33.73,0.462
1,1,2,32.03,0.962
2,3,2,23.77,6.338
1,1,1,42.36,0.932
1,3,1,48.8,1.345
1,2,2,14.36,0.921
2,3,2,38.55,4.805
2,3,3,35.16,5.546
1,1,1,23.24,0.78
2,1,2,22.11,2.592
2,1,2,28.32,2.44
1,1,1,21.2,0.596
1,3,2,19.35,1.082
1,1,3,44.53,0.657
2,1,1,53.61,6.661
3,2,1,19.83,20.55
1,2,1,28.57,1.483
1,1,1,11.69,0.702
1,1,1,33.42,0.72
1,3,1,23.15,1.022
2,1,1,9.17,4.114
2,3,2,48.01,6.922
3,2,5,29.23,24.751
1,2,3,59.91,1.275
2,3,1,9.38,3.655
2,2,1,43.62,6.013
2,1,5,2.11,1.722
3,3,4,24.47,18.03
1,2,1,9.68,1.128
1,1,2,23.98,0.868
1,1,2,28.94,0.581
2,1,2,14.82,2.738
1,2,2,39.52,1.586
2,1,1,33.67,5.31
1,2,5,27.61,0.446
2,1,1,44.86,3.13
2,1,1,18.88,4.05
1,2,2,21.07,1.322
1,3,1,30.35,1.207
2,1,2,25.62,3.171
3,2,2,23.82,26.868
1,1,2,28.88,0.576
1,1,1,28.23,0.529
2,1,4,13.4,1.719
1,1,2,33.09,0.84
1,1,1,9.54,0.536
2,2,3,26.68,5.359
2,3,3,18.38,2.546
1,1,1,36.02,0.485
3,1,2,36.83,13.37
2,1,2,43.83,3.417
1,1,2,48.85,0.691
1,1,1,31.77,1.166
2,3,3,20.78,2.677
2,1,1,34.27,2.473
1,1,1,52.35,1.395
1,3,1,18.98,0.661
1,2,3,13.55,0.949
2,2,2,16.52,5.066
1,2,3,33.49,1.476
2,3,3,31.83,5.053
1,1,1,34.67,1.321
1,1,2,11.12,0.57
1,1,4,48.78,0.912
2,3,3,9.15,3.514
1,3,1,31.51,1.137
1,2,2,19.16,0.889
1,2,2,12.15,1.229
1,2,3,32.14,0.959
2,1,4,25.13,2.14
1,2,2,38.91,1.2
1,2,1,23.38,1.444
2,2,1,13.0,8.113
1,1,1,19.56,0.666
1,1,1,24.21,0.634
1,1,2,41.03,0.484
2,2,1,21.25,4.681
3,1,2,50.7,24.838
1,3,1,23.21,0.566
1,3,1,4.76,0.77
1,2,3,17.56,0.536
1,1,2,24.89,0.3
1,2,2,12.98,1.339
1,1,3,30.21,0.757
1,1,1,26.26,0.746
1,1,1,65.7,1.503
1,1,1,26.29,0.56
3,3,1,20.75,20.739
1,2,2,30.09,0.896
3,3,1,26.43,28.535
1,1,4,7.2,0.26
1,1,4,21.56,0.343
1,1,1,19.08,0.611
3,2,2,23.62,21.924
2,3,1,11.75,3.776
1,3,1,52.53,1.85
1,1,5,33.13,0.557
1,1,1,19.19,0.649
1,1,1,16.46,0.686
1,1,3,22.86,0.832
3,2,1,27.61,31.339
2,2,2,40.07,8.956
2,2,2,28.85,8.25
1,3,3,23.33,1.018
1,3,1,22.67,0.656
1,1,2,22.12,0.502
2,1,2,32.2,4.032
1,3,2,6.86,1.114
1,1,2,10.09,0.559
1,1,3,61.93,0.817
1,1,1,30.62,0.722
1,1,1,24.56,0.671
1,1,1,39.15,0.545
2,1,3,33.97,4.701
2,2,1,9.16,7.263
2,1,1,17.73,3.349
2,3,2,30.12,4.978
1,2,1,41.45,2.17
1,1,1,28.39,0.728
1,2,2,29.41,0.813
1,3,1,30.05,1.027
2,1,1,13.82,3.251
2,1,1,33.78,3.291
1,3,3,9.88,0.675
1,1,2,46.9,0.991
1,3,1,39.18,1.433
1,1,3,36.26,0.549
1,1,1,4.21,0.681
3,2,2,18.99,18.607
1,1,2,6.53,0.665
3,2,5,13.17,11.916
1,2,1,27.65,1.482
1,3,2,30.77,1.318
1,1,1,11.76,0.572
1,1,1,35.79,1.014
1,1,2,25.31,0.361
1,2,1,13.83,1.865
1,1,4,46.46,0.708
1,1,2,38.51,0.635
1,1,1,9.84,0.566
1,1,2,12.28,0.548
2,1,2,12.63,4.234
2,1,2,3.47,3.301
1,1,4,19.77,0.495
2,2,2,20.44,4.788
1,2,2,47.31,0.988
2,1,2,15.54,3.589
1,1,2,39.06,0.855
2,2,1,15.67,4.895
1,3,5,15.57,0.379
2,1,5,42.22,2.107
2,3,3,7.32,4.015
1,1,1,23.76,0.515
1,2,2,11.69,0.836
2,1,3,31.22,1.732
1,2,2,57.18,1.145
2,2,1,39.12,6.884
1,2,1,8.87,1.102
1,3,1,30.94,2.067
2,3,1,28.46,5.937
1,1,1,0.86,0.774
1,1,2,23.83,0.516
1,1,2,20.04,0.509
2,1,3,42.75,3.603
1,2,2,25.56,1.099
1,1,5,6.45,0.328
1,2,4,58.34,0.938
1,2,2,32.72,1.153
1,1,1,8.3,0.592
1,1,3,30.63,0.678
1,1,1,16.98,0.915
3,1,1,40.36,23.025
2,1,3,15.04,2.103
2,1,2,15.9,3.332
2,1,1,28.31,3.177
1,1,1,7.96,0.504
2,1,1,31.79,4.558
1,2,3,52.46,1.868
2,2,1,11.35,5.044
3,1,2,26.82,16.272
1,1,1,23.53,0.55
2,1,1,8.2,3.415
1,2,1,20.82,1.265
2,1,2,7.46,2.925
1,1,1,33.47,0.903
1,2,1,51.05,1.139
2,1,5,73.51,10.794
1,1,2,59.68,1.075
1,2,1,26.76,1.355
1,3,3,33.27,1.711
1,1,3,10.33,0.573
1,1,2,23.12,0.639
1,1,2,40.42,0.729
1,1,2,15.04,0.608
1,2,1,22.4,1.476
3,1,4,18.62,11.426
2,1,1,20.16,3.996
1,1,4,51.94,0.758
1,1,4,10.44,0.398
3,3,1,34.74,22.635
1,3,2,20.33,0.42
3,1,4,34.05,12.816
3,2,2,8.76,23.484
3,1,3,5.53,14.684
1,2,2,62.23,2.839
1,3,1,20.9,1.158
2,1,1,4.17,2.928
1,2,3,48.73,1.215
1,1,1,8.17,0.831
1,1,3,29.01,0.672
2,1,1,50.61,5.824
1,1,2,44.83,0.98
1,1,1,25.2,0.583
2,2,1,37.37,7.618
1,1,2,7.22,0.622
2,2,2,34.56,7.5
2,2,2,25.03,4.434
2,1,2,16.0,2.909
2,2,3,40.84,3.739
1,1,3,5.01,0.39
2,2,1,38.25,5.598
1,1,2,34.7,0.631
2,3,1,6.94,5.419
1,1,2,22.06,0.426
2,1,1,37.21,4.464
1,1,1,32.12,0.897
1,2,2,20.11,0.908
1,1,2,27.8,0.715
1,2,4,31.33,0.546
1,1,1,37.73,0.684
2,1,2,34.27,2.999
1,2,2,12.43,0.915
2,2,2,28.14,6.185
2,2,2,34.62,5.401
1,2,1,38.78,1.246
3,2,3,16.42,22.39
1,1,2,32.45,0.375
1,1,2,13.72,0.849
1,2,2,8.55,0.924
2,3,3,31.39,3.008
1,3,1,40.25,0.915
1,2,4,38.05,1.695
1,1,1,5.96,0.875
2,1,2,14.94,2.427
2,3,5,22.79,3.029
1,2,1,7.64,1.39
1,1,1,34.93,0.659
2,2,2,15.53,5.612
2,1,2,29.65,3.326
1,3,1,11.04,0.725
2,1,3,17.47,2.115
1,3,2,34.42,1.097
1,2,1,22.92,0.982
1,2,1,19.3,1.056
2,3,3,17.21,3.651
2,1,2,46.1,2.48
1,1,3,29.74,0.637
2,2,2,19.99,6.105
1,3,1,31.27,0.88
1,1,1,18.52,0.751
2,1,1,39.0,4.277
1,1,5,37.25,0.45
3,3,1,14.83,23.939
2,3,1,30.22,6.292
2,3,1,9.91,3.87
1,2,3,33.67,1.675
2,1,2,73.0,6.762
1,1,3,13.59,0.386
1,2,1,6.95,1.088
1,3,4,13.15,0.327
2,1,2,10.88,3.024
2,1,2,9.03,3.154
1,2,3,43.43,1.224
1,1,5,50.79,0.272
1,2,1,46.12,1.941
3,1,1,56.27,14.153
2,2,1,10.22,5.668
1,2,1,32.94,1.475
3,1,1,33.71,20.455
2,1,1,37.21,5.439
2,2,1,27.22,5.034
1,3,3,31.99,0.694
1,1,4,13.74,0.505
1,1,1,20.6,0.748
2,3,2,14.16,4.665
1,1,1,12.79,0.872
2,1,1,25.95,2.732
2,1,1,33.35,3.603
1,2,1,22.96,1.509
1,1,3,13.27,0.518
1,1,5,25.61,0.691
2,1,4,38.01,1.354
1,2,1,47.81,1.39
1,1,5,35.04,0.588
1,1,1,29.68,0.809
1,2,1,11.55,1.287
1,1,3,18.5,0.694
1,3,3,49.0,1.586
2,3,5,58.22,3.546
1,2,1,21.84,1.044
1,1,4,34.02,0.778
2,1,4,15.71,1.828
1,3,5,52.46,0.702
1,1,4,41.4,0.711
1,1,1,49.68,1.584
1,3,2,13.65,0.88
2,2,1,52.41,11.242
2,1,2,69.67,13.0
2,3,1,23.15,6.794
3,2,1,11.93,35.582
2,1,4,68.75,6.676
1,1,1,14.25,0.64
2,2,1,40.36,4.079
2,2,2,19.79,5.887
2,1,2,51.06,5.328
1,2,5,21.54,0.653
3,1,2,30.89,12.207
1,1,2,24.13,0.355
2,3,1,22.12,4.992
1,1,1,28.98,0.838
2,1,1,55.62,3.718
1,1,3,18.58,1.207
1,2,1,37.89,1.786
1,1,3,8.69,0.775
1,1,2,25.5,0.863
1,1,1,10.5,0.716
2,3,1,53.22,6.318
2,1,1,3.3,3.242
2,2,2,11.0,5.386
1,1,2,4.18,0.448
1,2,1,15.55,1.12
2,1,1,5.8,4.25
3,2,1,50.09,42.847
1,2,4,49.17,1.206
1,3,4,9.75,0.563
1,2,1,19.28,1.321
1,3,3,8.45,0.666
2,3,1,18.06,5.214
1,1,1,23.78,1.192
2,1,1,23.79,5.993
1,1,3,43.4,1.059
1,1,1,54.44,1.035
1,2,4,31.93,0.915
1,1,4,3.3,0.375
1,3,4,31.12,0.675
1,2,4,24.15,1.029
1,1,2,8.64,0.487
3,3,1,26.98,15.833
2,2,5,31.24,3.924
1,1,1,42.67,0.348
3,3,2,39.74,25.536
1,1,1,24.64,0.547
1,1,2,45.89,0.958
1,3,4,7.11,0.536
2,2,1,27.45,6.951
2,1,3,55.97,3.011
3,1,2,39.11,26.642
1,3,3,27.87,0.57
3,1,2,36.75,25.098
2,2,1,11.37,4.931
2,1,2,6.37,2.776
3,3,1,34.78,17.466
1,1,2,59.93,0.775
2,2,5,46.64,6.398
1,3,2,9.09,0.776
2,2,2,22.74,5.862
1,1,1,32.39,0.64
1,1,2,22.43,0.54
1,3,1,10.77,0.975
1,2,5,25.63,0.625
1,3,3,26.38,1.066
1,1,2,6.38,0.487
3,3,2,27.75,15.13
1,1,2,26.54,0.683
3,1,1,19.05,18.353
1,2,1,14.34,0.705
1,3,2,9.22,1.14
3,2,2,33.77,37.823
2,1,1,11.5,3.517
1,1,3,61.39,1.128
2,3,1,41.02,3.993
1,1,3,44.84,0.532
1,2,2,10.14,1.084
2,2,1,50.57,6.988
2,2,4,45.97,6.768
2,1,3,9.08,2.483
1,2,4,14.69,0.845
1,3,1,51.1,1.202
1,2,2,33.92,1.481
1,2,3,27.67,1.03
1,1,2,62.51,0.954
2,2,4,18.39,5.288
2,2,1,53.8,11.725
3,1,2,71.91,52.531
2,2,2,7.14,4.289
1,3,2,3.18,0.65
1,1,2,23.74,0.762
3,2,3,25.88,21.88
1,2,3,44.15,1.085
1,2,2,29.35,1.675
1,2,1,14.72,0.847
2,2,1,18.01,5.931
3,2,1,43.1,42.961
1,3,1,46.46,1.375
1,3,3,4.22,0.543
2,1,1,47.41,3.95
2,2,5,43.25,5.082
1,1,3,23.84,0.299
2,3,1,42.99,5.023
3,3,1,18.44,23.284
3,2,3,17.78,23.351
1,1,2,26.79,0.681
1,2,1,50.92,1.892
3,3,1,27.31,17.684
3,1,2,22.03,14.159
1,2,2,28.76,1.335
1,1,2,31.02,0.971
1,2,1,17.2,1.139
2,1,2,5.95,2.164
1,2,1,30.03,1.522
1,1,2,44.9,0.865
2,3,1,23.31,4.828
1,2,3,14.98,0.777
3,1,1,27.91,11.857
1,2,5,22.54,0.876
1,2,1,44.41,1.677
3,1,3,24.26,15.889
1,1,2,32.9,0.572
1,1,3,10.39,0.464
1,1,4,36.04,0.479
1,1,2,27.69,0.457
1,2,1,36.46,1.524
3,3,1,6.9,17.741
3,2,1,79.29,66.224
1,1,2,11.96,0.826
1,3,3,28.73,0.667
1,1,4,41.22,0.782
3,2,2,22.16,22.023
1,1,1,21.83,0.725
1,1,2,47.85,1.461
1,3,3,36.65,1.141
3,2,4,53.68,32.516
1,2,1,73.42,0.895
1,1,4,1.49,0.373
1,2,2,37.23,1.804
2,3,4,21.64,4.918
1,3,4,18.32,0.551
1,1,1,17.0,1.028
1,1,2,46.91,0.827
1,1,1,25.53,0.712
1,1,2,46.41,1.093
2,1,1,30.17,4.769
2,1,1,25.53,5.556
1,2,1,23.02,1.067
1,2,5,56.1,0.827
1,1,2,40.12,0.322
1,3,1,38.71,1.377
2,2,2,23.32,4.627
1,1,3,52.0,0.754
2,1,2,11.27,3.088
2,2,1,40.9,6.371
3,2,1,31.43,35.045
2,1,2,39.17,4.192
1,1,1,31.97,0.611
1,1,1,1.99,0.549
1,2,2,11.88,1.087
1,3,1,43.55,1.159
1,1,3,47.44,0.473
3,3,1,61.32,37.785
1,2,3,9.64,1.117
2,3,3,32.43,2.357
1,2,4,54.41,3.026
1,3,2,12.29,0.514
1,3,1,1.74,0.979
1,1,2,13.85,0.423
1,2,4,30.0,0.93
3,1,1,50.24,21.92
2,3,1,70.34,12.648
1,1,1,20.56,0.971
1,3,1,4.96,0.838
3,3,2,29.36,25.014
1,1,2,57.7,1.266
1,2,3,23.64,0.7
2,1,4,34.66,1.855
1,1,1,13.62,0.372
1,2,3,37.69,1.408
2,1,1,11.56,2.551
1,1,3,22.93,0.688
1,3,3,26.57,0.934
1,2,1,51.85,1.952
2,2,3,26.67,6.027
1,3,1,13.19,1.602
1,2,4,17.95,0.624
1,2,3,3.14,0.983
1,1,2,9.58,0.511
3,1,2,46.01,18.936
1,1,3,28.01,0.788
1,2,2,28.87,2.378
2,2,1,47.56,9.151
1,1,3,66.41,0.933
1,2,5,12.41,0.463
2,1,1,23.63,4.824
2,2,1,58.49,8.721
1,1,1,24.18,0.534
1,3,2,54.45,1.198
1,1,2,17.19,0.568
2,1,3,10.72,2.333
2,1,2,60.28,8.129
1,1,2,38.38,0.814
2,2,2,30.77,6.881
1,1,5,14.7,0.336
1,2,2,51.39,1.538
2,1,2,12.97,2.955
1,3,5,29.76,0.686
1,1,5,47.35,0.298
1,2,1,38.69,1.671
2,2,4,34.19,4.362
2,3,4,38.59,6.095
2,2,4,27.3,3.769
1,1,4,7.05,0.709
2,2,4,8.39,5.631
1,1,1,7.25,0.62
2,2,1,34.84,5.434
1,1,3,8.17,0.527
1,1,1,24.14,0.696
3,2,1,22.15,41.794
1,3,1,20.75,1.223
1,1,2,53.94,1.173
1,1,3,15.63,0.619
1,1,5,8.72,0.254
2,3,1,43.07,8.359
1,1,1,35.78,1.223
1,2,1,55.23,2.229
1,1,1,45.35,1.14
2,2,1,11.2,6.115
1,3,1,22.34,0.933
2,1,1,33.43,3.516
1,2,1,52.42,2.047
1,2,1,20.25,1.404
3,1,3,19.92,16.44
1,3,4,24.04,0.646
1,2,2,55.42,1.56
3,1,1,46.09,23.36
1,1,2,15.16,0.618
1,3,2,6.63,0.719
1,1,5,11.08,0.419
1,3,4,8.18,0.748
2,1,5,10.06,1.527
1,3,3,36.18,1.072
2,1,1,48.81,5.549
1,3,1,10.07,0.955
1,3,2,54.87,1.945
1,1,2,44.3,0.989
2,3,3,26.06,2.791
1,2,1,15.23,1.216
1,2,3,35.43,1.118
1,1,3,27.94,0.53
1,3,3,33.2,0.756
1,3,1,13.14,0.749
3,1,3,16.63,19.886
1,3,4,37.63,0.914
1,1,5,26.65,0.413
1,1,1,60.13,1.31
1,1,2,35.6,0.635
2,3,1,8.94,5.829
3,2,1,48.55,47.639
2,3,3,33.76,3.106
2,1,2,30.77,3.345
2,2,1,18.53,5.728
1,2,4,12.73,0.984
1,1,2,65.05,2.419
2,1,2,14.1,3.731
3,1,1,15.7,16.453
2,1,1,33.38,2.582
2,2,1,37.26,5.603
1,1,2,30.35,0.876
2,1,5,20.54,2.57
2,2,1,33.09,4.567
3,1,2,32.91,9.506
2,2,1,19.41,4.805
1,1,1,15.51,0.766
2,1,1,21.92,2.817
1,2,1,12.55,1.596
1,3,1,23.0,1.066
2,2,3,59.15,6.927
2,2,1,9.55,4.199
2,1,3,34.3,2.83
1,3,2,5.85,1.081
1,3,1,37.12,0.398
1,3,4,11.31,0.531
2,2,2,20.11,4.215
2,2,2,34.51,7.466
1,3,1,2.54,0.792
1,3,1,47.62,1.311
2,3,3,57.6,4.592
1,1,4,47.94,0.849
1,2,2,6.41,1.056
2,1,3,53.35,4.353
1,3,3,27.8,0.86
1,1,1,15.95,0.73
2,2,1,8.53,5.107
1,3,3,12.69,0.504
1,2,1,9.34,0.852
3,1,2,10.14,15.356
1,3,1,73.55,1.895
3,1,1,1.96,19.277
1,3,2,22.57,0.959
1,1,4,7.14,0.359
1,1,2,9.78,0.627
2,1,5,16.64,2.252
3,3,4,5.04,14.235
1,2,1,29.37,1.489
3,1,2,49.02,29.541
2,3,2,26.91,2.771
3,3,1,27.6,24.154
2,3,1,29.46,4.079
2,1,2,31.37,3.469
3,2,2,38.43,40.185
2,3,2,21.73,3.972
2,3,2,27.32,4.611
1,3,3,26.32,0.979
1,3,3,5.17,0.833
2,3,2,48.22,6.952
1,1,1,23.0,0.715
1,3,1,15.68,1.042
2,2,3,28.38,4.375
2,1,1,42.75,4.153
3,1,1,31.21,16.975
1,1,3,30.87,0.476
1,2,4,30.54,0.872
1,1,1,39.59,0.903
3,1,1,48.05,23.985
1,2,2,5.59,0.871
3,2,4,22.73,18.39
1,1,4,30.36,0.741
1,2,1,53.72,2.221
2,2,1,34.88,8.02
2,1,2,5.18,4.375
1,2,1,66.82,1.936
1,1,1,31.21,1.486
1,3,1,34.21,0.93
2,1,1,21.57,3.302
1,1,1,47.15,0.692
1,3,3,3.91,0.777
1,1,1,44.34,0.608
1,1,1,22.62,0.632
2,3,2,7.89,3.087
2,1,3,23.2,2.167
3,3,1,67.64,65.487
2,1,2,52.57,3.773
1,1,1,39.67,0.519
1,1,1,29.82,0.763
2,1,4,56.31,2.123
1,1,3,18.89,0.45
1,3,2,20.71,0.596
1,3,4,35.04,1.037
3,1,2,11.07,16.449
1,1,1,28.67,0.532
1,1,1,9.03,0.418
2,2,2,19.46,5.051
2,3,1,36.15,3.965
1,1,2,34.68,0.579
1,1,1,22.26,0.628
1,3,1,12.43,0.89
1,1,2,3.97,0.417
1,2,1,22.41,0.99
1,1,1,56.89,1.006
2,1,2,44.24,6.364
1,1,2,45.94,0.9
2,2,1,17.5,5.318
1,2,1,11.4,0.82
1,1,4,57.36,0.859
2,3,2,6.12,4.506
1,3,3,23.73,0.792
1,1,2,21.59,0.748
3,1,1,49.33,13.37
2,1,3,27.52,3.172
2,1,3,30.7,2.491
1,1,5,21.82,0.398
2,2,1,3.25,7.37
1,1,3,14.67,0.391
1,1,3,9.3,0.443
1,2,1,33.8,1.312
2,3,1,45.21,4.346
1,1,1,38.34,0.803
2,3,1,17.54,5.81
1,2,5,69.07,1.518
1,1,3,30.35,0.798
1,2,1,7.38,1.057
2,2,2,27.97,4.881
1,2,1,22.59,1.179
1,2,2,10.76,1.097
2,1,1,23.53,3.785
1,1,5,33.79,0.374
1,1,2,30.04,0.976
2,1,2,11.37,2.672
3,1,3,20.27,15.687
1,1,4,34.65,0.504
2,3,2,9.22,4.154
1,1,2,27.66,0.742
1,1,5,47.5,0.513
1,3,1,5.94,1.277
3,2,5,21.81,16.11
1,3,4,37.69,0.839
3,1,1,19.96,14.447
1,2,1,69.53,1.783
1,1,3,49.06,0.67
1,1,1,33.65,0.612
1,2,2,19.79,0.935
1,2,1,44.58,1.323
1,1,5,57.78,0.389
2,1,3,9.37,2.588
2,3,2,6.39,4.509
3,1,2,61.49,28.536
1,2,2,42.31,1.605
2,1,2,24.07,4.504
1,1,1,24.07,0.919
1,1,2,16.6,0.768
1,1,3,14.86,0.455
3,3,1,8.08,22.318
1,1,1,34.01,0.69
1,1,1,27.25,0.997
1,1,4,24.21,0.506
1,3,2,27.08,0.703
1,2,2,17.43,1.629
2,3,2,24.55,6.199
1,1,1,24.44,0.91
1,2,3,4.11,0.929
1,2,3,9.29,1.106
1,2,1,19.77,1.09
1,1,4,18.01,0.373
1,1,2,14.78,0.578
1,1,3,32.72,0.952
1,2,4,37.97,0.971
1,1,3,8.69,0.594
2,1,4,10.04,2.37
2,3,2,21.82,4.049
1,1,3,49.2,0.558
1,1,3,59.11,0.437
2,2,3,16.14,4.95
1,2,1,20.49,1.397
3,1,2,32.69,17.839
2,1,1,13.33,2.97
1,1,1,36.48,0.495
1,1,1,48.09,0.72
1,1,1,18.18,0.492
1,2,2,23.87,1.637
1,1,1,18.72,0.678
2,1,2,17.77,2.037
3,1,1,54.44,36.163
3,3,1,33.15,25.019
1,2,4,13.49,0.76
3,2,2,21.94,31.358
2,2,1,83.91,9.564
1,1,3,33.06,0.391
3,2,3,18.53,19.455
3,1,2,32.7,22.946
1,1,2,5.68,0.608
2,1,2,18.09,2.797
2,1,1,51.16,11.132
2,1,1,66.39,3.683
1,1,1,21.76,0.772
1,1,2,27.17,0.652
3,1,1,33.58,21.4
1,3,1,21.31,0.885
1,1,2,33.14,0.907
1,2,1,27.04,1.552
1,1,1,62.89,1.714
1,1,2,9.32,0.589
1,1,3,14.44,0.376
2,1,3,47.4,4.763
1,2,1,12.41,1.484
3,1,1,13.45,17.926
2,3,1,55.93,9.255
1,1,3,29.23,0.527
1,2,2,43.17,2.021
1,1,2,26.81,0.58
3,1,3,32.41,20.104
2,1,2,29.25,3.529
2,1,1,23.86,3.21
3,3,4,42.92,21.566
1,2,1,28.44,1.177
3,3,1,18.81,21.708
2,2,3,31.04,8.289
1,3,3,57.59,1.637
3,3,1,28.53,18.259
1,1,2,19.84,0.569
1,1,2,31.28,0.861
1,3,1,38.2,1.284
2,1,2,15.62,3.564
2,1,2,43.29,6.144
1,1,2,24.44,0.448
1,3,2,16.02,0.419
1,1,1,22.68,0.57
1,2,2,29.16,1.492
2,1,1,8.45,2.129
2,2,2,34.83,5.952
1,2,2,15.94,1.23
1,1,1,68.22,1.032
1,1,2,37.22,0.679
3,1,3,23.31,21.926
1,2,1,17.13,1.669
1,1,1,12.63,0.983
1,2,2,3.71,1.268
1,1,1,28.29,0.587
2,1,2,42.22,4.616
1,2,1,18.45,1.475
2,1,3,27.05,3.145
1,3,5,23.15,0.471
1,3,1,29.11,1.071
2,2,2,7.09,4.66
1,1,1,36.86,0.59
1,2,1,11.53,1.273
1,1,2,11.41,0.389
2,3,1,28.09,3.135
1,2,3,14.09,1.161
1,1,5,35.21,0.35
1,2,3,13.77,0.713
1,2,3,16.57,1.06
2,1,3,39.68,4.962
2,2,1,34.1,8.958
1,1,4,38.01,0.748
2,1,1,60.21,3.543
1,3,2,23.41,0.708
1,2,2,3.61,0.862
1,1,1,3.19,0.676
2,3,3,25.85,3.888
1,2,1,42.28,1.139
1,1,1,16.4,0.878
3,2,2,7.1,18.516
3,1,4,49.33,13.679
2,2,3,22.63,5.305
1,1,3,10.05,0.568
1,2,2,15.74,0.975
1,1,2,34.98,0.961
1,1,3,17.58,0.41
1,3,4,22.53,0.865
2,3,1,38.65,8.091
1,3,1,37.59,1.403
1,2,2,39.54,1.367
1,2,5,15.66,0.713
1,1,4,25.24,0.348
2,1,3,15.84,2.509
1,1,1,14.43,0.776
2,1,2,54.05,2.85
1,1,2,11.39,0.656
1,1,2,37.92,0.917
1,1,2,22.58,0.635
1,2,2,18.38,0.887
3,3,4,9.03,14.24
2,3,2,21.02,4.27
1,2,1,23.36,1.319
3,3,1,17.91,29.175
2,1,3,29.84,3.167
1,2,4,15.87,0.823
3,3,1,60.51,41.059
2,3,1,53.65,9.815
2,3,4,22.41,1.893
1,3,5,17.48,0.498
1,1,4,36.88,0.452
2,2,5,23.34,3.845
2,1,3,33.56,3.959
2,3,3,43.58,4.779
2,1,1,35.75,7.692
3,2,5,30.97,12.814
1,3,2,42.15,0.937
1,1,1,21.07,0.542
1,1,3,7.72,0.5
1,2,1,24.52,0.704
1,2,2,41.14,1.385
1,1,1,36.97,1.164
1,1,3,24.02,0.591
2,1,5,47.49,2.097
1,2,2,38.84,1.712
1,3,1,17.92,1.094
1,1,2,41.32,0.891
1,2,3,27.97,0.906
2,2,3,36.78,5.203
1,1,1,26.32,0.806
1,3,1,6.06,0.693
1,1,3,27.33,0.592
1,3,2,15.37,0.849
2,1,3,27.17,1.883
3,1,2,33.73,19.583
1,1,2,36.73,0.781
1,1,2,46.28,0.466
2,2,1,14.89,6.177
2,2,5,8.4,3.372
1,1,2,5.89,0.749
2,1,2,16.83,3.785
3,1,3,74.97,17.702
1,3,1,8.52,0.898
2,3,1,26.49,3.068
2,1,2,31.34,3.235
1,1,1,17.82,0.716
3,2,1,30.0,27.129
3,1,1,26.22,19.305
2,2,2,20.17,7.296
1,1,2,41.13,0.612
2,3,4,46.45,6.689
2,1,2,13.92,2.509
1,1,3,10.97,0.639
1,2,2,34.89,1.422
1,1,1,9.97,0.494
1,3,4,14.17,0.765
2,1,5,27.17,1.042
2,2,1,37.42,13.063
1,3,2,45.96,0.918
2,3,1,21.59,3.633
1,3,1,39.48,0.956
1,3,2,20.56,0.839
2,2,1,29.67,8.563
1,1,5,12.48,0.25
1,1,5,62.04,0.409
1,2,1,17.65,1.63
3,2,2,44.77,37.05
3,2,1,37.35,39.268
2,1,1,4.27,2.684
1,1,1,27.82,0.7
2,2,1,46.31,6.522
1,1,1,54.25,1.177
1,2,1,54.77,1.225
1,1,1,20.36,0.684
1,2,1,9.19,1.105
3,1,3,35.09,18.007
2,1,3,16.13,1.773
2,1,1,35.23,3.796
2,1,1,12.32,2.671
2,1,2,38.89,4.327
2,1,3,8.01,2.284
2,1,1,9.7,2.049
1,1,2,49.43,0.856
1,1,1,50.49,1.102
1,1,1,16.54,0.877
1,1,1,32.69,1.009
2,1,1,39.38,3.882
2,2,3,38.08,4.814
2,1,2,12.71,2.185
1,1,3,39.75,0.627
1,3,4,13.95,0.423
3,2,2,20.32,23.393
3,2,2,58.87,36.87
1,1,1,10.05,0.764
2,2,3,69.91,13.9
2,2,1,2.86,6.812
1,3,3,21.76,0.752
1,2,2,31.81,1.136
3,1,1,8.43,15.69
2,1,3,62.85,3.771
2,1,2,47.25,7.917
3,2,2,35.98,37.054
2,1,4,3.5,1.401
1,3,1,17.9,0.789
1,2,2,15.24,0.836
2,1,1,47.34,3.318
1,3,2,6.89,0.657
1,2,5,43.51,0.559
2,1,1,18.85,4.196
2,3,1,53.59,8.718
1,2,2,12.88,0.882
1,1,3,56.98,1.183
2,1,4,30.17,2.552
1,3,3,15.99,1.018
1,1,3,47.83,1.449
3,1,3,28.83,9.244
2,3,2,7.69,4.475
1,2,2,40.15,1.378
2,2,1,22.84,5.213
1,1,1,28.47,0.637
1,2,5,67.56,1.727
3,2,1,10.83,42.033
1,1,1,54.79,0.726
2,3,1,40.53,9.656
1,1,2,53.67,0.996
1,1,1,12.84,0.625
1,1,3,18.46,0.427
1,2,4,57.25,2.921
2,1,2,31.64,2.938
2,3,2,52.57,6.45
2,2,1,28.2,10.498
1,3,1,38.57,1.05
1,1,3,17.48,0.542
1,1,2,31.16,0.566
2,2,3,12.89,5.694
2,3,3,22.49,2.785
2,1,1,23.49,2.447
1,2,3,31.11,1.676
2,3,2,47.84,4.332
1,1,1,48.49,0.708
1,1,1,10.32,0.626
1,1,1,32.93,1.326
1,2,1,9.88,1.225
1,1,2,15.39,0.582
1,1,2,12.87,0.428
2,2,1,59.06,14.791
1,1,2,51.07,0.749
1,2,1,27.23,2.901
1,1,4,40.94,0.396
1,2,4,63.84,1.458
1,1,2,20.72,0.45
1,2,1,21.7,1.084
1,3,1,23.59,1.127
2,2,2,8.59,5.314
1,1,1,3.78,0.685
2,2,3,51.02,9.206
1,3,2,50.18,0.982
2,2,1,25.37,8.1
1,1,2,20.67,0.511
3,1,3,5.7,8.424
1,1,1,54.67,1.489
3,1,3,64.31,22.462
1,1,1,12.82,0.795
2,2,2,28.13,4.737
1,3,2,37.22,1.505
1,1,2,33.81,0.676
1,2,1,36.05,2.121
1,1,2,42.76,1.964
1,1,1,13.06,0.506
1,1,1,29.94,0.873
1,3,4,31.38,0.487
2,1,3,7.69,2.366
1,2,2,23.66,1.575
2,3,3,28.8,3.624
2,2,3,15.45,4.701
1,1,1,18.85,0.49
2,1,1,4.43,2.66
1,1,1,35.76,0.645
1,1,4,31.61,0.457
2,1,2,33.45,2.971
2,2,2,32.89,7.205
1,2,3,42.95,1.345
1,1,1,19.1,0.582
1,1,1,25.73,0.629
1,1,1,35.97,0.805
3,1,1,50.92,16.545
2,2,2,14.78,3.608
1,1,1,10.18,0.407
1,2,2,19.0,0.977
1,1,2,46.23,1.164
2,1,2,31.25,3.495
1,3,2,23.03,1.015
2,2,3,13.51,3.403
2,1,3,16.17,4.09
1,1,1,72.55,2.178
1,3,1,38.27,0.933
2,1,1,34.91,5.751
2,2,2,13.91,5.296
1,2,1,24.83,1.673
1,3,1,58.12,1.945
1,1,3,20.27,0.374
1,2,2,33.38,1.499
2,1,4,47.36,2.297
1,3,1,12.09,0.848
2,1,2,45.16,4.168
1,1,2,49.96,1.536
2,1,2,55.11,5.385
3,1,2,24.12,15.008
1,1,2,15.38,0.729
3,2,1,24.78,37.302
2,2,2,28.09,4.059
2,1,1,19.48,2.218
1,1,2,18.07,0.933
2,1,1,16.63,3.93
1,1,1,48.56,0.577
1,2,3,6.84,1.05
3,2,2,5.91,18.21
3,2,3,8.79,17.307
1,1,3,26.74,0.499
1,2,1,28.95,1.38
3,2,1,1.95,17.532
1,1,1,18.29,0.641
1,1,2,29.6,0.691
1,1,1,19.24,0.556
1,2,1,44.27,2.766
1,1,2,28.69,0.625
2,2,2,32.1,7.499
1,2,3,22.63,1.039
2,2,1,30.41,6.447
1,1,1,37.04,1.031
2,1,2,54.55,5.659
1,1,2,20.27,0.619
2,1,1,26.53,3.936
2,1,1,52.09,3.92
2,2,1,24.64,4.089
1,2,5,11.43,0.498
2,3,2,9.14,4.53
1,2,1,25.92,1.449
1,1,2,34.64,0.486
2,2,1,46.91,5.638
1,1,2,56.48,0.904
1,3,4,33.16,0.56
3,1,2,18.69,13.343
1,2,2,49.32,1.671
2,3,1,17.51,3.395
1,1,2,16.04,0.529
1,1,1,27.26,1.032
1,2,2,24.58,0.918
1,1,2,17.35,0.604
2,3,1,27.27,3.304
2,1,5,13.05,1.645
1,1,1,11.56,0.801
2,3,1,22.27,4.863
1,1,4,32.63,0.439
2,3,5,19.18,1.872
1,2,4,33.87,0.766
1,2,3,20.0,1.104
1,1,1,19.98,0.434
1,3,1,79.26,1.916
1,1,1,58.21,1.174
1,2,3,20.27,1.187
3,2,5,18.51,26.61
1,1,3,20.72,0.465
1,3,4,39.26,0.461
1,1,1,38.5,1.094
1,2,1,24.03,1.463
1,1,2,60.35,1.393
3,2,2,39.85,31.149
1,1,2,6.21,0.547
3,2,1,21.21,30.856
1,2,2,50.48,1.69
2,1,1,17.27,3.335
1,3,1,25.18,0.97
1,3,2,55.18,1.949
2,3,2,15.68,4.491
1,3,2,17.63,1.036
1,1,1,47.74,1.176
2,3,4,39.44,3.651
1,2,1,57.24,3.249
1,1,5,23.46,0.264
3,2,3,44.86,55.225
2,2,1,61.26,13.689
2,1,3,40.79,2.298
2,1,2,7.8,1.806
2,2,3,32.0,5.259
1,1,1,42.7,0.825
1,1,1,33.92,0.782
2,2,1,36.4,5.033
2,2,2,69.57,10.705
2,1,3,26.42,2.889
2,2,1,60.04,11.442
1,1,3,12.24,0.567
1,2,2,46.15,1.727
1,1,2,14.99,0.631
2,1,2,44.58,2.724
1,1,1,32.36,0.635
1,3,2,54.15,1.128
1,1,1,50.41,0.902
1,2,2,40.61,1.061
1,3,2,42.63,0.995
1,1,1,30.74,0.833
1,1,5,48.75,0.831
1,3,1,42.16,0.958
1,1,4,32.91,0.535
1,1,2,33.01,0.609
1,1,2,10.4,0.753
3,2,2,17.41,29.544
1,1,3,27.08,0.4
1,2,1,7.53,1.24
2,1,4,31.06,4.127
1,2,1,12.74,1.194
1,3,2,23.07,1.36
2,3,2,56.61,4.684
1,2,1,16.51,1.858
3,1,4,32.05,14.077
1,3,5,42.42,0.711
2,1,1,2.04,3.505
3,3,1,14.42,16.756
2,1,4,29.75,2.551
1,1,4,79.48,0.688
1,2,3,12.09,0.913
1,2,1,25.26,1.251
1,3,2,18.82,0.625
2,1,2,28.69,4.119
1,1,3,8.26,0.497
1,1,3,12.15,0.478
2,2,4,26.82,5.024
1,2,3,54.26,1.571
2,1,2,36.55,4.472
1,2,2,20.56,0.929
2,1,1,6.68,3.171
1,2,1,18.35,1.238
2,1,1,11.04,4.238
1,1,1,17.78,0.486
2,3,1,57.24,4.942
1,3,4,18.24,0.702
1,2,1,21.22,1.124
2,1,1,22.64,3.459
2,2,3,24.76,4.597
1,2,2,47.46,1.469
2,1,4,7.77,1.975
1,1,2,36.21,0.765
2,1,2,12.27,3.015
2,2,1,12.33,7.804
2,2,3,29.62,3.552
1,2,2,8.95,1.168
1,2,2,24.33,0.949
1,2,4,38.59,0.885
1,1,2,22.6,0.656
2,1,4,34.47,1.739
2,1,2,61.64,10.214
2,2,2,23.61,6.132
1,1,1,35.84,0.696
2,1,1,29.74,4.693
1,2,2,15.64,1.405
1,2,2,40.46,1.303
1,1,1,7.35,0.632
1,3,3,12.08,0.514
1,1,2,26.31,0.738
2,1,2,43.73,5.689
1,1,3,55.27,0.744
1,2,2,17.45,1.085
1,1,1,19.7,0.624
1,1,5,12.25,0.242
1,1,2,34.52,0.618
2,2,2,15.73,6.931
1,1,1,51.84,1.497
1,1,1,32.74,0.893
1,1,1,45.66,1.016
1,1,2,14.96,0.584
1,3,1,32.35,1.342
1,2,1,44.22,2.112
2,1,3,11.75,2.595
2,3,2,15.81,3.342
1,2,2,26.83,0.712
1,1,1,19.72,0.761
1,1,2,23.64,0.638
2,2,2,49.54,8.483
1,3,1,26.74,0.99
1,2,5,25.21,0.631
3,2,3,29.95,16.825
1,1,2,11.75,0.514
3,1,1,46.52,23.702
1,1,1,12.51,0.73
1,1,3,50.15,0.807
1,3,1,29.55,1.098
2,3,4,21.62,2.921
1,1,1,25.54,0.767
1,1,2,42.28,0.558
1,3,2,23.17,0.978
1,1,1,53.57,0.616
2,1,5,85.46,5.149
1,1,4,46.43,0.447
2,2,2,52.12,15.823
2,3,2,17.96,4.195
1,3,3,50.97,1.019
2,1,5,14.22,1.361
1,3,4,20.05,0.92
2,1,1,35.94,1.978
1,2,2,15.18,1.164
1,3,3,12.99,0.591
2,1,2,25.25,2.955
2,1,2,35.51,2.331
1,2,2,27.18,1.438
1,3,4,40.88,1.02
2,2,5,12.0,3.625
2,3,4,4.18,2.517
2,2,1,27.1,6.216
1,1,2,35.26,0.364
1,3,4,36.79,1.038
3,3,2,30.14,25.472
1,2,1,39.35,1.945
2,1,2,25.09,4.127
1,1,2,7.94,0.47
2,1,1,20.09,4.69
1,1,2,5.4,0.444
1,1,1,60.41,0.414
1,2,1,31.52,0.954
2,1,2,65.67,9.297
2,1,1,19.06,3.203
2,3,1,29.11,4.201
3,2,3,12.89,26.148
1,1,1,16.54,0.654
2,1,1,28.99,6.379
1,1,2,14.42,0.518
1,2,1,2.71,1.061
1,3,1,27.66,1.009
3,2,3,54.47,38.348
2,1,2,29.32,3.002
1,2,1,17.8,2.356
3,1,2,11.85,13.856
2,3,1,25.57,3.702
2,2,1,6.91,5.991
1,2,4,69.39,0.863
1,3,1,43.55,0.903
1,2,2,12.87,1.025
2,2,1,53.38,9.682
1,1,1,40.64,0.48
1,3,1,15.13,0.731
1,1,1,18.02,0.636
1,1,1,19.48,0.791
2,1,1,7.56,3.683
1,3,4,8.8,0.51
1,1,3,48.9,0.948
1,2,2,40.66,1.731
1,2,5,49.84,0.959
1,3,4,44.95,0.75
1,3,2,24.42,0.751
1,1,3,10.21,0.354
1,1,1,10.1,0.619
3,3,4,13.27,15.261
1,1,5,65.4,1.248
1,2,2,25.71,1.104
2,2,2,48.27,8.782
1,1,4,20.82,0.598
2,1,1,6.3,3.13
2,1,3,44.09,2.622
2,1,1,30.96,3.267
1,1,1,34.27,0.795
1,1,2,15.16,0.529
3,3,1,30.11,16.615
2,2,3,54.54,8.933
2,1,2,7.37,3.336
1,1,2,8.58,0.544
1,2,2,35.79,1.525
2,2,3,27.36,6.989
1,2,3,12.3,0.793
3,2,3,51.03,32.307
3,2,5,28.06,19.381
1,2,2,16.68,1.5
1,1,2,52.32,0.959
1,2,2,37.62,1.408
1,1,1,37.54,1.229
1,1,2,27.11,0.727
2,2,1,17.81,11.655
1,3,3,32.73,1.085
1,1,1,19.35,0.704
1,2,2,22.31,1.018
1,2,3,41.83,1.052
1,3,2,28.05,1.16
3,2,1,46.1,55.987
1,2,2,0.75,1.054
2,1,2,32.09,3.129
1,1,2,64.95,0.972
2,3,1,33.08,7.268
1,1,5,16.58,0.409
1,2,1,23.04,1.616
1,1,1,47.66,1.008
2,1,3,8.03,2.003
1,1,1,15.06,0.431
1,1,1,49.97,0.605
1,2,1,14.24,1.022
2,1,1,59.54,4.174
1,2,2,29.22,1.108
1,3,4,4.5,0.527
2,2,1,34.64,6.122
1,1,2,16.76,0.377
1,1,1,37.46,0.941
1,1,2,54.0,0.876
1,2,3,20.13,1.051
3,3,2,20.89,15.625
2,2,2,35.89,4.534
2,1,3,24.52,3.037
2,2,2,17.1,3.339
1,2,2,66.89,2.556
3,3,1,25.75,20.665
1,1,2,11.9,0.519
2,1,1,42.73,3.355
1,3,1,5.8,0.605
2,1,1,30.71,4.124
3,1,1,20.38,21.196
2,3,1,23.3,4.414
2,3,2,26.54,6.571
2,1,1,26.25,5.213
1,1,2,30.33,0.811
1,3,1,5.89,0.667
1,1,3,27.91,0.377
1,1,1,12.75,0.607
1,1,3,34.33,0.693
1,1,2,67.03,1.919
2,1,3,50.9,4.594
2,1,3,29.66,3.994
1,1,1,46.96,0.922
2,2,3,67.99,9.823
2,1,2,38.13,4.115
2,1,2,18.91,3.644
1,2,2,34.84,1.219
2,1,2,39.15,3.34
1,1,2,13.7,0.688
2,1,3,39.12,3.352
2,2,1,40.69,10.926
1,1,3,10.87,0.768
1,2,2,14.84,1.256
1,2,3,33.17,0.987
1,1,1,32.79,1.216
1,3,1,52.94,1.468
2,3,1,19.98,4.364
1,1,4,20.32,0.361
1,3,2,53.46,1.488
2,1,5,14.75,1.656
2,2,5,14.24,2.25
1,2,2,28.98,1.287
2,2,3,33.02,5.951
2,3,1,39.82,5.446
1,3,1,24.38,1.223
1,1,2,53.68,0.884
2,1,2,19.42,3.256
1,1,2,32.82,0.434
1,1,4,6.94,0.346
1,2,1,42.11,1.197
3,3,3,46.62,23.169
2,3,4,34.52,1.983
2,1,1,16.31,3.905
1,1,1,23.05,0.865
2,2,4,34.95,3.413
1,2,1,27.34,1.287
3,1,2,13.46,16.046
1,2,1,49.02,1.142
2,3,1,1.4,3.684
3,1,5,10.56,6.043
3,2,2,40.35,43.632
1,1,3,22.0,0.751
1,1,1,22.82,0.898
2,1,1,37.71,5.251
1,3,2,25.24,0.787
1,2,3,30.62,1.038
1,3,1,1.24,0.683
1,3,1,25.38,0.683
1,1,4,11.64,0.519
1,2,4,36.92,1.644
1,2,4,26.12,1.172
1,1,3,18.83,0.557
3,1,1,41.61,14.862
1,3,3,22.54,0.641
2,2,1,20.23,4.818
3,3,2,16.24,21.05
1,2,4,38.05,0.927
2,1,2,24.03,4.067
1,1,1,48.16,0.735
1,1,3,24.37,0.499
1,1,1,34.85,1.177
1,1,1,38.58,1.177
3,1,1,28.04,18.622
1,3,3,2.41,0.94
1,2,1,40.82,1.633
2,1,1,61.83,7.728
1,2,3,25.6,0.905
1,3,2,28.05,1.207
1,1,5,24.66,0.337
1,2,1,59.85,2.063
1,1,3,20.54,0.448
1,1,2,33.33,0.528
1,2,4,31.26,0.588
1,3,3,27.85,0.623
1,1,1,67.58,0.632
1,3,2,43.26,0.719
1,1,2,26.49,0.569
1,1,5,23.56,0.288
1,1,2,44.21,0.83
2,1,2,9.24,1.895
1,1,1,12.8,0.457
1,3,1,52.46,1.574
1,1,1,54.2,1.167
1,1,1,8.94,0.698
2,1,1,44.79,5.153
2,2,4,43.68,4.518
1,1,1,7.31,0.917
1,3,1,11.74,0.926
1,1,1,61.01,0.776
2,2,3,8.37,3.943
3,1,4,20.04,13.931
2,1,1,15.63,2.313
1,3,1,23.96,0.729
1,2,2,7.82,0.906
1,2,3,18.1,0.725
1,1,2,24.13,0.5
2,1,2,28.6,3.535
1,1,3,14.4,0.446
3,1,3,14.47,13.206
1,1,2,51.1,1.004
1,1,2,22.44,0.551
2,1,1,42.87,5.423
1,3,1,6.57,0.771
1,2,1,44.88,1.705
1,2,1,20.27,1.844
1,1,2,17.99,0.339
1,1,1,10.93,0.647
3,1,2,40.87,16.663
2,2,1,37.34,11.04
2,3,1,7.75,4.212
1,3,2,50.8,1.305
1,2,5,39.91,0.567
2,2,1,32.1,3.552
1,2,1,31.72,1.705
1,1,2,17.54,0.779
1,2,3,39.9,1.319
1,2,2,57.92,2.479
1,1,2,11.19,0.412
1,3,1,45.04,1.18
2,2,1,14.73,4.882
1,2,1,59.19,3.729
1,2,5,41.99,0.822
1,2,1,35.42,2.353
2,2,1,72.11,27.809
1,1,2,54.45,0.555
2,2,1,31.98,6.593
1,1,2,40.53,0.85
1,2,3,18.42,1.003
1,2,5,51.98,0.543
1,3,1,50.78,1.191
1,1,2,9.07,0.709
1,1,1,34.01,0.573
1,1,4,29.14,0.502
1,1,2,27.62,0.717
1,2,1,19.93,1.203
1,1,1,6.61,0.569
2,2,5,24.81,2.844
2,2,3,35.95,4.373
1,2,2,62.64,1.23
3,3,1,12.97,22.32
1,1,2,51.83,0.527
2,2,1,29.37,10.547
3,3,1,31.1,25.355
1,2,5,7.17,0.787
1,1,4,4.72,0.466
3,1,2,8.39,14.471
1,1,3,15.7,0.438
1,1,1,45.67,0.458
2,1,2,36.12,4.829
1,2,1,19.75,0.823
1,1,1,57.04,1.903
1,1,4,25.65,0.375
3,2,2,36.74,74.722
1,2,2,5.66,1.197
2,1,5,27.51,1.732
1,2,2,25.9,1.147
2,2,1,2.17,6.304
1,1,1,31.21,0.506
1,2,1,59.93,3.554
1,1,1,2.02,0.667
1,1,1,10.07,0.565
1,1,2,33.55,0.637
2,2,2,15.88,5.41
1,2,3,9.07,1.366
2,1,1,6.28,4.142
2,1,4,52.75,9.691
2,3,2,10.17,3.506
2,3,3,18.26,2.688
1,1,2,27.89,0.925
3,2,2,44.59,46.152
2,2,1,26.4,6.159
1,2,4,33.62,0.637
2,2,1,34.88,4.442
2,1,3,13.12,2.434
2,3,2,29.42,3.523
1,2,2,12.91,1.169
1,2,1,3.37,1.144
2,3,2,27.66,2.78
3,1,1,13.2,14.768
1,1,3,20.04,0.46
1,1,2,13.4,0.484
1,2,1,10.4,1.311
2,1,3,22.56,2.461
1,3,4,61.3,0.842
3,1,1,14.48,15.809
1,1,3,38.01,0.674
1,2,4,31.34,1.139
1,3,3,54.19,1.222
1,3,2,8.83,1.105
1,1,1,25.33,0.869
2,3,2,63.74,10.176
1,1,1,7.67,0.731
1,2,4,62.63,1.868
1,1,1,11.1,0.808
1,1,1,13.51,0.768
1,1,1,6.25,0.474
1,1,1,17.84,0.477
2,2,3,1.75,4.837
1,1,1,16.47,1.011
2,2,5,40.96,5.149
1,1,3,25.45,0.715
1,1,1,13.75,0.526
1,3,2,33.65,0.896
1,3,5,15.56,0.449
1,2,2,39.66,1.2
2,2,3,18.92,5.46
1,1,1,25.58,0.744
1,2,3,34.29,1.332
3,3,3,11.2,23.339
1,2,2,25.61,1.123
2,1,1,47.99,4.019
2,1,1,36.73,3.851
1,2,4,31.57,0.708
1,1,2,15.62,0.917
2,1,3,24.22,4.307
1,3,1,47.67,0.812
1,2,3,36.64,1.078
1,2,2,15.27,0.978
1,1,1,31.57,0.561
2,1,1,26.49,5.276
2,3,2,52.56,5.955
2,1,1,36.85,3.112
1,3,2,27.1,0.951
3,1,3,73.7,41.376
2,2,1,35.35,10.624
1,1,3,30.37,0.455
2,1,1,11.05,3.242
2,3,3,14.01,3.224
1,1,1,34.55,0.667
1,1,3,48.01,1.055
1,1,2,25.55,0.494
1,1,5,7.97,0.259
1,3,4,24.51,0.5
1,1,3,33.4,0.596
1,2,4,21.4,0.939
2,2,1,57.06,9.975
2,1,2,20.48,2.678
1,1,1,29.32,0.565
1,3,1,27.63,0.844
2,2,4,13.28,7.179
1,2,2,49.35,1.42
2,3,4,35.48,3.328
1,1,2,35.2,0.739
2,2,2,23.26,3.861
1,1,3,18.38,0.413
2,3,1,22.05,6.095
1,1,2,13.84,0.614
1,1,2,13.58,0.53
1,1,1,7.37,0.668
1,2,3,63.71,1.364
1,3,1,36.73,0.964
1,1,4,11.93,0.515
1,3,1,22.23,0.612
1,1,1,5.13,0.853
1,2,1,3.78,1.303
1,1,2,27.83,1.101
1,1,1,11.36,0.786
1,1,2,22.61,0.525
1,1,2,38.87,1.097
1,3,3,38.73,0.697
1,2,3,17.53,0.843
1,3,2,65.55,1.252
1,1,2,70.85,2.317
1,1,2,56.28,1.183
2,1,1,43.36,4.331
2,3,2,73.41,11.428
1,1,1,12.85,0.643
1,2,3,32.62,0.882
1,1,2,48.17,0.699
1,2,2,45.24,1.35
2,2,1,43.52,8.733
2,1,4,26.73,2.067
1,3,3,21.87,0.521
2,1,3,34.18,2.027
2,1,2,43.27,4.762
3,2,4,54.04,39.569
1,3,2,32.65,1.644
2,1,3,36.62,4.296
1,1,2,64.26,1.314
1,1,4,6.84,0.421
1,1,3,33.74,0.607
1,1,2,62.2,1.555
1,3,1,22.73,0.888
1,3,1,43.88,2.47
2,2,2,10.11,2.628
1,3,1,3.48,0.493
2,2,1,31.3,8.283
1,1,4,10.44,0.367
1,1,3,37.75,0.474
1,2,2,36.26,1.291
2,2,1,14.38,5.562
1,1,1,25.49,0.583
3,2,5,36.69,11.363
1,2,2,22.87,1.652
2,1,3,35.18,4.079
1,1,2,13.09,0.496
2,1,2,16.69,2.659
2,1,1,35.01,3.916
2,1,1,7.77,3.658
1,1,2,2.97,0.507
1,1,1,22.5,0.563
1,1,2,28.9,0.529
3,1,5,14.89,5.952
1,1,2,38.75,0.588
1,2,1,34.52,2.12
1,2,4,36.37,0.956
1,1,2,18.45,0.479
3,1,4,7.97,7.288
2,1,1,23.86,4.671
1,1,2,56.1,1.008
2,1,1,34.37,3.563
3,1,1,39.86,14.515
2,1,1,12.07,2.506
1,2,4,50.86,1.03
2,1,1,25.9,4.149
2,1,3,34.74,3.524
2,2,2,44.66,11.862
2,1,1,27.18,4.158
1,1,2,20.23,0.376
1,3,5,64.84,1.697
1,1,2,42.48,1.2
1,3,4,30.23,0.767
2,1,2,18.2,2.021
3,1,2,26.73,14.212
1,1,3,55.83,0.887
1,2,1,26.08,0.934
2,3,4,32.23,3.217
1,2,4,27.41,0.933
1,2,2,24.68,1.51
2,2,2,61.84,9.555
1,1,1,46.16,0.962
2,2,1,43.61,7.483
2,1,1,22.71,5.384
2,3,4,8.21,2.741
1,3,1,11.52,1.007
1,1,1,55.16,0.886
1,1,5,26.08,0.335
1,1,2,22.15,0.802
1,3,1,17.04,0.616
2,1,2,45.96,2.982
1,1,3,33.53,0.555
2,2,1,28.02,8.153
2,1,3,22.28,2.954
1,2,1,31.11,1.238
1,1,3,25.51,0.359
1,3,3,36.3,0.994
2,3,1,50.45,4.275
1,2,1,7.1,1.243
1,1,3,33.01,0.557
2,1,2,13.14,3.069
1,1,4,44.29,0.471
1,2,3,22.2,0.952
1,2,4,27.11,1.123
1,1,2,41.2,0.772
2,3,4,29.88,2.663
2,1,2,46.55,6.752
1,3,1,22.03,1.053
2,1,3,36.46,5.489
1,1,4,46.68,0.537
1,2,3,31.47,1.04
2,3,4,18.92,2.824
1,3,2,23.15,0.668
2,2,4,25.33,3.623
1,3,1,25.12,1.017
1,1,1,38.31,1.034
1,3,5,62.93,1.18
2,1,5,40.51,2.101
1,1,2,24.19,0.696
2,3,3,16.19,2.456
1,1,2,24.7,0.574
1,1,1,7.59,0.651
2,1,1,6.15,4.156
1,2,1,20.16,0.905
1,1,3,58.72,0.9
1,2,1,24.78,1.843
1,2,1,11.72,0.99
2,2,2,6.45,4.987
2,3,1,83.5,9.8
1,2,2,24.1,0.969
2,1,5,14.43,1.655
1,1,1,49.33,1.059
2,2,1,14.54,5.876
2,1,1,13.15,3.164
3,1,2,48.61,29.465
2,1,1,37.06,3.687
2,1,3,24.87,1.975
3,1,1,40.02,20.52
2,2,2,35.78,6.475
2,2,1,18.97,5.132
1,1,1,31.33,1.052
2,1,3,49.43,3.751
2,1,2,14.33,3.084
3,3,1,3.76,22.064
2,3,4,45.58,2.928
1,3,2,30.81,0.789
1,2,1,6.96,1.075
1,2,2,21.39,0.816
1,2,3,35.31,0.524
2,1,1,15.26,3.673
1,3,4,32.14,0.602
1,1,2,40.55,1.16
1,2,2,26.38,2.087
2,2,1,15.91,7.999
1,2,3,10.42,1.027
1,1,1,18.23,0.838
1,2,1,26.07,0.983
1,2,2,42.85,1.958
2,1,1,46.93,3.794
2,3,2,35.7,5.03
1,1,1,51.39,0.716
2,3,2,10.21,4.828
2,3,5,43.31,5.326
1,3,1,32.2,0.916
1,1,2,19.18,0.604
1,1,1,18.15,0.792
1,1,3,46.77,0.493
1,1,3,22.81,0.471
3,3,2,29.04,23.059
1,1,3,12.68,0.432
3,1,1,27.98,18.35
1,2,4,23.09,0.548
1,1,4,60.33,0.463
2,2,2,35.32,4.887
2,3,2,27.39,3.295
3,1,5,18.02,8.114
1,1,5,10.85,0.359
1,1,3,25.69,0.561
1,1,2,13.3,0.574
1,2,1,28.88,1.579
1,3,5,73.07,1.36
2,2,3,24.82,4.944
1,1,1,19.68,0.607
2,2,2,13.03,4.353
2,1,1,37.81,5.078
1,1,1,27.38,0.922
1,3,2,26.22,0.984
2,3,2,23.35,6.753
1,2,1,12.83,0.931
1,2,2,17.77,1.05
1,2,4,42.97,0.739
1,2,2,18.91,1.083
1,2,3,20.92,0.99
1,1,1,33.16,0.733
1,1,3,35.04,0.755
2,1,3,52.68,9.444
2,2,2,9.34,5.02
1,1,3,26.22,0.483
1,1,3,26.68,0.634
1,2,2,65.52,2.553
1,2,1,25.44,1.202
1,2,2,38.36,0.878
2,2,1,22.95,8.226
1,1,2,6.61,0.497
2,3,3,12.37,3.573
1,2,3,43.53,0.976
1,1,2,13.76,0.604
2,1,4,10.67,2.176
2,2,4,17.57,5.757
1,1,1,20.19,1.368
1,1,3,45.86,0.334
1,2,1,59.69,3.243
2,1,4,6.1,1.978
1,2,1,22.82,0.91
1,1,4,29.92,0.552
1,1,1,8.78,0.635
2,1,4,32.96,2.133
1,3,1,41.03,1.646
1,1,1,21.21,0.925
2,1,2,34.52,3.184
2,3,2,38.44,5.341
2,3,1,15.93,2.942
1,1,2,36.58,0.718
1,3,5,10.26,0.436
2,1,1,37.53,6.116
2,2,4,29.95,4.581
1,1,1,18.01,0.629
1,1,2,26.7,1.015
2,2,2,10.4,5.27
1,1,1,6.53,0.765
3,1,1,15.12,14.71
1,1,1,14.89,0.852
2,2,2,67.4,10.984
1,1,2,26.78,0.794
1,1,2,18.09,0.613
3,1,2,35.2,26.654
2,1,2,51.06,6.338
1,1,1,8.35,0.558
1,2,1,21.68,1.242
1,1,3,31.09,0.882
2,1,2,13.48,2.304
1,1,1,26.2,1.012
1,3,2,42.68,1.001
1,1,2,13.91,0.393
2,1,4,27.81,1.917
1,2,2,8.02,1.186
3,3,4,47.7,15.463
2,1,1,9.83,2.823
3,2,3,45.05,34.688
1,1,1,20.52,0.432
1,2,2,51.67,1.19
3,1,3,11.93,15.467
1,1,4,11.6,0.478
3,1,1,43.79,15.197
1,1,2,4.38,0.559
2,1,1,14.88,3.418
2,1,3,24.31,3.006
2,3,3,19.72,3.73
2,2,5,15.25,4.749
1,2,1,50.75,2.349
1,3,2,25.56,0.941
1,1,1,14.72,0.683
3,1,4,16.56,9.931
1,1,2,32.72,0.574
1,2,1,39.81,1.061
1,3,4,35.38,0.734
2,1,1,19.12,3.252
2,1,5,31.79,2.079
3,3,2,39.09,23.207
1,1,1,38.45,1.292
2,1,1,43.75,3.686
1,1,1,53.35,1.002
2,2,3,47.12,8.487
2,3,2,40.96,2.525
1,2,1,52.04,1.738
1,3,1,34.05,0.987
1,1,1,69.94,3.012
1,1,4,22.8,0.453
1,2,1,63.33,1.388
1,3,2,17.28,1.145
1,3,2,25.14,1.213
1,1,1,38.88,0.604
1,3,2,27.89,1.158
2,2,2,31.02,5.889
3,1,1,29.91,18.157
1,1,1,18.57,0.558
2,3,2,25.27,3.501
3,3,1,55.52,39.364
1,2,1,9.77,1.151
2,2,2,49.13,14.418
3,2,1,14.61,21.441
2,2,1,51.97,7.558
1,1,1,38.64,1.502
1,1,2,41.28,0.726
1,2,1,11.51,1.335
2,1,1,32.58,3.633
2,2,2,14.47,3.693
1,3,1,26.53,0.851
1,1,2,63.93,2.154
1,2,1,7.84,1.108
2,3,1,7.82,3.291
1,2,1,17.31,1.242
1,1,1,11.3,0.646
1,2,2,7.5,1.027
1,2,1,17.21,1.194
2,1,3,11.79,1.61
1,2,1,2.62,0.817
1,2,1,23.27,1.353
2,3,1,4.12,4.489
1,2,4,48.86,1.064
1,2,2,13.02,1.249
3,2,3,5.87,16.653
2,1,2,23.64,3.086
1,2,4,32.99,1.083
2,1,4,29.51,1.609
1,1,1,30.72,0.87
2,1,1,62.47,4.711
2,1,2,54.79,2.977
1,3,2,40.51,1.424
2,1,1,17.39,3.753
1,3,3,20.69,1.042
1,3,4,45.23,0.441
1,3,1,59.75,2.398
3,1,2,39.15,25.888
1,1,2,27.95,0.56
2,1,4,25.29,3.369
1,3,2,33.01,1.136
1,1,1,22.29,0.89
2,1,2,30.28,2.762
1,2,2,38.4,0.472
3,1,1,54.43,32.417
2,1,1,14.41,4.094
2,1,2,22.72,2.835
1,3,2,32.09,0.967
1,1,3,31.57,0.472
1,1,1,51.79,0.754
3,3,4,34.97,15.934
1,3,1,53.29,1.037
2,2,2,32.55,11.997
2,2,1,16.05,7.098
2,1,1,6.91,3.076
3,1,2,24.56,12.521
2,2,2,23.56,4.249
1,1,1,8.22,0.643
2,2,1,9.72,12.202
1,2,2,16.0,1.779
2,3,1,8.35,4.835
1,1,1,32.95,0.935
2,1,2,17.73,3.018
1,1,1,18.36,0.631
2,3,2,38.45,6.77
1,2,1,33.69,1.099
2,2,2,29.55,6.184
1,2,4,23.63,0.78
1,1,1,21.96,0.783
3,2,4,22.58,18.235
2,2,3,18.66,6.503
1,3,4,32.2,0.594
1,1,4,19.8,0.4
2,2,1,2.74,8.217
1,1,1,11.09,0.759
1,1,3,23.57,1.156
2,2,1,20.33,5.23
1,1,3,14.67,0.553
2,1,2,16.61,2.255
1,1,2,13.88,0.635
2,3,1,15.2,3.749
1,2,5,36.82,0.709
1,1,4,30.19,0.638
3,1,1,32.36,12.41
2,1,2,35.65,4.446
3,1,1,35.59,13.54
2,1,1,5.01,2.621
1,1,4,23.97,0.622
2,3,1,24.9,5.67
1,2,1,15.14,1.739
1,1,3,9.4,0.381
1,1,1,29.69,0.804
1,3,4,17.26,0.691
1,1,4,13.78,0.372
1,2,3,27.99,1.562
2,2,1,3.6,3.574
3,3,3,78.2,16.782
1,3,1,42.42,1.199
1,2,1,6.56,1.65
1,2,4,29.64,0.801
2,1,5,12.71,1.457
1,1,1,44.17,0.626
2,2,1,44.1,6.378
1,1,1,25.58,1.049
2,1,1,43.08,3.85
2,2,2,46.82,5.738
1,2,1,7.16,2.275
3,2,4,12.07,18.537
1,2,4,63.5,0.911
1,3,2,48.98,1.131
1,3,1,11.61,1.433
1,1,2,51.69,0.709
3,2,1,47.12,23.497
1,1,2,18.75,0.539
2,1,1,43.17,5.721
2,2,2,19.95,7.07
2,1,2,51.93,3.423
1,1,2,21.38,0.974
1,2,1,16.42,1.907
2,3,4,24.24,2.42
1,1,2,25.55,0.561
3,2,1,32.68,27.066
1,2,1,18.87,1.241
1,1,1,20.09,0.593
3,2,1,16.19,26.2
2,3,2,65.39,6.59
1,2,4,50.87,1.508
2,2,4,31.2,5.608
1,1,1,39.44,0.67
1,3,2,34.04,1.58
1,1,1,45.25,0.971
3,2,1,46.95,62.745
3,3,1,22.24,21.289
2,2,2,22.57,4.979
1,1,2,22.74,0.626
2,2,4,15.27,4.715
1,3,2,25.37,0.864
1,1,1,23.31,0.866
2,1,1,32.86,5.311
1,1,3,34.07,0.705
1,2,1,69.35,2.93
2,1,1,14.5,3.403
2,1,1,14.67,4.299
1,3,1,11.59,1.306
2,2,1,11.84,5.507
3,2,2,13.64,20.917
1,1,2,28.21,0.481
2,1,1,22.86,3.794
1,1,2,4.79,0.627
1,1,1,58.91,1.429
1,1,4,5.96,0.676
1,1,2,35.99,0.858
2,1,2,33.65,4.184
1,1,1,59.62,1.845
1,3,2,21.7,0.526
1,3,1,45.0,1.144
2,1,2,53.92,2.146
1,3,5,4.4,0.402
1,3,5,34.41,0.558
3,1,2,22.22,13.386
1,2,3,40.24,0.994
2,3,2,25.91,2.021
1,2,2,14.35,1.376
1,1,1,11.98,0.92
1,2,3,33.39,0.973
2,1,3,17.6,4.024
2,1,2,40.54,5.26
1,2,2,7.56,0.69
2,1,1,10.5,3.167
2,1,2,35.7,4.939
1,1,5,8.14,0.405
1,3,4,6.46,0.649
1,1,1,10.79,0.826
1,3,1,21.32,0.797
2,3,1,13.28,2.929
2,2,1,31.83,6.224
2,1,2,48.23,3.914
2,2,1,37.08,8.663
2,2,1,8.39,5.942
2,2,2,37.13,7.515
3,2,2,28.83,32.254
2,1,1,13.28,2.376
2,3,1,30.8,3.776
2,2,2,0.98,5.129
1,2,2,62.08,2.135
1,2,3,16.15,1.121
2,1,4,15.33,1.69
1,2,2,51.71,2.126
1,1,2,4.73,0.545
1,1,1,5.99,0.54
1,1,5,35.41,0.363
1,3,2,20.91,1.255
1,3,1,6.05,0.989
2,3,2,37.82,3.654
2,2,1,10.59,9.163
1,2,1,19.17,1.33
1,1,5,6.25,0.39
1,1,1,32.03,0.798
1,2,3,29.82,1.018
2,3,1,22.74,3.715
2,2,3,51.3,6.426
1,3,1,7.95,1.034
1,1,2,40.39,0.899
3,1,3,23.61,11.023
3,3,2,36.16,20.02
2,2,2,43.45,6.171
1,1,2,24.55,1.072
1,1,4,28.91,0.52
1,1,4,32.08,0.327
1,1,1,12.98,0.739
2,3,4,22.61,2.764
1,1,1,40.89,0.982
3,1,2,45.54,21.961
2,2,3,34.23,3.555
3,3,4,25.56,16.679
2,1,3,6.23,2.895
1,1,1,5.88,1.003
2,1,2,10.96,3.648
2,1,2,42.34,4.315
1,1,4,31.76,0.452
1,1,1,10.16,0.651
1,1,4,33.65,0.571
1,3,3,46.22,0.965
2,2,1,16.31,6.584
1,3,2,39.54,0.962
1,2,2,21.51,0.755
2,3,1,3.35,4.348
2,1,2,24.56,1.858
1,3,1,2.7,0.852
2,3,2,19.87,5.462
3,2,3,64.75,46.911
1,3,5,16.6,0.401
1,3,1,7.18,0.702
1,2,1,33.2,1.573
2,1,2,3.89,4.237
2,2,1,37.23,8.173
1,1,1,65.55,1.09
2,3,1,38.75,5.461
1,3,2,17.6,1.101
2,1,2,5.77,2.676
1,2,4,53.39,0.843
1,3,2,29.43,0.941
3,1,4,15.58,9.939
2,2,2,48.24,5.942
1,1,3,32.8,0.581
2,2,2,28.18,4.085
1,3,1,57.48,2.321
3,1,2,7.31,12.715
1,1,2,20.72,0.565
1,2,1,26.95,1.365
1,1,2,21.45,0.437
1,3,4,4.69,0.429
1,3,1,28.78,0.994
1,2,2,27.74,1.176
2,2,2,52.8,5.368
1,3,5,52.59,0.572
2,1,3,4.62,3.565
1,1,4,34.36,0.58
2,2,4,24.77,2.882
2,2,1,20.87,5.164
2,1,1,35.01,3.799
1,1,4,15.96,0.373
2,1,1,44.49,5.58
2,1,3,32.34,2.626
3,1,2,27.55,29.278
1,3,1,53.29,0.945
2,2,1,40.28,9.694
2,2,1,19.77,3.557
3,1,1,18.95,14.753
1,3,2,9.47,0.792
1,1,2,36.84,0.677
2,2,1,35.54,5.649
1,1,1,17.21,0.633
2,2,1,30.44,6.453
1,1,4,24.87,0.48
3,1,1,61.68,27.548
1,3,2,6.89,0.649
1,1,1,43.6,0.611
2,1,4,54.75,2.869
1,1,1,6.92,0.572
1,1,4,22.05,0.341
2,1,1,71.59,8.036
1,3,4,4.91,0.515
1,1,1,25.24,0.627
1,2,2,49.82,1.664
1,3,2,7.75,0.732
3,1,5,16.81,6.946
2,1,3,46.52,4.608
2,1,3,32.42,2.537
2,1,1,52.65,2.738
2,1,2,38.65,6.094
1,2,1,42.75,1.714
2,1,2,18.69,5.264
3,1,2,38.98,14.929
2,1,4,44.97,2.97
3,1,1,61.57,31.459
2,1,1,39.02,4.4
1,1,1,52.42,1.237
1,1,1,20.01,0.818
1,2,1,41.73,2.159
2,1,4,19.12,2.545
3,1,1,40.57,28.047
1,1,1,5.25,0.664
1,3,2,41.84,2.643
1,2,1,23.09,2.078
1,1,1,4.28,0.557
1,3,1,41.41,1.572
3,3,2,9.63,21.689
1,2,3,24.09,0.923
2,2,1,16.75,5.135
2,2,2,56.29,5.303
2,3,1,13.42,3.891
1,1,1,26.61,0.575
1,2,1,7.95,1.018
1,3,2,35.99,0.89
1,3,1,2.09,0.766
1,1,1,30.2,0.598
1,2,4,30.36,0.795
2,1,2,41.76,6.013
1,3,2,16.94,1.06
2,2,3,25.04,4.866
1,2,3,36.31,0.906
1,2,2,42.77,1.066
1,2,1,59.32,2.637
1,1,1,31.01,0.765
1,1,2,50.94,1.315
2,2,1,47.33,8.086
1,3,3,24.07,0.821
1,1,2,25.39,0.586
1,1,2,24.17,0.691
1,1,3,31.84,0.587
2,2,2,27.33,3.667
2,1,2,46.15,6.526
2,3,1,20.22,4.925
2,1,1,24.28,3.498
1,1,2,29.35,0.6
1,3,1,46.81,1.33
1,1,4,20.08,0.389
2,1,1,9.41,3.449
2,2,4,29.41,3.975
2,1,1,28.78,3.545
2,1,1,41.62,4.147
2,1,3,42.06,4.881
2,1,1,62.17,7.359
3,1,2,6.66,15.332
1,3,1,57.5,1.366
1,1,3,28.74,0.85
1,3,1,20.28,0.907
1,2,1,23.64,1.057
1,3,2,19.09,0.781
2,2,2,30.67,9.158
1,3,2,35.76,0.95
1,3,1,37.64,1.378
1,1,4,18.06,0.415
1,3,2,18.89,0.727
2,3,2,23.37,3.53
1,3,3,9.48,0.507
1,2,2,20.76,0.686
1,3,3,24.34,0.696
3,2,1,37.48,25.472
1,1,1,31.82,0.817
1,1,1,21.17,0.707
1,2,1,52.7,1.776
1,1,1,19.83,1.219
2,1,2,19.9,3.597
1,1,1,48.23,0.731
1,1,1,49.14,1.63
3,2,4,1.98,17.327
1,1,1,27.29,0.595
1,2,3,10.56,0.974
3,1,2,23.27,11.348
1,1,1,33.21,0.622
1,3,1,13.67,0.874
1,3,1,40.01,1.059
2,2,2,6.03,5.706
2,1,1,8.39,4.075
1,1,3,15.11,0.672
2,1,1,57.3,4.98
1,2,5,44.45,0.835
1,2,3,34.3,1.149
3,3,2,9.21,12.419
1,2,1,46.36,1.285
1,3,2,19.48,0.693
1,2,2,23.47,1.942
2,1,3,38.46,3.198
2,1,3,31.65,3.153
2,1,4,31.93,1.494
2,1,3,40.38,2.903
2,1,2,42.78,3.291
3,2,1,33.28,37.116
2,1,2,19.55,3.664
1,2,4,4.59,0.713
3,3,3,22.25,21.904
1,1,1,2.11,0.679
1,2,1,34.58,1.686
2,2,4,36.81,4.199
3,3,1,24.13,16.05
1,3,2,22.74,0.638
1,3,2,3.64,1.21
2,1,2,23.61,2.399
1,3,1,16.19,0.636
1,3,2,45.99,1.194
1,2,2,30.15,1.084
1,2,5,13.53,0.632
1,1,2,19.97,0.498
1,3,4,11.68,0.735
2,1,1,17.71,2.461
1,2,2,15.64,0.791
1,2,1,37.28,1.229
1,3,4,51.67,0.743
1,2,1,30.81,1.673
3,2,1,29.69,29.103
1,1,4,26.84,0.349
2,3,3,50.22,4.689
1,1,3,17.41,0.626
3,3,1,14.05,24.26
1,1,2,39.07,0.659
3,1,3,47.84,19.31
1,1,3,33.85,0.638
2,2,1,3.32,5.396
1,2,2,17.35,0.852
1,1,3,11.32,0.652
1,1,1,11.02,0.583
2,2,3,38.49,5.36
1,1,4,36.1,0.423
2,3,2,11.95,3.921
1,3,3,12.29,0.547
1,1,1,31.36,0.8
2,2,2,14.65,3.895
1,1,3,32.35,0.449
1,1,2,19.85,0.588
3,1,1,11.23,17.042
1,2,3,15.31,0.963
2,1,3,33.61,3.568
1,1,4,25.34,0.582
2,2,4,28.47,3.916
1,1,1,59.73,0.934
2,1,2,49.49,3.842
2,3,1,5.59,4.208
1,3,2,58.18,1.218
1,2,2,24.51,1.121
1,1,1,36.25,0.719
2,2,3,47.01,11.323
1,1,4,26.23,0.485
1,1,2,35.34,0.369
1,2,1,47.66,1.065
1,2,1,28.83,1.924
1,2,2,36.07,1.244
3,2,1,36.48,44.092
3,3,3,37.67,11.501
1,1,1,31.06,0.93
3,1,2,18.6,14.462
2,1,5,3.83,2.93
1,1,1,65.58,0.844
1,1,3,43.57,1.241
1,1,4,20.05,0.536
2,1,1,8.04,4.241
2,2,1,44.25,10.719
2,1,3,32.05,3.576
2,3,1,22.64,4.512
2,3,1,24.07,5.005
1,3,2,23.31,1.12
1,2,1,9.34,1.302
1,2,2,7.76,1.014
2,2,4,16.86,3.765
2,1,1,56.98,4.228
1,1,2,4.2,0.622
1,1,1,6.99,0.371
1,3,1,24.55,0.698
2,1,2,36.92,3.538
1,3,2,22.21,0.523
1,2,2,31.24,0.921
2,3,1,8.95,2.915
2,2,1,22.63,6.098
1,1,4,41.79,0.56
2,1,1,11.5,3.746
1,1,2,32.2,0.901
2,1,1,24.2,4.46
1,2,3,40.91,1.539
1,1,3,51.62,0.624
2,1,4,26.76,2.882
1,1,1,27.06,0.884
2,1,2,24.31,2.457
1,1,1,26.7,0.537
1,3,2,34.81,0.987
3,1,2,31.05,20.112
1,1,1,31.46,0.92
1,1,2,3.59,0.576
1,2,5,27.05,0.991
1,2,1,7.2,1.373
2,1,1,17.25,2.742
1,1,1,38.29,1.019
3,2,3,22.16,25.291
1,1,4,13.23,0.322
1,2,3,22.39,1.033
1,1,2,28.53,0.929
1,1,1,11.02,0.923
1,3,1,45.97,1.755
1,2,1,31.01,1.207
1,1,2,16.76,0.558
2,1,1,8.32,3.253
2,2,3,25.23,4.049
1,1,2,20.71,1.037
1,1,3,17.08,0.766
2,2,5,43.26,6.533
1,2,2,40.12,1.145
1,1,3,36.12,0.878
3,2,1,57.56,34.991
1,2,1,38.7,2.711
1,2,1,26.26,0.95
1,2,2,9.06,1.053
1,1,1,30.99,0.899
2,1,4,11.33,2.96
1,3,1,21.34,0.955
1,3,2,44.95,1.488
1,3,1,24.7,1.171
2,3,1,51.06,5.776
1,3,3,18.86,0.563
1,1,2,10.49,0.707
1,1,1,40.75,1.509
1,3,1,39.83,1.357
3,2,1,51.74,48.907
1,1,1,20.05,0.821
1,1,5,33.35,0.427
3,2,1,27.44,20.884
3,2,1,30.73,45.602
1,1,1,53.77,1.076
1,2,2,45.03,0.684
3,2,1,33.45,38.534
1,1,2,39.22,1.017
1,2,1,18.07,1.34
1,1,3,8.67,0.532
2,1,2,13.09,2.125
1,1,1,34.49,0.486
1,2,3,27.79,0.89
2,2,3,41.91,5.483
2,1,3,21.61,2.258
1,3,5,17.26,0.539
1,1,3,35.42,0.561
2,1,1,12.81,3.538
1,1,1,30.8,0.932
2,2,2,48.21,10.315
1,3,3,29.34,0.947
2,3,2,44.14,7.753
1,2,1,49.77,2.238
1,2,3,19.47,0.915
1,1,1,27.7,0.616
1,1,1,27.57,0.788
1,1,1,19.71,0.724
1,1,3,12.17,0.447
2,2,1,19.13,6.456
2,2,1,28.45,5.392
1,1,2,24.46,0.46
2,2,3,11.83,3.867
1,3,2,52.75,1.245
2,2,2,56.4,7.762
1,1,2,22.58,0.952
1,2,2,5.18,0.998
2,1,3,22.68,2.458
3,2,4,72.02,31.305
1,1,1,6.4,0.837
2,1,4,33.69,2.692
1,2,1,16.35,1.139
1,1,4,48.79,0.568
1,2,1,11.44,1.099
1,3,1,1.33,1.102
1,2,2,54.76,2.122
2,2,4,55.96,6.881
1,1,4,5.84,0.281
1,1,3,17.65,0.404
1,3,1,24.68,0.889
1,2,4,12.31,0.578
1,1,4,6.93,0.367
1,1,1,6.62,0.52
1,3,1,23.89,1.589
2,3,1,14.42,3.788
2,1,3,15.15,2.094
1,1,2,62.06,1.216
1,1,1,28.26,0.738
1,1,1,72.99,2.037
1,2,1,20.67,1.367
1,1,1,29.49,0.858
1,1,4,38.81,0.404
1,1,2,67.65,1.839
1,2,1,3.78,1.338
1,2,1,30.5,1.144
3,2,1,69.35,41.673
2,1,2,24.13,2.774
3,1,1,24.75,16.473
2,3,1,12.13,4.035
3,1,2,19.48,12.493
1,1,2,20.49,0.585
1,3,2,5.96,0.749
2,1,2,28.4,3.675
1,1,2,1.83,0.684
1,3,3,24.22,0.709
2,1,2,12.62,2.041
3,1,1,21.72,21.222
1,3,2,29.22,0.61
1,1,2,37.35,0.661
1,2,3,8.55,0.918
1,2,1,57.92,1.75
2,2,1,39.22,6.723
1,1,1,3.22,0.701
1,2,3,29.45,1.141
2,2,3,39.08,5.256
1,3,1,34.66,1.243
2,1,1,26.0,2.56
2,1,1,41.77,5.501
2,1,1,68.08,10.089
3,2,2,36.23,42.56
2,2,5,33.24,5.904
1,2,4,30.47,0.65
1,1,4,6.9,0.618
3,1,1,33.14,19.792
2,1,2,47.59,5.703
1,1,2,47.03,0.893
2,2,5,10.15,3.183
2,3,4,46.2,6.957
1,1,5,18.77,0.473
1,1,1,48.05,0.66
2,1,4,23.14,3.335
2,2,1,9.58,6.059
3,2,2,39.96,39.21
2,3,2,13.33,3.032
1,1,2,66.48,1.004
1,1,4,4.81,0.353
1,3,1,9.33,1.387
1,1,2,35.8,0.963
2,1,4,29.98,2.381
1,1,1,24.7,0.656
1,1,2,32.99,0.93
2,3,1,6.25,4.343
2,1,1,48.83,7.843
1,3,2,6.55,0.702
1,1,5,48.15,0.594
1,2,1,31.02,1.393
1,1,1,4.59,0.591
2,1,2,10.59,2.743
1,3,3,13.28,0.617
1,2,4,38.26,0.696
2,3,5,42.46,3.87
1,1,4,28.5,0.322
2,1,1,31.48,4.213
1,1,1,12.13,0.825
1,3,3,27.25,0.725
1,2,1,43.47,1.841
1,2,2,12.89,1.174
1,1,2,33.52,1.142
1,1,1,14.35,0.541
2,2,2,34.92,12.603
1,1,3,57.32,0.355
1,1,1,28.26,0.735
1,2,1,55.69,2.807
1,2,1,32.61,2.028
1,1,1,33.17,0.433
1,3,1,26.02,0.75
1,3,1,41.88,1.179
3,3,2,31.92,18.025
1,1,2,12.86,0.573
2,2,4,32.2,6.044
2,2,2,16.7,4.076
1,2,1,10.73,1.105
1,1,5,75.41,0.546
1,1,3,6.34,0.704
1,1,1,13.71,0.976
1,3,1,27.39,1.312
1,1,5,10.89,0.356
1,3,1,36.6,1.101
1,2,3,36.63,1.864
1,1,1,6.13,0.507
1,1,4,42.15,0.681
1,2,2,31.59,1.248
2,1,1,16.1,4.728
1,2,1,48.4,1.702
2,1,1,33.86,4.228
2,1,1,20.15,3.912
1,2,1,14.86,1.144
1,2,3,42.46,2.62
1,3,3,43.38,1.041
1,3,1,30.86,1.128
1,1,1,61.59,0.845
1,2,1,39.06,2.333
2,1,2,17.59,2.832
1,2,1,43.6,1.97
3,1,2,43.27,21.021
3,1,5,21.74,6.908
1,3,1,11.82,0.803
2,1,1,16.72,5.779
1,1,1,27.14,0.717
2,3,2,5.22,4.663
2,1,2,19.58,2.304
1,2,1,33.62,2.537
1,1,2,42.91,0.897
1,1,3,53.56,1.552
1,1,1,22.08,0.72
1,1,2,30.59,0.497
2,1,2,7.57,3.727
1,2,2,44.48,1.837
1,1,1,11.75,0.979
1,1,2,14.78,0.81
2,1,1,18.48,2.705
1,2,4,28.71,0.941
1,3,2,63.79,0.676
2,3,1,21.03,5.233
1,1,1,44.41,0.878
1,1,1,9.79,0.563
1,1,2,15.62,0.822
2,2,1,68.01,19.024
2,2,4,40.46,6.041
2,2,1,43.66,7.51
2,1,2,24.47,5.082
1,1,3,17.11,0.416
2,1,2,15.78,2.281
2,3,2,36.43,6.193
2,1,3,57.29,4.766
2,2,1,38.69,11.668
1,3,1,6.08,0.842
1,1,1,26.95,0.58
2,1,2,6.61,2.53
1,1,2,18.58,0.522
1,2,1,19.31,0.896
3,1,4,8.29,8.3
3,2,1,45.27,29.682
1,2,3,18.24,1.079
1,2,1,14.96,1.196
1,2,1,13.94,1.498
1,1,5,19.81,0.513
1,1,2,47.73,0.817
1,1,2,40.48,0.806
2,3,2,35.36,3.892
1,1,1,39.09,0.699
1,1,5,52.12,0.661
2,2,1,39.68,5.947
1,2,3,33.85,1.148
2,2,2,16.06,5.903
1,1,1,15.86,0.536
1,1,5,15.22,0.436
1,1,1,24.64,0.653
1,1,2,39.57,0.344
1,1,1,18.0,0.574
3,2,1,7.74,23.683
2,1,3,33.15,2.812
3,1,3,53.13,28.319
2,1,4,25.83,4.979
1,2,1,52.77,2.631
3,1,1,4.73,10.321
2,2,1,35.18,5.02
1,2,1,15.44,0.802
2,3,1,20.03,6.468
1,1,1,22.06,0.477
2,2,1,32.13,11.376
2,3,2,1.82,3.672
3,1,1,28.75,21.486
2,3,2,14.97,3.543
2,1,1,28.48,4.273
1,1,1,21.73,0.668
1,2,4,26.11,0.783
2,3,3,36.29,2.785
1,3,2,15.59,0.679
1,1,2,32.26,0.522
1,1,5,46.74,0.677
1,2,4,37.12,0.839
1,3,2,15.45,0.661
2,1,1,25.28,2.013
2,2,3,32.01,4.279
1,1,4,36.5,0.596
2,1,1,48.6,5.885
1,3,1,41.4,0.909
1,3,1,22.47,0.759
2,2,2,25.43,4.254
3,1,2,41.74,22.805
1,1,5,22.74,0.507
2,2,4,37.8,5.169
2,1,2,11.72,2.932
1,2,1,52.93,1.85
1,2,1,37.55,1.972
2,2,3,64.21,5.396
1,1,1,15.76,0.553
2,1,1,20.07,3.896
1,2,1,41.01,1.427
1,1,3,33.35,0.75
1,3,2,15.69,0.979
1,1,2,11.85,0.748
1,3,2,23.03,0.849
2,3,1,19.87,4.914
2,2,1,27.35,6.277
1,3,1,56.77,1.582
2,1,1,21.3,4.255
1,1,1,30.75,0.857
1,1,1,8.99,0.575
1,3,2,22.35,0.827
1,2,1,18.57,1.567
1,3,2,18.2,0.694
2,2,3,33.19,6.105
3,1,1,62.26,21.635
1,3,1,2.1,1.346
1,1,3,23.36,0.537
2,3,2,24.75,4.099
2,1,1,49.99,6.942
1,1,1,17.43,0.731
2,1,2,4.34,2.682
3,3,1,28.38,26.141
1,2,2,41.4,1.862
1,1,1,14.03,0.872
2,1,1,39.48,3.098
1,3,1,31.39,1.034
1,1,3,23.3,0.733
2,2,1,76.14,8.001
2,2,3,58.48,8.917
2,1,1,16.11,3.128
2,2,4,4.95,4.318
1,3,1,35.35,0.534
2,1,2,28.13,3.975
2,3,1,74.33,16.922
2,1,2,48.53,2.263
1,2,3,24.48,0.883
2,2,1,15.29,8.366
2,1,4,7.56,2.131
1,1,1,33.5,0.791
1,2,1,37.52,2.097
1,1,1,9.17,0.447
1,2,1,28.96,1.341
1,1,3,48.78,0.442
1,2,1,25.35,1.236
1,2,2,4.19,1.032
1,1,1,44.33,0.732
1,1,2,21.09,0.549
2,1,1,11.55,4.125
2,1,2,41.02,4.102
2,1,1,35.86,3.543
1,1,2,6.35,0.88
2,1,3,15.74,2.481
2,1,1,23.84,1.814
2,2,3,28.06,6.346
2,1,1,54.6,5.456
1,3,3,12.89,0.807
1,1,2,31.43,0.668
2,1,2,15.05,2.001
1,1,1,9.01,0.622
1,2,1,15.22,0.936
1,3,1,35.13,0.659
1,2,2,14.57,1.386
3,2,1,12.15,28.21
2,1,1,13.78,2.791
1,3,1,32.49,0.699
1,1,3,7.22,0.589
2,1,4,17.12,2.616
2,2,2,14.48,4.137
1,2,2,43.89,1.418
1,3,5,25.65,0.628
3,1,1,33.02,20.336
1,1,5,9.95,0.26
1,3,3,30.77,0.828
1,3,1,32.79,0.885
2,2,2,20.34,5.145
2,1,5,43.54,2.743
1,2,1,16.11,1.326
1,1,1,44.45,0.76
3,1,1,4.58,18.608
1,1,1,11.64,0.727
1,2,3,42.83,1.353
1,3,3,45.13,0.673
1,2,1,28.75,1.125
3,1,2,67.33,30.288
1,1,3,24.55,0.678
1,2,1,34.69,1.289
1,2,2,10.59,1.318
1,3,3,23.37,0.773
1,1,5,6.31,0.289
3,3,4,35.46,14.313
1,3,2,8.45,0.594
1,2,1,48.61,1.363
1,3,3,22.89,0.651
3,2,5,17.81,12.268
3,1,1,36.16,20.063
3,1,2,31.8,17.948
1,1,1,32.32,0.637
2,1,3,5.48,2.112
2,1,1,10.44,4.07
1,1,2,21.58,0.806
2,2,2,25.34,8.178
2,2,5,17.13,3.414
2,1,4,4.82,2.34
1,3,2,20.87,0.966
1,1,2,35.69,1.178
1,1,1,12.84,0.441
1,2,1,43.68,1.67
1,3,1,11.69,0.653
2,1,3,13.59,4.15
1,1,4,14.61,0.375
1,2,2,12.7,0.805
1,1,1,7.6,0.391
1,1,2,0.36,0.597
1,2,5,40.71,0.641
2,3,2,28.92,2.6
2,1,2,23.55,2.737
1,1,1,61.95,1.266
1,1,1,25.56,0.547
1,2,4,15.72,0.921
1,2,2,22.26,1.48
2,1,1,49.83,7.244
3,2,1,69.88,99.638
1,1,1,18.46,0.407
2,3,1,10.02,5.534
1,2,1,21.56,1.179
2,1,2,22.82,2.324
1,3,1,35.41,0.948
1,1,2,11.43,0.579
2,2,2,16.58,8.534
2,1,4,12.78,1.377
3,2,1,13.25,22.275
1,2,1,41.98,1.695
3,3,3,51.19,43.038
2,3,3,29.01,2.743
1,1,2,14.67,0.656
1,1,1,49.75,0.671
3,3,2,14.43,15.96
1,2,4,16.62,0.941
1,2,1,69.81,3.349
1,2,5,13.52,0.579
1,3,1,46.6,1.824
1,2,2,44.63,1.404
1,2,1,21.44,0.987
2,1,2,14.64,1.647
1,1,4,4.82,0.416
1,3,1,18.96,1.186
1,2,1,16.21,1.566
1,1,1,16.72,1.131
1,2,5,35.87,0.631
1,3,4,44.8,0.672
3,2,1,81.17,50.508
2,3,3,21.0,3.38
2,1,1,24.2,2.634
1,1,1,8.75,0.639
2,1,1,16.69,2.957
2,1,4,44.99,2.169
3,2,1,34.27,35.804
2,2,1,18.48,6.123
3,2,3,5.89,28.111
2,2,1,56.8,10.578
3,1,3,58.63,18.175
1,1,2,5.39,0.758
1,1,2,38.78,1.819
1,3,2,23.85,1.181
3,1,2,42.19,23.496
3,2,2,43.04,26.506
3,3,1,31.43,36.583
1,2,1,29.29,2.03
2,2,2,1.83,5.414
1,3,3,4.91,0.704
2,1,1,23.62,4.0
1,3,5,46.52,0.696
1,3,5,32.42,0.471
1,2,2,29.42,1.21
1,1,2,10.43,0.522
1,1,2,48.17,0.609
2,1,2,53.41,5.746
1,1,1,34.83,0.521
2,1,1,36.28,4.837
1,1,2,13.71,0.702
1,3,2,18.47,0.536
1,1,3,24.04,0.406
1,1,1,60.02,0.739
2,1,4,8.65,3.849
2,1,1,9.99,3.467
2,1,1,23.66,2.417
2,1,1,25.78,3.819
2,3,4,23.52,2.84
2,2,2,27.03,5.43
1,2,1,47.42,1.296
1,1,1,67.8,1.368
2,3,1,10.08,2.669
1,3,1,56.22,1.473
3,2,1,21.59,27.71
2,3,4,23.27,2.897
1,2,2,10.71,0.76
3,1,1,25.74,13.832
1,2,5,42.87,0.748
2,1,2,59.78,6.552
2,1,3,74.7,4.135
2,2,1,49.79,5.065
1,2,1,15.98,1.188
1,2,1,37.62,1.694
1,3,1,26.27,1.436
1,1,4,17.58,0.426
1,3,1,14.34,0.834
1,2,1,33.48,1.458
2,1,4,35.73,3.418
1,1,1,23.86,0.703
1,1,1,22.48,0.729
1,1,2,14.59,0.829
2,2,1,44.75,9.467
2,3,2,42.55,7.232
1,2,3,43.57,1.174
1,1,3,49.81,1.011
1,1,1,18.53,0.693
1,1,1,35.57,0.945
2,1,3,15.96,2.029
1,3,3,11.8,0.809
1,1,5,22.11,0.334
1,3,1,30.55,0.965
2,1,4,36.49,1.708
1,1,1,3.11,0.696
2,1,3,7.31,2.503
3,3,2,82.58,32.568
2,1,4,7.84,1.555
1,2,2,36.78,1.267
1,1,4,27.67,0.49
1,1,5,22.33,0.509
3,1,4,25.31,9.289
2,1,2,21.06,2.495
3,1,1,14.97,17.043
1,1,1,9.71,0.853
1,1,3,38.02,0.487
1,1,1,17.2,0.693
3,1,1,18.02,15.286
1,2,1,23.65,1.438
2,1,2,46.42,3.99
1,2,3,31.36,1.063
1,3,2,10.07,0.693
1,2,1,52.84,1.649
1,3,1,36.34,1.307
3,3,2,16.66,19.684
1,1,3,24.14,0.42
2,1,1,26.78,3.291
1,1,2,38.03,0.804
1,1,2,27.29,0.619
1,3,4,44.03,0.594
1,3,1,9.63,0.645
1,1,1,49.79,1.098
1,1,1,36.69,0.997
1,3,3,7.88,0.48
2,2,1,14.35,4.335
2,1,1,20.82,3.169
3,1,5,35.55,10.884
2,1,5,14.22,0.977
1,1,2,26.77,0.62
1,1,1,19.63,0.427
3,1,1,9.99,15.586
1,2,2,29.83,1.158
1,1,1,6.97,0.474
1,3,1,37.04,0.749
1,2,2,46.27,1.043
2,1,1,13.67,4.719
1,1,2,19.52,0.399
1,2,2,18.52,1.437
2,3,1,17.5,3.916
2,3,1,52.51,6.476
3,1,5,73.21,13.182
2,1,2,40.73,2.965
1,1,1,31.31,0.498
1,1,4,32.69,0.337
1,1,1,30.62,0.936
1,1,1,56.83,0.562
2,2,5,22.57,3.172
2,2,2,14.71,4.388
1,1,1,16.17,0.558
1,1,2,55.12,1.658
3,2,2,29.55,27.053
1,1,2,43.48,1.182
1,1,2,43.86,0.815
1,1,2,26.92,0.561
1,1,1,46.04,1.202
1,1,1,18.68,0.599
2,2,1,6.27,8.139
1,3,1,14.07,1.012
1,3,2,30.09,1.499
1,2,4,2.59,0.892
1,1,2,30.32,0.691
1,1,1,43.55,0.747
1,1,2,58.9,1.335
1,2,5,43.42,0.631
1,1,4,32.95,0.411
3,1,4,21.36,11.273
1,3,3,31.8,0.816
2,3,1,43.2,8.174
3,1,5,1.98,9.389
1,2,2,38.1,1.87
1,1,2,5.76,0.617
1,1,2,6.14,0.699
2,1,1,6.96,3.755
1,3,1,29.14,0.846
1,1,2,40.86,0.584
1,2,1,39.34,1.88
1,3,3,68.02,1.54
1,2,2,27.47,0.84
2,1,1,5.2,3.644
1,2,2,26.42,0.853
1,1,3,17.92,0.469
2,1,1,40.38,4.068
2,2,4,32.36,5.379
1,3,2,30.45,0.999
2,1,2,30.17,2.307
2,2,2,28.75,3.823
1,2,3,58.73,2.065
1,1,1,4.98,0.632
1,2,3,30.86,1.192
1,1,3,23.78,0.538
1,1,1,9.19,0.569
2,1,4,25.66,3.06
2,1,3,42.02,3.17
2,1,1,29.31,5.352
2,2,1,22.86,3.538
3,1,2,23.15,19.221
2,3,1,19.1,3.19
3,1,1,47.48,20.414
3,2,4,5.22,16.47
1,3,2,19.1,0.478
3,3,2,37.21,27.59
3,3,2,36.28,18.287
1,1,1,37.09,0.6
2,2,2,6.03,4.122
1,3,1,42.35,1.269
1,1,1,26.11,0.608
2,3,3,19.6,2.857
1,2,3,18.09,1.182
2,1,3,10.08,3.714
1,1,1,47.36,0.803
1,3,2,22.32,0.757
2,1,2,22.84,2.282
3,2,3,6.48,27.698
1,1,3,11.63,0.541
1,2,3,21.81,0.471
1,3,1,9.12,1.067
1,3,4,35.58,0.722
1,3,1,49.42,1.015
1,3,2,12.02,0.882
2,2,1,16.29,8.712
1,2,1,13.52,1.586
2,1,3,58.76,4.135
1,1,1,13.37,0.688
3,1,4,17.06,13.179
1,2,1,10.07,1.084
1,1,2,48.55,1.132
1,1,2,43.69,0.899
1,2,1,43.97,1.778
3,1,2,46.46,10.265
1,3,5,29.21,0.499
1,3,1,57.76,0.821
2,1,2,15.71,2.513
1,3,3,23.71,0.791
2,2,2,29.81,5.855
1,1,1,24.54,0.827
2,3,1,36.49,4.513
2,3,2,39.49,4.698
1,2,1,24.76,1.926
1,2,2,16.96,1.0
2,2,2,18.31,6.443
2,1,1,53.74,5.075
2,2,1,21.61,8.814
1,2,2,27.56,1.004
1,3,1,12.42,0.731
2,3,1,12.57,3.447
1,1,1,62.09,1.305
1,1,4,15.79,0.279
1,2,1,35.88,1.504
1,1,2,47.72,1.106
2,1,1,62.19,9.741
1,1,2,28.28,0.941
1,2,5,34.14,0.806
2,1,1,38.18,6.069
1,3,2,3.96,1.005
2,1,1,9.91,3.292
2,1,2,64.65,6.387
2,3,2,33.12,4.164
1,2,2,17.12,1.232
1,1,4,15.93,0.416
1,3,4,56.24,0.86
1,3,1,17.43,0.782
1,3,1,30.99,1.305
1,2,1,57.44,2.786
1,2,1,26.26,1.795
1,3,1,22.73,1.068
1,2,2,17.79,0.927
1,1,2,6.82,0.579
2,2,3,22.78,4.158
3,3,2,13.32,13.929
2,2,2,19.07,5.818
3,1,3,16.68,18.016
1,3,1,32.2,1.075
2,1,5,3.44,2.05
1,1,2,38.24,1.346
1,3,4,8.57,0.802
2,2,2,7.04,5.361
2,1,4,66.4,4.188
1,1,1,36.46,0.806
1,3,2,54.78,0.561
2,1,1,35.53,3.636
1,1,1,29.14,0.637
1,1,2,9.87,0.672
1,3,4,8.44,0.468
1,3,4,43.82,0.561
1,2,4,16.75,0.648
1,2,1,34.05,1.231
1,2,2,20.02,0.944
2,1,1,36.96,3.85
2,3,1,32.87,4.216
1,3,2,47.7,1.119
1,2,2,25.12,1.524
2,1,3,53.05,5.079
3,1,2,20.63,26.096
3,3,1,23.34,20.762
2,3,2,40.4,5.922
3,1,1,11.58,15.541
1,2,2,52.79,4.297
1,3,4,6.74,0.466
1,2,2,14.65,1.051
1,1,1,35.44,0.535
1,2,2,49.8,1.959
1,2,1,24.16,1.279
1,1,1,11.31,0.693
1,3,1,19.17,1.48
2,1,2,15.9,3.263
2,3,5,22.25,2.252
1,3,1,48.22,1.33
1,1,2,43.07,0.763
1,3,2,29.17,0.629
1,1,3,61.2,0.786
1,1,1,4.43,0.573
2,1,2,51.49,3.984
3,1,2,54.1,33.049
1,1,1,8.11,0.992
1,1,1,25.3,0.567
1,3,4,7.99,0.341
2,3,2,58.31,6.309
1,1,4,29.61,0.437
2,2,2,67.56,12.192
1,1,1,9.94,0.87
1,3,1,33.13,0.74
2,2,1,35.67,7.156
1,2,2,28.81,1.412
2,1,1,29.62,3.388
1,2,1,17.99,1.137
2,1,1,7.11,2.933
3,3,3,52.96,30.127
1,2,1,25.34,1.227
1,1,2,7.72,0.562
2,1,2,57.75,4.435
1,3,1,32.37,1.063
1,1,2,15.17,0.684
1,1,4,37.88,0.709
2,2,2,19.21,5.255
1,2,5,36.08,1.109
1,1,1,66.11,0.998
2,2,2,32.22,6.849
2,1,3,2.33,1.664
1,2,2,48.99,2.42
1,1,3,31.28,0.533
1,1,3,36.97,0.601
2,2,1,60.52,7.794
1,1,1,16.77,0.725
1,3,2,55.91,1.445
1,1,1,36.95,0.72
1,3,1,43.89,0.805
1,2,1,4.39,1.013
1,1,2,52.35,0.965
1,2,1,23.55,1.551
1,2,1,7.92,1.186
2,1,2,2.51,3.252
2,1,3,28.59,3.545
2,3,1,44.62,6.151
1,1,1,63.44,0.525
3,2,1,10.35,20.159
1,2,3,19.25,0.711
2,3,1,7.94,4.472
2,1,2,33.2,5.069
1,1,1,25.98,0.977
1,1,1,36.77,0.559
2,2,1,14.68,6.697
1,2,1,25.86,0.99
3,1,1,7.24,22.932
2,2,1,16.23,5.134
3,2,1,28.31,29.26
2,1,1,58.0,8.347
1,1,1,54.89,1.482
3,2,1,22.96,19.055
2,3,5,17.3,2.266
1,1,3,19.8,0.414
1,1,4,24.46,0.318
1,1,2,13.12,0.55
3,1,3,58.96,30.089
2,1,4,63.3,4.568
1,3,1,24.59,1.027
3,1,3,12.83,10.409
1,2,3,8.07,0.922
1,1,1,15.55,0.596
1,2,2,10.53,0.743
1,1,2,7.72,0.498
1,1,1,19.68,0.655
1,1,2,10.59,0.649
1,2,5,15.06,0.74
3,3,4,43.6,21.726
1,1,1,31.91,1.168
1,1,4,44.73,0.608
1,3,1,29.82,1.0
1,2,1,34.76,1.472
2,3,1,38.4,9.565
3,1,1,45.58,32.002
1,2,2,41.03,1.614
1,1,2,11.26,0.56
1,1,3,32.68,0.622
1,2,2,30.16,0.921
1,1,3,18.88,0.366
1,2,1,18.66,1.409
2,1,1,23.42,5.045
2,2,2,33.76,5.3
1,1,1,64.32,1.041
1,1,3,21.14,0.443
2,2,3,13.01,2.353
1,3,2,13.4,1.029
2,3,2,25.3,4.804
1,1,2,19.11,0.976
1,1,2,68.51,1.454
1,1,1,3.13,0.82
2,1,1,18.24,3.46
1,1,1,30.74,0.631
2,2,3,35.37,7.57
1,2,3,25.91,1.342
1,3,1,11.91,0.973
3,2,4,21.12,22.605
1,1,2,36.48,0.91
1,3,1,14.33,0.692
2,1,4,11.45,2.585
3,2,2,52.5,42.251
2,1,2,13.18,2.933
2,1,2,11.88,5.164
2,2,4,26.16,5.448
3,2,1,43.59,47.148
2,1,2,13.99,2.6
1,2,2,37.81,0.95
2,1,4,13.98,2.039
1,2,1,11.48,1.394
1,3,2,13.89,0.662
2,2,2,12.77,3.496
1,1,1,10.12,0.958
2,1,2,62.4,7.014
1,1,3,25.13,0.521
2,1,2,16.84,3.022
1,3,1,20.59,0.959
1,3,2,45.4,0.823
1,1,1,5.13,0.562
2,2,1,31.32,4.287
2,2,2,9.87,4.595
2,3,2,29.49,4.376
2,1,1,24.58,3.591
1,1,4,47.22,0.626
1,1,3,49.58,0.863
1,2,3,27.7,1.216
1,2,3,33.57,0.884
1,3,2,24.41,0.497
1,1,2,12.29,0.534
1,3,2,32.66,1.22
1,1,2,33.0,0.668
2,2,2,49.19,9.566
3,2,2,17.97,17.401
2,1,3,16.33,2.843
1,2,2,36.51,0.935
1,1,3,54.57,1.088
1,3,1,24.27,0.974
1,2,4,18.55,0.738
1,1,2,29.73,0.525
3,2,4,25.15,19.533
1,3,1,18.42,0.898
1,3,1,52.89,1.399
1,2,1,57.38,2.211
1,3,4,27.98,0.64
3,2,2,41.2,49.073
1,1,3,16.62,0.524
1,1,2,30.37,0.761
1,1,1,12.74,1.073
1,1,4,48.06,0.557
1,1,2,21.33,0.583
1,2,5,22.34,0.528
2,1,1,15.69,4.961
1,1,1,29.31,1.044
1,3,2,46.71,0.977
1,3,3,12.19,0.612
1,1,1,48.65,0.687
2,1,2,3.1,3.033
1,1,1,56.25,1.085
2,1,2,37.34,3.038
1,2,1,6.52,1.084
1,1,1,11.41,0.977
1,2,1,28.15,1.65
2,3,2,51.56,5.643
1,1,3,43.95,1.129
2,1,2,31.59,2.857
1,3,1,4.64,0.981
2,2,2,18.84,5.023
1,1,4,12.03,0.313
2,3,5,44.68,3.547
1,1,1,28.93,0.832
3,2,2,11.08,27.285
2,1,5,71.5,4.304
1,3,2,28.64,0.807
2,2,1,35.84,4.34
1,1,2,24.52,0.827
3,1,1,26.11,15.248
1,1,3,22.57,0.547
1,3,2,60.54,1.596
1,1,4,14.19,0.353
2,2,3,7.51,4.503
3,1,1,17.66,13.488
1,1,3,20.19,0.612
1,1,2,26.87,0.475
2,1,2,34.41,3.474
1,1,4,1.95,0.366
3,1,2,15.9,9.932
1,2,4,4.01,0.671
1,2,2,34.45,1.451
1,1,1,7.56,0.628
3,1,2,50.86,13.159
1,1,1,18.69,0.951
3,1,2,22.42,17.5
1,2,1,25.34,0.753
1,2,2,9.03,1.278
1,2,5,17.11,0.66
2,1,5,28.55,3.356
1,2,1,22.29,1.441
1,3,1,45.37,1.129
2,2,2,16.66,4.773
1,1,1,11.97,0.468
2,2,2,20.91,5.148
2,3,1,40.26,5.614
1,2,1,44.66,1.192
2,1,1,12.96,3.203
1,3,2,56.45,1.438
1,1,1,7.93,0.497
2,1,1,13.85,2.81
1,3,5,40.71,0.59
3,1,1,22.89,18.141
1,1,2,64.24,0.896
1,3,1,35.27,1.038
1,3,2,17.64,0.535
1,1,3,11.77,0.353
3,2,1,32.73,47.203
2,1,2,12.85,1.816
1,2,2,25.89,0.785
3,2,2,5.28,30.231
1,1,2,10.86,0.519
1,3,5,22.81,0.457
2,2,4,37.17,7.462
1,1,2,31.95,0.598
1,1,2,30.05,0.848
2,2,2,20.5,3.916
1,1,4,42.42,0.377
1,2,1,16.14,1.519
2,2,4,88.29,12.258
1,1,2,35.55,0.618
2,1,4,33.88,1.861
2,1,1,48.71,4.238
1,1,3,15.03,0.333
1,1,1,36.16,1.353
2,1,2,42.24,4.358
1,3,1,14.97,0.672
1,3,2,24.21,0.908
1,2,4,10.2,0.944
1,1,4,35.97,0.4
1,2,3,15.93,0.798
2,1,1,40.33,5.972
1,3,1,33.67,1.461
1,1,4,44.37,0.56
3,2,2,36.73,40.203
1,1,2,34.31,0.722
1,1,4,38.37,0.418
3,2,2,38.61,30.886
1,1,1,27.81,0.573
1,2,2,34.21,1.213
2,3,2,13.12,3.741
1,1,1,64.29,1.117
1,3,4,16.61,0.85
2,1,1,2.36,5.01
1,1,2,29.99,0.576
2,3,1,15.85,7.616
1,2,1,31.26,2.149
2,2,2,29.36,5.598
1,1,2,28.8,0.883
1,1,3,17.75,0.664
1,2,1,6.27,1.023
1,1,1,71.25,1.424
1,1,1,2.99,0.715
2,1,5,22.19,1.726
2,1,4,13.63,2.419
1,2,5,58.55,0.897
2,2,2,17.46,4.441
1,2,1,15.93,0.805
1,1,1,7.19,0.761
1,2,3,23.35,0.765
2,3,3,23.36,3.281
1,3,1,34.49,0.627
1,1,5,20.18,0.329
1,2,2,22.44,1.446
1,1,1,25.87,1.298
1,2,1,29.92,0.884
1,1,1,18.84,1.024
1,1,3,56.9,1.164
1,2,2,20.13,1.057
1,2,1,18.16,0.865
1,2,1,20.3,1.996
3,2,3,28.37,17.677
1,1,1,24.13,0.828
1,3,2,23.27,0.79
1,1,1,4.2,0.892
2,1,1,41.37,4.499
2,3,1,60.87,15.123
1,2,2,22.71,1.12
1,1,2,3.94,0.681
3,1,1,40.44,16.719
1,1,1,29.08,0.53
2,2,1,9.8,4.728
1,3,5,7.31,0.551
2,2,3,13.37,5.952
2,2,2,33.94,6.654
1,3,1,33.82,0.839
1,2,3,56.33,1.606
1,2,1,7.54,0.743
2,1,2,12.23,2.29
1,2,2,32.88,1.169
1,2,2,5.29,1.324
1,2,1,8.45,1.494
2,1,4,16.49,2.137
1,1,1,32.1,0.964
1,1,2,60.77,0.834
1,3,2,20.27,0.672
1,1,4,6.32,0.411
1,2,1,17.62,0.948
2,2,1,65.84,12.676
3,1,2,32.66,23.541
2,1,1,42.92,7.265
1,1,3,21.46,0.526
1,2,3,25.74,1.704
1,1,4,25.36,0.368
1,1,2,45.16,0.842
3,1,2,19.73,12.193
2,1,2,41.46,3.395
3,1,3,31.21,8.731
2,1,2,17.92,3.945
1,3,1,42.61,1.058
1,3,1,22.37,0.836
2,2,1,12.5,5.877
1,1,2,16.77,0.827
2,2,1,27.96,5.968
1,3,3,45.39,1.221
1,3,1,3.39,0.942
1,2,2,22.88,1.222
1,1,1,24.21,0.587
1,1,1,22.28,0.59
1,3,1,33.68,0.74
1,3,4,14.49,0.533
1,2,2,15.98,1.066
1,1,1,12.5,0.579
2,1,4,42.99,3.599
1,1,1,3.91,0.76
2,1,4,23.15,1.451
1,1,3,24.17,0.648
2,3,1,16.85,3.838
1,1,4,50.72,1.071
2,1,4,35.92,3.811
1,1,4,51.97,0.527
1,3,3,42.37,1.323
2,1,1,6.0,3.996
1,1,2,23.73,0.487
1,3,3,31.45,0.767
1,3,1,28.44,0.731
2,2,2,35.68,3.037
2,2,4,17.81,3.32
3,2,2,70.41,67.143
1,1,2,33.22,1.071
1,1,3,28.32,0.451
1,1,2,47.56,1.021
2,1,1,7.37,1.936
1,2,1,27.06,1.385
1,1,1,35.33,0.749
3,1,3,7.55,6.065
1,2,3,62.56,1.634
1,1,2,27.95,0.475
1,3,1,43.23,1.342
1,3,2,5.7,0.93
1,1,2,20.68,0.432
1,1,1,20.93,0.588
1,1,1,29.51,0.507
1,1,1,47.14,1.344
1,2,1,45.96,2.169
1,2,1,6.87,1.658
3,1,2,4.25,18.779
1,1,4,16.78,0.431
1,1,2,31.22,0.491
2,2,2,50.28,8.228
2,1,3,23.4,2.927
1,2,1,10.57,1.24
1,1,2,10.12,0.405
2,2,1,17.88,5.801
2,1,1,19.66,2.764
1,3,3,9.2,0.535
1,1,2,64.81,0.895
1,2,3,21.03,0.921
1,2,2,24.5,1.241
1,3,3,50.29,0.99
1,2,2,33.57,1.025
3,1,2,47.63,32.312
2,1,1,23.75,3.343
1,1,3,14.09,0.484
1,3,2,25.88,0.57
1,2,4,28.81,0.867
1,1,1,50.63,0.718
2,1,1,22.69,5.275
3,1,1,9.98,17.979
1,1,2,4.41,0.679
1,2,2,46.31,2.0
2,3,1,10.08,4.151
1,2,1,21.71,1.032
1,1,1,21.64,0.624
2,1,3,23.78,2.434
1,2,2,29.58,1.039
1,3,1,21.81,1.217
2,1,2,20.6,3.181
1,1,1,21.81,0.769
1,1,2,12.46,0.457
1,3,1,30.33,0.648
1,2,5,29.57,0.534
2,1,2,28.94,2.573
3,2,1,23.18,25.208
3,2,1,67.81,50.359
1,1,2,22.54,0.633
3,3,2,51.81,25.049
1,3,2,16.38,0.608
1,2,1,30.49,1.44
1,1,1,49.63,1.103
2,1,1,42.56,3.528
1,1,4,30.92,0.514
2,3,4,34.59,3.13
2,3,3,31.66,3.63
1,1,1,60.08,1.588
2,1,1,35.91,4.131
1,2,3,28.34,0.946
1,2,3,9.65,1.033
1,1,1,22.59,0.591
2,1,1,37.88,2.477
1,1,4,9.41,0.402
2,1,1,59.33,4.07
1,1,2,15.98,0.553
2,1,3,30.76,3.884
1,2,1,11.51,0.96
1,3,1,35.69,0.78
1,1,2,25.47,0.477
1,2,5,66.31,0.544
1,1,1,13.58,0.557
1,2,1,25.03,1.4
1,1,2,36.82,1.329
1,1,2,2.13,0.525
1,1,5,22.42,0.306
2,1,3,50.41,7.552
1,1,3,23.27,0.519
1,1,2,9.43,0.543
1,1,1,60.05,0.957
2,1,2,14.99,3.369
1,3,1,8.74,0.603
1,2,4,13.68,1.084
3,1,1,26.78,21.611
3,2,1,32.71,30.259
1,1,5,47.85,0.453
2,1,3,34.84,4.837
2,1,2,52.26,3.498
3,2,1,27.31,22.58
1,1,3,15.61,0.452
2,1,1,9.88,3.91
1,2,4,11.09,0.686
2,3,3,14.49,3.116
1,1,4,24.24,0.306
2,1,1,25.49,2.422
3,1,3,27.37,15.403
1,2,1,49.1,1.594
1,1,3,58.18,0.715
1,3,1,49.24,1.37
1,2,1,34.0,1.133
1,3,1,60.87,0.949
2,2,4,27.14,4.506
2,3,1,37.86,5.791
2,2,1,8.69,7.112
1,1,2,28.23,0.559
1,2,1,37.46,1.398
2,1,2,41.43,2.451
1,1,2,27.75,0.789
2,3,1,10.39,3.198
1,3,1,11.78,0.802
2,1,4,26.65,2.555
1,1,2,9.97,0.711
2,3,3,28.27,4.663
1,1,1,14.09,0.492
1,3,2,22.54,0.534
1,3,4,3.02,0.359
1,3,2,48.12,1.026
3,3,5,55.59,16.543
1,2,2,28.63,1.432
1,3,1,34.24,1.279
1,1,5,25.72,0.336
1,1,2,72.6,2.623
1,2,1,11.72,1.365
2,1,1,26.98,3.254
3,2,3,19.61,19.765
1,2,3,53.67,1.48
2,2,3,14.76,4.527
3,1,4,15.62,9.841
3,3,1,15.71,16.793
2,2,2,26.19,4.363
2,1,5,5.91,1.535
1,2,1,34.95,1.031
1,1,5,17.39,0.294
2,2,1,42.08,12.242
1,1,2,39.28,0.701
1,1,4,26.61,0.467
1,3,1,12.19,0.504
1,1,2,67.58,0.936
1,3,4,44.03,0.66
2,1,2,20.09,3.628
2,2,2,40.73,9.149
2,1,1,30.48,3.553
2,2,2,30.52,9.497
1,3,2,23.06,0.845
1,1,1,40.47,1.01
1,3,1,31.97,0.614
3,3,4,47.97,27.405
2,2,4,43.19,5.919
1,1,1,51.76,1.443
1,2,1,24.25,1.068
3,2,1,8.23,22.376
1,3,1,17.82,0.915
1,1,2,21.86,0.46
2,3,1,33.43,4.579
1,1,5,26.96,0.487
3,1,1,15.4,21.024
2,1,4,36.25,3.686
3,1,2,39.51,13.018
2,1,1,18.48,3.357
3,3,2,50.33,30.378
2,3,1,33.39,6.282
1,3,3,16.08,0.709
1,1,2,28.21,0.689
3,1,3,21.87,10.76
1,1,2,5.02,0.791
1,2,1,5.98,1.165
1,1,3,8.59,0.607
2,2,2,29.13,3.677
2,1,1,29.86,3.74
1,2,2,16.32,1.223
2,1,4,60.48,2.248
1,3,2,30.55,0.694
1,1,2,27.45,0.684
2,1,1,34.57,3.434
1,1,1,32.47,0.824
2,1,4,27.43,2.576
3,2,3,25.05,37.665
1,1,1,25.94,0.741
1,1,3,5.59,0.497
1,2,3,20.34,0.974
2,2,1,58.35,5.393
1,2,3,35.2,2.498
1,1,2,26.1,0.64
1,1,3,31.01,0.539
2,1,1,42.35,4.161
2,1,1,27.8,4.078
1,1,2,14.41,0.654
1,1,2,15.43,0.782
2,3,2,26.43,3.427
1,1,1,11.87,0.708
1,3,3,42.01,1.936
1,2,3,5.67,0.946
1,1,1,34.56,1.254
1,2,2,14.06,0.875
1,2,2,33.72,1.248
2,2,3,25.49,3.518
3,1,4,33.11,10.457
1,1,1,26.29,0.636
1,3,2,14.76,1.018
2,2,1,35.19,4.8
1,2,1,36.68,1.516
1,2,1,15.71,1.249
1,2,1,20.13,1.274
1,2,2,10.21,1.455
1,3,3,37.83,0.907
1,1,5,16.05,0.474
1,1,1,65.36,1.737
3,1,2,21.24,14.775
1,1,2,34.12,0.787
1,3,1,32.94,1.409
2,2,1,30.81,5.941
3,2,2,7.16,22.406
1,1,1,21.7,0.751
2,1,1,13.95,3.832
1,2,2,30.0,1.441
1,1,3,31.68,0.622
3,1,1,25.27,13.098
2,1,1,15.5,4.585
1,2,4,51.26,0.801
1,2,2,5.24,0.965
1,2,4,51.55,1.57
1,1,2,25.37,0.679
1,1,4,2.04,0.448
2,1,4,20.95,2.202
1,2,4,48.17,1.145
2,1,1,57.41,5.774
1,1,3,31.01,0.552
2,2,4,32.92,6.276
3,2,5,9.18,17.065
3,3,5,52.33,13.549
1,3,2,45.4,1.365
1,3,1,28.72,0.998
1,2,4,30.16,0.701
1,1,1,13.14,0.624
2,2,1,19.05,6.829
1,1,3,10.07,0.532
1,1,2,39.4,0.41
1,2,5,16.24,0.481
3,2,2,47.44,24.631
1,1,3,42.32,0.672
3,3,1,30.17,29.985
2,1,1,13.08,3.142
1,1,3,41.72,0.705
2,2,4,45.01,5.132
1,1,4,23.7,0.378
1,1,3,17.46,0.394
1,1,4,78.2,1.86
3,3,3,18.05,21.503
1,1,1,12.26,0.621
1,2,3,48.76,0.966
1,1,1,25.73,0.874
1,1,1,33.38,0.678
1,2,1,35.65,2.701
1,1,1,9.41,0.489
1,1,3,18.29,0.388
1,2,3,17.71,0.543
2,1,2,30.54,2.906
2,1,3,14.4,3.207
1,3,1,33.13,0.917
2,1,5,33.2,1.357
1,1,2,53.04,0.555
1,2,4,13.83,0.507
3,3,3,36.57,20.785
2,1,2,41.71,2.274
1,3,1,9.8,0.726
1,2,2,24.14,1.179
1,1,5,18.0,0.499
1,2,2,12.85,1.245
2,2,1,16.2,6.308
2,2,1,14.14,9.846
1,1,1,12.67,0.541
2,2,1,13.87,6.464
1,3,1,8.49,0.946
1,1,2,8.57,0.5
2,1,1,28.6,2.893
1,2,2,39.8,1.277
2,3,2,27.1,4.087
1,1,3,13.98,0.341
1,1,2,22.66,0.536
1,1,1,17.48,1.052
1,2,1,48.11,2.448
1,3,1,28.12,0.802
2,3,1,15.56,7.828
2,2,2,52.36,5.325
2,2,1,8.95,7.863
1,2,4,22.27,0.933
1,2,2,30.95,1.192
1,2,1,32.83,1.848
1,1,1,31.52,0.757
1,1,2,69.0,1.674
3,2,1,56.7,60.141
1,3,2,54.95,0.923
3,2,1,20.28,30.01
2,2,2,33.06,5.502
1,1,5,16.89,0.528
1,3,1,38.1,0.845
1,1,1,10.76,0.477
1,1,1,30.59,0.702
3,1,2,26.32,15.01
1,1,1,36.49,0.504
1,1,2,21.39,0.508
2,1,2,33.1,5.457
1,3,2,16.14,0.679
1,1,1,34.43,0.848
2,1,4,27.09,3.412
1,1,1,73.71,2.019
1,2,1,21.43,1.457
1,2,2,29.28,1.199
1,2,5,15.88,0.791
1,2,3,36.45,0.858
1,1,3,17.98,0.573
1,3,2,49.91,1.288
1,3,3,11.43,0.698
1,1,2,4.17,0.665
1,1,5,40.69,0.731
1,3,5,22.53,0.471
1,1,2,60.59,0.947
1,1,2,14.49,0.377
2,1,1,41.41,5.352
1,1,2,9.74,0.43
1,1,1,20.78,0.915
2,2,2,33.37,8.36
3,1,2,11.46,12.052
3,2,4,58.34,34.863
1,3,2,10.7,0.676
1,3,1,35.17,0.645
2,2,1,56.13,14.186
2,1,1,21.05,3.173
3,1,3,33.13,20.002
1,2,4,36.79,1.336
1,3,3,8.96,0.618
1,1,5,74.7,1.066
1,1,2,13.22,0.604
2,1,2,24.87,2.427
3,1,2,27.92,13.715
1,1,2,27.77,0.412
1,3,3,35.99,0.623
1,1,3,13.4,0.424
1,2,1,7.13,1.581
3,3,2,61.27,43.197
1,3,3,24.44,0.891
1,1,2,21.12,0.861
1,2,5,9.23,0.626
1,2,1,9.5,1.381
2,1,3,13.89,3.029
1,3,1,9.1,0.839
2,1,1,21.22,3.401
1,1,2,19.09,0.444
1,1,1,22.9,0.47
1,2,1,52.97,1.49
1,1,3,17.19,0.519
1,2,4,40.4,1.173
1,3,1,13.82,1.292
1,2,2,19.58,0.855
1,2,1,44.84,2.113
1,1,1,21.3,0.716
2,2,1,34.92,7.837
2,2,2,12.06,6.513
1,2,3,44.33,2.541
1,1,5,29.13,0.223
3,2,1,31.55,42.172
1,2,2,18.89,1.459
1,3,2,24.53,1.19
1,2,2,58.08,1.096
1,3,1,54.74,2.146
1,2,1,22.5,1.643
3,1,4,8.38,15.893
2,1,4,2.64,2.553
2,2,3,5.49,4.16
3,1,2,46.12,17.961
1,2,1,18.67,1.457
2,2,2,3.73,5.841
3,1,1,20.4,19.044
1,1,1,46.51,1.222
3,1,1,19.13,15.21
2,2,1,3.01,5.136
1,2,4,20.97,1.245
1,1,2,50.6,0.569
2,2,1,26.77,10.55
1,2,1,7.04,1.031
1,3,1,38.93,1.172
1,1,4,64.32,0.899
1,1,3,19.75,0.817
1,1,1,18.37,0.713
1,1,2,27.49,0.733
1,2,2,32.79,0.797
1,3,2,18.71,0.823
3,1,2,19.72,15.936
1,2,1,46.73,2.45
3,2,1,12.34,24.319
1,1,1,37.04,1.696
1,2,1,38.09,1.189
2,1,4,33.06,1.863
3,1,3,6.02,11.476
2,3,3,10.31,3.344
3,2,1,36.62,29.863
1,2,2,36.02,1.432
1,3,1,70.14,2.362
2,1,3,42.97,5.081
1,1,4,54.22,0.988
1,1,1,34.71,1.191
1,1,2,34.12,0.835
2,2,1,49.18,9.405
1,2,1,13.91,1.189
1,1,1,24.56,0.905
1,3,2,48.88,0.841
1,1,2,22.02,0.919
1,1,1,51.99,1.361
1,1,1,10.21,0.649
2,1,1,34.88,4.251
1,2,2,29.85,1.12
2,2,1,14.25,4.666
1,2,3,54.16,1.34
1,2,1,7.91,1.217
2,1,2,47.77,4.385
1,1,4,32.19,0.685
1,3,1,43.47,1.094
1,1,3,27.17,0.466
1,1,2,26.58,0.826
1,3,3,24.62,0.442
2,2,3,13.22,3.661
1,3,1,26.78,0.654
1,3,5,46.07,0.741
1,3,1,44.17,1.161
1,1,2,48.54,0.911
1,3,1,30.86,1.229
1,2,2,41.13,1.502
1,3,1,25.7,0.896
1,1,1,23.43,0.84
1,1,2,21.37,0.759
3,2,1,28.32,35.505
1,1,1,36.67,0.798
2,2,2,23.51,5.277
1,3,1,13.04,0.614
1,3,1,32.71,1.078
1,1,3,36.93,1.018
1,1,4,14.69,0.404
2,2,2,7.26,4.686
3,2,3,59.8,41.098
1,1,4,15.38,0.606
1,1,3,12.11,0.513
2,1,5,24.44,1.688
1,1,2,5.66,0.588
2,1,1,49.91,3.392
2,3,1,20.69,3.612
2,3,2,25.35,6.692
1,1,1,14.11,0.877
1,2,2,24.45,0.936
1,2,1,52.24,3.265
1,2,1,10.72,0.918
2,2,1,25.36,10.772
1,1,2,23.51,0.637
1,2,2,11.29,1.119
1,1,2,4.5,0.525
1,2,3,46.84,1.94
1,1,3,13.56,0.506
1,3,2,18.42,0.638
1,3,1,31.91,0.654
2,2,4,45.79,5.324
2,1,2,45.95,2.507
1,2,4,28.92,1.133
1,2,1,44.44,3.156
2,2,2,21.59,7.12
2,1,1,38.84,4.671
1,1,4,39.77,0.576
1,2,1,19.43,1.391
2,1,2,58.08,6.048
1,1,1,11.59,0.803
1,2,4,35.8,1.171
1,2,2,10.35,1.302
2,3,2,41.91,6.344
1,1,2,21.97,0.636
1,1,2,14.25,0.622
2,1,3,35.08,3.008
1,1,1,37.72,1.677
1,1,1,42.23,0.604
1,3,2,10.37,0.859
2,3,5,15.33,2.202
2,1,1,25.79,5.159
3,1,2,32.26,14.309
2,1,3,30.71,3.698
2,3,2,46.65,7.168
2,2,3,25.75,4.653
1,3,2,32.88,0.886
2,3,1,23.7,2.451
1,1,4,41.05,0.712
1,1,1,50.54,0.612
1,1,2,7.84,0.358
1,2,4,31.98,1.072
1,3,2,32.4,1.105
1,2,3,28.51,1.69
1,1,2,44.32,0.553
2,1,2,40.52,3.417
2,2,3,25.44,5.908
1,1,3,16.45,0.426
2,1,4,34.67,4.209
1,2,2,29.7,0.974
1,1,1,28.65,0.638
3,1,4,24.57,9.423
1,3,1,13.85,0.852
2,3,1,21.58,6.083
1,3,2,21.66,0.658
2,2,2,8.73,5.271
2,2,1,31.69,14.699
1,2,1,14.67,0.913
1,1,1,38.58,0.841
1,1,4,34.61,0.437
1,3,1,45.45,1.777
2,1,5,45.31,2.034
2,1,4,43.67,3.501
1,1,4,13.51,0.749
1,1,3,46.1,0.513
1,1,1,22.62,0.469
2,1,3,20.32,2.05
1,1,1,25.88,1.115
2,1,4,19.79,2.013
2,3,2,14.96,4.106
1,2,1,18.85,1.535
1,1,5,4.3,0.469
1,2,2,1.6,1.294
3,3,3,48.61,36.19
1,1,1,32.4,0.835
1,2,3,26.99,1.693
1,1,5,33.16,0.578
1,2,1,43.52,2.082
1,2,1,56.24,1.912
1,1,1,8.18,0.409
1,2,1,62.4,1.584
2,1,2,27.48,2.583
2,3,1,27.95,5.311
3,1,1,22.35,21.428
1,1,5,14.17,0.296
1,3,1,19.5,0.747
1,1,1,9.74,0.925
1,2,1,44.11,1.759
1,1,3,26.73,0.603
1,1,1,22.79,0.601
1,3,4,29.57,0.525
1,1,2,34.26,1.043
1,1,5,16.85,0.3
2,3,4,20.91,4.296
3,2,3,9.44,29.371
2,1,1,28.35,3.548
1,1,2,31.6,0.794
1,1,2,14.67,0.629
2,1,1,28.88,4.826
2,1,2,28.38,4.019
2,1,2,14.26,2.024
1,1,1,30.13,0.931
2,2,2,23.57,4.292
1,3,2,54.48,1.422
1,2,2,27.63,1.703
3,1,4,29.75,11.288
2,2,4,55.96,8.725
1,1,3,29.88,0.318
2,1,4,38.22,2.672
1,2,3,41.91,0.985
1,3,5,16.4,0.382
2,1,2,64.07,7.733
2,1,1,56.89,7.297
1,1,1,18.67,0.837
2,1,1,45.14,5.878
1,2,1,29.96,2.301
1,1,5,25.54,0.45
3,2,3,13.66,22.199
2,3,1,22.52,4.873
1,3,1,14.19,0.942
1,2,3,11.54,0.865
2,1,3,23.15,2.939
3,3,4,48.44,19.504
1,3,2,26.64,0.783
1,1,1,20.91,0.564
1,2,5,65.11,1.451
1,1,5,23.38,0.352
1,2,1,24.13,1.762
2,2,1,52.18,14.737
1,1,3,11.92,0.252
3,1,2,26.22,13.329
1,1,1,9.67,0.556
2,1,2,9.07,2.382
3,1,1,37.57,12.987
1,3,2,42.92,0.94
1,1,4,3.95,0.343
2,1,1,46.54,4.029
1,1,1,19.36,0.778
1,1,1,41.63,0.736
1,1,4,6.42,0.323
1,2,4,23.84,0.806
1,1,1,32.89,0.998
2,1,1,37.67,2.869
3,3,1,33.56,18.176
1,3,5,18.73,0.388
1,2,2,31.24,1.772
1,1,1,34.27,0.836
1,3,2,30.77,1.308
1,1,2,62.76,1.231
1,1,1,35.53,0.926
1,3,2,30.54,1.165
1,2,2,46.34,1.797
1,1,4,13.36,0.517
1,1,2,47.86,1.144
2,1,3,40.15,4.646
1,2,2,12.24,1.124
3,3,1,33.62,18.504
2,3,3,22.64,3.969
2,1,1,24.27,3.258
1,3,5,58.42,0.903
1,1,4,30.59,0.447
1,1,3,25.4,0.581
1,2,1,11.76,1.041
1,3,4,30.3,0.497
1,3,1,9.73,1.098
2,2,1,14.43,6.166
2,3,1,3.48,3.865
1,2,1,28.99,1.284
1,2,3,53.57,1.016
1,2,1,21.63,1.188
2,1,1,48.2,3.379
2,1,1,18.82,2.498
2,2,2,53.73,7.563
1,3,1,11.18,1.085
1,2,3,3.17,0.8
1,2,2,68.57,3.485
1,1,3,25.58,0.641
1,1,1,21.8,0.592
2,3,1,8.92,5.073
2,1,1,22.75,3.309
1,2,4,62.79,1.252
1,1,1,53.61,1.932
1,2,3,66.46,2.804
1,1,3,4.42,0.487
1,1,1,15.49,0.474
1,1,1,68.59,1.434
1,2,1,36.69,1.57
1,1,3,50.93,0.873
1,3,1,4.12,0.822
1,1,2,22.91,0.689
1,3,4,10.66,0.598
2,1,3,29.62,2.446
1,2,2,14.16,1.09
1,1,3,9.13,0.679
1,1,1,9.8,0.7
1,2,5,41.0,0.574
2,3,1,40.55,7.168
2,3,2,4.01,4.026
2,2,1,19.22,5.644
2,3,2,10.42,3.296
2,3,1,3.57,5.295
1,2,2,21.43,1.414
2,1,1,25.04,3.964
1,1,1,29.12,0.676
1,2,3,54.2,1.163
2,3,2,49.41,6.242
2,1,1,47.21,2.634
1,3,1,20.13,0.886
3,3,2,20.89,22.766
1,1,3,66.64,1.6
1,1,2,18.39,0.476
1,2,2,27.33,1.313
2,1,2,22.15,3.106
3,2,1,12.67,36.107
2,1,1,42.51,4.114
1,1,1,34.74,0.819
1,1,5,32.67,0.516
1,3,5,12.32,0.378
2,3,2,27.92,3.265
3,1,2,2.32,9.854
2,1,2,20.78,4.618
1,2,4,32.73,1.203
1,3,1,27.97,0.848
1,3,1,36.8,0.954
1,3,2,15.59,0.626
3,1,1,32.63,13.839
1,1,4,23.61,0.524
2,1,5,46.65,3.617
1,1,2,11.55,0.679
2,2,2,25.33,6.395
3,1,5,21.7,11.056
1,3,1,22.97,0.736
2,2,1,43.71,16.024
1,3,2,7.13,0.485
1,3,2,34.98,0.477
1,1,1,26.45,1.392
1,1,2,16.94,0.657
2,1,1,33.18,3.038
1,3,3,31.15,0.77
1,1,4,23.6,0.421
2,2,4,10.05,3.088
2,2,2,29.64,3.97
3,1,2,39.28,13.6
1,3,3,42.95,0.622
1,1,2,2.76,0.569
1,2,3,46.44,1.274
3,1,2,23.73,12.067
1,1,3,15.9,0.568
3,2,3,13.4,26.347
2,1,1,21.8,3.008
1,1,1,49.12,1.058
1,2,1,33.95,1.602
1,3,3,6.64,0.517
1,1,1,46.32,0.815
3,1,1,10.26,16.038
1,2,2,57.03,1.726
2,3,3,25.61,4.004
1,2,1,24.2,1.273
2,1,1,12.66,3.425
1,1,2,14.37,0.78
1,1,2,53.91,1.339
2,3,5,47.49,1.527
1,1,1,22.6,0.913
3,2,4,35.0,19.325
2,2,2,54.78,15.597
1,2,2,30.41,1.135
1,1,1,19.91,0.717
1,2,1,16.26,1.379
1,2,3,28.46,1.105
1,3,2,19.21,0.753
1,3,1,27.52,0.94
2,2,2,31.79,5.015
3,2,5,42.53,23.126
1,1,1,28.25,1.31
2,1,2,17.18,6.11
1,2,1,7.27,0.906
1,3,1,8.81,0.591
1,1,1,26.54,1.004
1,1,2,18.43,0.461
1,2,1,26.95,1.658
2,1,2,35.22,3.153
1,2,3,72.0,2.953
2,1,4,27.92,2.813
1,3,2,40.14,1.727
1,3,1,40.12,1.378
1,2,2,5.88,1.17
1,1,1,27.67,0.805
1,2,1,45.39,2.36
1,1,1,30.71,0.878
2,1,1,19.78,2.879
1,2,1,41.23,0.842
2,1,2,4.99,2.88
1,1,1,36.02,0.727
1,1,3,41.88,1.149
1,3,1,12.72,0.561
1,2,5,26.2,0.526
1,2,1,71.29,2.875
1,1,2,34.0,0.6
3,1,4,24.11,13.014
1,3,1,12.46,0.624
1,1,1,28.61,1.093
1,2,2,20.11,1.296
2,3,1,53.39,10.456
1,1,2,25.74,0.658
1,3,3,15.89,0.642
3,2,3,32.77,30.82
2,2,2,41.65,10.527
1,1,2,29.5,0.837
1,1,1,2.73,0.566
1,1,1,30.72,1.059
2,1,1,25.33,2.956
2,2,3,28.39,4.399
1,2,2,38.93,1.702
1,2,4,28.64,1.097
1,1,1,52.64,0.724
2,1,5,55.58,1.83
2,2,2,23.55,7.052
1,1,1,21.69,0.838
1,1,2,51.39,1.162
2,1,4,41.74,2.485
2,2,2,20.34,4.144
1,1,1,49.43,1.405
3,1,1,22.77,18.878
1,2,3,5.68,1.068
1,1,2,25.72,0.761
1,1,4,15.15,0.576
2,2,2,17.54,5.789
1,1,3,26.3,0.4
1,1,4,37.35,0.649
1,1,2,2.25,0.617
1,3,1,17.93,0.908
1,1,1,27.37,0.494
1,1,2,16.91,0.618
1,1,1,33.22,0.921
3,1,3,39.17,9.073
1,1,1,5.43,0.548
1,1,2,18.82,0.478
1,2,3,45.87,1.607
2,3,4,34.09,3.072
1,3,3,18.11,0.739
2,3,3,26.8,3.49
2,1,2,5.13,3.266
1,2,2,10.94,1.157
3,1,3,25.49,23.656
2,1,2,17.2,2.519
2,2,2,14.38,5.075
2,1,3,14.35,2.086
1,3,3,14.76,0.456
2,2,1,9.51,5.722
2,2,3,30.98,4.934
2,3,1,73.23,8.726
3,1,1,34.42,24.342
1,3,1,7.99,0.776
2,1,2,18.26,2.201
1,1,3,31.62,0.509
2,3,5,34.15,3.214
2,3,3,13.64,4.975
3,2,1,12.1,24.36
2,1,3,24.33,3.658
2,3,2,30.57,3.838
1,2,4,12.05,0.925
2,1,2,50.66,6.003
1,1,1,8.16,0.811
1,2,1,19.42,1.269
1,3,2,28.33,0.637
1,3,2,40.93,0.941
2,1,2,23.28,2.606
1,2,1,16.25,1.251
1,1,1,11.81,0.497
2,1,1,32.01,3.252
1,1,1,5.92,0.585
1,1,3,28.31,0.594
1,1,1,49.09,1.272
1,1,1,24.23,0.729
2,2,1,45.85,8.031
2,1,2,16.57,2.311
2,1,1,51.58,8.223
1,3,3,37.25,0.872
1,2,1,15.11,1.1
2,1,2,24.64,3.717
2,1,4,41.19,4.221
1,3,2,36.73,0.547
1,1,1,42.37,0.77
1,2,3,28.42,1.067
1,3,1,8.08,0.673
1,1,2,20.74,0.505
2,1,3,57.51,6.291
1,2,4,32.31,1.305
2,1,2,21.21,4.152
1,1,1,15.12,0.579
1,1,1,21.69,0.689
2,3,2,28.5,7.812
1,1,1,28.93,0.815
3,3,2,47.55,29.078
1,1,1,47.05,0.741
2,1,1,44.68,3.69
1,1,1,16.13,0.642
1,2,1,24.51,0.739
1,2,1,67.47,1.803
1,2,2,4.01,1.133
1,1,1,18.69,0.74
1,1,5,8.5,0.408
2,3,5,32.32,4.162
1,1,1,31.93,0.711
1,2,2,45.11,0.728
1,2,1,27.92,2.071
3,3,1,41.64,29.252
1,2,1,23.98,1.777
2,1,1,7.56,2.786
1,1,1,14.97,0.663
1,3,1,16.06,0.551
1,2,3,38.06,1.231
3,1,4,6.15,11.272
1,3,3,10.07,0.616
1,2,2,24.2,1.098
2,1,1,35.12,6.291
1,2,1,10.75,0.982
3,3,2,44.62,30.214
1,1,1,7.73,0.655
2,1,1,33.98,2.996
2,3,1,19.13,6.394
1,2,2,15.4,0.846
3,3,4,31.31,20.855
3,1,4,20.4,9.917
2,3,3,13.13,3.006
1,2,2,27.22,0.852
2,2,2,15.99,8.342
1,1,2,81.17,1.319
3,1,3,35.12,12.632
1,2,4,18.3,0.779
2,3,2,28.89,4.619
2,1,1,17.51,3.439
3,3,2,18.79,29.371
2,1,1,38.31,4.051
2,1,4,34.79,2.682
2,1,3,21.62,2.652
1,1,3,36.51,0.823
1,2,4,4.36,0.735
3,3,1,28.45,17.217
1,2,2,13.95,1.191
2,1,2,35.85,2.732
1,1,1,9.78,0.707
1,2,4,21.19,0.769
1,2,2,40.19,1.643
3,1,2,17.84,14.223
1,1,3,31.93,0.607
1,3,2,20.55,0.816
1,2,2,27.01,1.002
1,1,2,22.51,0.699
1,1,1,30.96,0.614
1,1,3,40.1,0.621
2,2,4,31.58,6.899
2,2,1,49.65,5.897
2,2,2,22.39,5.09
2,2,1,15.94,6.909
1,2,3,27.69,1.262
2,1,2,64.84,7.028
2,3,3,17.76,4.966
2,2,3,43.41,8.265
2,1,1,3.53,4.139
2,2,1,5.41,6.746
2,1,2,22.19,1.973
2,3,1,21.75,4.74
1,3,2,28.45,0.977
1,1,2,23.17,0.561
2,2,5,35.31,3.254
2,2,1,27.71,7.647
2,3,2,49.95,5.476
1,1,2,18.39,0.568
1,2,1,43.67,1.331
2,3,3,22.39,3.836
1,2,2,1.81,1.017
1,1,1,2.13,0.841
1,2,4,45.94,1.343
1,1,2,55.06,1.338
1,2,2,11.68,1.174
1,1,3,46.33,0.416
1,1,4,29.35,0.287
3,3,2,38.92,20.452
1,1,1,14.22,0.632
3,3,3,40.03,11.139
1,1,1,67.77,1.603
2,1,1,7.43,3.928
1,3,1,24.67,0.672
1,2,2,14.91,0.914
1,1,2,47.42,0.804
1,2,1,10.35,0.848
3,1,1,11.47,11.657
1,2,2,18.65,0.986
1,1,2,14.74,0.54
1,1,3,26.2,0.475
1,3,3,39.98,0.819
3,1,1,10.17,17.807
2,3,1,10.06,3.029
1,2,1,30.49,2.095
1,1,3,27.98,0.585
1,2,2,25.89,0.941
2,1,1,48.95,4.849
1,1,2,19.28,0.694
3,1,1,33.61,20.844
3,1,1,20.08,19.989
1,2,1,5.39,0.946
1,1,1,21.59,0.697
2,1,1,57.66,8.971
1,1,1,18.73,0.558
1,1,4,21.97,0.584
1,3,5,27.66,1.209
1,1,1,6.14,0.673
2,1,2,31.67,2.925
3,2,1,35.4,38.598
2,2,1,13.68,6.778
1,1,1,29.03,0.997
1,1,4,45.79,0.689
3,3,2,7.68,20.979
1,1,4,39.14,0.28
1,2,1,54.51,1.844
1,2,1,22.29,0.886
3,2,3,36.92,46.135
1,1,1,29.35,0.476
3,3,1,50.78,49.561
1,1,4,11.28,0.478
1,1,4,8.62,0.479
1,1,1,9.47,0.777
1,3,1,19.22,0.769
3,3,2,8.94,14.499
1,3,2,18.87,0.536
2,1,1,16.18,2.174
2,1,1,43.22,4.188
1,2,1,18.4,0.962
1,3,2,43.47,0.926
2,3,3,4.7,4.201
2,1,2,6.1,2.748
1,3,2,30.24,1.66
2,1,1,33.48,3.201
1,1,2,40.24,0.692
3,1,2,5.26,8.862
2,2,2,20.8,4.755
1,1,1,3.34,0.653
1,2,2,27.39,0.982
2,1,2,36.16,7.14
3,1,3,20.02,12.599
1,3,5,2.68,0.362
1,3,2,30.36,0.591
1,2,2,38.75,1.15
1,1,1,8.05,0.85
1,3,2,6.15,0.904
1,1,1,51.71,0.648
1,1,1,26.59,0.479
1,1,2,57.75,0.627
3,1,1,31.52,16.12
1,2,1,19.43,0.953
2,1,3,57.34,3.942
1,2,2,15.74,0.93
2,3,4,34.8,2.361
3,1,1,40.82,24.508
1,1,1,9.62,0.625
2,2,2,33.72,5.163
1,2,2,25.87,1.16
1,2,5,29.6,0.786
1,1,2,4.66,0.514
1,1,1,25.15,0.705
1,3,2,29.15,0.536
2,1,1,62.27,3.269
1,1,1,25.89,0.698
2,2,1,45.28,7.413
1,1,3,16.54,0.69
1,3,2,39.44,0.952
1,2,2,3.27,1.109
2,3,1,19.66,4.035
2,3,3,30.55,3.311
2,1,3,54.59,7.921
1,2,2,28.78,1.13
3,1,1,57.9,40.927
1,1,4,37.58,0.856
3,2,2,54.59,39.004
1,3,1,51.18,1.932
1,1,2,11.03,0.527
1,3,3,17.55,1.077
1,1,3,32.91,0.682
1,1,1,37.76,0.813
1,3,4,2.56,0.546
1,1,3,33.35,0.888
1,3,3,25.68,0.63
2,2,2,36.03,9.179
3,3,2,17.3,19.192
3,2,1,9.3,18.596
1,1,2,38.51,0.409
1,2,1,23.68,1.15
2,2,3,24.9,3.789
2,1,3,35.18,2.084
2,1,2,43.67,4.148
2,1,2,41.71,3.71
1,1,4,12.91,0.572
2,1,4,30.37,2.404
2,3,1,31.38,5.284
1,3,1,41.84,1.029
1,1,1,22.48,0.564
1,1,4,24.59,0.533
1,1,3,36.32,0.962
2,1,1,36.96,4.424
2,2,1,43.14,8.98
3,1,1,15.18,16.723
3,1,3,69.61,22.725
1,1,1,56.03,1.336
1,2,3,21.72,0.779
1,3,1,38.96,1.005
3,3,4,11.6,11.321
1,1,1,15.12,0.702
1,1,1,22.63,0.559
2,1,2,25.55,3.359
1,1,4,19.49,0.428
2,1,2,13.03,2.12
2,2,2,37.23,10.762
2,1,2,36.38,2.512
1,2,1,41.21,1.194
1,1,1,44.15,1.034
1,3,2,9.45,0.839
1,2,2,9.85,0.822
1,1,4,41.53,0.868
1,2,1,49.1,0.909
1,2,1,46.62,1.124
1,1,1,15.52,0.784
1,1,1,25.89,0.717
1,2,2,2.81,0.69
1,2,3,51.77,1.323
2,1,2,14.72,3.231
1,3,1,25.76,1.036
1,3,2,22.96,0.776
2,2,3,40.59,3.661
2,2,3,24.31,5.656
3,2,3,15.6,10.883
2,1,3,38.22,3.355
2,1,1,11.08,3.01
2,1,1,37.62,5.116
3,1,1,21.72,24.553
2,1,4,11.15,2.946
2,1,1,13.96,3.117
2,1,1,44.61,3.294
1,1,2,35.1,0.911
3,3,2,11.07,15.346
1,3,2,34.59,0.493
1,1,1,34.26,0.639
1,1,3,13.96,0.444
2,1,4,29.03,2.75
1,1,2,21.67,0.551
2,2,1,30.6,6.696
1,3,3,62.17,0.626
1,1,2,49.91,0.596
2,2,1,31.74,6.406
1,3,1,47.75,1.046
2,1,5,33.86,1.445
2,2,1,26.71,9.422
1,1,1,13.78,0.63
1,2,1,21.77,0.884
1,1,2,61.82,2.061
1,1,2,24.17,0.757
2,1,2,15.63,4.216
1,2,3,24.7,1.125
1,1,4,51.71,0.68
2,3,3,19.84,2.357
2,1,1,11.0,2.605
1,1,1,30.86,0.398
1,1,4,19.51,0.51
1,3,2,37.19,0.639
1,2,1,18.14,0.907
1,1,1,47.1,0.595
2,2,1,18.06,8.912
2,2,4,60.39,11.785
1,1,4,12.2,0.594
1,1,3,3.61,0.345
1,2,2,55.82,1.933
2,1,2,35.45,3.823
2,1,5,32.56,2.263
2,2,2,38.98,9.223
1,2,3,33.74,1.174
1,1,2,37.99,0.695
2,1,4,31.92,3.241
1,1,2,15.15,0.491
1,2,1,26.43,1.387
1,1,2,11.65,0.606
2,1,3,46.89,2.974
1,1,1,4.12,0.914
2,1,2,2.44,3.179
1,2,1,31.47,0.949
2,1,1,39.69,5.954
2,2,3,46.79,9.038
2,1,3,30.61,3.148
1,1,1,15.74,0.567
1,1,2,20.55,0.327
2,3,2,29.48,3.457
1,1,1,14.5,0.66
1,1,1,5.9,0.713
3,2,1,24.96,44.304
2,2,2,43.49,12.899
3,2,3,15.21,27.433
1,2,2,20.05,1.187
1,2,1,20.68,1.274
1,1,2,21.38,0.406
2,2,5,41.52,4.196
2,1,2,17.44,2.76
1,1,2,14.13,0.415
1,1,1,15.99,0.627
2,2,2,35.32,5.03
1,2,3,37.68,1.493
1,3,2,14.64,0.773
3,3,3,22.06,12.888
1,1,2,18.91,0.414
2,1,2,16.44,2.273
3,1,4,27.29,8.469
2,1,1,28.7,2.597
1,2,3,28.79,0.68
2,2,3,7.95,5.226
2,1,1,18.47,3.619
3,1,1,30.58,15.04
1,3,1,7.88,0.699
2,2,4,9.02,4.105
2,2,2,30.38,6.379
1,1,1,27.36,0.668
2,2,3,22.53,5.592
1,1,2,5.56,0.51
1,1,1,39.75,0.634
1,2,2,10.7,1.094
1,3,1,80.51,2.339
1,3,2,27.87,0.956
1,1,3,2.81,0.55
1,1,2,69.6,1.253
1,2,5,27.18,0.749
1,2,2,16.29,1.571
2,3,1,38.84,4.519
1,1,1,38.01,0.765
2,2,1,60.5,15.973
2,3,3,18.87,3.861
2,2,2,31.99,4.714
2,1,1,60.28,6.993
2,2,1,40.91,5.732
1,1,2,17.48,0.523
1,1,4,35.69,0.774
1,1,2,17.19,0.655
3,1,4,25.09,9.626
2,2,4,22.21,3.987
2,2,4,47.69,4.064
2,2,1,39.52,5.927
1,2,1,17.65,0.784
1,3,2,10.92,0.816
1,1,2,20.46,0.356
1,3,2,6.99,0.419
2,2,2,42.16,9.441
2,1,2,28.37,3.127
1,1,2,23.92,0.473
1,3,1,50.13,1.219
2,2,2,41.95,13.38
2,2,1,40.86,7.052
2,1,1,11.71,2.622
1,3,1,32.23,0.67
1,1,2,51.85,1.51
1,1,1,25.9,0.849
1,1,1,22.4,0.873
1,3,1,51.5,1.161
1,1,1,23.86,1.019
2,3,2,22.76,5.243
1,1,1,5.24,0.479
1,2,1,57.86,2.769
1,1,5,25.21,0.412
1,2,2,66.01,2.48
2,1,2,42.63,3.548
2,3,3,2.8,2.965
1,1,3,50.09,0.715
1,2,1,8.27,0.928
1,3,1,21.38,1.08
2,1,2,44.76,3.561
2,3,1,17.98,4.208
1,2,1,26.88,1.346
2,1,4,75.35,6.655
1,1,5,40.7,0.515
3,1,3,35.97,9.429
2,2,1,24.39,5.935
1,3,1,13.69,1.072
2,1,3,15.05,3.949
1,1,4,25.68,0.796
3,1,3,45.83,28.946
1,2,2,27.3,1.547
2,2,1,10.68,5.787
1,1,2,64.32,0.954
1,2,4,6.17,1.057
2,1,1,35.63,3.994
2,2,3,1.56,4.319
1,3,1,12.77,1.164
3,1,2,36.3,13.705
3,2,3,12.53,23.791
2,2,1,20.5,4.679
1,1,4,12.68,0.533
2,1,1,8.36,4.137
1,3,1,7.64,0.989
1,1,1,29.42,0.574
3,2,1,17.97,28.54
1,3,2,8.4,0.771
1,3,1,9.21,1.014
2,2,1,31.1,8.769
1,1,5,24.3,0.58
1,1,1,32.8,0.677
1,2,3,44.86,1.113
2,2,1,37.31,4.803
1,1,1,43.5,1.044
1,1,4,20.82,0.521
3,1,1,22.34,17.944
2,1,2,10.01,2.443
2,2,2,42.8,6.011
1,1,3,24.32,0.541
2,2,4,6.86,2.865
1,1,1,10.36,0.595
3,1,1,21.04,15.468
1,2,2,16.47,1.351
2,2,1,17.43,6.661
3,1,4,24.5,11.493
1,1,1,19.8,0.445
1,1,1,60.74,0.875
1,2,3,38.09,0.569
1,1,4,21.3,0.493
1,1,1,9.59,0.428
1,1,3,9.64,0.531
1,3,4,34.22,0.563
1,1,1,3.73,0.95
1,2,2,8.28,1.252
2,3,2,17.84,3.857
1,1,4,22.21,0.494
1,1,1,23.7,0.562
1,2,1,32.18,1.61
1,3,1,28.8,1.23
1,1,1,77.53,1.55
1,2,2,15.86,0.976
1,1,1,35.39,0.454
1,1,1,8.01,1.138
1,1,3,59.82,0.547
2,2,1,46.64,10.44
3,1,5,46.21,12.905
2,2,2,12.19,3.605
1,3,1,18.61,0.964
1,1,1,23.45,0.615
2,1,5,46.81,2.341
1,1,4,7.63,0.314
1,2,1,19.22,1.523
2,3,3,42.33,6.631
1,1,3,29.88,0.455
1,2,2,25.83,1.039
2,1,2,18.42,2.196
3,2,1,30.01,28.59
2,1,1,17.16,2.835
3,1,1,14.26,16.243
1,3,3,20.35,0.678
1,1,2,13.32,0.551
1,3,2,29.32,0.712
1,1,1,10.77,0.603
2,1,3,16.66,3.057
1,1,2,18.74,0.341
1,1,4,6.22,0.387
3,1,1,6.37,12.583
1,2,4,54.88,1.376
1,1,1,42.31,0.866
3,1,2,37.01,21.825
1,1,1,24.7,0.784
2,2,3,34.42,6.614
1,3,1,21.73,0.808
1,1,2,30.52,0.713
1,2,1,26.99,1.387
1,3,2,37.64,0.959
1,1,1,11.99,0.55
2,1,1,49.59,5.882
1,1,2,5.54,0.689
1,2,1,60.79,1.704
1,3,4,24.75,0.47
2,2,2,10.42,4.978
1,3,1,29.22,0.673
1,2,5,6.45,0.692
3,2,5,31.01,21.27
3,1,2,42.86,15.823
1,2,1,40.42,1.87
1,1,2,25.47,0.643
1,1,2,13.25,0.745
1,2,4,56.9,1.75
2,3,2,37.77,3.454
1,2,3,30.24,0.763
1,1,4,30.28,0.522
1,3,2,51.14,0.86
1,2,2,25.53,0.973
1,1,3,8.48,0.467
1,2,5,45.41,1.185
3,1,1,14.42,13.988
1,1,3,25.24,0.747
2,2,3,38.06,5.757
1,3,1,31.96,1.239
2,1,1,37.36,3.816
1,1,2,26.43,0.555
1,1,2,42.45,0.94
1,2,1,18.59,1.282
2,1,2,58.8,2.815
1,2,2,27.13,0.982
2,2,2,13.73,5.537
1,2,2,20.96,1.15
2,1,4,12.83,2.839
3,1,1,28.33,13.44
1,3,2,48.51,0.968
2,3,1,6.95,3.824
1,2,1,9.44,1.175
1,1,2,25.71,0.536
1,3,1,65.44,1.726
1,1,4,24.19,0.444
2,3,1,35.99,4.282
1,1,1,56.15,1.056
1,1,5,63.06,0.424
1,1,1,21.17,0.451
2,1,1,35.7,5.3
3,3,1,23.59,31.645
2,3,1,39.73,6.294
2,1,5,31.32,1.143
3,3,1,48.67,36.396
2,1,3,13.94,3.084
1,2,1,16.88,0.756
1,1,1,13.3,0.48
3,1,1,24.71,13.943
1,1,2,23.98,0.559
1,2,1,23.78,1.557
2,3,1,16.94,7.222
1,3,1,24.58,1.237
2,3,1,22.93,3.533
2,3,2,9.1,4.038
1,1,1,45.23,1.082
2,1,1,8.93,3.007
1,2,1,25.19,1.307
3,2,1,31.63,34.769
1,1,1,46.28,0.353
1,1,1,46.59,1.251
1,2,1,22.23,1.102
2,3,2,26.83,4.413
2,1,1,19.07,4.313
1,1,4,46.35,0.351
2,3,2,2.22,3.539
2,1,5,11.26,0.977
2,1,1,8.85,4.924
1,1,2,34.58,0.756
3,2,5,29.46,18.105
2,3,3,8.73,3.09
2,1,1,12.93,3.667
1,1,2,18.59,0.493
3,1,1,12.9,14.26
1,2,3,6.24,0.931
1,1,2,37.66,0.604
1,2,4,26.6,0.734
3,1,3,57.44,25.205
3,3,2,16.04,27.396
1,1,1,18.51,0.659
2,2,4,13.76,5.311
1,2,2,25.53,0.991
1,2,2,59.78,1.633
2,1,1,42.27,3.174
1,1,2,25.63,1.01
2,2,2,39.37,6.171
1,1,1,33.06,0.679
1,1,1,6.78,0.718
2,2,2,55.16,8.03
1,2,3,32.31,1.261
2,3,1,7.76,5.371
2,3,2,3.66,3.077
1,1,1,8.56,0.749
2,2,2,4.12,5.77
1,2,4,47.72,1.27
2,3,3,20.2,3.476
1,1,4,63.82,0.962
1,3,1,14.17,0.415
1,1,2,19.32,0.587
3,1,1,41.26,17.082
1,1,1,28.0,0.659
3,1,1,56.72,26.112
1,1,1,20.02,1.061
1,1,1,16.45,0.497
2,3,2,46.1,6.138
2,2,3,20.51,3.782
1,1,1,26.9,0.602
1,1,1,40.18,1.132
2,1,1,5.85,4.565
2,1,4,32.2,2.261
2,1,1,40.77,4.798
2,1,4,4.77,2.221
1,1,3,17.91,0.386
1,1,1,32.82,0.822
2,1,3,25.34,3.372
1,1,3,21.42,0.676
2,2,3,24.55,6.283
1,2,1,8.62,1.759
2,1,1,55.2,5.404
1,1,1,5.33,0.701
2,2,2,55.56,7.975
1,2,2,47.5,1.948
3,2,1,24.14,34.145
2,2,1,53.48,6.466
1,1,3,60.38,1.096
1,3,2,12.31,0.675
2,1,2,18.94,3.048
1,1,3,50.41,0.616
2,1,1,64.83,5.357
2,1,1,54.87,4.683
2,1,2,27.22,2.839
1,1,1,23.17,0.884
1,1,2,71.07,1.472
1,1,2,32.36,0.522
1,1,2,38.38,1.205
2,2,4,56.98,7.737
1,1,1,20.33,0.924
1,3,1,51.76,1.973
1,1,1,20.31,0.498
1,2,1,0.48,1.021
2,1,2,44.93,4.597
1,1,1,21.5,0.607
1,1,2,8.08,0.665
1,1,1,26.63,0.782
1,2,2,22.17,1.143
2,2,2,44.33,7.195
2,2,2,4.05,5.909
2,1,4,20.79,2.395
3,2,2,30.42,28.09
1,1,1,29.08,0.522
1,3,3,48.5,0.989
1,1,2,42.06,0.734
2,3,3,22.36,5.582
1,3,3,56.58,1.064
1,3,1,33.01,0.948
1,3,4,42.59,0.729
2,1,1,13.67,3.601
1,3,3,36.93,0.564
1,1,5,36.49,0.516
1,1,2,48.24,0.839
1,3,3,38.97,0.933
2,1,4,10.5,2.007
2,1,2,25.03,4.68
2,2,1,31.23,5.88
2,2,1,15.27,6.236
1,1,1,23.67,0.529
2,3,2,57.58,4.815
2,2,1,11.29,5.477
2,2,2,60.56,15.028
1,3,1,27.37,0.786
1,1,1,18.26,0.605
2,1,3,35.82,2.815
3,3,2,8.82,20.218
3,2,2,61.6,107.181
1,3,1,26.47,1.275
1,2,2,39.65,0.612
2,1,2,23.98,3.21
1,1,4,4.11,0.615
1,2,2,18.96,1.076
3,1,1,15.49,13.925
1,3,1,14.32,0.811
1,3,3,46.16,0.835
1,1,1,56.26,1.177
1,3,1,6.44,0.67
1,1,4,49.51,0.68
3,1,2,13.51,9.575
2,2,2,56.46,5.428
1,1,3,14.95,0.554
2,1,2,13.39,2.41
1,1,1,28.38,1.074
1,3,2,37.05,0.67
1,1,2,18.18,0.431
1,1,1,35.91,0.439
1,1,1,33.32,0.932
1,1,2,7.16,0.591
3,1,1,35.03,39.536
2,1,4,12.2,1.733
1,1,1,25.64,0.419
3,2,3,53.16,53.111
1,1,4,11.75,0.742
1,2,3,9.81,0.869
1,2,2,11.85,0.884
1,1,1,32.53,0.59
1,2,1,4.77,1.073
1,2,3,11.77,0.573
1,1,1,16.51,0.697
1,2,1,43.26,1.548
1,3,1,53.8,2.686
2,2,2,52.04,10.351
1,3,4,37.29,0.539
2,2,3,20.76,4.409
1,2,4,14.81,0.641
2,1,1,36.93,3.995
3,3,2,20.76,24.905
1,1,1,28.73,1.016
2,1,1,21.97,3.066
2,2,1,13.46,6.503
1,1,3,2.87,0.626
1,1,1,33.67,0.542
1,1,1,20.23,0.76
2,3,1,31.29,4.77
1,1,1,4.96,0.655
2,1,3,17.28,2.317
1,1,1,8.98,0.546
1,1,1,28.89,0.615
1,3,1,12.29,0.693
1,2,1,30.18,1.632
2,2,5,51.64,4.211
1,2,4,19.65,0.58
1,2,4,8.08,0.923
2,3,1,12.82,2.903
3,1,2,45.64,22.723
2,2,3,25.72,3.547
1,3,1,25.99,0.681
2,1,5,48.17,2.258
1,1,3,34.61,0.715
1,3,4,12.01,0.56
3,1,3,7.28,11.685
1,3,2,23.55,0.767
1,2,1,24.41,1.128
1,2,3,14.47,0.779
1,2,3,17.02,1.207
1,2,1,59.12,1.935
2,2,4,34.64,3.267
1,1,1,20.79,0.458
1,2,1,31.48,1.714
1,2,1,41.25,1.114
1,3,2,25.35,0.974
1,3,2,64.06,1.195
1,1,1,29.76,0.768
3,2,1,60.74,31.991
2,2,2,25.29,7.469
1,1,1,16.26,0.56
1,3,1,21.14,1.049
3,2,2,22.11,19.21
2,3,5,15.87,3.697
2,2,2,9.99,4.575
2,1,1,24.33,2.604
1,2,1,35.33,1.648
1,1,3,17.71,0.577
1,2,1,29.09,1.155
1,1,1,31.14,1.014
3,1,1,8.69,13.769
1,2,4,31.03,1.091
2,1,2,19.5,3.128
2,1,4,23.85,1.664
2,3,2,47.52,3.624
2,2,3,2.79,7.172
1,2,2,20.31,1.279
2,1,2,16.64,2.57
2,1,1,41.57,4.935
1,1,2,18.57,0.755
1,1,1,33.01,0.416
1,2,2,0.42,0.977
1,2,2,14.41,1.186
2,2,2,42.04,6.773
1,3,2,32.38,0.806
1,2,1,62.92,3.291
1,3,1,39.45,1.078
2,1,1,55.12,4.568
1,1,3,54.56,0.683
1,1,5,26.52,0.504
2,2,4,7.1,5.149
1,3,2,25.63,0.703
1,1,2,42.63,0.671
1,3,3,64.75,1.741
2,1,3,19.95,2.884
1,2,4,32.52,0.882
1,1,1,46.34,0.949
2,1,2,31.52,4.343
1,2,1,57.99,1.548
1,2,1,17.15,1.204
1,1,3,27.48,0.491
2,1,3,29.81,1.912
2,1,5,70.78,4.628
2,1,4,22.87,2.067
1,1,1,19.34,0.879
1,1,1,10.32,0.6
3,2,2,47.94,29.602
1,3,5,24.61,0.604
2,2,1,22.62,4.195
1,1,1,19.64,0.905
1,1,2,41.48,0.717
2,2,1,28.63,5.722
1,2,2,28.96,2.253
1,2,2,8.18,0.979
1,3,1,13.65,0.398
1,1,1,18.16,0.856
1,3,1,62.5,1.992
2,2,2,14.51,3.421
1,3,5,18.37,0.688
1,2,1,44.96,2.208
3,3,4,33.29,17.295
1,2,2,38.95,1.441
1,1,3,26.3,0.5
1,3,1,22.44,1.01
2,1,1,16.02,4.4
1,1,3,25.56,0.386
1,3,3,15.03,0.628
1,1,2,42.48,0.39
1,1,1,29.78,0.51
1,2,1,31.86,1.365
1,1,1,57.45,1.676
1,1,3,49.7,0.702
1,3,1,45.2,1.233
1,2,4,29.66,1.007
1,1,1,15.51,0.614
1,1,3,3.73,0.51
2,1,2,30.91,2.773
2,1,3,10.38,2.715
1,1,2,20.66,0.536
1,3,1,20.79,0.564
1,1,1,29.08,0.806
2,1,2,23.85,4.482
3,1,3,29.09,9.312
1,1,5,17.97,0.311
3,1,3,30.5,16.965
1,1,3,46.57,0.628
2,2,1,38.81,10.952
2,2,2,21.91,3.659
1,1,2,31.51,0.506
2,3,4,14.54,2.557
1,2,1,23.75,1.561
2,1,1,16.24,4.315
1,1,2,4.47,0.588
1,1,3,13.33,0.519
1,1,1,25.28,0.572
1,1,2,33.77,0.824
1,1,1,23.34,0.708
1,1,5,22.54,0.266
1,1,3,37.0,0.783
2,3,1,9.11,3.383
1,1,2,28.0,0.668
1,3,1,26.5,0.774
1,2,3,8.44,0.793
1,2,3,30.09,1.205
1,1,2,41.79,0.708
1,1,1,14.87,0.636
1,1,1,8.18,0.637
1,2,3,21.55,1.237
1,1,2,34.67,0.612
3,3,5,30.01,9.849
2,1,1,43.64,3.563
3,2,4,18.76,15.315
2,2,1,25.43,5.265
1,2,2,8.28,0.624
2,1,2,20.02,3.275
2,2,3,42.81,7.404
3,2,1,15.03,29.804
1,3,2,59.01,1.259
1,2,2,31.16,1.564
2,2,4,73.94,8.914
1,1,1,13.71,0.692
1,1,1,3.45,0.945
1,1,5,26.72,0.472
1,2,1,30.84,1.297
1,1,1,2.43,0.641
3,3,2,23.54,20.699
2,3,4,35.26,3.294
2,1,1,11.22,1.823
2,2,2,22.92,7.096
1,3,1,31.53,1.12
1,2,5,49.22,0.865
2,2,2,29.93,9.028
1,1,5,33.52,0.438
1,2,3,31.44,1.063
2,1,5,22.23,1.262
2,1,2,27.17,3.697
1,1,3,34.53,0.53
2,1,3,29.79,2.5
2,1,2,42.57,3.459
3,1,2,69.27,37.174
2,1,3,11.35,3.52
1,1,1,53.37,1.276
2,2,1,39.88,10.18
3,3,4,41.89,12.834
1,2,1,48.76,2.731
2,2,5,47.51,5.462
1,1,2,24.7,0.589
1,3,1,15.81,0.942
1,1,2,18.74,0.518
1,3,2,16.08,0.931
1,3,2,9.47,0.811
2,3,3,16.57,3.444
1,3,1,18.57,0.918
3,3,1,20.69,41.497
1,3,3,48.79,1.359
2,1,1,60.9,6.113
1,1,1,7.04,0.597
2,2,2,13.85,5.821
2,1,2,43.26,3.457
2,1,1,66.94,4.188
1,3,2,59.6,1.244
1,1,1,5.3,0.69
3,1,1,10.77,16.513
1,1,1,2.34,0.563
1,1,1,21.98,0.568
1,1,2,40.44,0.688
2,2,2,40.93,6.823
2,2,4,53.51,4.073
2,1,1,30.2,11.202
1,1,4,28.1,0.677
2,1,2,34.4,3.645
3,2,1,20.68,29.931
2,2,2,23.58,4.023
1,1,5,8.67,0.29
3,3,1,38.27,31.829
3,1,1,26.59,19.772
2,1,1,59.47,6.954
1,2,3,20.64,1.007
3,1,1,25.35,16.08
2,2,1,28.89,10.81
1,2,1,37.72,0.962
3,1,1,10.02,14.666
2,1,3,26.27,3.964
2,1,2,26.83,2.982
1,1,1,31.8,0.969
1,2,2,51.29,1.748
1,1,1,34.73,0.868
1,3,4,14.21,0.68
1,3,1,18.16,1.543
2,2,3,2.95,5.862
1,2,2,35.17,1.523
1,2,3,41.65,1.495
1,2,1,19.17,1.078
2,1,1,16.79,2.381
2,1,3,28.89,2.111
1,1,3,59.34,0.584
1,3,4,55.78,0.631
1,3,2,25.99,0.957
2,1,3,16.14,1.639
2,2,2,29.32,6.476
2,2,1,18.28,6.712
2,2,1,36.17,7.409
2,1,1,44.52,3.966
1,1,2,21.91,0.644
1,1,1,47.71,1.133
1,1,2,33.12,0.393
1,1,2,14.24,0.931
1,1,4,31.65,0.385
1,2,1,59.94,1.565
1,1,2,56.24,1.337
1,2,3,69.21,2.007
2,2,4,29.82,3.54
1,3,1,46.79,1.908
1,2,2,56.91,1.78
1,2,4,28.96,0.878
1,1,3,21.96,0.418
3,2,2,17.35,23.287
1,2,2,6.87,1.004
2,1,4,30.17,1.86
3,3,1,72.66,26.741
2,1,1,17.01,3.752
1,3,1,36.3,0.902
1,2,2,12.69,1.224
1,1,1,32.87,1.235
2,3,1,17.36,2.819
3,1,2,17.48,14.095
2,1,4,28.54,1.874
1,3,1,27.39,0.66
1,1,2,26.79,0.416
1,1,4,19.91,0.373
3,1,4,42.9,11.018
1,1,2,19.24,0.708
1,2,2,52.38,1.197
1,1,1,28.78,1.298
1,1,2,17.95,0.494
1,3,1,17.79,1.193
1,2,2,48.39,2.402
1,1,1,47.46,0.729
1,3,3,56.35,1.254
1,3,5,30.84,1.052
1,2,1,22.28,1.098
2,2,1,26.69,10.305
2,1,3,10.51,2.366
2,2,2,10.67,4.281
1,1,2,46.74,0.973
2,3,2,7.32,3.973
1,1,2,31.65,0.445
1,1,2,12.87,0.406
2,3,2,23.31,6.122
1,2,3,48.17,0.817
1,1,1,19.57,0.896
1,1,2,36.34,0.801
2,2,1,17.7,7.798
2,2,2,8.14,5.509
1,1,3,50.49,0.864
1,3,1,25.0,0.782
1,1,2,55.06,1.182
1,3,1,7.46,1.036
1,2,2,26.4,1.356
1,1,2,33.5,0.689
2,1,1,1.28,3.713
3,2,1,34.01,55.202
1,1,5,22.78,0.298
1,1,2,30.37,0.611
2,2,2,37.02,9.266
1,1,4,23.74,0.472
1,2,1,50.87,1.037
1,1,2,43.15,0.575
1,1,1,7.52,0.628
1,1,3,61.72,1.66
1,3,1,54.77,1.853
2,3,2,17.55,3.445
1,2,5,44.86,1.184
2,1,1,49.25,9.086
1,3,1,4.12,0.671
1,1,2,29.23,0.798
1,1,1,28.84,0.827
2,1,3,24.56,3.57
1,2,4,33.1,0.721
1,2,2,25.99,1.132
1,2,1,41.32,1.769
3,2,4,17.62,16.19
3,1,1,54.14,19.421
2,3,4,25.82,1.645
1,2,2,20.6,0.904
1,3,3,7.55,0.621
1,2,3,5.49,0.829
1,3,2,41.11,0.709
3,1,2,51.39,29.465
2,1,3,37.01,3.476
1,1,1,18.29,0.821
2,1,5,20.72,2.131
1,3,3,6.84,0.651
1,1,4,39.25,0.888
1,1,2,19.36,0.689
1,1,2,41.1,0.797
1,1,3,35.92,0.782
1,2,1,30.5,1.083
3,1,1,10.22,15.886
3,1,1,52.98,30.764
1,1,1,15.12,0.596
2,3,3,38.32,4.171
1,1,2,47.62,0.77
1,2,1,15.16,1.452
1,2,2,29.76,1.958
1,1,4,2.94,0.305
1,2,4,40.13,0.767
2,1,1,20.92,2.827
2,1,2,20.28,3.181
1,1,1,35.44,0.755
1,3,2,60.74,1.298
2,2,1,13.28,4.617
3,1,2,17.15,14.599
1,1,2,21.03,0.525
1,2,3,61.65,1.527
3,1,2,27.71,19.952
1,1,1,8.43,0.399
2,1,4,23.02,3.107
1,1,1,16.13,0.769
3,1,3,60.61,28.576
2,1,1,35.11,3.279
1,2,1,29.06,0.895
1,3,1,28.56,1.41
1,2,3,42.23,1.35
1,3,3,10.03,0.855
1,2,4,29.65,1.139
1,2,1,10.19,1.495
1,3,5,63.76,0.856
2,2,1,19.13,6.363
1,1,1,29.2,0.603
1,2,4,26.08,0.574
2,1,1,16.82,3.019
2,1,3,18.6,2.277
1,1,1,67.61,1.369
1,1,1,53.15,1.392
1,3,1,13.65,0.834
2,3,3,2.14,4.387
1,2,2,30.17,1.312
1,1,1,32.29,0.584
3,1,3,52.4,14.536
1,1,1,17.63,0.936
2,2,2,56.63,6.493
2,2,1,36.35,3.911
1,1,1,50.84,1.441
3,2,1,61.71,54.832
1,1,2,12.91,0.766
2,2,2,31.44,6.412
1,3,3,24.5,0.642
1,1,2,54.71,2.064
1,3,4,36.05,0.633
1,3,4,29.95,0.572
1,1,2,42.18,1.154
1,1,2,52.19,0.942
1,1,1,28.68,0.862
1,3,2,33.0,0.593
1,2,1,23.9,1.768
2,1,2,34.9,2.874
2,1,3,18.57,2.344
2,1,1,18.89,4.23
2,1,1,27.3,3.346
1,2,2,10.27,0.926
1,3,2,14.95,0.835
2,3,4,32.11,4.543
1,1,1,32.74,0.984
2,3,1,19.23,6.392
1,1,2,10.1,0.522
1,1,2,45.29,0.901
1,1,4,9.54,0.406
2,2,4,12.25,4.107
3,1,4,10.66,11.024
1,1,1,18.45,1.121
2,1,1,5.08,3.626
2,1,4,6.93,2.099
3,1,1,24.77,15.007
2,1,1,47.94,4.868
1,1,5,27.89,0.411
1,1,1,29.42,0.654
3,2,4,56.45,26.207
1,1,3,29.49,0.66
1,2,1,8.34,0.952
2,1,1,25.61,2.948
1,1,1,14.21,0.605
2,3,4,1.23,2.951
1,1,1,48.77,1.248
2,1,3,28.54,3.486
2,1,2,9.32,2.266
1,3,2,36.6,1.126
3,3,4,52.94,16.755
1,1,1,29.98,0.512
2,1,2,20.27,2.824
1,1,5,43.18,0.71
1,1,1,14.91,0.752
2,1,1,0.74,3.286
2,2,1,20.59,9.313
3,3,4,16.78,11.232
2,1,1,49.31,6.028
1,2,2,30.85,0.878
2,1,4,41.11,2.461
3,3,2,37.26,20.891
3,2,1,11.2,25.383
3,2,1,34.21,22.205
2,3,1,38.38,7.208
2,2,2,7.73,4.729
2,3,1,34.06,3.299
1,2,2,34.41,0.975
2,1,3,7.78,1.794
1,1,2,37.3,0.701
1,1,1,42.27,1.109
1,3,4,79.3,1.338
1,1,1,12.78,0.776
2,2,4,33.34,3.63
1,1,4,40.65,1.05
1,1,1,36.42,0.775
1,1,5,8.99,0.418
2,1,5,13.15,1.875
1,1,1,13.34,0.655
1,1,5,37.72,0.705
1,1,4,15.37,0.364
3,3,3,36.5,17.212
1,1,1,26.01,0.616
3,1,5,48.14,9.742
1,1,1,31.06,1.089
1,2,2,18.67,1.216
3,1,2,14.35,22.452
2,3,3,33.8,5.017
1,2,2,4.87,1.229
1,1,3,31.6,0.657
1,3,3,27.2,0.731
1,2,1,48.1,1.877
1,1,2,23.28,0.987
1,1,2,42.09,0.853
1,2,2,2.51,0.898
1,1,2,60.41,0.997
2,2,3,25.57,6.615
1,1,4,58.1,0.611
1,1,3,13.39,0.425
1,2,4,58.76,1.063
3,1,1,16.53,18.778
1,3,5,3.76,0.575
1,3,1,43.26,0.948
3,1,2,24.32,15.569
1,1,3,17.96,0.625
1,1,3,33.7,0.38
2,1,4,22.3,1.54
1,3,3,58.36,0.907
1,2,2,46.19,1.305
1,1,4,51.68,0.783
3,2,4,28.27,17.061
3,1,2,21.02,17.155
2,3,3,26.55,2.981
1,3,3,4.78,0.695
1,2,1,66.48,2.398
3,1,4,27.84,14.315
2,1,2,45.73,3.804
1,2,1,66.62,2.788
3,2,1,29.29,29.052
3,3,1,16.37,22.983
1,1,1,46.8,1.003
2,1,4,24.65,2.301
2,2,4,18.73,4.967
1,2,3,14.54,1.043
3,2,3,49.54,34.819
1,2,1,40.85,3.309
1,2,1,16.37,1.477
3,1,1,30.38,11.982
3,1,2,2.57,13.054
1,3,2,4.26,0.648
2,2,1,22.54,5.26
2,2,1,20.85,5.697
2,1,2,80.59,6.791
1,1,3,28.85,0.376
3,3,1,41.39,15.316
2,3,2,30.13,5.399
2,1,2,19.95,2.899
1,1,2,46.32,0.383
1,1,1,9.72,0.503
1,1,2,10.31,0.635
1,3,2,43.63,0.813
3,2,1,19.93,39.841
1,1,1,14.59,0.731
1,1,1,38.45,0.649
1,3,1,44.88,1.281
2,3,1,27.68,4.128
1,2,2,15.54,1.301
2,1,2,55.48,5.582
1,2,3,21.5,0.738
1,1,3,74.12,1.589
1,1,2,31.15,0.512
1,1,1,43.86,0.945
2,1,4,27.3,2.896
2,3,4,23.61,1.616
1,2,2,35.37,1.096
2,1,2,25.55,2.037
3,3,3,42.1,18.14
2,2,2,11.65,4.193
2,1,1,13.16,2.982
1,1,1,7.88,0.666
1,2,3,15.18,0.949
1,1,2,3.64,0.538
1,1,5,23.38,0.354
1,2,3,57.72,1.398
1,3,1,16.06,0.651
1,3,5,15.5,0.501
1,2,4,27.13,0.808
2,3,3,21.96,4.498
1,2,1,26.54,1.13
1,3,1,2.63,0.569
1,1,1,10.51,0.643
1,1,1,22.14,0.706
1,3,2,31.02,1.022
1,2,1,59.83,1.837
1,3,1,16.23,0.992
1,2,2,23.37,1.208
2,1,2,40.61,5.33
1,1,3,6.32,0.535
3,2,1,25.85,23.941
1,2,1,29.52,1.032
1,1,1,47.19,0.787
1,2,2,4.77,1.039
3,1,3,36.08,12.871
1,3,4,13.48,0.343
1,3,2,29.43,0.702
1,2,2,9.41,1.513
3,1,4,9.28,7.877
1,2,3,5.27,0.772
1,3,1,42.32,1.266
1,1,5,11.34,0.45
2,3,3,41.41,3.73
1,1,1,29.4,0.936
1,1,2,6.87,0.628
1,3,1,6.15,1.262
1,1,2,1.64,0.56
1,1,4,32.73,0.845
3,1,1,26.73,18.471
1,2,1,52.42,2.392
1,2,2,15.32,1.057
1,1,1,21.75,0.802
1,3,3,61.34,0.668
2,1,1,14.48,3.329
2,3,1,35.93,3.949
2,1,5,43.07,3.229
3,1,2,16.65,10.507
1,1,1,42.24,1.15
2,3,1,48.09,9.102
2,2,1,37.51,5.083
1,2,5,32.66,1.155
2,1,1,12.6,2.354
1,2,1,17.47,1.31
1,1,3,27.38,0.474
1,3,2,33.71,0.967
1,2,1,14.16,1.238
2,1,1,46.17,3.182
1,1,1,1.49,0.681
1,3,2,23.89,0.54
2,2,2,7.78,5.456
1,2,3,48.83,1.982
1,3,1,49.34,1.777
2,3,1,29.33,4.269
3,1,2,36.39,32.337
1,3,4,40.93,0.672
3,3,1,25.41,26.713
3,3,1,27.46,16.431
1,2,1,42.44,1.901
3,1,3,41.92,6.407
2,2,2,65.41,8.825
2,2,1,7.2,7.211
1,1,2,24.78,0.596
2,3,2,41.65,5.418
1,2,2,23.9,1.227
2,1,1,9.5,3.027
1,1,1,11.69,0.533
2,2,1,40.94,7.453
2,1,2,41.42,3.074
1,2,2,35.12,1.204
1,1,3,34.92,0.685
1,2,1,47.16,2.708
1,3,2,48.07,1.249
3,3,2,18.45,18.223
2,2,1,34.84,4.152
2,3,4,11.94,2.244
2,1,3,22.36,2.065
1,3,2,17.84,1.172
1,1,1,36.69,0.959
1,3,2,40.17,1.108
1,2,3,4.24,0.667
2,2,4,20.63,5.117
2,2,1,26.13,5.496
1,3,2,32.62,0.755
1,3,3,19.38,0.907
1,1,1,26.95,0.955
2,2,2,19.46,7.132
2,1,2,16.59,1.77
1,1,3,14.24,0.801
2,1,1,30.69,5.138
2,3,2,37.25,3.636
1,3,1,13.12,0.722
2,1,4,17.79,2.113
1,1,4,26.15,0.438
2,1,2,46.96,3.053
3,1,3,10.7,14.773
1,3,1,25.48,0.554
1,1,3,24.84,0.456
3,2,1,31.26,34.802
1,3,2,28.67,0.592
1,2,4,31.67,0.812
1,3,2,36.78,1.242
1,1,3,25.97,0.525
2,3,1,51.25,7.262
1,3,1,31.97,0.696
2,2,4,38.22,4.478
2,3,1,56.95,7.705
2,3,1,47.52,5.121
1,3,4,24.53,0.356
1,2,4,26.16,0.876
3,3,2,50.21,18.687
1,1,4,15.34,0.299
1,2,1,45.77,1.622
2,3,1,43.84,3.93
2,3,4,18.85,3.018
1,3,5,19.03,0.31
1,1,1,4.94,0.847
1,3,1,26.15,0.835
1,2,1,23.79,1.481
1,3,3,24.97,0.53
3,2,2,47.14,20.979
2,1,2,38.23,5.058
2,3,1,31.48,4.848
1,2,2,16.75,1.066
2,1,4,32.49,1.81
1,1,1,21.17,0.88
2,1,1,30.36,5.961
1,1,1,48.95,1.416
1,1,1,16.41,0.975
1,1,4,16.43,0.704
1,1,3,11.01,0.433
1,1,2,35.64,0.694
2,2,2,43.65,7.474
2,1,1,28.06,2.507
1,1,1,18.83,0.734
2,1,1,9.97,4.264
1,2,2,59.25,1.834
2,3,4,8.01,2.171
1,3,2,56.8,2.353
2,1,1,13.18,4.169
2,2,1,13.59,7.45
1,2,2,32.14,0.671
2,1,2,7.18,2.908
2,1,4,48.63,4.939
2,2,2,27.58,6.157
3,3,1,21.47,37.263
1,1,1,21.43,0.636
1,1,1,36.57,0.479
2,1,4,34.95,3.135
1,2,4,37.65,0.907
2,1,4,17.78,1.984
2,2,1,27.6,8.599
2,1,1,31.59,3.699
1,3,2,43.14,1.3
1,2,3,34.92,1.016
3,1,1,33.79,23.091
1,2,1,26.01,1.357
1,2,1,32.04,2.319
2,2,1,19.15,4.65
1,3,3,57.15,1.255
2,3,4,49.9,5.628
1,2,4,8.91,0.756
3,1,1,6.65,11.979
1,3,2,50.34,1.14
1,3,1,42.38,0.904
2,1,3,31.88,3.038
2,2,2,13.54,4.562
1,2,2,20.11,1.228
1,2,1,56.2,3.551
1,2,4,16.0,0.829
2,1,4,33.99,2.981
1,2,1,58.13,1.649
1,1,1,55.6,0.965
1,3,1,8.6,0.837
2,3,4,30.0,7.129
2,1,2,18.16,3.487
1,1,2,37.37,0.489
2,2,2,19.25,4.354
1,2,1,40.72,1.787
1,2,2,23.28,1.298
1,3,3,28.78,0.922
2,2,1,32.66,10.307
2,2,4,36.74,2.876
1,2,1,56.53,1.204
1,3,5,22.16,0.707
2,2,1,27.46,5.277
3,2,1,15.5,21.802
2,3,3,9.3,3.099
1,1,4,6.26,0.4
2,1,5,50.5,2.726
1,2,2,23.9,0.957
1,2,1,3.91,1.214
1,3,4,55.14,0.517
1,3,5,9.41,0.475
1,1,1,23.77,0.372
2,3,4,22.74,1.826
2,2,2,43.45,9.352
3,1,5,24.64,9.369
1,1,4,30.14,0.315
2,1,4,18.7,2.27
2,3,4,6.56,2.613
1,2,2,17.02,1.22
1,2,1,10.14,1.122
2,1,1,5.47,3.722
1,1,5,15.98,0.309
3,3,1,60.24,25.591
2,3,2,48.62,6.869
1,2,3,7.85,0.785
1,2,3,17.59,0.434
2,2,2,23.58,3.292
1,3,3,10.29,0.702
2,2,3,31.62,6.274
1,1,3,53.19,0.683
2,2,1,30.02,7.281
1,1,4,45.7,0.598
1,2,2,25.69,1.134
3,3,1,51.44,30.139
2,2,1,20.38,5.514
2,1,1,32.71,4.205
2,1,1,53.55,6.487
3,3,2,36.48,15.877
2,2,2,12.07,5.647
2,3,2,44.87,4.119
1,2,2,28.33,1.028
2,1,3,12.5,2.105
2,2,1,30.46,6.738
1,1,2,34.22,1.306
2,1,4,7.2,1.886
2,1,3,44.41,4.263
1,1,2,33.04,0.833
1,2,4,14.65,0.798
2,1,1,35.22,4.568
1,2,2,21.46,0.77
1,1,4,28.63,0.424
3,3,4,12.85,13.255
1,2,1,26.67,1.862
3,2,1,18.39,33.751
1,2,2,11.79,1.038
3,1,2,27.55,15.99
1,1,1,18.71,0.481
1,1,1,17.23,0.638
2,1,1,31.32,3.779
1,2,2,30.29,1.062
2,2,2,38.13,6.854
2,2,1,20.52,10.279
1,3,4,13.36,0.475
3,1,1,39.77,23.835
1,1,1,15.74,0.623
1,1,1,5.32,0.611
2,1,1,4.51,3.126
1,2,2,25.39,0.922
1,1,1,11.93,0.673
2,1,1,13.34,4.127
1,1,2,18.97,0.847
1,2,2,41.32,1.179
1,2,2,19.25,1.253
1,3,1,9.45,0.759
1,3,1,14.12,0.974
1,2,3,48.92,1.521
2,3,5,10.73,2.341
2,1,2,1.36,2.73
1,3,1,15.71,0.91
2,2,1,24.59,5.102
1,3,1,22.98,1.584
1,1,5,5.98,0.442
1,2,4,8.64,1.231
2,1,2,47.94,2.898
1,2,1,51.87,1.893
2,1,1,23.44,3.711
2,3,1,7.48,3.923
2,3,3,48.83,5.349
2,1,4,12.53,2.359
1,3,2,27.43,1.08
2,1,2,17.55,3.743
1,2,3,23.19,1.209
1,3,1,58.18,1.42
1,3,5,20.61,0.396
1,1,2,25.33,0.536
2,1,3,30.2,1.531
1,1,1,25.2,0.569
1,1,1,22.01,0.662
2,1,1,14.66,2.639
1,2,1,15.96,1.71
1,1,5,11.98,0.242
1,1,2,55.06,1.306
1,1,2,11.1,0.366
2,1,2,64.31,7.132
2,2,4,41.3,5.105
2,1,2,61.53,11.337
1,2,2,5.39,0.738
2,1,1,27.75,3.223
2,3,3,8.64,4.347
2,2,3,22.27,4.356
1,1,1,20.5,1.417
2,1,2,6.61,2.488
1,2,3,37.39,1.142
1,3,1,17.59,0.736
2,1,4,45.1,2.47
2,2,1,14.22,6.206
2,1,3,67.97,11.069
1,2,2,24.66,1.655
1,3,2,13.47,0.63
3,1,1,21.25,22.917
1,1,2,12.83,0.495
1,2,5,29.89,0.465
1,2,1,17.84,1.38
2,3,3,11.01,3.303
1,2,2,34.96,1.281
1,3,3,54.6,1.251
2,1,3,12.02,2.245
2,1,3,22.35,3.619
2,1,3,59.0,6.566
1,1,2,37.95,0.762
1,1,3,30.01,0.526
1,3,1,13.95,0.787
1,1,3,63.04,0.684
1,1,1,24.19,0.368
2,1,5,55.13,2.775
3,3,1,5.38,14.845
1,1,3,32.37,0.536
1,2,4,43.26,1.555
1,3,1,11.37,1.091
1,2,4,16.49,0.809
1,2,3,16.4,0.878
1,2,1,21.53,1.066
1,2,1,61.64,1.543
1,2,3,49.67,0.931
2,2,3,33.56,5.503
1,2,1,29.65,1.476
1,3,1,27.38,0.849
1,3,1,11.03,0.734
1,1,3,11.01,0.511
1,3,1,31.34,1.188
1,1,2,25.13,0.626
2,1,1,15.2,2.943
1,1,3,24.82,0.265
1,1,1,32.48,0.806
1,1,2,28.75,0.581
2,3,4,27.57,3.836
2,2,1,28.03,9.705
1,1,1,40.18,0.752
1,2,1,38.64,1.077
2,2,1,65.28,14.394
2,3,3,17.97,2.829
1,1,2,44.09,1.024
2,2,2,36.25,4.824
1,1,2,29.83,0.611
1,1,1,26.62,1.015
2,1,4,31.33,3.231
2,3,1,65.79,6.547
1,1,2,8.62,0.609
1,1,1,52.17,1.608
3,1,1,15.96,20.989
2,1,2,7.7,3.29
1,1,1,22.19,0.674
1,1,3,41.01,0.858
1,2,1,9.36,1.438
1,3,4,38.43,0.778
1,1,1,1.95,0.691
3,3,2,12.79,21.608
2,1,2,9.44,2.794
3,1,1,35.35,15.147
1,1,1,29.07,0.745
1,1,1,35.85,0.713
3,1,2,32.05,19.584
2,3,1,63.34,7.317
1,2,4,53.8,1.394
1,1,1,6.84,0.561
2,1,1,61.91,7.958
1,1,2,21.13,0.444
3,1,5,20.63,10.239
2,1,2,17.79,3.338
1,1,5,45.76,0.614
1,1,1,57.47,0.862
1,1,2,34.32,0.477
2,3,2,14.75,2.452
1,2,2,25.83,1.07
1,1,2,6.65,0.851
1,1,1,11.34,0.658
1,3,5,36.3,0.712
2,1,1,21.94,2.306
1,1,3,20.12,0.574
1,1,4,6.69,0.773
1,3,4,57.98,1.099
3,1,1,7.36,17.569
1,2,1,27.84,2.279
1,1,2,28.31,0.606
1,1,1,63.03,0.589
1,1,1,8.97,0.503
2,2,1,27.97,6.202
1,2,5,27.48,0.773
3,2,5,24.71,11.368
2,1,2,12.91,3.62
2,2,5,25.59,3.805
1,1,1,11.7,0.651
1,1,3,7.7,0.458
1,3,1,23.92,1.227
2,2,1,50.86,13.25
3,2,1,12.88,32.533
1,1,1,25.35,0.676
3,1,3,43.26,24.141
2,3,4,40.51,2.308
2,1,2,41.36,6.8
3,2,1,22.76,34.15
3,3,1,34.9,38.23
1,3,1,41.95,1.159
1,1,1,41.44,0.798
2,1,1,32.37,5.987
1,1,4,33.11,0.354
1,2,4,59.92,1.848
2,2,3,15.86,4.773
1,2,2,13.92,1.138
1,1,4,36.04,0.513
1,2,2,57.16,2.101
1,1,2,15.97,0.472
1,3,2,23.64,0.969
3,1,4,13.87,6.949
2,1,1,25.83,5.112
1,2,2,43.54,1.89
1,3,2,42.64,1.499
1,1,1,64.42,2.496
1,1,2,14.69,0.746
1,2,2,60.8,1.711
1,3,1,52.03,0.743
1,2,3,13.6,0.822
1,3,1,82.49,7.43
1,3,3,11.82,0.75
3,1,1,18.73,10.521
2,1,2,37.7,3.633
1,1,1,43.8,0.591
2,1,1,74.03,11.905
1,2,1,8.48,1.147
2,1,4,36.65,3.042
2,2,1,23.97,3.895
2,1,2,22.48,2.318
2,3,1,9.06,5.056
2,2,4,17.38,5.289
1,1,2,47.38,1.206
2,1,1,3.44,3.513
1,1,5,24.96,0.337
1,1,2,23.13,0.594
2,2,1,25.73,3.486
1,1,3,19.14,0.428
1,1,3,36.83,0.931
1,2,1,11.39,1.146
3,1,1,26.47,17.636
1,1,5,46.21,0.612
1,1,2,15.27,0.376
1,2,2,24.17,1.162
3,1,2,54.01,18.994
1,3,1,10.52,0.631
1,1,4,15.19,0.356
1,1,2,23.04,0.907
2,1,3,48.34,5.341
2,3,1,22.23,3.073
1,1,5,12.59,0.433
1,1,2,44.8,0.995
1,3,3,27.82,0.816
1,1,1,25.0,1.125
2,2,2,24.16,5.694
1,1,1,46.88,1.018
2,1,5,27.14,1.825
1,3,2,17.46,0.896
1,2,1,8.21,1.313
2,2,3,13.07,5.708
2,1,4,69.09,4.9
1,2,1,27.38,1.264
3,1,4,44.64,14.113
1,3,5,33.55,0.561
2,1,2,30.91,3.514
1,3,2,27.29,0.681
1,1,1,20.72,0.524
2,1,2,45.93,6.45
1,1,1,28.83,0.856
1,1,3,29.16,0.491
2,2,2,7.96,6.353
1,1,2,29.05,0.749
2,3,4,23.23,2.801
1,3,2,22.41,0.91
1,1,2,41.61,0.988
1,3,1,21.27,1.047
1,3,5,53.21,0.492
1,1,1,45.97,0.846
1,3,5,20.51,0.274
2,3,4,25.39,3.418
1,1,1,21.04,0.805
1,2,1,8.01,1.103
2,1,1,12.39,4.066
1,2,2,72.98,2.266
3,2,1,32.27,31.459
1,1,2,53.63,0.852
3,3,3,25.49,27.564
